window,model,decision_group,recommendation_rank,timestamp_utc,workload_end_utc,duration_hours,predicted_combined_score,predicted_price_direction_vs_previous_day,predicted_avg_carbon_intensity_g_co2e_per_kwh,predicted_total_emissions_kg_co2e,predicted_price_rank,predicted_carbon_rank,candidate_count,actual_decision_rank,combined_regret,cost_regret_eur_mwh,carbon_regret_g_co2e_per_kwh,cost_savings_vs_run_now_eur_mwh,carbon_savings_vs_run_now_g_co2e_per_kwh,agreement_count,model_count,model_agreement_rate,rank_confidence_component,score_margin_component,confidence_score,confidence_level
latest_test,hist_gradient_boosting,2026-05-11,1,2026-05-11 17:00:00+00:00,2026-05-11 18:00:00+00:00,1,0.0,unknown,6.55,384753.3,1,1,7,1,0.0,0.0,0.0,0.0,0.0,6,6,1.0,1.0,0.3,0.86,high
latest_test,hist_gradient_boosting,2026-05-11,2,2026-05-11 18:00:00+00:00,2026-05-11 19:00:00+00:00,1,0.25,unknown,7.15,408284.6,3,2,7,3,0.42,43.35,0.62,-43.35,-0.62,6,6,1.0,0.75,0.2,0.73,medium
latest_test,hist_gradient_boosting,2026-05-11,3,2026-05-11 23:00:00+00:00,2026-05-12 00:00:00+00:00,1,0.42,unknown,8.0,415172.3,2,5,7,2,0.25,8.19,0.81,-8.19,-0.81,5,6,0.83,0.5,0.1,0.54,medium
latest_test,hist_gradient_boosting,2026-05-11,4,2026-05-11 22:00:00+00:00,2026-05-11 23:00:00+00:00,1,0.5,unknown,7.9,428240.0,4,4,7,5,0.58,21.84,1.63,-21.84,-1.63,6,6,1.0,0.25,0.2,0.5,medium
latest_test,hist_gradient_boosting,2026-05-11,5,2026-05-11 19:00:00+00:00,2026-05-11 20:00:00+00:00,1,0.67,unknown,7.87,433396.2,7,3,7,6,0.83,44.74,1.34,-44.74,-1.34,5,6,0.83,0.0,0.2,0.33,low
latest_test,hist_gradient_boosting,2026-05-12,1,2026-05-12 12:00:00+00:00,2026-05-12 13:00:00+00:00,1,0.09,unknown,6.2,366918.1,1,5,24,2,0.04,0.75,0.05,63.27,1.97,5,6,0.83,1.0,0.06,0.75,high
latest_test,hist_gradient_boosting,2026-05-12,2,2026-05-12 11:00:00+00:00,2026-05-12 12:00:00+00:00,1,0.13,unknown,6.19,366355.9,4,4,24,1,0.0,2.66,0.0,61.36,2.01,6,6,1.0,0.75,0.0,0.69,medium
latest_test,hist_gradient_boosting,2026-05-12,3,2026-05-12 13:00:00+00:00,2026-05-12 14:00:00+00:00,1,0.13,unknown,6.3,373360.6,2,6,24,5,0.11,0.0,0.6,64.02,1.42,6,6,1.0,0.5,0.03,0.58,medium
latest_test,hist_gradient_boosting,2026-05-12,4,2026-05-12 09:00:00+00:00,2026-05-12 10:00:00+00:00,1,0.15,unknown,6.1,369302.2,7,2,24,4,0.11,18.54,0.02,45.48,1.99,6,6,1.0,0.25,0.0,0.46,low
latest_test,hist_gradient_boosting,2026-05-12,5,2026-05-12 10:00:00+00:00,2026-05-12 11:00:00+00:00,1,0.15,unknown,6.16,369475.5,6,3,24,3,0.07,15.27,0.0,48.75,2.01,6,6,1.0,0.0,0.03,0.36,low
latest_test,hist_gradient_boosting,2026-05-13,1,2026-05-13 12:00:00+00:00,2026-05-13 13:00:00+00:00,1,0.04,decrease,5.98,389295.4,2,2,24,2,0.0,0.06,0.0,55.9,1.68,6,6,1.0,1.0,0.06,0.81,high
latest_test,hist_gradient_boosting,2026-05-13,2,2026-05-13 13:00:00+00:00,2026-05-13 14:00:00+00:00,1,0.09,increase,5.85,379695.2,5,1,24,3,0.13,0.04,0.85,55.93,0.83,6,6,1.0,0.75,0.03,0.69,medium
latest_test,hist_gradient_boosting,2026-05-13,3,2026-05-13 11:00:00+00:00,2026-05-13 12:00:00+00:00,1,0.11,decrease,6.44,423583.5,1,6,24,1,0.0,0.06,0.1,55.9,1.58,6,6,1.0,0.5,0.11,0.6,medium
latest_test,hist_gradient_boosting,2026-05-13,4,2026-05-13 08:00:00+00:00,2026-05-13 09:00:00+00:00,1,0.2,decrease,6.01,386927.4,8,3,24,16,0.52,0.07,1.85,55.9,-0.17,5,6,0.83,0.25,0.14,0.43,low
latest_test,hist_gradient_boosting,2026-05-13,5,2026-05-13 14:00:00+00:00,2026-05-13 15:00:00+00:00,1,0.3,increase,6.62,431647.5,6,10,24,6,0.24,0.0,1.68,55.96,0.0,3,6,0.5,0.0,0.03,0.18,low
latest_test,hist_gradient_boosting,2026-05-14,1,2026-05-14 10:00:00+00:00,2026-05-14 11:00:00+00:00,1,0.1,increase,6.61,393776.6,2,4,22,5,0.1,9.78,0.0,6.78,0.56,6,6,1.0,1.0,0.05,0.81,high
latest_test,hist_gradient_boosting,2026-05-14,2,2026-05-14 13:00:00+00:00,2026-05-14 14:00:00+00:00,1,0.14,increase,6.58,395858.1,5,3,22,3,0.02,0.01,0.36,16.54,0.2,5,6,0.83,0.75,0.0,0.63,medium
latest_test,hist_gradient_boosting,2026-05-14,3,2026-05-14 14:00:00+00:00,2026-05-14 15:00:00+00:00,1,0.14,increase,6.63,396583.7,3,5,22,10,0.31,0.0,1.04,16.55,-0.49,3,6,0.5,0.5,0.03,0.41,low
latest_test,hist_gradient_boosting,2026-05-14,4,2026-05-14 08:00:00+00:00,2026-05-14 09:00:00+00:00,1,0.17,increase,6.56,390995.4,7,2,22,6,0.19,2.08,0.49,14.47,0.07,2,6,0.33,0.25,0.0,0.23,low
latest_test,hist_gradient_boosting,2026-05-14,5,2026-05-14 09:00:00+00:00,2026-05-14 10:00:00+00:00,1,0.17,increase,6.69,397425.3,1,8,22,2,0.02,0.14,0.24,16.41,0.31,4,6,0.67,0.0,0.03,0.24,low
latest_test,hist_gradient_boosting,2026-05-15,1,2026-05-15 12:00:00+00:00,2026-05-15 13:00:00+00:00,1,0.04,decrease,6.36,395759.6,1,3,24,2,0.02,4.31,0.0,57.84,1.01,6,6,1.0,1.0,0.0,0.8,high
latest_test,hist_gradient_boosting,2026-05-15,2,2026-05-15 14:00:00+00:00,2026-05-15 15:00:00+00:00,1,0.04,increase,6.3,394981.2,2,2,24,5,0.17,0.0,0.58,62.16,0.42,4,6,0.67,0.75,0.03,0.58,medium
latest_test,hist_gradient_boosting,2026-05-15,3,2026-05-15 13:00:00+00:00,2026-05-15 14:00:00+00:00,1,0.07,increase,6.29,393027.9,4,1,24,1,0.0,0.0,0.04,62.15,0.97,6,6,1.0,0.5,0.05,0.59,medium
latest_test,hist_gradient_boosting,2026-05-15,4,2026-05-15 10:00:00+00:00,2026-05-15 11:00:00+00:00,1,0.11,increase,6.46,398600.0,3,4,24,4,0.17,13.02,0.32,49.13,0.68,6,6,1.0,0.25,0.11,0.48,low
latest_test,hist_gradient_boosting,2026-05-15,5,2026-05-15 09:00:00+00:00,2026-05-15 10:00:00+00:00,1,0.2,decrease,6.49,398771.0,6,5,24,6,0.22,6.03,0.4,56.13,0.61,4,6,0.67,0.0,0.03,0.24,low
latest_test,hist_gradient_boosting,2026-05-16,1,2026-05-16 09:00:00+00:00,2026-05-16 10:00:00+00:00,1,0.04,decrease,6.4,374194.8,2,2,24,1,0.0,0.1,0.29,75.33,0.28,5,6,0.83,1.0,0.0,0.74,medium
latest_test,hist_gradient_boosting,2026-05-16,2,2026-05-16 10:00:00+00:00,2026-05-16 11:00:00+00:00,1,0.04,decrease,6.47,386739.5,1,3,24,3,0.09,0.75,0.31,74.69,0.27,6,6,1.0,0.75,0.06,0.7,medium
latest_test,hist_gradient_boosting,2026-05-16,3,2026-05-16 11:00:00+00:00,2026-05-16 12:00:00+00:00,1,0.09,decrease,6.39,388273.1,5,1,24,5,0.2,0.06,0.91,75.38,-0.34,6,6,1.0,0.5,0.06,0.59,medium
latest_test,hist_gradient_boosting,2026-05-16,4,2026-05-16 12:00:00+00:00,2026-05-16 13:00:00+00:00,1,0.13,decrease,6.62,389246.4,3,5,24,9,0.35,0.0,1.26,75.44,-0.68,6,6,1.0,0.25,0.06,0.47,low
latest_test,hist_gradient_boosting,2026-05-16,5,2026-05-16 14:00:00+00:00,2026-05-16 15:00:00+00:00,1,0.17,increase,6.56,393738.1,6,4,24,10,0.35,0.1,1.07,75.34,-0.49,2,6,0.33,0.0,0.03,0.12,low
latest_test,hist_gradient_boosting,2026-05-17,1,2026-05-17 10:00:00+00:00,2026-05-17 11:00:00+00:00,1,0.09,decrease,6.52,389612.2,4,2,24,5,0.24,1.23,0.38,74.93,0.39,6,6,1.0,1.0,0.0,0.8,high
latest_test,hist_gradient_boosting,2026-05-17,2,2026-05-17 11:00:00+00:00,2026-05-17 12:00:00+00:00,1,0.09,decrease,6.46,391191.8,5,1,24,3,0.11,0.0,0.34,76.16,0.43,6,6,1.0,0.75,0.03,0.69,medium
latest_test,hist_gradient_boosting,2026-05-17,3,2026-05-17 12:00:00+00:00,2026-05-17 13:00:00+00:00,1,0.11,decrease,6.6,395613.1,2,5,24,1,0.0,0.0,0.14,76.16,0.63,5,6,0.83,0.5,0.03,0.52,medium
latest_test,hist_gradient_boosting,2026-05-17,4,2026-05-17 09:00:00+00:00,2026-05-17 10:00:00+00:00,1,0.13,decrease,6.77,388191.1,1,7,24,6,0.28,0.56,0.48,75.6,0.3,5,6,0.83,0.25,0.03,0.41,low
latest_test,hist_gradient_boosting,2026-05-17,5,2026-05-17 13:00:00+00:00,2026-05-17 14:00:00+00:00,1,0.15,increase,6.53,391020.7,6,3,24,2,0.09,0.0,0.28,76.16,0.49,4,6,0.67,0.0,0.06,0.24,low
latest_test,hist_gradient_boosting,2026-05-18,1,2026-05-18 09:00:00+00:00,2026-05-18 10:00:00+00:00,1,0.02,increase,6.38,382712.0,1,2,24,1,0.0,27.39,0.0,29.98,1.48,5,6,0.83,1.0,0.07,0.76,high
latest_test,hist_gradient_boosting,2026-05-18,2,2026-05-18 10:00:00+00:00,2026-05-18 11:00:00+00:00,1,0.09,increase,6.34,381303.0,5,1,24,6,0.09,36.15,0.03,21.22,1.46,6,6,1.0,0.75,0.02,0.69,medium
latest_test,hist_gradient_boosting,2026-05-18,3,2026-05-18 14:00:00+00:00,2026-05-18 15:00:00+00:00,1,0.11,increase,6.53,399653.3,3,4,24,4,0.07,0.0,0.56,57.38,0.92,5,6,0.83,0.5,0.05,0.53,medium
latest_test,hist_gradient_boosting,2026-05-18,4,2026-05-18 12:00:00+00:00,2026-05-18 13:00:00+00:00,1,0.15,increase,6.54,395570.8,4,5,24,5,0.09,22.4,0.36,34.97,1.12,6,6,1.0,0.25,0.02,0.47,low
latest_test,hist_gradient_boosting,2026-05-18,5,2026-05-18 15:00:00+00:00,2026-05-18 16:00:00+00:00,1,0.17,increase,6.65,398915.8,2,8,24,8,0.13,10.23,0.81,47.15,0.67,2,6,0.33,0.0,0.02,0.12,low
latest_test,hist_gradient_boosting,2026-05-19,1,2026-05-19 12:00:00+00:00,2026-05-19 13:00:00+00:00,1,0.02,decrease,5.95,390194.4,1,2,24,2,0.04,0.0,0.14,65.96,1.43,6,6,1.0,1.0,0.04,0.81,high
latest_test,hist_gradient_boosting,2026-05-19,2,2026-05-19 10:00:00+00:00,2026-05-19 11:00:00+00:00,1,0.07,decrease,5.98,388335.7,2,3,24,4,0.11,3.98,0.0,61.99,1.58,5,6,0.83,0.75,0.02,0.63,medium
latest_test,hist_gradient_boosting,2026-05-19,3,2026-05-19 11:00:00+00:00,2026-05-19 12:00:00+00:00,1,0.09,decrease,5.94,389754.3,5,1,24,1,0.0,0.0,0.1,65.96,1.47,5,6,0.83,0.5,0.04,0.53,medium
latest_test,hist_gradient_boosting,2026-05-19,4,2026-05-19 13:00:00+00:00,2026-05-19 14:00:00+00:00,1,0.13,decrease,6.03,396481.3,3,5,24,3,0.09,0.0,0.26,65.96,1.32,6,6,1.0,0.25,0.0,0.46,low
latest_test,hist_gradient_boosting,2026-05-19,5,2026-05-19 14:00:00+00:00,2026-05-19 15:00:00+00:00,1,0.13,decrease,6.01,399347.9,4,4,24,6,0.17,0.0,0.47,65.96,1.11,6,6,1.0,0.0,0.09,0.37,low
latest_test,hist_gradient_boosting,2026-05-20,1,2026-05-20 09:00:00+00:00,2026-05-20 10:00:00+00:00,1,0.0,decrease,6.05,389756.7,1,1,24,3,0.02,0.01,0.1,50.0,0.49,6,6,1.0,1.0,0.14,0.83,high
latest_test,hist_gradient_boosting,2026-05-20,2,2026-05-20 10:00:00+00:00,2026-05-20 11:00:00+00:00,1,0.13,increase,6.18,400913.0,6,2,24,4,0.02,0.0,0.28,50.01,0.31,6,6,1.0,0.75,0.0,0.69,medium
latest_test,hist_gradient_boosting,2026-05-20,3,2026-05-20 12:00:00+00:00,2026-05-20 13:00:00+00:00,1,0.13,increase,6.42,398772.9,2,6,24,1,0.0,0.0,0.32,50.01,0.27,6,6,1.0,0.5,0.0,0.57,medium
latest_test,hist_gradient_boosting,2026-05-20,4,2026-05-20 13:00:00+00:00,2026-05-20 14:00:00+00:00,1,0.13,increase,6.37,395943.5,3,5,24,6,0.11,0.0,0.36,50.01,0.23,5,6,0.83,0.25,0.07,0.42,low
latest_test,hist_gradient_boosting,2026-05-20,5,2026-05-20 11:00:00+00:00,2026-05-20 12:00:00+00:00,1,0.2,increase,6.42,402577.0,4,7,24,5,0.02,0.0,0.35,50.01,0.24,6,6,1.0,0.0,0.02,0.35,low
latest_test,hist_gradient_boosting,2026-05-21,1,2026-05-21 08:00:00+00:00,2026-05-21 09:00:00+00:00,1,0.02,decrease,6.35,388906.5,2,1,24,8,0.26,0.01,0.5,96.02,0.48,5,6,0.83,1.0,0.02,0.75,medium
latest_test,hist_gradient_boosting,2026-05-21,2,2026-05-21 09:00:00+00:00,2026-05-21 10:00:00+00:00,1,0.04,decrease,6.57,387902.9,1,3,24,1,0.0,0.0,0.28,96.03,0.7,6,6,1.0,0.75,0.02,0.69,medium
latest_test,hist_gradient_boosting,2026-05-21,3,2026-05-21 10:00:00+00:00,2026-05-21 11:00:00+00:00,1,0.07,decrease,6.41,377013.2,3,2,24,3,0.11,0.01,0.0,96.02,0.98,6,6,1.0,0.5,0.1,0.59,medium
latest_test,hist_gradient_boosting,2026-05-21,4,2026-05-21 12:00:00+00:00,2026-05-21 13:00:00+00:00,1,0.15,increase,6.65,387283.4,4,5,24,5,0.13,0.0,0.37,96.03,0.62,6,6,1.0,0.25,0.05,0.47,low
latest_test,hist_gradient_boosting,2026-05-21,5,2026-05-21 11:00:00+00:00,2026-05-21 12:00:00+00:00,1,0.2,increase,6.69,389279.6,5,6,24,2,0.04,0.0,0.31,96.03,0.67,6,6,1.0,0.0,0.07,0.36,low
latest_test,hist_gradient_boosting,2026-05-22,1,2026-05-22 09:00:00+00:00,2026-05-22 10:00:00+00:00,1,0.02,decrease,6.64,387027.7,1,2,24,3,0.09,0.01,0.01,84.43,0.87,6,6,1.0,1.0,0.1,0.82,high
latest_test,hist_gradient_boosting,2026-05-22,2,2026-05-22 08:00:00+00:00,2026-05-22 09:00:00+00:00,1,0.11,increase,6.38,388826.6,6,1,24,6,0.17,0.77,0.19,83.66,0.68,4,6,0.67,0.75,0.0,0.57,medium
latest_test,hist_gradient_boosting,2026-05-22,3,2026-05-22 10:00:00+00:00,2026-05-22 11:00:00+00:00,1,0.11,decrease,6.71,390419.0,4,3,24,2,0.04,0.01,0.0,84.43,0.87,6,6,1.0,0.5,0.0,0.57,medium
latest_test,hist_gradient_boosting,2026-05-22,4,2026-05-22 11:00:00+00:00,2026-05-22 12:00:00+00:00,1,0.11,decrease,6.74,393980.9,3,4,24,1,0.0,0.0,0.17,84.44,0.7,6,6,1.0,0.25,0.05,0.47,low
latest_test,hist_gradient_boosting,2026-05-22,5,2026-05-22 12:00:00+00:00,2026-05-22 13:00:00+00:00,1,0.15,decrease,6.84,390500.4,2,7,24,5,0.11,0.0,0.39,84.44,0.49,6,6,1.0,0.0,0.08,0.37,low
latest_test,hist_gradient_boosting,2026-05-23,1,2026-05-23 08:00:00+00:00,2026-05-23 09:00:00+00:00,1,0.11,decrease,6.61,389738.6,6,1,24,13,0.24,31.22,2.27,61.39,-0.51,5,6,0.83,1.0,0.03,0.75,medium
latest_test,hist_gradient_boosting,2026-05-23,2,2026-05-23 09:00:00+00:00,2026-05-23 10:00:00+00:00,1,0.13,decrease,6.89,389019.3,5,3,24,9,0.2,27.68,2.27,64.92,-0.5,5,6,0.83,0.75,0.03,0.64,medium
latest_test,hist_gradient_boosting,2026-05-23,3,2026-05-23 12:00:00+00:00,2026-05-23 13:00:00+00:00,1,0.15,decrease,7.0,392087.3,1,8,24,10,0.22,13.29,2.34,79.32,-0.58,4,6,0.67,0.5,0.03,0.46,low
latest_test,hist_gradient_boosting,2026-05-23,4,2026-05-23 10:00:00+00:00,2026-05-23 11:00:00+00:00,1,0.17,decrease,6.94,390055.6,4,6,24,16,0.26,19.26,2.35,73.34,-0.59,4,6,0.67,0.25,0.0,0.35,low
latest_test,hist_gradient_boosting,2026-05-23,5,2026-05-23 13:00:00+00:00,2026-05-23 14:00:00+00:00,1,0.17,decrease,6.98,394249.2,3,7,24,14,0.24,27.55,2.3,65.06,-0.53,4,6,0.67,0.0,0.03,0.24,low
latest_test,hist_gradient_boosting,2026-05-24,1,2026-05-24 11:00:00+00:00,2026-05-24 12:00:00+00:00,1,0.11,decrease,6.2,346333.0,2,5,24,4,0.0,0.0,1.35,110.39,-0.8,5,6,0.83,1.0,0.06,0.75,high
latest_test,hist_gradient_boosting,2026-05-24,2,2026-05-24 12:00:00+00:00,2026-05-24 13:00:00+00:00,1,0.15,decrease,6.21,347751.2,1,8,24,1,0.0,14.08,1.32,96.31,-0.78,5,6,0.83,0.75,0.03,0.64,medium
latest_test,hist_gradient_boosting,2026-05-24,3,2026-05-24 08:00:00+00:00,2026-05-24 09:00:00+00:00,1,0.17,decrease,6.16,353150.7,6,4,24,24,0.22,72.87,1.65,37.52,-1.1,2,6,0.33,0.5,0.0,0.34,low
latest_test,hist_gradient_boosting,2026-05-24,4,2026-05-24 10:00:00+00:00,2026-05-24 11:00:00+00:00,1,0.17,decrease,6.21,346336.7,4,6,24,9,0.09,38.02,1.39,72.38,-0.84,5,6,0.83,0.25,0.0,0.4,low
latest_test,hist_gradient_boosting,2026-05-24,5,2026-05-24 13:00:00+00:00,2026-05-24 14:00:00+00:00,1,0.17,decrease,6.21,348277.8,3,7,24,10,0.09,52.04,1.37,58.36,-0.82,4,6,0.67,0.0,0.0,0.23,low
latest_test,hist_gradient_boosting,2026-05-25,1,2026-05-25 13:00:00+00:00,2026-05-25 14:00:00+00:00,1,0.11,increase,6.02,351617.4,3,4,24,12,0.17,13.98,0.87,26.28,-0.23,4,6,0.67,1.0,0.03,0.69,medium
latest_test,hist_gradient_boosting,2026-05-25,2,2026-05-25 08:00:00+00:00,2026-05-25 09:00:00+00:00,1,0.13,increase,5.96,363122.0,7,1,24,3,0.07,15.75,0.63,24.51,0.01,4,6,0.67,0.75,0.0,0.57,medium
latest_test,hist_gradient_boosting,2026-05-25,3,2026-05-25 09:00:00+00:00,2026-05-25 10:00:00+00:00,1,0.13,increase,6.08,353815.4,2,6,24,18,0.3,14.15,1.11,26.11,-0.47,4,6,0.67,0.5,0.06,0.47,low
latest_test,hist_gradient_boosting,2026-05-25,4,2026-05-25 12:00:00+00:00,2026-05-25 13:00:00+00:00,1,0.17,increase,6.2,353932.5,1,9,24,5,0.09,6.15,0.81,34.11,-0.17,5,6,0.83,0.25,0.03,0.41,low
latest_test,hist_gradient_boosting,2026-05-25,5,2026-05-25 14:00:00+00:00,2026-05-25 15:00:00+00:00,1,0.2,increase,6.06,351610.4,6,5,24,4,0.07,16.23,0.59,24.03,0.05,4,6,0.67,0.0,0.03,0.24,low
latest_test,hist_gradient_boosting,2026-05-26,1,2026-05-26 08:00:00+00:00,2026-05-26 09:00:00+00:00,1,0.13,increase,6.51,403616.7,7,1,24,10,0.2,1.14,1.04,72.43,-0.96,6,6,1.0,1.0,0.1,0.82,high
latest_test,hist_gradient_boosting,2026-05-26,2,2026-05-26 07:00:00+00:00,2026-05-26 08:00:00+00:00,1,0.22,increase,6.83,397448.9,10,2,24,1,0.0,27.25,0.0,46.32,0.08,5,6,0.83,0.75,0.1,0.65,medium
latest_test,hist_gradient_boosting,2026-05-26,3,2026-05-26 00:00:00+00:00,2026-05-26 01:00:00+00:00,1,0.3,increase,6.88,364600.3,13,3,24,2,0.09,73.57,0.08,0.0,0.0,5,6,0.83,0.5,0.0,0.52,medium
latest_test,hist_gradient_boosting,2026-05-26,4,2026-05-26 01:00:00+00:00,2026-05-26 02:00:00+00:00,1,0.3,increase,7.06,367656.3,12,4,24,9,0.2,70.17,0.29,3.4,-0.21,5,6,0.83,0.25,0.0,0.4,low
latest_test,hist_gradient_boosting,2026-05-26,5,2026-05-26 09:00:00+00:00,2026-05-26 10:00:00+00:00,1,0.3,decrease,7.95,473356.4,3,13,24,11,0.2,0.16,1.47,73.41,-1.4,2,6,0.33,0.0,0.03,0.12,low
latest_test,hist_gradient_boosting,2026-05-27,1,2026-05-27 09:00:00+00:00,2026-05-27 10:00:00+00:00,1,0.02,decrease,6.03,354099.3,1,2,24,4,0.09,0.29,0.11,113.75,0.84,5,6,0.83,1.0,0.09,0.76,high
latest_test,hist_gradient_boosting,2026-05-27,2,2026-05-27 08:00:00+00:00,2026-05-27 09:00:00+00:00,1,0.11,increase,5.84,363433.3,6,1,24,2,0.04,3.97,0.0,110.07,0.95,4,6,0.67,0.75,0.0,0.57,medium
latest_test,hist_gradient_boosting,2026-05-27,3,2026-05-27 10:00:00+00:00,2026-05-27 11:00:00+00:00,1,0.11,decrease,6.22,368247.8,3,4,24,1,0.0,0.01,0.07,114.03,0.88,5,6,0.83,0.5,0.0,0.52,medium
latest_test,hist_gradient_boosting,2026-05-27,4,2026-05-27 11:00:00+00:00,2026-05-27 12:00:00+00:00,1,0.11,decrease,6.28,372612.8,2,5,24,5,0.09,0.0,0.24,114.04,0.71,5,6,0.83,0.25,0.0,0.4,low
latest_test,hist_gradient_boosting,2026-05-27,5,2026-05-27 12:00:00+00:00,2026-05-27 13:00:00+00:00,1,0.11,decrease,6.2,365303.1,4,3,24,6,0.09,0.0,0.48,114.04,0.46,5,6,0.83,0.0,0.14,0.32,low
latest_test,hist_gradient_boosting,2026-05-28,1,2026-05-28 11:00:00+00:00,2026-05-28 12:00:00+00:00,1,0.04,decrease,5.76,339559.7,1,3,24,1,0.0,0.0,0.0,95.77,4.13,6,6,1.0,1.0,0.02,0.8,high
latest_test,hist_gradient_boosting,2026-05-28,2,2026-05-28 09:00:00+00:00,2026-05-28 10:00:00+00:00,1,0.07,decrease,5.65,330413.4,4,1,24,4,0.15,0.56,0.11,95.2,4.02,6,6,1.0,0.75,0.02,0.69,medium
latest_test,hist_gradient_boosting,2026-05-28,3,2026-05-28 12:00:00+00:00,2026-05-28 13:00:00+00:00,1,0.09,decrease,5.77,341997.8,2,4,24,2,0.04,0.0,0.05,95.76,4.07,5,6,0.83,0.5,0.05,0.53,medium
latest_test,hist_gradient_boosting,2026-05-28,4,2026-05-28 10:00:00+00:00,2026-05-28 11:00:00+00:00,1,0.13,decrease,5.79,336791.3,3,5,24,3,0.09,0.0,0.07,95.76,4.05,6,6,1.0,0.25,0.02,0.47,low
latest_test,hist_gradient_boosting,2026-05-28,5,2026-05-28 08:00:00+00:00,2026-05-28 09:00:00+00:00,1,0.15,increase,5.67,349348.3,7,2,24,5,0.17,17.75,0.08,78.01,4.05,3,6,0.5,0.0,0.05,0.18,low
latest_test,hist_gradient_boosting,2026-05-29,1,2026-05-29 10:00:00+00:00,2026-05-29 11:00:00+00:00,1,0.02,decrease,6.0,352086.9,1,2,24,2,0.04,0.35,0.27,120.13,3.74,6,6,1.0,1.0,0.05,0.81,high
latest_test,hist_gradient_boosting,2026-05-29,2,2026-05-29 13:00:00+00:00,2026-05-29 14:00:00+00:00,1,0.07,increase,5.99,353372.5,4,1,24,3,0.04,1.35,0.22,119.12,3.79,5,6,0.83,0.75,0.02,0.63,medium
latest_test,hist_gradient_boosting,2026-05-29,3,2026-05-29 11:00:00+00:00,2026-05-29 12:00:00+00:00,1,0.09,decrease,6.15,363354.9,2,4,24,4,0.07,0.0,0.41,120.48,3.6,6,6,1.0,0.5,0.05,0.58,medium
latest_test,hist_gradient_boosting,2026-05-29,4,2026-05-29 12:00:00+00:00,2026-05-29 13:00:00+00:00,1,0.13,decrease,6.38,375860.5,3,5,24,1,0.0,0.64,0.0,119.83,4.01,6,6,1.0,0.25,0.02,0.47,low
latest_test,hist_gradient_boosting,2026-05-29,5,2026-05-29 14:00:00+00:00,2026-05-29 15:00:00+00:00,1,0.15,decrease,6.15,364289.7,6,3,24,6,0.15,7.51,0.39,112.96,3.62,3,6,0.5,0.0,0.07,0.19,low
latest_test,hist_gradient_boosting,2026-05-30,1,2026-05-30 09:00:00+00:00,2026-05-30 10:00:00+00:00,1,0.02,decrease,6.06,341200.6,1,2,24,6,0.07,0.1,1.36,99.06,2.66,5,6,0.83,1.0,0.04,0.75,high
latest_test,hist_gradient_boosting,2026-05-30,2,2026-05-30 10:00:00+00:00,2026-05-30 11:00:00+00:00,1,0.07,decrease,6.05,340182.1,4,1,24,11,0.17,0.1,1.58,99.07,2.44,6,6,1.0,0.75,0.0,0.69,medium
latest_test,hist_gradient_boosting,2026-05-30,3,2026-05-30 12:00:00+00:00,2026-05-30 13:00:00+00:00,1,0.07,decrease,6.29,354890.9,2,3,24,1,0.0,0.0,1.39,99.16,2.63,4,6,0.67,0.5,0.04,0.47,low
latest_test,hist_gradient_boosting,2026-05-30,4,2026-05-30 11:00:00+00:00,2026-05-30 12:00:00+00:00,1,0.11,decrease,6.31,353080.0,3,4,24,8,0.11,0.02,1.54,99.14,2.48,6,6,1.0,0.25,0.09,0.48,low
latest_test,hist_gradient_boosting,2026-05-30,5,2026-05-30 08:00:00+00:00,2026-05-30 09:00:00+00:00,1,0.2,decrease,6.32,351846.2,6,5,24,10,0.13,3.06,1.44,96.1,2.58,3,6,0.5,0.0,0.0,0.18,low
latest_test,hist_gradient_boosting,2026-05-31,1,2026-05-31 09:00:00+00:00,2026-05-31 10:00:00+00:00,1,0.07,decrease,5.76,343683.0,2,3,24,3,0.07,0.01,0.43,65.48,0.14,5,6,0.83,1.0,0.0,0.74,medium
latest_test,hist_gradient_boosting,2026-05-31,2,2026-05-31 10:00:00+00:00,2026-05-31 11:00:00+00:00,1,0.07,decrease,5.66,345190.6,4,1,24,2,0.02,0.0,0.52,65.49,0.04,5,6,0.83,0.75,0.06,0.64,medium
latest_test,hist_gradient_boosting,2026-05-31,3,2026-05-31 11:00:00+00:00,2026-05-31 12:00:00+00:00,1,0.11,decrease,5.75,346938.7,5,2,24,8,0.13,0.0,0.7,65.5,-0.13,5,6,0.83,0.5,0.06,0.53,medium
latest_test,hist_gradient_boosting,2026-05-31,4,2026-05-31 08:00:00+00:00,2026-05-31 09:00:00+00:00,1,0.15,decrease,6.24,344572.8,1,8,24,10,0.2,2.15,0.59,63.34,-0.02,4,6,0.67,0.25,0.0,0.35,low
latest_test,hist_gradient_boosting,2026-05-31,5,2026-05-31 12:00:00+00:00,2026-05-31 13:00:00+00:00,1,0.15,decrease,6.03,356912.9,3,6,24,6,0.11,0.0,0.65,65.5,-0.08,5,6,0.83,0.0,0.03,0.3,low
latest_test,hist_gradient_boosting,2026-06-01,1,2026-06-01 09:00:00+00:00,2026-06-01 10:00:00+00:00,1,0.07,increase,6.2,368363.7,3,2,24,4,0.2,9.75,0.08,28.83,1.0,6,6,1.0,1.0,0.02,0.8,high
latest_test,hist_gradient_boosting,2026-06-01,2,2026-06-01 13:00:00+00:00,2026-06-01 14:00:00+00:00,1,0.09,increase,6.29,376106.2,2,4,24,1,0.0,0.0,0.0,38.58,1.08,6,6,1.0,0.75,0.02,0.69,medium
latest_test,hist_gradient_boosting,2026-06-01,3,2026-06-01 12:00:00+00:00,2026-06-01 13:00:00+00:00,1,0.11,increase,6.4,383388.5,1,6,24,3,0.09,3.01,0.06,35.58,1.02,4,6,0.67,0.5,0.02,0.46,low
latest_test,hist_gradient_boosting,2026-06-01,4,2026-06-01 10:00:00+00:00,2026-06-01 11:00:00+00:00,1,0.13,increase,6.23,371444.5,5,3,24,5,0.2,7.86,0.1,30.73,0.98,6,6,1.0,0.25,0.02,0.47,low
latest_test,hist_gradient_boosting,2026-06-01,5,2026-06-01 08:00:00+00:00,2026-06-01 09:00:00+00:00,1,0.15,increase,6.11,373412.4,8,1,24,7,0.22,17.5,0.06,21.09,1.02,1,6,0.17,0.0,0.05,0.07,low
latest_test,hist_gradient_boosting,2026-06-02,1,2026-06-02 09:00:00+00:00,2026-06-02 10:00:00+00:00,1,0.02,decrease,6.49,398252.7,1,2,24,3,0.11,0.21,1.3,30.27,2.29,6,6,1.0,1.0,0.11,0.82,high
latest_test,hist_gradient_boosting,2026-06-02,2,2026-06-02 10:00:00+00:00,2026-06-02 11:00:00+00:00,1,0.13,decrease,6.85,447547.7,4,4,24,8,0.2,0.08,2.11,30.4,1.48,6,6,1.0,0.75,0.02,0.69,medium
latest_test,hist_gradient_boosting,2026-06-02,3,2026-06-02 11:00:00+00:00,2026-06-02 12:00:00+00:00,1,0.15,decrease,7.83,509225.4,2,7,24,10,0.24,0.07,2.36,30.41,1.23,6,6,1.0,0.5,0.0,0.57,medium
latest_test,hist_gradient_boosting,2026-06-02,4,2026-06-02 23:00:00+00:00,2026-06-03 00:00:00+00:00,1,0.15,decrease,6.28,342703.2,8,1,24,9,0.22,22.64,0.62,7.85,2.97,4,6,0.67,0.25,0.07,0.36,low
latest_test,hist_gradient_boosting,2026-06-02,5,2026-06-02 08:00:00+00:00,2026-06-02 09:00:00+00:00,1,0.22,decrease,6.62,394510.5,9,3,24,5,0.13,2.68,0.67,27.8,2.92,3,6,0.5,0.0,0.0,0.18,low
latest_test,hist_gradient_boosting,2026-06-03,1,2026-06-03 12:00:00+00:00,2026-06-03 13:00:00+00:00,1,0.04,decrease,5.86,373022.3,1,3,24,3,0.04,0.09,0.0,20.7,0.79,6,6,1.0,1.0,0.07,0.81,high
latest_test,hist_gradient_boosting,2026-06-03,2,2026-06-03 13:00:00+00:00,2026-06-03 14:00:00+00:00,1,0.11,decrease,5.74,364988.3,6,1,24,2,0.02,0.0,0.15,20.79,0.64,5,6,0.83,0.75,0.02,0.63,medium
latest_test,hist_gradient_boosting,2026-06-03,3,2026-06-03 11:00:00+00:00,2026-06-03 12:00:00+00:00,1,0.13,decrease,5.94,373853.4,4,4,24,1,0.0,0.07,0.02,20.72,0.77,5,6,0.83,0.5,0.05,0.53,medium
latest_test,hist_gradient_boosting,2026-06-03,4,2026-06-03 08:00:00+00:00,2026-06-03 09:00:00+00:00,1,0.17,decrease,6.0,378040.7,5,5,24,11,0.39,0.1,0.39,20.7,0.4,3,6,0.5,0.25,0.02,0.29,low
latest_test,hist_gradient_boosting,2026-06-03,5,2026-06-03 09:00:00+00:00,2026-06-03 10:00:00+00:00,1,0.2,decrease,6.06,375167.5,3,8,24,10,0.37,0.09,0.59,20.7,0.2,6,6,1.0,0.0,0.02,0.35,low
latest_test,hist_gradient_boosting,2026-06-04,1,2026-06-04 12:00:00+00:00,2026-06-04 13:00:00+00:00,1,0.0,decrease,5.17,314739.1,1,1,24,5,0.13,0.0,0.78,3.8,1.09,6,6,1.0,1.0,0.11,0.82,high
latest_test,hist_gradient_boosting,2026-06-04,2,2026-06-04 10:00:00+00:00,2026-06-04 11:00:00+00:00,1,0.09,decrease,5.21,315012.8,3,3,24,3,0.07,0.01,0.0,3.79,1.87,5,6,0.83,0.75,0.0,0.63,medium
latest_test,hist_gradient_boosting,2026-06-04,3,2026-06-04 11:00:00+00:00,2026-06-04 12:00:00+00:00,1,0.09,decrease,5.2,314855.7,4,2,24,1,0.0,0.0,0.39,3.8,1.48,6,6,1.0,0.5,0.14,0.6,medium
latest_test,hist_gradient_boosting,2026-06-04,4,2026-06-04 09:00:00+00:00,2026-06-04 10:00:00+00:00,1,0.2,decrease,5.75,345119.2,2,9,24,2,0.07,0.01,0.11,3.79,1.76,4,6,0.67,0.25,0.0,0.35,low
latest_test,hist_gradient_boosting,2026-06-04,5,2026-06-04 13:00:00+00:00,2026-06-04 14:00:00+00:00,1,0.2,decrease,5.6,338231.6,5,6,24,6,0.22,0.0,0.85,3.8,1.02,4,6,0.67,0.0,0.06,0.24,low
latest_test,hist_gradient_boosting,2026-06-05,1,2026-06-05 10:00:00+00:00,2026-06-05 11:00:00+00:00,1,0.04,increase,5.36,326913.9,2,2,24,2,0.09,2.08,0.0,8.62,1.25,6,6,1.0,1.0,0.02,0.8,high
latest_test,hist_gradient_boosting,2026-06-05,2,2026-06-05 11:00:00+00:00,2026-06-05 12:00:00+00:00,1,0.07,increase,5.34,327092.9,4,1,24,5,0.13,1.2,0.06,9.5,1.19,6,6,1.0,0.75,0.02,0.69,medium
latest_test,hist_gradient_boosting,2026-06-05,3,2026-06-05 12:00:00+00:00,2026-06-05 13:00:00+00:00,1,0.09,increase,5.4,327793.2,3,3,24,3,0.09,1.0,0.03,9.7,1.22,6,6,1.0,0.5,0.02,0.58,medium
latest_test,hist_gradient_boosting,2026-06-05,4,2026-06-05 09:00:00+00:00,2026-06-05 10:00:00+00:00,1,0.11,decrease,5.71,343677.8,1,6,24,1,0.0,0.62,0.01,10.08,1.23,6,6,1.0,0.25,0.05,0.47,low
latest_test,hist_gradient_boosting,2026-06-05,5,2026-06-05 13:00:00+00:00,2026-06-05 14:00:00+00:00,1,0.15,increase,5.49,325674.7,5,4,24,4,0.09,0.62,0.14,10.08,1.1,5,6,0.83,0.0,0.07,0.31,low
latest_test,hist_gradient_boosting,2026-06-06,1,2026-06-06 08:00:00+00:00,2026-06-06 09:00:00+00:00,1,0.02,decrease,5.23,325598.9,1,2,24,5,0.2,0.08,0.25,13.57,0.2,5,6,0.83,1.0,0.05,0.75,high
latest_test,hist_gradient_boosting,2026-06-06,2,2026-06-06 11:00:00+00:00,2026-06-06 12:00:00+00:00,1,0.07,decrease,5.17,321950.2,4,1,24,3,0.07,0.06,0.09,13.59,0.36,6,6,1.0,0.75,0.05,0.7,medium
latest_test,hist_gradient_boosting,2026-06-06,3,2026-06-06 09:00:00+00:00,2026-06-06 10:00:00+00:00,1,0.11,decrease,5.38,322658.8,2,5,24,2,0.07,0.0,0.22,13.65,0.22,5,6,0.83,0.5,0.0,0.52,medium
latest_test,hist_gradient_boosting,2026-06-06,4,2026-06-06 10:00:00+00:00,2026-06-06 11:00:00+00:00,1,0.11,decrease,5.31,324267.6,3,4,24,1,0.0,0.04,0.0,13.61,0.45,6,6,1.0,0.25,0.02,0.47,low
latest_test,hist_gradient_boosting,2026-06-06,5,2026-06-06 12:00:00+00:00,2026-06-06 13:00:00+00:00,1,0.13,decrease,5.26,328237.4,5,3,24,6,0.24,0.01,0.34,13.64,0.1,6,6,1.0,0.0,0.12,0.37,low
latest_test,hist_gradient_boosting,2026-06-07,1,2026-06-07 12:00:00+00:00,2026-06-07 13:00:00+00:00,1,0.02,decrease,6.12,338114.5,1,2,24,1,0.0,0.0,0.63,61.72,-0.48,5,6,0.83,1.0,0.05,0.75,high
latest_test,hist_gradient_boosting,2026-06-07,2,2026-06-07 11:00:00+00:00,2026-06-07 12:00:00+00:00,1,0.07,decrease,6.11,338507.0,4,1,24,2,0.07,8.8,0.63,52.92,-0.49,6,6,1.0,0.75,0.02,0.69,medium
latest_test,hist_gradient_boosting,2026-06-07,3,2026-06-07 13:00:00+00:00,2026-06-07 14:00:00+00:00,1,0.09,decrease,6.21,340112.3,2,4,24,4,0.07,8.35,0.65,53.37,-0.51,5,6,0.83,0.5,0.09,0.53,medium
latest_test,hist_gradient_boosting,2026-06-07,4,2026-06-07 14:00:00+00:00,2026-06-07 15:00:00+00:00,1,0.17,decrease,6.32,343835.3,3,7,24,3,0.07,28.73,0.58,32.99,-0.44,4,6,0.67,0.25,0.02,0.35,low
latest_test,hist_gradient_boosting,2026-06-07,5,2026-06-07 10:00:00+00:00,2026-06-07 11:00:00+00:00,1,0.2,decrease,6.29,338179.0,5,6,24,6,0.13,26.4,0.66,35.33,-0.52,6,6,1.0,0.0,0.09,0.37,low
latest_test,hist_gradient_boosting,2026-06-08,1,2026-06-08 13:00:00+00:00,2026-06-08 14:00:00+00:00,1,0.07,increase,5.4,337311.8,2,3,24,1,0.0,0.13,0.0,23.54,1.19,6,6,1.0,1.0,0.0,0.8,high
latest_test,hist_gradient_boosting,2026-06-08,2,2026-06-08 14:00:00+00:00,2026-06-08 15:00:00+00:00,1,0.07,increase,5.36,339151.8,4,1,24,2,0.0,0.0,0.05,23.67,1.14,5,6,0.83,0.75,0.03,0.63,medium
latest_test,hist_gradient_boosting,2026-06-08,3,2026-06-08 12:00:00+00:00,2026-06-08 13:00:00+00:00,1,0.09,increase,5.47,336045.3,1,5,24,3,0.09,1.12,0.14,22.55,1.05,6,6,1.0,0.5,0.03,0.58,medium
latest_test,hist_gradient_boosting,2026-06-08,4,2026-06-08 15:00:00+00:00,2026-06-08 16:00:00+00:00,1,0.11,increase,5.38,342721.3,5,2,24,4,0.11,1.03,0.18,22.64,1.01,4,6,0.67,0.25,0.05,0.36,low
latest_test,hist_gradient_boosting,2026-06-08,5,2026-06-08 11:00:00+00:00,2026-06-08 12:00:00+00:00,1,0.15,increase,5.48,334191.4,3,6,24,5,0.2,2.62,0.21,21.05,0.99,6,6,1.0,0.0,0.08,0.37,low
latest_test,hist_gradient_boosting,2026-06-09,1,2026-06-09 11:00:00+00:00,2026-06-09 12:00:00+00:00,1,0.02,decrease,5.54,336501.1,1,2,24,3,0.09,0.02,0.07,33.26,0.6,6,6,1.0,1.0,0.02,0.8,high
latest_test,hist_gradient_boosting,2026-06-09,2,2026-06-09 10:00:00+00:00,2026-06-09 11:00:00+00:00,1,0.04,decrease,5.53,334229.0,3,1,24,2,0.02,0.02,0.0,33.26,0.66,5,6,0.83,0.75,0.02,0.63,medium
latest_test,hist_gradient_boosting,2026-06-09,3,2026-06-09 12:00:00+00:00,2026-06-09 13:00:00+00:00,1,0.07,decrease,5.58,336197.9,2,3,24,4,0.13,0.02,0.11,33.26,0.55,6,6,1.0,0.5,0.12,0.6,medium
latest_test,hist_gradient_boosting,2026-06-09,4,2026-06-09 14:00:00+00:00,2026-06-09 15:00:00+00:00,1,0.17,decrease,5.79,343388.9,4,6,24,6,0.2,0.01,0.23,33.27,0.44,2,6,0.33,0.25,0.02,0.23,low
latest_test,hist_gradient_boosting,2026-06-09,5,2026-06-09 08:00:00+00:00,2026-06-09 09:00:00+00:00,1,0.2,decrease,5.75,336180.0,6,5,24,5,0.2,0.02,0.13,33.26,0.53,2,6,0.33,0.0,0.0,0.12,low
latest_test,hist_gradient_boosting,2026-06-10,1,2026-06-10 11:00:00+00:00,2026-06-10 12:00:00+00:00,1,0.07,decrease,5.64,336275.4,4,1,24,1,0.0,0.1,0.04,58.6,0.76,6,6,1.0,1.0,0.03,0.81,high
latest_test,hist_gradient_boosting,2026-06-10,2,2026-06-10 09:00:00+00:00,2026-06-10 10:00:00+00:00,1,0.09,decrease,5.77,342583.4,1,5,24,4,0.04,0.1,0.07,58.6,0.73,5,6,0.83,0.75,0.03,0.63,medium
latest_test,hist_gradient_boosting,2026-06-10,3,2026-06-10 10:00:00+00:00,2026-06-10 11:00:00+00:00,1,0.11,decrease,5.72,336762.2,3,4,24,3,0.02,0.1,0.0,58.6,0.8,6,6,1.0,0.5,0.03,0.58,medium
latest_test,hist_gradient_boosting,2026-06-10,4,2026-06-10 12:00:00+00:00,2026-06-10 13:00:00+00:00,1,0.13,decrease,5.67,339099.5,5,3,24,2,0.0,0.08,0.07,58.62,0.73,6,6,1.0,0.25,0.03,0.47,low
latest_test,hist_gradient_boosting,2026-06-10,5,2026-06-10 13:00:00+00:00,2026-06-10 14:00:00+00:00,1,0.15,decrease,5.67,337843.2,7,2,24,5,0.04,0.01,0.11,58.69,0.69,4,6,0.67,0.0,0.05,0.24,low
latest_test,hist_gradient_boosting,2026-06-11,1,2026-06-11 08:00:00+00:00,2026-06-11 09:00:00+00:00,1,0.04,decrease,5.79,344847.8,2,2,24,4,0.11,0.01,0.22,22.2,0.38,4,6,0.67,1.0,0.14,0.71,medium
latest_test,hist_gradient_boosting,2026-06-11,2,2026-06-11 09:00:00+00:00,2026-06-11 10:00:00+00:00,1,0.15,decrease,6.14,356908.2,1,8,24,12,0.33,0.0,0.54,22.21,0.05,6,6,1.0,0.75,0.03,0.69,medium
latest_test,hist_gradient_boosting,2026-06-11,3,2026-06-11 11:00:00+00:00,2026-06-11 12:00:00+00:00,1,0.17,decrease,6.13,359560.7,3,7,24,3,0.09,0.0,0.31,22.21,0.29,6,6,1.0,0.5,0.0,0.57,medium
latest_test,hist_gradient_boosting,2026-06-11,4,2026-06-11 12:00:00+00:00,2026-06-11 13:00:00+00:00,1,0.17,increase,6.11,361732.3,4,6,24,7,0.13,0.0,0.35,22.21,0.25,5,6,0.83,0.25,0.05,0.41,low
latest_test,hist_gradient_boosting,2026-06-11,5,2026-06-11 15:00:00+00:00,2026-06-11 16:00:00+00:00,1,0.22,increase,6.0,345243.0,8,4,24,2,0.0,0.01,0.0,22.2,0.6,1,6,0.17,0.0,0.03,0.06,low
latest_test,hist_gradient_boosting,2026-06-12,1,2026-06-12 09:00:00+00:00,2026-06-12 10:00:00+00:00,1,0.02,decrease,5.76,359451.0,2,1,24,2,0.07,0.04,0.09,13.6,0.4,5,6,0.83,1.0,0.04,0.75,high
latest_test,hist_gradient_boosting,2026-06-12,2,2026-06-12 08:00:00+00:00,2026-06-12 09:00:00+00:00,1,0.07,decrease,5.97,364385.0,1,4,24,4,0.09,0.05,0.03,13.59,0.47,3,6,0.5,0.75,0.0,0.51,medium
latest_test,hist_gradient_boosting,2026-06-12,3,2026-06-12 10:00:00+00:00,2026-06-12 11:00:00+00:00,1,0.07,decrease,5.96,362607.3,3,2,24,1,0.0,0.04,0.0,13.6,0.49,5,6,0.83,0.5,0.11,0.54,medium
latest_test,hist_gradient_boosting,2026-06-12,4,2026-06-12 14:00:00+00:00,2026-06-12 15:00:00+00:00,1,0.17,increase,5.97,366144.8,7,3,24,7,0.13,0.0,0.32,13.64,0.18,3,6,0.5,0.25,0.04,0.3,low
latest_test,hist_gradient_boosting,2026-06-12,5,2026-06-12 11:00:00+00:00,2026-06-12 12:00:00+00:00,1,0.22,decrease,6.0,364108.7,5,7,24,5,0.09,0.04,0.06,13.6,0.44,6,6,1.0,0.0,0.0,0.35,low
latest_test,hist_gradient_boosting,2026-06-13,1,2026-06-13 10:00:00+00:00,2026-06-13 11:00:00+00:00,1,0.17,decrease,6.3,354133.3,4,6,24,4,0.11,18.44,1.4,76.32,-0.78,5,6,0.83,1.0,0.03,0.75,medium
latest_test,hist_gradient_boosting,2026-06-13,2,2026-06-13 13:00:00+00:00,2026-06-13 14:00:00+00:00,1,0.2,decrease,6.36,360635.2,2,9,24,8,0.15,14.39,1.47,80.37,-0.85,4,6,0.67,0.75,0.0,0.57,medium
latest_test,hist_gradient_boosting,2026-06-13,3,2026-06-13 12:00:00+00:00,2026-06-13 13:00:00+00:00,1,0.2,decrease,6.36,357325.5,1,10,24,5,0.11,0.87,1.47,93.89,-0.85,5,6,0.83,0.5,0.07,0.53,medium
latest_test,hist_gradient_boosting,2026-06-13,4,2026-06-13 11:00:00+00:00,2026-06-13 12:00:00+00:00,1,0.24,decrease,6.34,355560.6,5,8,24,1,0.0,0.0,1.36,94.76,-0.74,6,6,1.0,0.25,0.0,0.46,low
latest_test,hist_gradient_boosting,2026-06-13,5,2026-06-13 17:00:00+00:00,2026-06-13 18:00:00+00:00,1,0.24,decrease,5.91,344878.9,12,1,24,3,0.04,87.31,0.0,7.45,0.62,3,6,0.5,0.0,0.03,0.18,low
latest_test,hist_gradient_boosting,2026-06-14,1,2026-06-14 12:00:00+00:00,2026-06-14 13:00:00+00:00,1,0.04,increase,6.38,361716.4,2,2,24,1,0.0,0.0,0.91,62.46,-0.57,6,6,1.0,1.0,0.02,0.8,high
latest_test,hist_gradient_boosting,2026-06-14,2,2026-06-14 11:00:00+00:00,2026-06-14 12:00:00+00:00,1,0.07,increase,6.48,361451.5,1,4,24,3,0.04,1.44,0.94,61.01,-0.6,6,6,1.0,0.75,0.02,0.69,medium
latest_test,hist_gradient_boosting,2026-06-14,3,2026-06-14 13:00:00+00:00,2026-06-14 14:00:00+00:00,1,0.09,increase,6.45,361968.0,3,3,24,2,0.02,5.54,0.82,56.91,-0.48,5,6,0.83,0.5,0.11,0.54,medium
latest_test,hist_gradient_boosting,2026-06-14,4,2026-06-14 10:00:00+00:00,2026-06-14 11:00:00+00:00,1,0.2,increase,6.48,361577.8,5,6,24,7,0.13,9.87,1.03,52.58,-0.69,6,6,1.0,0.25,0.0,0.46,low
latest_test,hist_gradient_boosting,2026-06-14,5,2026-06-14 16:00:00+00:00,2026-06-14 17:00:00+00:00,1,0.2,increase,6.3,360463.7,10,1,24,6,0.09,31.16,0.23,31.29,0.11,2,6,0.33,0.0,0.05,0.13,low
latest_test,hist_gradient_boosting,2026-06-15,1,2026-06-15 10:00:00+00:00,2026-06-15 11:00:00+00:00,1,0.07,increase,5.53,324898.6,1,4,24,3,0.09,0.57,0.06,80.67,1.3,5,6,0.83,1.0,0.02,0.75,medium
latest_test,hist_gradient_boosting,2026-06-15,2,2026-06-15 09:00:00+00:00,2026-06-15 10:00:00+00:00,1,0.09,increase,5.48,321410.9,4,2,24,5,0.13,3.05,0.1,78.19,1.26,5,6,0.83,0.75,0.02,0.63,medium
latest_test,hist_gradient_boosting,2026-06-15,3,2026-06-15 12:00:00+00:00,2026-06-15 13:00:00+00:00,1,0.11,increase,5.55,326708.1,2,5,24,2,0.02,0.54,0.0,80.7,1.36,6,6,1.0,0.5,0.02,0.58,medium
latest_test,hist_gradient_boosting,2026-06-15,4,2026-06-15 13:00:00+00:00,2026-06-15 14:00:00+00:00,1,0.13,increase,5.53,324105.7,5,3,24,4,0.11,0.34,0.31,80.91,1.05,5,6,0.83,0.25,0.02,0.41,low
latest_test,hist_gradient_boosting,2026-06-15,5,2026-06-15 08:00:00+00:00,2026-06-15 09:00:00+00:00,1,0.15,increase,5.41,326555.7,8,1,24,6,0.2,18.58,0.16,62.66,1.2,2,6,0.33,0.0,0.0,0.12,low
latest_test,hist_gradient_boosting,2026-06-16,1,2026-06-16 12:00:00+00:00,2026-06-16 13:00:00+00:00,1,0.02,increase,5.51,320025.6,1,2,24,2,0.0,1.04,0.0,84.45,5.99,6,6,1.0,1.0,0.0,0.8,high
latest_test,hist_gradient_boosting,2026-06-16,2,2026-06-16 13:00:00+00:00,2026-06-16 14:00:00+00:00,1,0.02,increase,5.38,320750.4,2,1,24,3,0.07,9.4,0.11,76.09,5.88,6,6,1.0,0.75,0.09,0.71,medium
latest_test,hist_gradient_boosting,2026-06-16,3,2026-06-16 11:00:00+00:00,2026-06-16 12:00:00+00:00,1,0.11,increase,5.96,344876.9,3,4,24,1,0.0,0.0,0.08,85.5,5.91,6,6,1.0,0.5,0.02,0.58,medium
latest_test,hist_gradient_boosting,2026-06-16,4,2026-06-16 14:00:00+00:00,2026-06-16 15:00:00+00:00,1,0.13,increase,5.51,331108.2,5,3,24,5,0.13,23.47,0.48,62.03,5.51,5,6,0.83,0.25,0.05,0.41,low
latest_test,hist_gradient_boosting,2026-06-16,5,2026-06-16 10:00:00+00:00,2026-06-16 11:00:00+00:00,1,0.17,increase,6.67,388740.1,4,6,24,4,0.13,19.87,0.6,65.63,5.39,5,6,0.83,0.0,0.05,0.3,low
latest_test,hist_gradient_boosting,2026-06-17,1,2026-06-17 11:00:00+00:00,2026-06-17 12:00:00+00:00,1,0.07,increase,5.45,318619.3,3,2,24,1,0.0,0.0,0.01,114.93,7.72,6,6,1.0,1.0,0.0,0.8,high
latest_test,hist_gradient_boosting,2026-06-17,2,2026-06-17 12:00:00+00:00,2026-06-17 13:00:00+00:00,1,0.07,decrease,5.48,320679.2,1,4,24,2,0.0,21.01,0.0,93.92,7.73,6,6,1.0,0.75,0.02,0.69,medium
latest_test,hist_gradient_boosting,2026-06-17,3,2026-06-17 09:00:00+00:00,2026-06-17 10:00:00+00:00,1,0.09,decrease,5.4,313249.0,5,1,24,5,0.15,40.99,0.13,73.94,7.59,4,6,0.67,0.5,0.02,0.46,low
latest_test,hist_gradient_boosting,2026-06-17,4,2026-06-17 10:00:00+00:00,2026-06-17 11:00:00+00:00,1,0.11,decrease,5.47,320773.0,4,3,24,3,0.09,32.71,0.04,82.22,7.68,6,6,1.0,0.25,0.0,0.46,low
latest_test,hist_gradient_boosting,2026-06-17,5,2026-06-17 13:00:00+00:00,2026-06-17 14:00:00+00:00,1,0.11,decrease,5.56,325493.4,2,5,24,4,0.09,31.38,0.05,83.54,7.68,6,6,1.0,0.0,0.12,0.37,low
latest_test,hist_gradient_boosting,2026-06-18,1,2026-06-18 10:00:00+00:00,2026-06-18 11:00:00+00:00,1,0.04,decrease,5.19,301668.5,2,2,24,3,0.09,9.96,0.09,83.62,16.39,6,6,1.0,1.0,0.02,0.8,high
latest_test,hist_gradient_boosting,2026-06-18,2,2026-06-18 12:00:00+00:00,2026-06-18 13:00:00+00:00,1,0.07,decrease,5.5,318710.3,1,4,24,2,0.0,7.61,0.0,85.97,16.48,6,6,1.0,0.75,0.02,0.69,medium
latest_test,hist_gradient_boosting,2026-06-18,3,2026-06-18 09:00:00+00:00,2026-06-18 10:00:00+00:00,1,0.09,decrease,5.18,296396.5,5,1,24,4,0.11,9.03,0.14,84.55,16.34,6,6,1.0,0.5,0.02,0.58,medium
latest_test,hist_gradient_boosting,2026-06-18,4,2026-06-18 13:00:00+00:00,2026-06-18 14:00:00+00:00,1,0.11,decrease,5.42,315125.1,4,3,24,5,0.13,29.81,0.09,63.77,16.38,6,6,1.0,0.25,0.02,0.47,low
latest_test,hist_gradient_boosting,2026-06-18,5,2026-06-18 11:00:00+00:00,2026-06-18 12:00:00+00:00,1,0.13,increase,5.52,316166.6,3,5,24,1,0.0,0.0,0.04,93.58,16.43,6,6,1.0,0.0,0.1,0.37,low
latest_test,hist_gradient_boosting,2026-06-19,1,2026-06-19 09:00:00+00:00,2026-06-19 10:00:00+00:00,1,0.09,decrease,5.27,309789.1,5,1,24,5,0.15,19.7,0.08,78.61,4.21,6,6,1.0,1.0,0.0,0.8,high
latest_test,hist_gradient_boosting,2026-06-19,2,2026-06-19 10:00:00+00:00,2026-06-19 11:00:00+00:00,1,0.09,decrease,5.48,318511.1,4,2,24,3,0.07,8.3,0.06,90.02,4.23,6,6,1.0,0.75,0.0,0.69,medium
latest_test,hist_gradient_boosting,2026-06-19,3,2026-06-19 13:00:00+00:00,2026-06-19 14:00:00+00:00,1,0.09,decrease,5.54,329164.3,3,3,24,4,0.13,10.68,0.12,87.63,4.18,6,6,1.0,0.5,0.02,0.58,medium
latest_test,hist_gradient_boosting,2026-06-19,4,2026-06-19 11:00:00+00:00,2026-06-19 12:00:00+00:00,1,0.11,decrease,5.6,326113.0,2,5,24,1,0.0,0.0,0.05,98.31,4.25,6,6,1.0,0.25,0.0,0.46,low
latest_test,hist_gradient_boosting,2026-06-19,5,2026-06-19 12:00:00+00:00,2026-06-19 13:00:00+00:00,1,0.11,decrease,5.62,327838.7,1,6,24,2,0.0,5.4,0.0,92.9,4.29,6,6,1.0,0.0,0.13,0.38,low
latest_test,hist_gradient_boosting,2026-06-20,1,2026-06-20 10:00:00+00:00,2026-06-20 11:00:00+00:00,1,0.07,decrease,6.0,335500.6,3,2,24,9,0.11,0.01,0.71,118.61,5.89,5,6,0.83,1.0,0.05,0.75,high
latest_test,hist_gradient_boosting,2026-06-20,2,2026-06-20 08:00:00+00:00,2026-06-20 09:00:00+00:00,1,0.11,decrease,5.63,324200.6,6,1,24,10,0.15,4.14,0.56,114.48,6.04,4,6,0.67,0.75,0.0,0.57,medium
latest_test,hist_gradient_boosting,2026-06-20,3,2026-06-20 09:00:00+00:00,2026-06-20 10:00:00+00:00,1,0.11,decrease,6.03,337256.4,4,3,24,8,0.07,0.02,0.51,118.6,6.08,5,6,0.83,0.5,0.0,0.52,medium
latest_test,hist_gradient_boosting,2026-06-20,4,2026-06-20 11:00:00+00:00,2026-06-20 12:00:00+00:00,1,0.11,decrease,6.25,345046.2,2,5,24,2,0.07,0.0,0.62,118.62,5.98,6,6,1.0,0.25,0.03,0.47,low
latest_test,hist_gradient_boosting,2026-06-20,5,2026-06-20 12:00:00+00:00,2026-06-20 13:00:00+00:00,1,0.13,decrease,6.27,346271.4,1,7,24,3,0.07,0.01,0.54,118.61,6.05,6,6,1.0,0.0,0.13,0.38,low
latest_test,hist_gradient_boosting,2026-06-21,1,2026-06-21 08:00:00+00:00,2026-06-21 09:00:00+00:00,1,0.04,decrease,6.18,356577.2,1,3,24,8,0.11,1.37,0.53,106.02,6.5,4,6,0.67,1.0,0.0,0.68,medium
latest_test,hist_gradient_boosting,2026-06-21,2,2026-06-21 09:00:00+00:00,2026-06-21 10:00:00+00:00,1,0.04,decrease,6.09,341826.2,2,2,24,1,0.0,0.01,0.48,107.39,6.55,5,6,0.83,0.75,0.0,0.63,medium
latest_test,hist_gradient_boosting,2026-06-21,3,2026-06-21 10:00:00+00:00,2026-06-21 11:00:00+00:00,1,0.04,decrease,6.05,347008.9,3,1,24,4,0.02,0.0,0.69,107.4,6.35,5,6,0.83,0.5,0.12,0.54,medium
latest_test,hist_gradient_boosting,2026-06-21,4,2026-06-21 11:00:00+00:00,2026-06-21 12:00:00+00:00,1,0.15,decrease,6.28,352101.2,5,4,24,5,0.02,0.0,0.7,107.4,6.33,6,6,1.0,0.25,0.02,0.47,low
latest_test,hist_gradient_boosting,2026-06-21,5,2026-06-21 12:00:00+00:00,2026-06-21 13:00:00+00:00,1,0.17,decrease,6.38,357575.0,4,6,24,2,0.0,0.0,0.53,107.39,6.51,5,6,0.83,0.0,0.07,0.31,low
latest_test,hist_gradient_boosting,2026-06-22,1,2026-06-22 10:00:00+00:00,2026-06-22 11:00:00+00:00,1,0.04,increase,7.58,443956.8,3,1,24,1,0.0,7.16,0.0,54.84,7.31,6,6,1.0,1.0,0.0,0.8,high
latest_test,hist_gradient_boosting,2026-06-22,2,2026-06-22 11:00:00+00:00,2026-06-22 12:00:00+00:00,1,0.04,increase,8.26,486051.9,2,2,24,2,0.02,0.0,0.29,62.0,7.01,6,6,1.0,0.75,0.02,0.69,medium
latest_test,hist_gradient_boosting,2026-06-22,3,2026-06-22 12:00:00+00:00,2026-06-22 13:00:00+00:00,1,0.07,increase,8.51,504335.8,1,4,24,4,0.09,15.58,0.37,46.42,6.93,6,6,1.0,0.5,0.07,0.59,medium
latest_test,hist_gradient_boosting,2026-06-22,4,2026-06-22 09:00:00+00:00,2026-06-22 10:00:00+00:00,1,0.13,increase,8.45,489226.6,5,3,24,3,0.07,24.94,0.02,37.06,7.29,6,6,1.0,0.25,0.02,0.47,low
latest_test,hist_gradient_boosting,2026-06-22,5,2026-06-22 13:00:00+00:00,2026-06-22 14:00:00+00:00,1,0.15,increase,8.9,521080.2,4,5,24,5,0.15,31.7,0.99,30.3,6.32,6,6,1.0,0.0,0.07,0.36,low
latest_test,hist_gradient_boosting,2026-06-23,1,2026-06-23 11:00:00+00:00,2026-06-23 12:00:00+00:00,1,0.02,increase,10.74,642952.8,1,2,24,2,0.02,0.0,0.7,47.93,24.65,6,6,1.0,1.0,0.02,0.8,high
latest_test,hist_gradient_boosting,2026-06-23,2,2026-06-23 10:00:00+00:00,2026-06-23 11:00:00+00:00,1,0.04,increase,10.15,605196.1,3,1,24,1,0.0,1.71,0.0,46.22,25.35,6,6,1.0,0.75,0.02,0.69,medium
latest_test,hist_gradient_boosting,2026-06-23,3,2026-06-23 12:00:00+00:00,2026-06-23 13:00:00+00:00,1,0.07,increase,12.04,711484.7,2,3,24,4,0.11,12.56,3.13,35.37,22.22,6,6,1.0,0.5,0.07,0.59,medium
latest_test,hist_gradient_boosting,2026-06-23,4,2026-06-23 09:00:00+00:00,2026-06-23 10:00:00+00:00,1,0.13,increase,13.44,807193.7,4,4,24,3,0.04,7.34,0.22,40.6,25.13,6,6,1.0,0.25,0.05,0.47,low
latest_test,hist_gradient_boosting,2026-06-23,5,2026-06-23 13:00:00+00:00,2026-06-23 14:00:00+00:00,1,0.17,increase,14.12,838893.2,5,5,24,6,0.2,26.89,4.12,21.04,21.23,6,6,1.0,0.0,0.1,0.37,low
latest_test,hist_gradient_boosting,2026-06-24,1,2026-06-24 12:00:00+00:00,2026-06-24 13:00:00+00:00,1,0.02,increase,10.14,585961.8,1,2,24,2,0.0,4.15,0.0,36.52,34.74,6,6,1.0,1.0,0.1,0.82,high
latest_test,hist_gradient_boosting,2026-06-24,2,2026-06-24 10:00:00+00:00,2026-06-24 11:00:00+00:00,1,0.11,increase,11.9,701534.8,2,5,24,4,0.11,7.98,2.37,32.69,32.37,6,6,1.0,0.75,0.0,0.69,medium
latest_test,hist_gradient_boosting,2026-06-24,3,2026-06-24 11:00:00+00:00,2026-06-24 12:00:00+00:00,1,0.11,increase,11.3,660894.5,3,4,24,1,0.0,0.0,0.86,40.67,33.88,6,6,1.0,0.5,0.0,0.57,medium
latest_test,hist_gradient_boosting,2026-06-24,4,2026-06-24 13:00:00+00:00,2026-06-24 14:00:00+00:00,1,0.11,increase,9.33,543880.5,6,1,24,5,0.11,10.25,1.3,30.42,33.44,5,6,0.83,0.25,0.08,0.42,low
latest_test,hist_gradient_boosting,2026-06-24,5,2026-06-24 14:00:00+00:00,2026-06-24 15:00:00+00:00,1,0.17,increase,10.72,634454.6,7,3,24,6,0.2,16.88,4.51,23.79,30.23,4,6,0.67,0.0,0.02,0.24,low
latest_test,hist_gradient_boosting,2026-06-25,1,2026-06-25 11:00:00+00:00,2026-06-25 12:00:00+00:00,1,0.02,decrease,12.44,737671.9,2,1,24,2,0.0,0.0,0.25,65.36,27.88,6,6,1.0,1.0,0.03,0.81,high
latest_test,hist_gradient_boosting,2026-06-25,2,2026-06-25 12:00:00+00:00,2026-06-25 13:00:00+00:00,1,0.04,decrease,13.06,783152.1,1,3,24,3,0.0,5.27,0.23,60.09,27.91,6,6,1.0,0.75,0.03,0.69,medium
latest_test,hist_gradient_boosting,2026-06-25,3,2026-06-25 13:00:00+00:00,2026-06-25 14:00:00+00:00,1,0.07,decrease,13.04,801864.1,3,2,24,5,0.11,27.66,1.48,37.7,26.66,6,6,1.0,0.5,0.11,0.6,medium
latest_test,hist_gradient_boosting,2026-06-25,4,2026-06-25 10:00:00+00:00,2026-06-25 11:00:00+00:00,1,0.15,decrease,14.34,854888.7,5,4,24,1,0.0,7.18,0.0,58.18,28.13,6,6,1.0,0.25,0.05,0.47,low
latest_test,hist_gradient_boosting,2026-06-25,5,2026-06-25 14:00:00+00:00,2026-06-25 15:00:00+00:00,1,0.2,decrease,14.77,927215.3,6,5,24,6,0.2,40.52,3.4,24.84,24.73,5,6,0.83,0.0,0.03,0.3,low
latest_test,hist_gradient_boosting,2026-06-26,1,2026-06-26 11:00:00+00:00,2026-06-26 12:00:00+00:00,1,0.02,increase,6.48,378691.4,2,1,24,1,0.0,0.0,0.15,42.92,26.11,6,6,1.0,1.0,0.0,0.8,high
latest_test,hist_gradient_boosting,2026-06-26,2,2026-06-26 12:00:00+00:00,2026-06-26 13:00:00+00:00,1,0.02,increase,6.59,384948.1,1,2,24,3,0.04,6.36,0.73,36.56,25.53,6,6,1.0,0.75,0.07,0.7,medium
latest_test,hist_gradient_boosting,2026-06-26,3,2026-06-26 13:00:00+00:00,2026-06-26 14:00:00+00:00,1,0.09,decrease,7.4,437390.8,3,3,24,4,0.11,21.76,1.43,21.15,24.84,6,6,1.0,0.5,0.07,0.59,medium
latest_test,hist_gradient_boosting,2026-06-26,4,2026-06-26 10:00:00+00:00,2026-06-26 11:00:00+00:00,1,0.15,increase,9.05,530442.6,4,5,24,2,0.02,14.13,0.0,28.79,26.26,6,6,1.0,0.25,0.02,0.47,low
latest_test,hist_gradient_boosting,2026-06-26,5,2026-06-26 14:00:00+00:00,2026-06-26 15:00:00+00:00,1,0.17,decrease,8.09,482320.7,6,4,24,7,0.22,30.44,3.68,12.48,22.58,5,6,0.83,0.0,0.04,0.3,low
latest_test,hist_gradient_boosting,2026-06-27,1,2026-06-27 11:00:00+00:00,2026-06-27 12:00:00+00:00,1,0.04,decrease,6.55,385135.1,3,1,24,2,0.02,0.0,0.23,118.17,33.81,6,6,1.0,1.0,0.0,0.8,high
latest_test,hist_gradient_boosting,2026-06-27,2,2026-06-27 12:00:00+00:00,2026-06-27 13:00:00+00:00,1,0.04,decrease,6.67,389416.6,1,3,24,1,0.0,3.34,0.0,114.83,34.03,6,6,1.0,0.75,0.0,0.69,medium
latest_test,hist_gradient_boosting,2026-06-27,3,2026-06-27 13:00:00+00:00,2026-06-27 14:00:00+00:00,1,0.04,decrease,6.6,390393.0,2,2,24,3,0.04,12.72,0.09,105.45,33.94,6,6,1.0,0.5,0.12,0.6,medium
latest_test,hist_gradient_boosting,2026-06-27,4,2026-06-27 10:00:00+00:00,2026-06-27 11:00:00+00:00,1,0.15,decrease,6.82,400674.7,4,5,24,4,0.11,15.18,0.26,102.98,33.77,5,6,0.83,0.25,0.02,0.41,low
latest_test,hist_gradient_boosting,2026-06-27,5,2026-06-27 14:00:00+00:00,2026-06-27 15:00:00+00:00,1,0.17,decrease,6.71,395870.9,6,4,24,7,0.24,40.92,3.94,77.25,30.1,4,6,0.67,0.0,0.02,0.24,low
latest_test,hist_gradient_boosting,2026-06-28,1,2026-06-28 10:00:00+00:00,2026-06-28 11:00:00+00:00,1,0.04,decrease,7.04,374206.0,2,2,24,4,0.09,0.01,0.2,119.67,34.15,6,6,1.0,1.0,0.0,0.8,high
latest_test,hist_gradient_boosting,2026-06-28,2,2026-06-28 12:00:00+00:00,2026-06-28 13:00:00+00:00,1,0.04,decrease,7.27,390488.5,1,3,24,1,0.0,0.0,0.03,119.68,34.32,6,6,1.0,0.75,0.05,0.7,medium
latest_test,hist_gradient_boosting,2026-06-28,3,2026-06-28 09:00:00+00:00,2026-06-28 10:00:00+00:00,1,0.09,decrease,6.94,370743.7,5,1,24,5,0.13,0.32,0.42,119.36,33.93,5,6,0.83,0.5,0.05,0.53,medium
latest_test,hist_gradient_boosting,2026-06-28,4,2026-06-28 11:00:00+00:00,2026-06-28 12:00:00+00:00,1,0.13,decrease,7.3,387160.9,4,4,24,2,0.02,0.0,0.06,119.68,34.29,6,6,1.0,0.25,0.0,0.46,low
latest_test,hist_gradient_boosting,2026-06-28,5,2026-06-28 13:00:00+00:00,2026-06-28 14:00:00+00:00,1,0.13,decrease,7.32,394667.2,3,5,24,3,0.04,1.62,0.0,118.06,34.35,6,6,1.0,0.0,0.12,0.38,low
latest_test,hist_gradient_boosting,2026-06-29,1,2026-06-29 12:00:00+00:00,2026-06-29 13:00:00+00:00,1,0.02,increase,16.78,940822.2,1,2,24,2,0.0,4.36,0.0,25.98,13.23,6,6,1.0,1.0,0.02,0.8,high
latest_test,hist_gradient_boosting,2026-06-29,2,2026-06-29 13:00:00+00:00,2026-06-29 14:00:00+00:00,1,0.04,increase,16.22,918508.3,3,1,24,4,0.09,14.79,2.26,15.55,10.97,6,6,1.0,0.75,0.02,0.69,medium
latest_test,hist_gradient_boosting,2026-06-29,3,2026-06-29 11:00:00+00:00,2026-06-29 12:00:00+00:00,1,0.07,increase,18.43,1043498.8,2,3,24,1,0.0,0.0,0.75,30.34,12.48,6,6,1.0,0.5,0.09,0.59,medium
latest_test,hist_gradient_boosting,2026-06-29,4,2026-06-29 10:00:00+00:00,2026-06-29 11:00:00+00:00,1,0.15,increase,20.05,1150821.6,4,5,24,3,0.09,7.48,2.95,22.86,10.28,6,6,1.0,0.25,0.02,0.47,low
latest_test,hist_gradient_boosting,2026-06-29,5,2026-06-29 14:00:00+00:00,2026-06-29 15:00:00+00:00,1,0.17,increase,19.46,1116927.2,6,4,24,6,0.22,18.3,5.43,12.04,7.8,4,6,0.67,0.0,0.04,0.24,low
latest_test,hist_gradient_boosting,2026-06-30,1,2026-06-30 10:00:00+00:00,2026-06-30 11:00:00+00:00,1,0.07,decrease,17.52,1039373.4,3,2,24,3,0.04,23.12,0.59,23.39,24.33,6,6,1.0,1.0,0.0,0.8,high
latest_test,hist_gradient_boosting,2026-06-30,2,2026-06-30 12:00:00+00:00,2026-06-30 13:00:00+00:00,1,0.07,decrease,20.62,1239260.4,1,4,24,4,0.07,12.82,4.94,33.69,19.98,6,6,1.0,0.75,0.06,0.7,medium
latest_test,hist_gradient_boosting,2026-06-30,3,2026-06-30 09:00:00+00:00,2026-06-30 10:00:00+00:00,1,0.11,decrease,16.67,996117.2,6,1,24,2,0.04,23.41,0.35,23.1,24.57,6,6,1.0,0.5,0.0,0.57,medium
latest_test,hist_gradient_boosting,2026-06-30,4,2026-06-30 11:00:00+00:00,2026-06-30 12:00:00+00:00,1,0.11,increase,18.53,1102877.1,4,3,24,1,0.0,0.0,2.39,46.51,22.53,6,6,1.0,0.25,0.06,0.47,low
latest_test,hist_gradient_boosting,2026-06-30,5,2026-06-30 13:00:00+00:00,2026-06-30 14:00:00+00:00,1,0.15,decrease,23.83,1433065.5,2,7,24,5,0.07,20.04,4.92,26.47,20.01,6,6,1.0,0.0,0.06,0.36,low
latest_test,hist_gradient_boosting,2026-07-01,1,2026-07-01 10:00:00+00:00,2026-07-01 11:00:00+00:00,1,0.13,decrease,8.31,501851.7,6,2,24,7,0.17,78.82,3.8,21.24,7.38,6,6,1.0,1.0,0.08,0.82,high
latest_test,hist_gradient_boosting,2026-07-01,2,2026-07-01 03:00:00+00:00,2026-07-01 04:00:00+00:00,1,0.2,decrease,7.92,404427.8,10,1,24,5,0.13,87.38,1.02,12.67,10.15,4,6,0.67,0.75,0.0,0.57,medium
latest_test,hist_gradient_boosting,2026-07-01,3,2026-07-01 15:00:00+00:00,2026-07-01 16:00:00+00:00,1,0.2,decrease,12.68,788561.9,1,10,24,8,0.17,55.8,4.46,44.26,6.71,5,6,0.83,0.5,0.02,0.52,medium
latest_test,hist_gradient_boosting,2026-07-01,4,2026-07-01 09:00:00+00:00,2026-07-01 10:00:00+00:00,1,0.22,decrease,8.39,501942.3,9,3,24,3,0.07,84.58,0.41,15.47,10.76,6,6,1.0,0.25,0.0,0.46,low
latest_test,hist_gradient_boosting,2026-07-01,5,2026-07-01 11:00:00+00:00,2026-07-01 12:00:00+00:00,1,0.22,increase,11.77,723882.5,5,7,24,11,0.22,27.88,7.69,72.17,3.49,6,6,1.0,0.0,0.07,0.36,low
latest_test,hist_gradient_boosting,2026-07-02,1,2026-07-02 08:00:00+00:00,2026-07-02 09:00:00+00:00,1,0.13,decrease,6.34,388279.1,7,1,24,3,0.07,0.2,1.16,83.56,0.04,5,6,0.83,1.0,0.0,0.74,medium
latest_test,hist_gradient_boosting,2026-07-02,2,2026-07-02 09:00:00+00:00,2026-07-02 10:00:00+00:00,1,0.13,decrease,7.15,434175.2,5,3,24,14,0.2,0.0,2.52,83.76,-1.32,6,6,1.0,0.75,0.1,0.71,medium
latest_test,hist_gradient_boosting,2026-07-02,3,2026-07-02 07:00:00+00:00,2026-07-02 08:00:00+00:00,1,0.22,decrease,6.38,367411.4,10,2,24,1,0.0,15.01,0.31,68.75,0.89,5,6,0.83,0.5,0.05,0.53,medium
latest_test,hist_gradient_boosting,2026-07-02,4,2026-07-02 10:00:00+00:00,2026-07-02 11:00:00+00:00,1,0.26,decrease,8.25,493262.0,4,10,24,7,0.13,0.0,2.84,83.76,-1.64,4,6,0.67,0.25,0.0,0.35,low
latest_test,hist_gradient_boosting,2026-07-02,5,2026-07-02 11:00:00+00:00,2026-07-02 12:00:00+00:00,1,0.26,decrease,9.02,533607.9,1,13,24,11,0.17,0.0,2.9,83.76,-1.7,5,6,0.83,0.0,0.03,0.3,low
latest_test,hist_gradient_boosting,2026-07-03,1,2026-07-03 09:00:00+00:00,2026-07-03 10:00:00+00:00,1,0.04,decrease,7.6,445618.6,2,2,24,3,0.02,0.11,0.94,84.88,2.7,5,6,0.83,1.0,0.05,0.75,high
latest_test,hist_gradient_boosting,2026-07-03,2,2026-07-03 12:00:00+00:00,2026-07-03 13:00:00+00:00,1,0.09,decrease,9.62,552331.4,1,5,24,2,0.0,0.0,1.83,84.98,1.82,6,6,1.0,0.75,0.02,0.69,medium
latest_test,hist_gradient_boosting,2026-07-03,3,2026-07-03 11:00:00+00:00,2026-07-03 12:00:00+00:00,1,0.11,increase,9.53,550518.3,3,4,24,7,0.09,0.0,1.9,84.98,1.75,5,6,0.83,0.5,0.02,0.52,medium
latest_test,hist_gradient_boosting,2026-07-03,4,2026-07-03 10:00:00+00:00,2026-07-03 11:00:00+00:00,1,0.13,increase,8.7,517175.1,5,3,24,9,0.13,0.1,1.86,84.89,1.78,5,6,0.83,0.25,0.02,0.41,low
latest_test,hist_gradient_boosting,2026-07-03,5,2026-07-03 08:00:00+00:00,2026-07-03 09:00:00+00:00,1,0.15,increase,7.32,430415.4,8,1,24,1,0.0,1.35,0.0,83.64,3.64,4,6,0.67,0.0,0.02,0.24,low
latest_test,hist_gradient_boosting,2026-07-04,1,2026-07-04 08:00:00+00:00,2026-07-04 09:00:00+00:00,1,0.04,decrease,6.64,384384.9,3,1,24,5,0.07,8.62,1.22,83.13,1.91,6,6,1.0,1.0,0.12,0.82,high
latest_test,hist_gradient_boosting,2026-07-04,2,2026-07-04 09:00:00+00:00,2026-07-04 10:00:00+00:00,1,0.15,decrease,7.21,401617.0,4,5,24,17,0.17,7.98,2.52,83.77,0.61,6,6,1.0,0.75,0.1,0.71,medium
latest_test,hist_gradient_boosting,2026-07-04,3,2026-07-04 07:00:00+00:00,2026-07-04 08:00:00+00:00,1,0.24,decrease,6.99,378020.2,9,4,24,3,0.0,8.92,0.54,82.84,2.59,6,6,1.0,0.5,0.05,0.58,medium
latest_test,hist_gradient_boosting,2026-07-04,4,2026-07-04 12:00:00+00:00,2026-07-04 13:00:00+00:00,1,0.28,decrease,9.11,509494.8,1,14,24,12,0.13,0.0,2.67,91.76,0.46,5,6,0.83,0.25,0.05,0.41,low
latest_test,hist_gradient_boosting,2026-07-04,5,2026-07-04 10:00:00+00:00,2026-07-04 11:00:00+00:00,1,0.33,decrease,8.42,472339.2,6,11,24,20,0.24,6.08,3.31,85.68,-0.18,4,6,0.67,0.0,0.02,0.24,low
latest_test,hist_gradient_boosting,2026-07-05,1,2026-07-05 08:00:00+00:00,2026-07-05 09:00:00+00:00,1,0.04,decrease,7.12,378707.0,1,3,24,2,0.02,1.0,0.04,44.32,0.06,6,6,1.0,1.0,0.0,0.8,high
latest_test,hist_gradient_boosting,2026-07-05,2,2026-07-05 09:00:00+00:00,2026-07-05 10:00:00+00:00,1,0.04,decrease,6.78,377024.3,3,1,24,1,0.0,0.94,0.1,44.38,0.01,5,6,0.83,0.75,0.05,0.64,medium
latest_test,hist_gradient_boosting,2026-07-05,3,2026-07-05 10:00:00+00:00,2026-07-05 11:00:00+00:00,1,0.09,decrease,6.94,389493.8,4,2,24,7,0.17,0.94,0.5,44.38,-0.39,5,6,0.83,0.5,0.02,0.52,medium
latest_test,hist_gradient_boosting,2026-07-05,4,2026-07-05 07:00:00+00:00,2026-07-05 08:00:00+00:00,1,0.11,decrease,7.36,379520.4,2,5,24,4,0.15,1.03,0.36,44.29,-0.26,5,6,0.83,0.25,0.16,0.44,low
latest_test,hist_gradient_boosting,2026-07-05,5,2026-07-05 14:00:00+00:00,2026-07-05 15:00:00+00:00,1,0.26,decrease,7.45,419218.7,8,6,24,3,0.09,0.93,0.46,44.4,-0.36,2,6,0.33,0.0,0.05,0.13,low
latest_test,hist_gradient_boosting,2026-07-06,1,2026-07-06 11:00:00+00:00,2026-07-06 12:00:00+00:00,1,0.02,increase,6.67,389749.0,1,2,24,2,0.02,11.72,0.27,84.28,1.58,5,6,0.83,1.0,0.09,0.76,high
latest_test,hist_gradient_boosting,2026-07-06,2,2026-07-06 12:00:00+00:00,2026-07-06 13:00:00+00:00,1,0.11,increase,6.87,404287.4,2,5,24,4,0.04,7.4,0.41,88.59,1.43,5,6,0.83,0.75,0.05,0.64,medium
latest_test,hist_gradient_boosting,2026-07-06,3,2026-07-06 08:00:00+00:00,2026-07-06 09:00:00+00:00,1,0.15,increase,6.65,401172.7,8,1,24,6,0.11,50.58,0.41,45.41,1.44,2,6,0.33,0.5,0.0,0.34,low
latest_test,hist_gradient_boosting,2026-07-06,4,2026-07-06 10:00:00+00:00,2026-07-06 11:00:00+00:00,1,0.15,increase,6.73,392198.2,6,3,24,1,0.0,13.83,0.0,82.17,1.85,5,6,0.83,0.25,0.02,0.41,low
latest_test,hist_gradient_boosting,2026-07-06,5,2026-07-06 13:00:00+00:00,2026-07-06 14:00:00+00:00,1,0.17,increase,7.15,423720.4,4,6,24,5,0.04,0.0,1.04,96.0,0.81,5,6,0.83,0.0,0.02,0.3,low
latest_test,hist_gradient_boosting,2026-07-07,1,2026-07-07 12:00:00+00:00,2026-07-07 13:00:00+00:00,1,0.07,decrease,6.06,353109.2,3,2,24,3,0.04,0.01,0.0,104.21,2.57,6,6,1.0,1.0,0.0,0.8,high
latest_test,hist_gradient_boosting,2026-07-07,2,2026-07-07 13:00:00+00:00,2026-07-07 14:00:00+00:00,1,0.07,increase,5.97,358974.5,4,1,24,1,0.0,0.0,0.13,104.21,2.44,6,6,1.0,0.75,0.02,0.69,medium
latest_test,hist_gradient_boosting,2026-07-07,3,2026-07-07 11:00:00+00:00,2026-07-07 12:00:00+00:00,1,0.09,decrease,6.16,357144.3,2,4,24,2,0.02,0.0,0.27,104.21,2.3,6,6,1.0,0.5,0.02,0.58,medium
latest_test,hist_gradient_boosting,2026-07-07,4,2026-07-07 10:00:00+00:00,2026-07-07 11:00:00+00:00,1,0.11,decrease,6.34,363090.6,1,6,24,4,0.07,0.01,0.25,104.21,2.31,6,6,1.0,0.25,0.05,0.47,low
latest_test,hist_gradient_boosting,2026-07-07,5,2026-07-07 14:00:00+00:00,2026-07-07 15:00:00+00:00,1,0.15,increase,6.06,364344.0,6,3,24,5,0.07,0.0,0.63,104.22,1.94,5,6,0.83,0.0,0.07,0.31,low
latest_test,hist_gradient_boosting,2026-07-08,1,2026-07-08 11:00:00+00:00,2026-07-08 12:00:00+00:00,1,0.07,increase,6.03,346150.2,3,2,24,1,0.0,0.0,0.0,115.23,9.11,6,6,1.0,1.0,0.0,0.8,high
latest_test,hist_gradient_boosting,2026-07-08,2,2026-07-08 12:00:00+00:00,2026-07-08 13:00:00+00:00,1,0.07,increase,6.06,348353.7,1,4,24,2,0.07,1.97,0.03,113.26,9.08,6,6,1.0,0.75,0.0,0.69,medium
latest_test,hist_gradient_boosting,2026-07-08,3,2026-07-08 13:00:00+00:00,2026-07-08 14:00:00+00:00,1,0.07,increase,6.04,348569.1,2,3,24,4,0.11,5.94,0.07,109.29,9.04,6,6,1.0,0.5,0.05,0.58,medium
latest_test,hist_gradient_boosting,2026-07-08,4,2026-07-08 10:00:00+00:00,2026-07-08 11:00:00+00:00,1,0.11,increase,5.98,341325.6,6,1,24,3,0.11,19.19,0.01,96.04,9.1,6,6,1.0,0.25,0.05,0.47,low
latest_test,hist_gradient_boosting,2026-07-08,5,2026-07-08 14:00:00+00:00,2026-07-08 15:00:00+00:00,1,0.15,increase,6.16,356784.5,4,5,24,6,0.2,12.25,0.75,102.98,8.36,6,6,1.0,0.0,0.05,0.36,low
latest_test,hist_gradient_boosting,2026-07-09,1,2026-07-09 11:00:00+00:00,2026-07-09 12:00:00+00:00,1,0.02,increase,6.16,358127.6,2,1,24,2,0.0,0.0,0.2,102.85,23.43,6,6,1.0,1.0,0.05,0.81,high
latest_test,hist_gradient_boosting,2026-07-09,2,2026-07-09 12:00:00+00:00,2026-07-09 13:00:00+00:00,1,0.07,increase,6.58,382478.9,1,4,24,3,0.0,7.57,0.06,95.28,23.56,6,6,1.0,0.75,0.0,0.69,medium
latest_test,hist_gradient_boosting,2026-07-09,3,2026-07-09 13:00:00+00:00,2026-07-09 14:00:00+00:00,1,0.07,increase,6.4,375410.9,3,2,24,4,0.0,7.16,0.08,95.68,23.54,6,6,1.0,0.5,0.05,0.58,medium
latest_test,hist_gradient_boosting,2026-07-09,4,2026-07-09 14:00:00+00:00,2026-07-09 15:00:00+00:00,1,0.11,increase,6.57,389592.9,4,3,24,6,0.13,31.56,0.64,71.29,22.98,5,6,0.83,0.25,0.09,0.42,low
latest_test,hist_gradient_boosting,2026-07-09,5,2026-07-09 10:00:00+00:00,2026-07-09 11:00:00+00:00,1,0.2,increase,7.75,441433.8,5,6,24,1,0.0,13.18,0.0,89.67,23.62,6,6,1.0,0.0,0.02,0.35,low
latest_test,hist_gradient_boosting,2026-07-10,1,2026-07-10 11:00:00+00:00,2026-07-10 12:00:00+00:00,1,0.04,increase,6.03,351331.0,3,1,24,2,0.02,0.0,0.13,99.72,27.38,6,6,1.0,1.0,0.0,0.8,high
latest_test,hist_gradient_boosting,2026-07-10,2,2026-07-10 12:00:00+00:00,2026-07-10 13:00:00+00:00,1,0.04,decrease,6.16,361149.9,1,3,24,1,0.0,3.59,0.0,96.14,27.51,6,6,1.0,0.75,0.0,0.69,medium
latest_test,hist_gradient_boosting,2026-07-10,3,2026-07-10 13:00:00+00:00,2026-07-10 14:00:00+00:00,1,0.04,increase,6.13,362915.2,2,2,24,4,0.11,24.74,0.25,74.99,27.26,6,6,1.0,0.5,0.12,0.6,medium
latest_test,hist_gradient_boosting,2026-07-10,4,2026-07-10 10:00:00+00:00,2026-07-10 11:00:00+00:00,1,0.15,increase,6.66,382655.0,4,5,24,3,0.04,20.44,0.03,79.29,27.48,6,6,1.0,0.25,0.0,0.46,low
latest_test,hist_gradient_boosting,2026-07-10,5,2026-07-10 14:00:00+00:00,2026-07-10 15:00:00+00:00,1,0.15,increase,6.48,386036.9,5,4,24,6,0.17,51.32,0.52,48.4,27.0,5,6,0.83,0.0,0.1,0.31,low
latest_test,hist_gradient_boosting,2026-07-11,1,2026-07-11 10:00:00+00:00,2026-07-11 11:00:00+00:00,1,0.11,decrease,5.74,332239.4,4,3,24,1,0.0,0.01,0.98,135.0,24.81,6,6,1.0,1.0,0.0,0.8,high
latest_test,hist_gradient_boosting,2026-07-11,2,2026-07-11 11:00:00+00:00,2026-07-11 12:00:00+00:00,1,0.11,decrease,6.04,351198.2,2,5,24,3,0.02,0.0,1.58,135.01,24.21,6,6,1.0,0.75,0.0,0.69,medium
latest_test,hist_gradient_boosting,2026-07-11,3,2026-07-11 12:00:00+00:00,2026-07-11 13:00:00+00:00,1,0.11,decrease,6.29,353773.9,1,6,24,4,0.02,0.0,1.06,135.01,24.73,6,6,1.0,0.5,0.0,0.57,medium
latest_test,hist_gradient_boosting,2026-07-11,4,2026-07-11 13:00:00+00:00,2026-07-11 14:00:00+00:00,1,0.11,decrease,6.04,341417.7,3,4,24,2,0.0,0.01,0.11,135.0,25.68,6,6,1.0,0.25,0.0,0.46,low
latest_test,hist_gradient_boosting,2026-07-11,5,2026-07-11 14:00:00+00:00,2026-07-11 15:00:00+00:00,1,0.11,decrease,5.34,315919.3,6,1,24,5,0.02,7.31,0.0,127.7,25.78,5,6,0.83,0.0,0.05,0.3,low
latest_test,hist_gradient_boosting,2026-07-12,1,2026-07-12 09:00:00+00:00,2026-07-12 10:00:00+00:00,1,0.04,decrease,5.84,334235.2,3,1,24,6,0.13,0.55,0.86,126.13,22.21,5,6,0.83,1.0,0.0,0.74,medium
latest_test,hist_gradient_boosting,2026-07-12,2,2026-07-12 12:00:00+00:00,2026-07-12 13:00:00+00:00,1,0.04,decrease,6.33,350580.6,1,3,24,3,0.09,0.04,0.86,126.65,22.21,6,6,1.0,0.75,0.05,0.7,medium
latest_test,hist_gradient_boosting,2026-07-12,3,2026-07-12 10:00:00+00:00,2026-07-12 11:00:00+00:00,1,0.09,decrease,6.17,341972.7,4,2,24,2,0.09,0.21,0.75,126.48,22.32,6,6,1.0,0.5,0.0,0.57,medium
latest_test,hist_gradient_boosting,2026-07-12,4,2026-07-12 11:00:00+00:00,2026-07-12 12:00:00+00:00,1,0.09,decrease,6.59,362229.0,2,4,24,1,0.0,0.0,0.69,126.68,22.37,6,6,1.0,0.25,0.1,0.48,low
latest_test,hist_gradient_boosting,2026-07-12,5,2026-07-12 13:00:00+00:00,2026-07-12 14:00:00+00:00,1,0.17,decrease,6.59,365247.6,5,5,24,7,0.13,0.11,1.02,126.57,22.05,6,6,1.0,0.0,0.05,0.36,low
latest_test,hist_gradient_boosting,2026-07-13,1,2026-07-13 12:00:00+00:00,2026-07-13 13:00:00+00:00,1,0.0,increase,5.62,361296.1,1,1,24,3,0.07,11.97,0.18,49.88,11.05,6,6,1.0,1.0,0.07,0.81,high
latest_test,hist_gradient_boosting,2026-07-13,2,2026-07-13 11:00:00+00:00,2026-07-13 12:00:00+00:00,1,0.07,increase,5.78,369226.8,2,3,24,1,0.0,0.0,0.0,61.85,11.22,6,6,1.0,0.75,0.02,0.69,medium
latest_test,hist_gradient_boosting,2026-07-13,3,2026-07-13 10:00:00+00:00,2026-07-13 11:00:00+00:00,1,0.09,increase,5.77,364167.9,4,2,24,2,0.07,10.4,0.28,51.46,10.94,6,6,1.0,0.5,0.04,0.58,medium
latest_test,hist_gradient_boosting,2026-07-13,4,2026-07-13 13:00:00+00:00,2026-07-13 14:00:00+00:00,1,0.13,increase,5.9,376166.6,3,5,24,5,0.17,18.59,1.2,43.26,10.02,5,6,0.83,0.25,0.04,0.41,low
latest_test,hist_gradient_boosting,2026-07-13,5,2026-07-13 09:00:00+00:00,2026-07-13 10:00:00+00:00,1,0.17,increase,5.82,370712.2,6,4,24,4,0.15,23.71,0.37,38.14,10.85,4,6,0.67,0.0,0.02,0.24,low
latest_test,hist_gradient_boosting,2026-07-14,1,2026-07-14 13:00:00+00:00,2026-07-14 14:00:00+00:00,1,0.02,decrease,6.59,386936.8,2,1,24,1,0.0,0.0,0.0,65.44,30.32,6,6,1.0,1.0,0.04,0.81,high
latest_test,hist_gradient_boosting,2026-07-14,2,2026-07-14 12:00:00+00:00,2026-07-14 13:00:00+00:00,1,0.07,decrease,8.06,477079.6,1,4,24,2,0.04,4.18,0.24,61.25,30.08,6,6,1.0,0.75,0.02,0.69,medium
latest_test,hist_gradient_boosting,2026-07-14,3,2026-07-14 14:00:00+00:00,2026-07-14 15:00:00+00:00,1,0.09,decrease,6.61,384049.6,4,2,24,4,0.13,17.43,0.38,48.0,29.94,5,6,0.83,0.5,0.04,0.53,medium
latest_test,hist_gradient_boosting,2026-07-14,4,2026-07-14 11:00:00+00:00,2026-07-14 12:00:00+00:00,1,0.13,increase,8.24,487023.7,3,5,24,3,0.11,4.34,2.13,61.1,28.19,6,6,1.0,0.25,0.04,0.47,low
latest_test,hist_gradient_boosting,2026-07-14,5,2026-07-14 15:00:00+00:00,2026-07-14 16:00:00+00:00,1,0.17,decrease,7.28,420817.3,7,3,24,8,0.3,50.06,8.39,15.38,21.93,5,6,0.83,0.0,0.02,0.3,low
latest_test,hist_gradient_boosting,2026-07-15,1,2026-07-15 12:00:00+00:00,2026-07-15 13:00:00+00:00,1,0.04,increase,6.98,412626.2,1,3,24,2,0.0,6.59,0.0,39.77,25.28,6,6,1.0,1.0,0.0,0.8,high
latest_test,hist_gradient_boosting,2026-07-15,2,2026-07-15 13:00:00+00:00,2026-07-15 14:00:00+00:00,1,0.04,increase,6.08,359894.1,3,1,24,3,0.04,8.07,0.38,38.3,24.91,6,6,1.0,0.75,0.07,0.7,medium
latest_test,hist_gradient_boosting,2026-07-15,3,2026-07-15 11:00:00+00:00,2026-07-15 12:00:00+00:00,1,0.11,increase,9.77,583615.6,2,5,24,1,0.0,0.0,1.05,46.37,24.23,6,6,1.0,0.5,0.0,0.57,medium
latest_test,hist_gradient_boosting,2026-07-15,4,2026-07-15 14:00:00+00:00,2026-07-15 15:00:00+00:00,1,0.11,increase,6.65,397511.9,5,2,24,5,0.13,16.73,1.82,29.63,23.47,6,6,1.0,0.25,0.09,0.48,low
latest_test,hist_gradient_boosting,2026-07-15,5,2026-07-15 10:00:00+00:00,2026-07-15 11:00:00+00:00,1,0.2,increase,15.72,955882.1,4,7,24,4,0.07,5.97,4.59,40.4,20.7,6,6,1.0,0.0,0.0,0.35,low
latest_test,hist_gradient_boosting,2026-07-16,1,2026-07-16 10:00:00+00:00,2026-07-16 11:00:00+00:00,1,0.04,increase,9.34,544261.0,3,1,24,2,0.04,4.1,0.2,53.18,26.27,6,6,1.0,1.0,0.0,0.8,high
latest_test,hist_gradient_boosting,2026-07-16,2,2026-07-16 11:00:00+00:00,2026-07-16 12:00:00+00:00,1,0.04,increase,9.44,548068.1,2,2,24,1,0.0,0.0,0.0,57.27,26.46,6,6,1.0,0.75,0.0,0.69,medium
latest_test,hist_gradient_boosting,2026-07-16,3,2026-07-16 12:00:00+00:00,2026-07-16 13:00:00+00:00,1,0.04,decrease,9.53,549588.9,1,3,24,3,0.09,5.84,0.82,51.44,25.65,6,6,1.0,0.5,0.11,0.6,medium
latest_test,hist_gradient_boosting,2026-07-16,4,2026-07-16 13:00:00+00:00,2026-07-16 14:00:00+00:00,1,0.13,increase,10.18,592333.1,4,4,24,5,0.17,15.02,1.41,42.26,25.05,6,6,1.0,0.25,0.08,0.48,low
latest_test,hist_gradient_boosting,2026-07-16,5,2026-07-16 14:00:00+00:00,2026-07-16 15:00:00+00:00,1,0.2,increase,10.96,645659.0,6,5,24,6,0.24,25.2,4.48,32.08,21.99,4,6,0.67,0.0,0.03,0.24,low
latest_test,hist_gradient_boosting,2026-07-17,1,2026-07-17 12:00:00+00:00,2026-07-17 13:00:00+00:00,1,0.0,decrease,6.94,409359.9,1,1,24,3,0.09,0.35,0.58,53.43,27.83,6,6,1.0,1.0,0.1,0.82,high
latest_test,hist_gradient_boosting,2026-07-17,2,2026-07-17 10:00:00+00:00,2026-07-17 11:00:00+00:00,1,0.09,increase,6.96,405415.7,4,2,24,2,0.07,6.36,0.15,47.42,28.26,6,6,1.0,0.75,0.0,0.69,medium
latest_test,hist_gradient_boosting,2026-07-17,3,2026-07-17 11:00:00+00:00,2026-07-17 12:00:00+00:00,1,0.09,increase,7.14,419373.2,3,3,24,1,0.0,0.0,0.0,53.77,28.41,6,6,1.0,0.5,0.0,0.57,medium
latest_test,hist_gradient_boosting,2026-07-17,4,2026-07-17 13:00:00+00:00,2026-07-17 14:00:00+00:00,1,0.09,decrease,7.53,440813.6,2,4,24,5,0.15,10.29,1.51,43.49,26.9,6,6,1.0,0.25,0.1,0.48,low
latest_test,hist_gradient_boosting,2026-07-17,5,2026-07-17 14:00:00+00:00,2026-07-17 15:00:00+00:00,1,0.17,decrease,8.34,493058.8,5,5,24,6,0.2,16.86,1.92,36.92,26.49,5,6,0.83,0.0,0.07,0.31,low
latest_test,hist_gradient_boosting,2026-07-18,1,2026-07-18 10:00:00+00:00,2026-07-18 11:00:00+00:00,1,0.07,decrease,6.61,368642.5,3,2,24,1,0.0,0.46,0.0,141.55,19.47,6,6,1.0,1.0,0.02,0.8,high
latest_test,hist_gradient_boosting,2026-07-18,2,2026-07-18 09:00:00+00:00,2026-07-18 10:00:00+00:00,1,0.09,decrease,6.42,357395.9,5,1,24,2,0.07,1.36,0.04,140.65,19.43,6,6,1.0,0.75,0.0,0.69,medium
latest_test,hist_gradient_boosting,2026-07-18,3,2026-07-18 11:00:00+00:00,2026-07-18 12:00:00+00:00,1,0.09,decrease,6.81,387511.8,2,4,24,4,0.11,0.0,0.94,142.0,18.53,6,6,1.0,0.5,0.05,0.58,medium
latest_test,hist_gradient_boosting,2026-07-18,4,2026-07-18 12:00:00+00:00,2026-07-18 13:00:00+00:00,1,0.13,decrease,7.69,431342.7,1,7,24,5,0.11,0.0,1.08,142.01,18.39,6,6,1.0,0.25,0.05,0.47,low
latest_test,hist_gradient_boosting,2026-07-18,5,2026-07-18 08:00:00+00:00,2026-07-18 09:00:00+00:00,1,0.17,decrease,6.79,388116.5,7,3,24,7,0.13,10.52,0.09,131.5,19.38,2,6,0.33,0.0,0.0,0.12,low
latest_test,hist_gradient_boosting,2026-07-19,1,2026-07-19 09:00:00+00:00,2026-07-19 10:00:00+00:00,1,0.02,decrease,6.73,384115.5,2,1,24,2,0.0,3.44,0.72,121.73,0.12,6,6,1.0,1.0,0.02,0.8,high
latest_test,hist_gradient_boosting,2026-07-19,2,2026-07-19 08:00:00+00:00,2026-07-19 09:00:00+00:00,1,0.04,decrease,6.97,388454.0,1,3,24,1,0.0,3.46,0.68,121.72,0.16,5,6,0.83,0.75,0.05,0.64,medium
latest_test,hist_gradient_boosting,2026-07-19,3,2026-07-19 10:00:00+00:00,2026-07-19 11:00:00+00:00,1,0.09,decrease,6.77,386894.2,4,2,24,5,0.2,3.38,1.4,121.8,-0.56,6,6,1.0,0.5,0.09,0.59,medium
latest_test,hist_gradient_boosting,2026-07-19,4,2026-07-19 11:00:00+00:00,2026-07-19 12:00:00+00:00,1,0.17,increase,7.56,428314.9,5,5,24,6,0.2,1.59,1.89,123.58,-1.06,6,6,1.0,0.25,0.02,0.47,low
latest_test,hist_gradient_boosting,2026-07-19,5,2026-07-19 07:00:00+00:00,2026-07-19 08:00:00+00:00,1,0.2,decrease,7.36,395678.1,7,4,24,3,0.09,3.47,0.75,121.7,0.09,1,6,0.17,0.0,0.02,0.06,low
latest_test,hist_gradient_boosting,2026-07-20,1,2026-07-20 10:00:00+00:00,2026-07-20 11:00:00+00:00,1,0.07,increase,5.97,366625.6,4,1,24,1,0.0,0.0,0.67,121.93,0.59,6,6,1.0,1.0,0.0,0.8,high
latest_test,hist_gradient_boosting,2026-07-20,2,2026-07-20 11:00:00+00:00,2026-07-20 12:00:00+00:00,1,0.07,decrease,6.53,390782.6,1,4,24,4,0.09,7.68,0.39,114.25,0.87,5,6,0.83,0.75,0.07,0.64,medium
latest_test,hist_gradient_boosting,2026-07-20,3,2026-07-20 12:00:00+00:00,2026-07-20 13:00:00+00:00,1,0.13,increase,6.44,394223.0,5,3,24,3,0.04,0.0,0.89,121.92,0.37,5,6,0.83,0.5,0.0,0.52,medium
latest_test,hist_gradient_boosting,2026-07-20,4,2026-07-20 13:00:00+00:00,2026-07-20 14:00:00+00:00,1,0.13,decrease,6.87,421545.3,2,6,24,5,0.11,0.41,1.06,121.52,0.2,5,6,0.83,0.25,0.05,0.41,low
latest_test,hist_gradient_boosting,2026-07-20,5,2026-07-20 08:00:00+00:00,2026-07-20 09:00:00+00:00,1,0.17,increase,6.41,408237.2,8,2,24,6,0.17,53.12,1.0,68.81,0.27,2,6,0.33,0.0,0.05,0.13,low
latest_test,hist_gradient_boosting,2026-07-21,1,2026-07-21 10:00:00+00:00,2026-07-21 11:00:00+00:00,1,0.02,decrease,7.19,434527.1,2,1,24,2,0.04,0.14,0.67,144.99,7.79,6,6,1.0,1.0,0.05,0.81,high
latest_test,hist_gradient_boosting,2026-07-21,2,2026-07-21 12:00:00+00:00,2026-07-21 13:00:00+00:00,1,0.07,decrease,8.87,538334.3,1,4,24,3,0.04,0.0,1.23,145.12,7.23,6,6,1.0,0.75,0.02,0.69,medium
latest_test,hist_gradient_boosting,2026-07-21,3,2026-07-21 11:00:00+00:00,2026-07-21 12:00:00+00:00,1,0.09,decrease,8.62,520074.5,3,3,24,1,0.0,0.0,0.98,145.12,7.48,6,6,1.0,0.5,0.07,0.59,medium
latest_test,hist_gradient_boosting,2026-07-21,4,2026-07-21 09:00:00+00:00,2026-07-21 10:00:00+00:00,1,0.15,increase,8.26,496908.3,7,2,24,4,0.07,1.14,0.0,143.98,8.46,6,6,1.0,0.25,0.0,0.46,low
latest_test,hist_gradient_boosting,2026-07-21,5,2026-07-21 13:00:00+00:00,2026-07-21 14:00:00+00:00,1,0.15,increase,9.22,560717.4,4,5,24,6,0.13,0.68,1.29,144.44,7.17,6,6,1.0,0.0,0.05,0.36,low
latest_test,hist_gradient_boosting,2026-07-22,1,2026-07-22 11:00:00+00:00,2026-07-22 12:00:00+00:00,1,0.04,increase,9.28,541393.7,2,2,24,1,0.0,0.0,0.05,145.76,12.38,6,6,1.0,1.0,0.0,0.8,high
latest_test,hist_gradient_boosting,2026-07-22,2,2026-07-22 12:00:00+00:00,2026-07-22 13:00:00+00:00,1,0.04,decrease,9.55,561681.6,1,3,24,3,0.02,0.01,0.01,145.75,12.41,6,6,1.0,0.75,0.05,0.7,medium
latest_test,hist_gradient_boosting,2026-07-22,3,2026-07-22 10:00:00+00:00,2026-07-22 11:00:00+00:00,1,0.09,increase,9.26,543220.9,5,1,24,2,0.02,5.18,0.0,140.57,12.42,5,6,0.83,0.5,0.05,0.53,medium
latest_test,hist_gradient_boosting,2026-07-22,4,2026-07-22 13:00:00+00:00,2026-07-22 14:00:00+00:00,1,0.13,increase,9.59,564095.2,4,4,24,4,0.04,0.0,0.15,145.76,12.27,5,6,0.83,0.25,0.02,0.41,low
latest_test,hist_gradient_boosting,2026-07-22,5,2026-07-22 14:00:00+00:00,2026-07-22 15:00:00+00:00,1,0.15,increase,9.88,589365.7,3,6,24,6,0.15,5.24,1.79,140.52,10.63,5,6,0.83,0.0,0.07,0.31,low
latest_test,hist_gradient_boosting,2026-07-23,1,2026-07-23 11:00:00+00:00,2026-07-23 12:00:00+00:00,1,0.04,increase,6.77,397194.6,2,2,24,1,0.0,0.0,0.39,137.31,1.69,6,6,1.0,1.0,0.0,0.8,high
latest_test,hist_gradient_boosting,2026-07-23,2,2026-07-23 12:00:00+00:00,2026-07-23 13:00:00+00:00,1,0.04,decrease,6.81,400760.7,1,3,24,2,0.02,5.38,0.36,131.93,1.72,6,6,1.0,0.75,0.02,0.69,medium
latest_test,hist_gradient_boosting,2026-07-23,3,2026-07-23 10:00:00+00:00,2026-07-23 11:00:00+00:00,1,0.07,increase,6.34,370906.8,4,1,24,5,0.09,8.92,0.42,128.39,1.66,6,6,1.0,0.5,0.05,0.58,medium
latest_test,hist_gradient_boosting,2026-07-23,4,2026-07-23 13:00:00+00:00,2026-07-23 14:00:00+00:00,1,0.11,increase,6.85,407441.1,3,4,24,4,0.07,2.62,0.5,134.69,1.58,6,6,1.0,0.25,0.07,0.48,low
latest_test,hist_gradient_boosting,2026-07-23,5,2026-07-23 14:00:00+00:00,2026-07-23 15:00:00+00:00,1,0.17,increase,6.94,414863.7,5,5,24,6,0.15,12.84,0.65,124.48,1.43,5,6,0.83,0.0,0.05,0.3,low
latest_test,hist_gradient_boosting,2026-07-24,1,2026-07-24 12:00:00+00:00,2026-07-24 13:00:00+00:00,1,0.04,decrease,6.26,364678.7,1,3,24,2,0.04,0.26,0.07,130.89,10.83,6,6,1.0,1.0,0.05,0.81,high
latest_test,hist_gradient_boosting,2026-07-24,2,2026-07-24 10:00:00+00:00,2026-07-24 11:00:00+00:00,1,0.09,increase,6.16,358364.0,4,2,24,3,0.13,1.48,0.13,129.66,10.77,6,6,1.0,0.75,0.0,0.69,medium
latest_test,hist_gradient_boosting,2026-07-24,3,2026-07-24 11:00:00+00:00,2026-07-24 12:00:00+00:00,1,0.09,increase,6.44,374043.0,2,4,24,1,0.0,0.0,0.0,131.14,10.9,6,6,1.0,0.5,0.05,0.58,medium
latest_test,hist_gradient_boosting,2026-07-24,4,2026-07-24 09:00:00+00:00,2026-07-24 10:00:00+00:00,1,0.13,increase,6.06,348157.3,7,1,24,6,0.22,12.41,0.26,118.74,10.63,5,6,0.83,0.25,0.0,0.4,low
latest_test,hist_gradient_boosting,2026-07-24,5,2026-07-24 13:00:00+00:00,2026-07-24 14:00:00+00:00,1,0.13,increase,6.55,381750.5,3,5,24,4,0.13,0.29,0.21,130.86,10.69,6,6,1.0,0.0,0.07,0.36,low
latest_test,hist_gradient_boosting,2026-07-25,1,2026-07-25 09:00:00+00:00,2026-07-25 10:00:00+00:00,1,0.09,decrease,7.63,385511.6,4,2,24,12,0.2,7.14,3.5,147.77,10.91,4,6,0.67,1.0,0.03,0.69,medium
latest_test,hist_gradient_boosting,2026-07-25,2,2026-07-25 10:00:00+00:00,2026-07-25 11:00:00+00:00,1,0.11,decrease,7.97,398632.9,3,4,24,4,0.09,3.79,3.38,151.12,11.03,6,6,1.0,0.75,0.03,0.69,medium
latest_test,hist_gradient_boosting,2026-07-25,3,2026-07-25 08:00:00+00:00,2026-07-25 09:00:00+00:00,1,0.13,decrease,7.24,375950.2,7,1,24,8,0.11,9.63,3.25,145.28,11.16,5,6,0.83,0.5,0.0,0.52,medium
latest_test,hist_gradient_boosting,2026-07-25,4,2026-07-25 12:00:00+00:00,2026-07-25 13:00:00+00:00,1,0.13,decrease,8.12,423115.9,2,6,24,6,0.09,6.8,3.37,148.11,11.04,5,6,0.83,0.25,0.03,0.41,low
latest_test,hist_gradient_boosting,2026-07-25,5,2026-07-25 11:00:00+00:00,2026-07-25 12:00:00+00:00,1,0.15,decrease,8.23,422629.6,1,8,24,5,0.09,0.0,3.44,154.91,10.97,6,6,1.0,0.0,0.11,0.37,low
latest_test,hist_gradient_boosting,2026-07-26,1,2026-07-26 11:00:00+00:00,2026-07-26 12:00:00+00:00,1,0.2,increase,6.61,394931.0,4,7,24,16,0.2,0.61,1.05,96.46,-1.03,6,6,1.0,1.0,0.03,0.81,high
latest_test,hist_gradient_boosting,2026-07-26,2,2026-07-26 07:00:00+00:00,2026-07-26 08:00:00+00:00,1,0.22,decrease,6.55,359621.0,8,4,24,21,0.37,0.82,1.36,96.25,-1.33,3,6,0.5,0.75,0.03,0.52,medium
latest_test,hist_gradient_boosting,2026-07-26,3,2026-07-26 10:00:00+00:00,2026-07-26 11:00:00+00:00,1,0.24,increase,6.93,391070.0,3,10,24,9,0.13,0.76,0.72,96.31,-0.69,6,6,1.0,0.5,0.13,0.6,medium
latest_test,hist_gradient_boosting,2026-07-26,4,2026-07-26 05:00:00+00:00,2026-07-26 06:00:00+00:00,1,0.33,decrease,6.39,324227.1,14,3,24,15,0.2,18.89,0.6,78.18,-0.57,3,6,0.5,0.25,0.0,0.29,low
latest_test,hist_gradient_boosting,2026-07-26,5,2026-07-26 08:00:00+00:00,2026-07-26 09:00:00+00:00,1,0.33,decrease,7.18,391035.1,2,15,24,19,0.28,0.74,1.34,96.32,-1.32,2,6,0.33,0.0,0.0,0.12,low
latest_test,hist_gradient_boosting,2026-07-27,1,2026-07-27 12:00:00+00:00,2026-07-27 13:00:00+00:00,1,0.02,increase,7.28,424551.1,2,1,24,2,0.0,0.0,0.0,33.93,0.64,6,6,1.0,1.0,0.05,0.81,high
latest_test,hist_gradient_boosting,2026-07-27,2,2026-07-27 10:00:00+00:00,2026-07-27 11:00:00+00:00,1,0.07,increase,7.34,431129.2,3,2,24,5,0.13,0.02,0.31,33.91,0.33,5,6,0.83,0.75,0.05,0.64,medium
latest_test,hist_gradient_boosting,2026-07-27,3,2026-07-27 09:00:00+00:00,2026-07-27 10:00:00+00:00,1,0.11,decrease,7.79,449662.9,1,6,24,4,0.13,0.01,0.31,33.92,0.32,4,6,0.67,0.5,0.0,0.46,low
latest_test,hist_gradient_boosting,2026-07-27,4,2026-07-27 13:00:00+00:00,2026-07-27 14:00:00+00:00,1,0.11,increase,7.44,434282.3,4,3,24,3,0.11,0.0,0.44,33.93,0.2,6,6,1.0,0.25,0.05,0.47,low
latest_test,hist_gradient_boosting,2026-07-27,5,2026-07-27 11:00:00+00:00,2026-07-27 12:00:00+00:00,1,0.15,increase,7.61,443848.7,5,4,24,1,0.0,0.0,0.18,33.93,0.46,5,6,0.83,0.0,0.11,0.31,low
latest_test,hist_gradient_boosting,2026-07-28,1,2026-07-28 10:00:00+00:00,2026-07-28 11:00:00+00:00,1,0.04,decrease,7.55,425338.3,1,3,24,1,0.0,0.01,0.0,142.43,4.8,6,6,1.0,1.0,0.02,0.8,high
latest_test,hist_gradient_boosting,2026-07-28,2,2026-07-28 11:00:00+00:00,2026-07-28 12:00:00+00:00,1,0.07,decrease,7.35,412622.3,4,1,24,2,0.0,0.0,0.43,142.43,4.36,6,6,1.0,0.75,0.05,0.7,medium
latest_test,hist_gradient_boosting,2026-07-28,3,2026-07-28 12:00:00+00:00,2026-07-28 13:00:00+00:00,1,0.11,decrease,7.56,422780.2,3,4,24,5,0.04,0.01,0.18,142.43,4.62,6,6,1.0,0.5,0.02,0.58,medium
latest_test,hist_gradient_boosting,2026-07-28,4,2026-07-28 09:00:00+00:00,2026-07-28 10:00:00+00:00,1,0.13,decrease,7.63,433775.3,2,6,24,3,0.02,0.0,1.11,142.43,3.69,6,6,1.0,0.25,0.05,0.47,low
latest_test,hist_gradient_boosting,2026-07-28,5,2026-07-28 08:00:00+00:00,2026-07-28 09:00:00+00:00,1,0.17,increase,7.49,446004.0,8,2,24,4,0.04,0.0,1.0,142.43,3.8,1,6,0.17,0.0,0.0,0.06,low
latest_test,hist_gradient_boosting,2026-07-29,1,2026-07-29 11:00:00+00:00,2026-07-29 12:00:00+00:00,1,0.02,increase,8.75,499716.6,2,1,24,2,0.02,0.0,0.62,130.86,3.27,6,6,1.0,1.0,0.07,0.81,high
latest_test,hist_gradient_boosting,2026-07-29,2,2026-07-29 12:00:00+00:00,2026-07-29 13:00:00+00:00,1,0.09,decrease,9.58,547119.3,1,5,24,3,0.04,3.05,0.39,127.82,3.51,6,6,1.0,0.75,0.02,0.69,medium
latest_test,hist_gradient_boosting,2026-07-29,3,2026-07-29 10:00:00+00:00,2026-07-29 11:00:00+00:00,1,0.11,increase,9.23,525336.2,5,2,24,1,0.0,1.52,0.0,129.34,3.89,6,6,1.0,0.5,0.0,0.57,medium
latest_test,hist_gradient_boosting,2026-07-29,4,2026-07-29 13:00:00+00:00,2026-07-29 14:00:00+00:00,1,0.11,increase,9.39,544478.0,3,4,24,4,0.13,3.58,1.3,127.28,2.6,5,6,0.83,0.25,0.07,0.42,low
latest_test,hist_gradient_boosting,2026-07-29,5,2026-07-29 09:00:00+00:00,2026-07-29 10:00:00+00:00,1,0.17,increase,9.27,521291.1,7,3,24,5,0.15,29.04,0.99,101.83,2.91,4,6,0.67,0.0,0.02,0.24,low
latest_test,hist_gradient_boosting,2026-07-30,1,2026-07-30 11:00:00+00:00,2026-07-30 12:00:00+00:00,1,0.02,increase,6.52,380335.8,2,1,24,1,0.0,0.0,0.19,133.86,9.63,6,6,1.0,1.0,0.02,0.8,high
latest_test,hist_gradient_boosting,2026-07-30,2,2026-07-30 12:00:00+00:00,2026-07-30 13:00:00+00:00,1,0.04,increase,6.68,383716.4,1,3,24,2,0.02,17.51,0.0,116.35,9.82,6,6,1.0,0.75,0.05,0.7,medium
latest_test,hist_gradient_boosting,2026-07-30,3,2026-07-30 13:00:00+00:00,2026-07-30 14:00:00+00:00,1,0.09,increase,6.66,381332.6,4,2,24,4,0.11,22.86,0.28,111.0,9.54,6,6,1.0,0.5,0.05,0.58,medium
latest_test,hist_gradient_boosting,2026-07-30,4,2026-07-30 10:00:00+00:00,2026-07-30 11:00:00+00:00,1,0.13,increase,7.64,454133.1,3,5,24,3,0.07,15.26,0.37,118.6,9.46,6,6,1.0,0.25,0.02,0.47,low
latest_test,hist_gradient_boosting,2026-07-30,5,2026-07-30 14:00:00+00:00,2026-07-30 15:00:00+00:00,1,0.15,increase,7.34,418255.1,5,4,24,6,0.17,65.91,1.57,67.95,8.25,5,6,0.83,0.0,0.07,0.31,low
latest_test,hist_gradient_boosting,2026-07-31,1,2026-07-31 12:00:00+00:00,2026-07-31 13:00:00+00:00,1,0.02,increase,7.66,430739.4,1,2,24,3,0.02,16.35,0.0,58.14,14.57,6,6,1.0,1.0,0.05,0.81,high
latest_test,hist_gradient_boosting,2026-07-31,2,2026-07-31 14:00:00+00:00,2026-07-31 15:00:00+00:00,1,0.07,increase,8.35,476159.9,2,3,24,4,0.09,9.57,5.32,64.93,9.25,5,6,0.83,0.75,0.02,0.63,medium
latest_test,hist_gradient_boosting,2026-07-31,3,2026-07-31 13:00:00+00:00,2026-07-31 14:00:00+00:00,1,0.09,increase,7.59,429719.0,5,1,24,1,0.0,0.0,0.68,74.5,13.89,6,6,1.0,0.5,0.02,0.58,medium
latest_test,hist_gradient_boosting,2026-07-31,4,2026-07-31 11:00:00+00:00,2026-07-31 12:00:00+00:00,1,0.11,increase,8.49,483917.9,3,4,24,2,0.02,13.33,0.44,61.16,14.13,6,6,1.0,0.25,0.07,0.48,low
latest_test,hist_gradient_boosting,2026-07-31,5,2026-07-31 10:00:00+00:00,2026-07-31 11:00:00+00:00,1,0.17,increase,11.64,673336.1,4,6,24,5,0.13,24.2,1.4,50.3,13.17,5,6,0.83,0.0,0.05,0.3,low
latest_test,hist_gradient_boosting,2026-08-01,1,2026-08-01 10:00:00+00:00,2026-08-01 11:00:00+00:00,1,0.0,decrease,6.37,357802.2,1,1,24,3,0.13,0.98,0.23,145.42,12.19,6,6,1.0,1.0,0.09,0.82,high
latest_test,hist_gradient_boosting,2026-08-01,2,2026-08-01 11:00:00+00:00,2026-08-01 12:00:00+00:00,1,0.09,decrease,6.67,375065.0,2,4,24,2,0.04,0.13,0.15,146.27,12.28,6,6,1.0,0.75,0.02,0.69,medium
latest_test,hist_gradient_boosting,2026-08-01,3,2026-08-01 09:00:00+00:00,2026-08-01 10:00:00+00:00,1,0.11,decrease,6.45,357685.8,5,2,24,5,0.17,1.86,0.52,144.54,11.9,4,6,0.67,0.5,0.0,0.46,low
latest_test,hist_gradient_boosting,2026-08-01,4,2026-08-01 13:00:00+00:00,2026-08-01 14:00:00+00:00,1,0.11,decrease,6.65,372772.3,4,3,24,4,0.15,0.2,0.8,146.19,11.62,6,6,1.0,0.25,0.02,0.47,low
latest_test,hist_gradient_boosting,2026-08-01,5,2026-08-01 12:00:00+00:00,2026-08-01 13:00:00+00:00,1,0.13,decrease,6.67,377947.8,3,5,24,1,0.0,0.0,0.0,146.4,12.42,6,6,1.0,0.0,0.09,0.37,low
latest_test,hist_gradient_boosting,2026-08-02,1,2026-08-02 10:00:00+00:00,2026-08-02 11:00:00+00:00,1,0.04,decrease,6.07,335877.3,3,1,24,2,0.0,2.43,0.55,155.11,13.9,6,6,1.0,1.0,0.02,0.8,high
latest_test,hist_gradient_boosting,2026-08-02,2,2026-08-02 11:00:00+00:00,2026-08-02 12:00:00+00:00,1,0.07,decrease,6.38,348412.1,2,3,24,3,0.0,0.0,2.27,157.54,12.17,6,6,1.0,0.75,0.02,0.69,medium
latest_test,hist_gradient_boosting,2026-08-02,3,2026-08-02 09:00:00+00:00,2026-08-02 10:00:00+00:00,1,0.09,decrease,6.31,340961.4,4,2,24,1,0.0,2.51,0.19,155.03,14.25,6,6,1.0,0.5,0.0,0.57,medium
latest_test,hist_gradient_boosting,2026-08-02,4,2026-08-02 12:00:00+00:00,2026-08-02 13:00:00+00:00,1,0.09,decrease,7.4,407670.6,1,5,24,5,0.04,2.43,2.28,155.11,12.16,6,6,1.0,0.25,0.12,0.49,low
latest_test,hist_gradient_boosting,2026-08-02,5,2026-08-02 13:00:00+00:00,2026-08-02 14:00:00+00:00,1,0.2,decrease,7.54,416968.9,5,6,24,6,0.13,2.53,2.64,155.01,11.8,6,6,1.0,0.0,0.02,0.35,low
latest_test,hist_gradient_boosting,2026-08-03,1,2026-08-03 10:00:00+00:00,2026-08-03 11:00:00+00:00,1,0.11,increase,10.74,626724.5,5,2,24,4,0.07,28.46,4.72,59.08,-2.33,6,6,1.0,1.0,0.0,0.8,high
latest_test,hist_gradient_boosting,2026-08-03,2,2026-08-03 12:00:00+00:00,2026-08-03 13:00:00+00:00,1,0.11,increase,13.61,816113.5,1,6,24,6,0.09,11.66,5.71,75.87,-3.31,6,6,1.0,0.75,0.08,0.7,medium
latest_test,hist_gradient_boosting,2026-08-03,3,2026-08-03 02:00:00+00:00,2026-08-03 03:00:00+00:00,1,0.17,decrease,10.52,494425.3,9,1,24,5,0.09,85.3,0.87,2.24,1.53,4,6,0.67,0.5,0.0,0.46,low
latest_test,hist_gradient_boosting,2026-08-03,4,2026-08-03 11:00:00+00:00,2026-08-03 12:00:00+00:00,1,0.17,increase,13.88,830194.3,3,7,24,1,0.0,0.0,4.04,87.53,-1.64,6,6,1.0,0.25,0.03,0.47,low
latest_test,hist_gradient_boosting,2026-08-03,5,2026-08-03 09:00:00+00:00,2026-08-03 10:00:00+00:00,1,0.2,increase,13.49,786329.1,6,5,24,2,0.02,51.65,2.09,35.88,0.3,4,6,0.67,0.0,0.03,0.24,low
latest_test,hist_gradient_boosting,2026-08-04,1,2026-08-04 11:00:00+00:00,2026-08-04 12:00:00+00:00,1,0.04,increase,8.71,510771.2,2,2,24,2,0.0,0.0,0.79,64.22,19.59,6,6,1.0,1.0,0.05,0.81,high
latest_test,hist_gradient_boosting,2026-08-04,2,2026-08-04 12:00:00+00:00,2026-08-04 13:00:00+00:00,1,0.09,increase,9.47,554507.3,1,5,24,3,0.02,7.6,0.25,56.62,20.13,5,6,0.83,0.75,0.02,0.63,medium
latest_test,hist_gradient_boosting,2026-08-04,3,2026-08-04 10:00:00+00:00,2026-08-04 11:00:00+00:00,1,0.11,increase,8.28,488306.3,6,1,24,1,0.0,10.85,0.0,53.37,20.38,6,6,1.0,0.5,0.0,0.57,medium
latest_test,hist_gradient_boosting,2026-08-04,4,2026-08-04 13:00:00+00:00,2026-08-04 14:00:00+00:00,1,0.11,increase,9.12,545847.7,4,3,24,4,0.02,6.24,0.43,57.98,19.95,5,6,0.83,0.25,0.0,0.4,low
latest_test,hist_gradient_boosting,2026-08-04,5,2026-08-04 14:00:00+00:00,2026-08-04 15:00:00+00:00,1,0.11,decrease,9.39,563121.5,3,4,24,5,0.04,1.53,1.16,62.68,19.22,5,6,0.83,0.0,0.12,0.32,low
latest_test,hist_gradient_boosting,2026-08-05,1,2026-08-05 12:00:00+00:00,2026-08-05 13:00:00+00:00,1,0.02,decrease,6.79,421344.5,1,2,24,2,0.0,0.0,0.0,139.37,8.32,6,6,1.0,1.0,0.05,0.81,high
latest_test,hist_gradient_boosting,2026-08-05,2,2026-08-05 10:00:00+00:00,2026-08-05 11:00:00+00:00,1,0.07,decrease,6.49,390494.9,4,1,24,5,0.13,1.34,0.29,138.04,8.03,6,6,1.0,0.75,0.02,0.69,medium
latest_test,hist_gradient_boosting,2026-08-05,3,2026-08-05 11:00:00+00:00,2026-08-05 12:00:00+00:00,1,0.09,decrease,6.87,419880.5,2,4,24,1,0.0,0.0,0.14,139.37,8.18,6,6,1.0,0.5,0.0,0.57,medium
latest_test,hist_gradient_boosting,2026-08-05,4,2026-08-05 13:00:00+00:00,2026-08-05 14:00:00+00:00,1,0.09,decrease,6.81,426469.3,3,3,24,3,0.11,0.0,0.65,139.37,7.67,6,6,1.0,0.25,0.1,0.48,low
latest_test,hist_gradient_boosting,2026-08-05,5,2026-08-05 14:00:00+00:00,2026-08-05 15:00:00+00:00,1,0.17,decrease,7.28,459900.8,5,5,24,6,0.15,0.0,1.37,139.37,6.94,6,6,1.0,0.0,0.07,0.36,low
latest_test,hist_gradient_boosting,2026-08-06,1,2026-08-06 10:00:00+00:00,2026-08-06 11:00:00+00:00,1,0.04,increase,7.49,433599.0,2,2,24,6,0.13,3.3,2.46,116.98,4.86,6,6,1.0,1.0,0.0,0.8,high
latest_test,hist_gradient_boosting,2026-08-06,2,2026-08-06 12:00:00+00:00,2026-08-06 13:00:00+00:00,1,0.04,increase,9.05,534119.6,1,3,24,2,0.02,1.18,2.21,119.1,5.1,6,6,1.0,0.75,0.07,0.7,medium
latest_test,hist_gradient_boosting,2026-08-06,3,2026-08-06 09:00:00+00:00,2026-08-06 10:00:00+00:00,1,0.11,increase,6.53,374147.9,6,1,24,3,0.04,2.42,1.13,117.87,6.19,6,6,1.0,0.5,0.0,0.57,medium
latest_test,hist_gradient_boosting,2026-08-06,4,2026-08-06 11:00:00+00:00,2026-08-06 12:00:00+00:00,1,0.11,increase,9.1,532770.3,3,4,24,1,0.0,0.0,2.31,120.28,5.0,6,6,1.0,0.25,0.05,0.47,low
latest_test,hist_gradient_boosting,2026-08-06,5,2026-08-06 13:00:00+00:00,2026-08-06 14:00:00+00:00,1,0.15,increase,9.13,542530.1,4,5,24,5,0.07,0.44,2.72,119.84,4.59,6,6,1.0,0.0,0.07,0.36,low
latest_test,hist_gradient_boosting,2026-08-07,1,2026-08-07 12:00:00+00:00,2026-08-07 13:00:00+00:00,1,0.07,increase,10.71,622330.7,1,4,24,2,0.0,7.03,1.67,113.98,9.55,6,6,1.0,1.0,0.05,0.81,high
latest_test,hist_gradient_boosting,2026-08-07,2,2026-08-07 09:00:00+00:00,2026-08-07 10:00:00+00:00,1,0.11,increase,8.11,466395.5,6,1,24,3,0.04,23.37,0.0,97.64,11.22,6,6,1.0,0.75,0.0,0.69,medium
latest_test,hist_gradient_boosting,2026-08-07,3,2026-08-07 10:00:00+00:00,2026-08-07 11:00:00+00:00,1,0.11,increase,8.56,492607.4,5,2,24,6,0.11,12.96,1.84,108.05,9.37,5,6,0.83,0.5,0.02,0.52,medium
latest_test,hist_gradient_boosting,2026-08-07,4,2026-08-07 11:00:00+00:00,2026-08-07 12:00:00+00:00,1,0.13,increase,10.95,637516.3,2,6,24,1,0.0,0.0,1.69,121.01,9.53,6,6,1.0,0.25,0.0,0.46,low
latest_test,hist_gradient_boosting,2026-08-07,5,2026-08-07 13:00:00+00:00,2026-08-07 14:00:00+00:00,1,0.13,increase,10.95,637670.4,3,5,24,4,0.07,10.51,1.79,110.5,9.43,6,6,1.0,0.0,0.07,0.36,low
latest_test,hist_gradient_boosting,2026-08-08,1,2026-08-08 09:00:00+00:00,2026-08-08 10:00:00+00:00,1,0.09,decrease,6.72,364935.0,5,1,24,2,0.0,6.62,2.22,133.53,7.73,6,6,1.0,1.0,0.02,0.8,high
latest_test,hist_gradient_boosting,2026-08-08,2,2026-08-08 10:00:00+00:00,2026-08-08 11:00:00+00:00,1,0.11,decrease,7.94,430233.7,4,3,24,5,0.11,3.26,4.43,136.89,5.53,5,6,0.83,0.75,0.0,0.63,medium
latest_test,hist_gradient_boosting,2026-08-08,3,2026-08-08 11:00:00+00:00,2026-08-08 12:00:00+00:00,1,0.11,decrease,9.66,520269.0,2,5,24,4,0.09,0.0,4.74,140.15,5.22,6,6,1.0,0.5,0.0,0.57,medium
latest_test,hist_gradient_boosting,2026-08-08,4,2026-08-08 12:00:00+00:00,2026-08-08 13:00:00+00:00,1,0.11,decrease,9.86,530996.4,1,6,24,7,0.13,0.67,4.87,139.48,5.09,6,6,1.0,0.25,0.07,0.48,low
latest_test,hist_gradient_boosting,2026-08-08,5,2026-08-08 08:00:00+00:00,2026-08-08 09:00:00+00:00,1,0.17,decrease,7.27,403085.5,8,2,24,1,0.0,10.6,0.0,129.55,9.96,5,6,0.83,0.0,0.0,0.29,low
latest_test,hist_gradient_boosting,2026-08-09,1,2026-08-09 10:00:00+00:00,2026-08-09 11:00:00+00:00,1,0.06,decrease,8.42,443861.5,2,2,17,5,0.06,0.06,1.47,136.48,13.01,6,6,1.0,1.0,0.03,0.81,high
latest_test,hist_gradient_boosting,2026-08-09,2,2026-08-09 09:00:00+00:00,2026-08-09 10:00:00+00:00,1,0.09,decrease,7.97,414232.1,4,1,17,2,0.03,0.09,0.62,136.46,13.86,6,6,1.0,0.75,0.0,0.69,medium
latest_test,hist_gradient_boosting,2026-08-09,3,2026-08-09 12:00:00+00:00,2026-08-09 13:00:00+00:00,1,0.09,decrease,9.6,503000.1,1,4,17,1,0.0,0.01,1.33,136.54,13.15,5,6,0.83,0.5,0.03,0.52,medium
latest_test,hist_gradient_boosting,2026-08-09,4,2026-08-09 11:00:00+00:00,2026-08-09 12:00:00+00:00,1,0.12,decrease,9.58,499060.2,3,3,17,3,0.03,0.0,1.57,136.55,12.91,6,6,1.0,0.25,0.14,0.49,low
latest_test,hist_gradient_boosting,2026-08-09,5,2026-08-09 13:00:00+00:00,2026-08-09 14:00:00+00:00,1,0.25,decrease,9.68,507879.2,5,5,17,6,0.25,0.1,2.71,136.45,11.77,4,6,0.67,0.0,0.1,0.25,low
validation_1,hist_gradient_boosting,2026-02-10,1,2026-02-10 21:00:00+00:00,2026-02-10 22:00:00+00:00,1,0.17,unknown,12.04,456355.0,3,1,7,4,0.33,9.87,0.1,65.18,0.28,6,6,1.0,1.0,0.0,0.8,high
validation_1,hist_gradient_boosting,2026-02-10,2,2026-02-10 22:00:00+00:00,2026-02-10 23:00:00+00:00,1,0.17,unknown,12.12,456086.8,2,2,7,1,0.0,3.0,0.0,72.05,0.38,6,6,1.0,0.75,0.0,0.69,medium
validation_1,hist_gradient_boosting,2026-02-10,3,2026-02-10 23:00:00+00:00,2026-02-11 00:00:00+00:00,1,0.17,unknown,12.18,455635.0,1,3,7,2,0.0,0.0,0.07,75.05,0.31,6,6,1.0,0.5,0.44,0.66,medium
validation_1,hist_gradient_boosting,2026-02-10,4,2026-02-10 20:00:00+00:00,2026-02-10 21:00:00+00:00,1,0.5,unknown,12.31,475839.4,4,4,7,3,0.33,5.89,0.18,69.16,0.19,6,6,1.0,0.25,0.22,0.51,medium
validation_1,hist_gradient_boosting,2026-02-10,5,2026-02-10 19:00:00+00:00,2026-02-10 20:00:00+00:00,1,0.67,unknown,12.51,495120.2,5,5,7,5,0.58,34.9,0.36,40.15,0.02,5,6,0.83,0.0,0.33,0.36,low
validation_1,hist_gradient_boosting,2026-02-11,1,2026-02-11 11:00:00+00:00,2026-02-11 12:00:00+00:00,1,0.09,unknown,10.94,451740.3,4,2,24,2,0.04,0.02,0.03,14.72,1.38,5,6,0.83,1.0,0.03,0.75,medium
validation_1,hist_gradient_boosting,2026-02-11,2,2026-02-11 12:00:00+00:00,2026-02-11 13:00:00+00:00,1,0.11,unknown,11.19,455731.0,2,5,24,1,0.0,0.01,0.01,14.73,1.4,5,6,0.83,0.75,0.0,0.63,medium
validation_1,hist_gradient_boosting,2026-02-11,3,2026-02-11 13:00:00+00:00,2026-02-11 14:00:00+00:00,1,0.11,unknown,11.15,448732.1,3,4,24,4,0.13,0.02,0.26,14.72,1.15,5,6,0.83,0.5,0.2,0.56,medium
validation_1,hist_gradient_boosting,2026-02-11,4,2026-02-11 14:00:00+00:00,2026-02-11 15:00:00+00:00,1,0.26,unknown,11.31,450183.3,8,6,24,6,0.28,4.92,1.33,9.82,0.08,4,6,0.67,0.25,0.03,0.35,low
validation_1,hist_gradient_boosting,2026-02-11,5,2026-02-11 10:00:00+00:00,2026-02-11 11:00:00+00:00,1,0.28,unknown,10.47,432580.7,14,1,24,3,0.11,1.0,0.1,13.75,1.31,5,6,0.83,0.0,0.06,0.3,low
validation_1,hist_gradient_boosting,2026-02-12,1,2026-02-12 13:00:00+00:00,2026-02-12 14:00:00+00:00,1,0.07,increase,10.76,437604.8,2,3,24,10,0.37,0.0,5.24,11.82,-3.47,6,6,1.0,1.0,0.15,0.83,high
validation_1,hist_gradient_boosting,2026-02-12,2,2026-02-12 12:00:00+00:00,2026-02-12 13:00:00+00:00,1,0.17,increase,10.35,424451.7,8,2,24,1,0.0,0.01,0.19,11.81,1.58,6,6,1.0,0.75,0.06,0.7,medium
validation_1,hist_gradient_boosting,2026-02-12,3,2026-02-12 11:00:00+00:00,2026-02-12 12:00:00+00:00,1,0.22,increase,10.33,420088.6,11,1,24,2,0.02,7.1,0.0,4.72,1.77,6,6,1.0,0.5,0.12,0.6,medium
validation_1,hist_gradient_boosting,2026-02-12,4,2026-02-12 23:00:00+00:00,2026-02-13 00:00:00+00:00,1,0.3,decrease,11.32,421212.1,6,10,24,22,0.48,20.23,1.58,-8.41,0.19,5,6,0.83,0.25,0.12,0.43,low
validation_1,hist_gradient_boosting,2026-02-12,5,2026-02-12 10:00:00+00:00,2026-02-12 11:00:00+00:00,1,0.39,increase,10.99,441901.0,15,5,24,4,0.2,20.72,0.11,-8.9,1.67,4,6,0.67,0.0,0.03,0.24,low
validation_1,hist_gradient_boosting,2026-02-13,1,2026-02-13 02:00:00+00:00,2026-02-13 03:00:00+00:00,1,0.04,increase,12.84,444468.5,1,3,24,3,0.0,0.0,0.61,6.28,-0.61,6,6,1.0,1.0,0.02,0.8,high
validation_1,hist_gradient_boosting,2026-02-13,2,2026-02-13 01:00:00+00:00,2026-02-13 02:00:00+00:00,1,0.07,increase,12.22,436599.2,3,2,24,2,0.0,3.06,0.46,3.21,-0.46,5,6,0.83,0.75,0.02,0.63,medium
validation_1,hist_gradient_boosting,2026-02-13,3,2026-02-13 00:00:00+00:00,2026-02-13 01:00:00+00:00,1,0.09,increase,11.87,433118.8,5,1,24,1,0.0,6.28,0.0,0.0,0.0,5,6,0.83,0.5,0.0,0.52,medium
validation_1,hist_gradient_boosting,2026-02-13,4,2026-02-13 03:00:00+00:00,2026-02-13 04:00:00+00:00,1,0.09,increase,13.16,447279.1,2,4,24,4,0.07,1.25,0.84,5.03,-0.84,5,6,0.83,0.25,0.1,0.42,low
validation_1,hist_gradient_boosting,2026-02-13,5,2026-02-13 04:00:00+00:00,2026-02-13 05:00:00+00:00,1,0.17,increase,13.49,454960.9,4,6,24,6,0.17,12.4,1.1,-6.12,-1.1,4,6,0.67,0.0,0.02,0.24,low
validation_1,hist_gradient_boosting,2026-02-14,1,2026-02-14 10:00:00+00:00,2026-02-14 11:00:00+00:00,1,0.15,decrease,11.31,445140.7,8,1,24,3,0.07,11.19,0.14,6.99,1.02,5,6,0.83,1.0,0.0,0.74,medium
validation_1,hist_gradient_boosting,2026-02-14,2,2026-02-14 11:00:00+00:00,2026-02-14 12:00:00+00:00,1,0.15,decrease,11.33,446858.3,7,2,24,6,0.13,14.52,0.0,3.67,1.16,5,6,0.83,0.75,0.0,0.63,medium
validation_1,hist_gradient_boosting,2026-02-14,3,2026-02-14 13:00:00+00:00,2026-02-14 14:00:00+00:00,1,0.15,decrease,11.78,462054.1,4,5,24,2,0.04,8.21,0.54,9.97,0.61,5,6,0.83,0.5,0.09,0.53,medium
validation_1,hist_gradient_boosting,2026-02-14,4,2026-02-14 02:00:00+00:00,2026-02-14 03:00:00+00:00,1,0.22,increase,12.78,442618.0,2,10,24,12,0.24,5.5,2.06,12.69,-0.91,6,6,1.0,0.25,0.03,0.47,low
validation_1,hist_gradient_boosting,2026-02-14,5,2026-02-14 12:00:00+00:00,2026-02-14 13:00:00+00:00,1,0.24,decrease,11.33,448758.6,10,3,24,1,0.0,7.16,0.28,11.02,0.88,5,6,0.83,0.0,0.11,0.31,low
validation_1,hist_gradient_boosting,2026-02-15,1,2026-02-15 11:00:00+00:00,2026-02-15 12:00:00+00:00,1,0.02,decrease,11.43,460798.1,1,2,24,14,0.33,31.95,0.02,23.86,7.69,5,6,0.83,1.0,0.09,0.76,high
validation_1,hist_gradient_boosting,2026-02-15,2,2026-02-15 10:00:00+00:00,2026-02-15 11:00:00+00:00,1,0.11,decrease,11.53,453576.9,4,3,24,4,0.04,0.04,0.37,55.77,7.34,6,6,1.0,0.75,0.0,0.69,medium
validation_1,hist_gradient_boosting,2026-02-15,3,2026-02-15 23:00:00+00:00,2026-02-16 00:00:00+00:00,1,0.11,decrease,11.68,439426.1,2,5,24,2,0.0,0.0,0.37,55.81,7.34,5,6,0.83,0.5,0.11,0.54,medium
validation_1,hist_gradient_boosting,2026-02-15,4,2026-02-15 09:00:00+00:00,2026-02-15 10:00:00+00:00,1,0.22,decrease,11.86,454529.7,5,7,24,10,0.24,6.4,0.72,49.42,6.99,5,6,0.83,0.25,0.04,0.41,low
validation_1,hist_gradient_boosting,2026-02-15,5,2026-02-15 22:00:00+00:00,2026-02-15 23:00:00+00:00,1,0.26,decrease,11.93,453335.4,6,8,24,1,0.0,1.91,0.22,53.9,7.49,5,6,0.83,0.0,0.11,0.31,low
validation_1,hist_gradient_boosting,2026-02-16,1,2026-02-16 01:00:00+00:00,2026-02-16 02:00:00+00:00,1,0.24,decrease,12.63,452679.5,1,12,24,6,0.17,0.01,1.22,0.0,-0.47,5,6,0.83,1.0,0.07,0.76,high
validation_1,hist_gradient_boosting,2026-02-16,2,2026-02-16 23:00:00+00:00,2026-02-17 00:00:00+00:00,1,0.28,increase,11.95,452510.6,8,7,24,15,0.37,10.65,1.07,-10.64,-0.31,3,6,0.5,0.75,0.03,0.52,medium
validation_1,hist_gradient_boosting,2026-02-16,3,2026-02-16 02:00:00+00:00,2026-02-16 03:00:00+00:00,1,0.3,decrease,13.03,456045.3,2,14,24,5,0.15,0.0,2.12,0.01,-1.37,5,6,0.83,0.5,0.0,0.52,medium
validation_1,hist_gradient_boosting,2026-02-16,4,2026-02-16 00:00:00+00:00,2026-02-16 01:00:00+00:00,1,0.3,decrease,12.23,445311.9,6,10,24,4,0.15,0.01,0.75,0.0,0.0,5,6,0.83,0.25,0.0,0.4,low
validation_1,hist_gradient_boosting,2026-02-16,5,2026-02-16 14:00:00+00:00,2026-02-16 15:00:00+00:00,1,0.3,increase,11.94,464379.8,10,6,24,1,0.0,0.01,0.0,0.0,0.75,4,6,0.67,0.0,0.03,0.24,low
validation_1,hist_gradient_boosting,2026-02-17,1,2026-02-17 11:00:00+00:00,2026-02-17 12:00:00+00:00,1,0.02,decrease,11.33,462567.8,2,1,24,3,0.09,17.77,0.0,-15.22,1.35,5,6,0.83,1.0,0.02,0.75,medium
validation_1,hist_gradient_boosting,2026-02-17,2,2026-02-17 10:00:00+00:00,2026-02-17 11:00:00+00:00,1,0.04,decrease,11.62,467804.9,1,3,24,1,0.0,1.52,0.1,1.02,1.25,5,6,0.83,0.75,0.14,0.66,medium
validation_1,hist_gradient_boosting,2026-02-17,3,2026-02-17 12:00:00+00:00,2026-02-17 13:00:00+00:00,1,0.17,increase,11.39,462063.6,8,2,24,4,0.11,13.61,0.17,-11.06,1.17,4,6,0.67,0.5,0.07,0.47,low
validation_1,hist_gradient_boosting,2026-02-17,4,2026-02-17 13:00:00+00:00,2026-02-17 14:00:00+00:00,1,0.24,increase,11.75,464547.8,9,4,24,9,0.26,26.08,0.9,-23.53,0.45,4,6,0.67,0.25,0.02,0.35,low
validation_1,hist_gradient_boosting,2026-02-17,5,2026-02-17 02:00:00+00:00,2026-02-17 03:00:00+00:00,1,0.26,increase,12.89,470499.6,3,11,24,6,0.17,0.05,1.64,2.5,-0.29,6,6,1.0,0.0,0.02,0.35,low
validation_1,hist_gradient_boosting,2026-02-18,1,2026-02-18 12:00:00+00:00,2026-02-18 13:00:00+00:00,1,0.07,decrease,11.06,465691.0,2,3,24,1,0.0,2.66,0.17,31.83,2.02,6,6,1.0,1.0,0.02,0.8,high
validation_1,hist_gradient_boosting,2026-02-18,2,2026-02-18 11:00:00+00:00,2026-02-18 12:00:00+00:00,1,0.09,decrease,10.94,461828.6,5,1,24,3,0.04,16.88,0.0,17.61,2.18,6,6,1.0,0.75,0.0,0.69,medium
validation_1,hist_gradient_boosting,2026-02-18,3,2026-02-18 13:00:00+00:00,2026-02-18 14:00:00+00:00,1,0.09,decrease,11.44,468814.6,1,5,24,2,0.02,0.0,0.28,34.49,1.9,5,6,0.83,0.5,0.08,0.53,medium
validation_1,hist_gradient_boosting,2026-02-18,4,2026-02-18 10:00:00+00:00,2026-02-18 11:00:00+00:00,1,0.15,increase,10.97,458831.7,7,2,24,4,0.09,18.76,0.11,15.73,2.08,6,6,1.0,0.25,0.02,0.47,low
validation_1,hist_gradient_boosting,2026-02-18,5,2026-02-18 14:00:00+00:00,2026-02-18 15:00:00+00:00,1,0.17,decrease,11.84,474445.6,4,6,24,5,0.13,16.5,0.43,18.0,1.76,4,6,0.67,0.0,0.0,0.23,low
validation_1,hist_gradient_boosting,2026-02-19,1,2026-02-19 10:00:00+00:00,2026-02-19 11:00:00+00:00,1,0.17,increase,11.62,465016.5,9,1,24,9,0.17,47.0,0.05,-38.14,1.18,6,6,1.0,1.0,0.11,0.82,high
validation_1,hist_gradient_boosting,2026-02-19,2,2026-02-19 00:00:00+00:00,2026-02-19 01:00:00+00:00,1,0.26,decrease,12.57,464149.0,5,9,24,11,0.17,8.86,1.23,0.0,0.0,5,6,0.83,0.75,0.03,0.63,medium
validation_1,hist_gradient_boosting,2026-02-19,3,2026-02-19 09:00:00+00:00,2026-02-19 10:00:00+00:00,1,0.28,decrease,12.01,477436.7,11,4,24,1,0.0,37.1,0.0,-28.24,1.23,2,6,0.33,0.5,0.0,0.34,low
validation_1,hist_gradient_boosting,2026-02-19,4,2026-02-19 13:00:00+00:00,2026-02-19 14:00:00+00:00,1,0.28,increase,12.16,480642.1,10,5,24,4,0.09,35.74,0.33,-26.88,0.9,5,6,0.83,0.25,0.03,0.41,low
validation_1,hist_gradient_boosting,2026-02-19,5,2026-02-19 11:00:00+00:00,2026-02-19 12:00:00+00:00,1,0.3,increase,11.68,466861.7,14,2,24,7,0.13,44.56,0.03,-35.7,1.2,3,6,0.5,0.0,0.0,0.18,low
validation_1,hist_gradient_boosting,2026-02-20,1,2026-02-20 12:00:00+00:00,2026-02-20 13:00:00+00:00,1,0.04,decrease,11.43,455953.8,3,1,24,1,0.0,0.96,0.05,17.82,1.69,6,6,1.0,1.0,0.02,0.8,high
validation_1,hist_gradient_boosting,2026-02-20,2,2026-02-20 13:00:00+00:00,2026-02-20 14:00:00+00:00,1,0.07,decrease,11.77,469196.4,1,4,24,3,0.17,12.17,0.33,6.61,1.41,6,6,1.0,0.75,0.11,0.71,medium
validation_1,hist_gradient_boosting,2026-02-20,3,2026-02-20 11:00:00+00:00,2026-02-20 12:00:00+00:00,1,0.17,decrease,11.48,453449.9,8,2,24,2,0.02,9.94,0.0,8.84,1.74,5,6,0.83,0.5,0.14,0.54,medium
validation_1,hist_gradient_boosting,2026-02-20,4,2026-02-20 14:00:00+00:00,2026-02-20 15:00:00+00:00,1,0.3,decrease,11.93,460419.4,9,7,24,4,0.2,11.03,0.58,7.75,1.15,5,6,0.83,0.25,0.0,0.4,low
validation_1,hist_gradient_boosting,2026-02-20,5,2026-02-20 23:00:00+00:00,2026-02-21 00:00:00+00:00,1,0.3,increase,11.81,435346.8,10,6,24,6,0.3,12.14,0.76,6.64,0.98,3,6,0.5,0.0,0.02,0.18,low
validation_1,hist_gradient_boosting,2026-02-21,1,2026-02-21 10:00:00+00:00,2026-02-21 11:00:00+00:00,1,0.22,decrease,12.22,452478.2,5,7,24,2,0.13,0.02,0.56,22.95,-0.46,6,6,1.0,1.0,0.03,0.81,high
validation_1,hist_gradient_boosting,2026-02-21,2,2026-02-21 11:00:00+00:00,2026-02-21 12:00:00+00:00,1,0.24,decrease,12.49,453469.8,1,12,24,1,0.0,0.01,0.44,22.96,-0.34,6,6,1.0,0.75,0.07,0.7,medium
validation_1,hist_gradient_boosting,2026-02-21,3,2026-02-21 23:00:00+00:00,2026-02-22 00:00:00+00:00,1,0.28,decrease,12.07,437439.0,10,5,24,8,0.26,5.02,0.73,17.95,-0.63,2,6,0.33,0.5,0.03,0.35,low
validation_1,hist_gradient_boosting,2026-02-21,4,2026-02-21 12:00:00+00:00,2026-02-21 13:00:00+00:00,1,0.3,decrease,12.62,454993.3,2,14,24,4,0.15,0.01,0.82,22.96,-0.72,4,6,0.67,0.25,0.0,0.35,low
validation_1,hist_gradient_boosting,2026-02-21,5,2026-02-21 01:00:00+00:00,2026-02-21 02:00:00+00:00,1,0.3,decrease,11.97,440203.1,15,1,24,3,0.15,11.25,0.31,11.72,-0.21,4,6,0.67,0.0,0.03,0.24,low
validation_1,hist_gradient_boosting,2026-02-22,1,2026-02-22 09:00:00+00:00,2026-02-22 10:00:00+00:00,1,0.13,decrease,12.6,448809.0,1,7,24,14,0.41,0.01,1.7,11.07,-0.26,6,6,1.0,1.0,0.19,0.84,high
validation_1,hist_gradient_boosting,2026-02-22,2,2026-02-22 00:00:00+00:00,2026-02-22 01:00:00+00:00,1,0.28,decrease,12.58,446723.2,9,6,24,15,0.43,11.08,1.44,0.0,0.0,5,6,0.83,0.75,0.0,0.63,medium
validation_1,hist_gradient_boosting,2026-02-22,3,2026-02-22 12:00:00+00:00,2026-02-22 13:00:00+00:00,1,0.28,decrease,13.29,450894.2,2,13,24,1,0.0,0.0,1.24,11.08,0.21,5,6,0.83,0.5,0.0,0.52,medium
validation_1,hist_gradient_boosting,2026-02-22,4,2026-02-22 08:00:00+00:00,2026-02-22 09:00:00+00:00,1,0.28,decrease,12.81,454193.1,7,8,24,5,0.17,0.99,1.25,10.09,0.2,3,6,0.5,0.25,0.0,0.29,low
validation_1,hist_gradient_boosting,2026-02-22,5,2026-02-22 10:00:00+00:00,2026-02-22 11:00:00+00:00,1,0.28,decrease,13.24,444872.6,3,12,24,6,0.28,0.01,1.66,11.07,-0.21,6,6,1.0,0.0,0.03,0.36,low
validation_1,hist_gradient_boosting,2026-02-23,1,2026-02-23 12:00:00+00:00,2026-02-23 13:00:00+00:00,1,0.09,increase,11.6,446085.9,2,4,24,1,0.0,0.0,0.0,13.94,1.56,6,6,1.0,1.0,0.0,0.8,high
validation_1,hist_gradient_boosting,2026-02-23,2,2026-02-23 13:00:00+00:00,2026-02-23 14:00:00+00:00,1,0.09,increase,11.59,446648.6,3,3,24,2,0.07,0.0,0.11,13.94,1.45,6,6,1.0,0.75,0.02,0.69,medium
validation_1,hist_gradient_boosting,2026-02-23,3,2026-02-23 11:00:00+00:00,2026-02-23 12:00:00+00:00,1,0.11,decrease,11.87,456255.4,1,6,24,3,0.11,0.0,0.24,13.93,1.32,6,6,1.0,0.5,0.02,0.58,medium
validation_1,hist_gradient_boosting,2026-02-23,4,2026-02-23 09:00:00+00:00,2026-02-23 10:00:00+00:00,1,0.13,increase,11.56,446432.0,7,1,24,6,0.3,5.34,0.71,8.6,0.84,3,6,0.5,0.25,0.02,0.29,low
validation_1,hist_gradient_boosting,2026-02-23,5,2026-02-23 10:00:00+00:00,2026-02-23 11:00:00+00:00,1,0.15,increase,11.74,448495.2,4,5,24,5,0.22,0.01,0.59,13.93,0.97,4,6,0.67,0.0,0.07,0.25,low
validation_1,hist_gradient_boosting,2026-02-24,1,2026-02-24 11:00:00+00:00,2026-02-24 12:00:00+00:00,1,0.09,increase,12.99,492532.5,3,3,24,4,0.26,9.5,0.44,8.15,0.04,6,6,1.0,1.0,0.02,0.8,high
validation_1,hist_gradient_boosting,2026-02-24,2,2026-02-24 10:00:00+00:00,2026-02-24 11:00:00+00:00,1,0.11,increase,13.14,488275.9,1,6,24,5,0.28,7.75,0.72,9.91,-0.25,6,6,1.0,0.75,0.02,0.69,medium
validation_1,hist_gradient_boosting,2026-02-24,3,2026-02-24 12:00:00+00:00,2026-02-24 13:00:00+00:00,1,0.13,increase,13.02,493085.9,4,4,24,1,0.0,0.0,0.28,17.66,0.2,5,6,0.83,0.5,0.05,0.53,medium
validation_1,hist_gradient_boosting,2026-02-24,4,2026-02-24 13:00:00+00:00,2026-02-24 14:00:00+00:00,1,0.17,increase,13.21,493987.7,2,8,24,3,0.07,0.26,0.37,17.4,0.1,5,6,0.83,0.25,0.08,0.42,low
validation_1,hist_gradient_boosting,2026-02-24,5,2026-02-24 00:00:00+00:00,2026-02-24 01:00:00+00:00,1,0.24,increase,12.91,453684.1,11,2,24,12,0.43,17.66,0.47,0.0,0.0,5,6,0.83,0.0,0.1,0.31,low
validation_1,hist_gradient_boosting,2026-02-25,1,2026-02-25 11:00:00+00:00,2026-02-25 12:00:00+00:00,1,0.04,decrease,12.07,461976.3,2,2,24,1,0.0,0.0,0.0,14.55,2.18,6,6,1.0,1.0,0.02,0.8,high
validation_1,hist_gradient_boosting,2026-02-25,2,2026-02-25 12:00:00+00:00,2026-02-25 13:00:00+00:00,1,0.07,decrease,12.12,464598.6,1,4,24,2,0.04,0.0,0.15,14.55,2.03,6,6,1.0,0.75,0.07,0.7,medium
validation_1,hist_gradient_boosting,2026-02-25,3,2026-02-25 10:00:00+00:00,2026-02-25 11:00:00+00:00,1,0.13,decrease,11.94,462415.6,7,1,24,4,0.11,0.53,0.26,14.02,1.92,6,6,1.0,0.5,0.0,0.57,medium
validation_1,hist_gradient_boosting,2026-02-25,4,2026-02-25 13:00:00+00:00,2026-02-25 14:00:00+00:00,1,0.13,decrease,12.36,468146.5,3,5,24,3,0.07,0.0,0.56,14.56,1.61,6,6,1.0,0.25,0.09,0.48,low
validation_1,hist_gradient_boosting,2026-02-25,5,2026-02-25 14:00:00+00:00,2026-02-25 15:00:00+00:00,1,0.22,decrease,12.85,466108.9,4,8,24,5,0.2,0.05,0.92,14.5,1.26,5,6,0.83,0.0,0.05,0.3,low
validation_1,hist_gradient_boosting,2026-02-26,1,2026-02-26 11:00:00+00:00,2026-02-26 12:00:00+00:00,1,0.07,decrease,11.79,443334.7,1,4,24,3,0.02,0.02,0.27,23.03,1.61,6,6,1.0,1.0,0.11,0.82,high
validation_1,hist_gradient_boosting,2026-02-26,2,2026-02-26 09:00:00+00:00,2026-02-26 10:00:00+00:00,1,0.15,decrease,11.59,441641.8,6,3,24,5,0.15,17.34,0.24,5.71,1.64,4,6,0.67,0.75,0.03,0.58,medium
validation_1,hist_gradient_boosting,2026-02-26,3,2026-02-26 10:00:00+00:00,2026-02-26 11:00:00+00:00,1,0.17,increase,11.55,441113.5,8,2,24,1,0.0,0.01,0.33,23.04,1.56,6,6,1.0,0.5,0.03,0.58,medium
validation_1,hist_gradient_boosting,2026-02-26,4,2026-02-26 12:00:00+00:00,2026-02-26 13:00:00+00:00,1,0.2,increase,12.03,449578.8,2,9,24,2,0.0,0.0,0.55,23.05,1.33,6,6,1.0,0.25,0.03,0.47,low
validation_1,hist_gradient_boosting,2026-02-26,5,2026-02-26 23:00:00+00:00,2026-02-27 00:00:00+00:00,1,0.22,decrease,11.92,414829.1,7,5,24,8,0.22,9.1,0.76,13.95,1.13,3,6,0.5,0.0,0.06,0.19,low
validation_1,hist_gradient_boosting,2026-02-27,1,2026-02-27 11:00:00+00:00,2026-02-27 12:00:00+00:00,1,0.11,decrease,12.1,453499.2,2,5,24,2,0.04,0.0,0.59,10.66,0.22,6,6,1.0,1.0,0.03,0.81,high
validation_1,hist_gradient_boosting,2026-02-27,2,2026-02-27 10:00:00+00:00,2026-02-27 11:00:00+00:00,1,0.13,increase,11.91,449433.0,4,4,24,1,0.0,0.01,0.24,10.65,0.58,6,6,1.0,0.75,0.11,0.71,medium
validation_1,hist_gradient_boosting,2026-02-27,3,2026-02-27 09:00:00+00:00,2026-02-27 10:00:00+00:00,1,0.22,decrease,11.74,459730.4,9,3,24,3,0.09,2.91,0.26,7.75,0.56,6,6,1.0,0.5,0.03,0.58,medium
validation_1,hist_gradient_boosting,2026-02-27,4,2026-02-27 08:00:00+00:00,2026-02-27 09:00:00+00:00,1,0.24,decrease,11.68,457466.7,12,1,24,5,0.13,12.58,0.0,-1.92,0.81,3,6,0.5,0.25,0.0,0.29,low
validation_1,hist_gradient_boosting,2026-02-27,5,2026-02-27 12:00:00+00:00,2026-02-27 13:00:00+00:00,1,0.24,decrease,12.52,447100.2,1,12,24,6,0.15,0.0,1.01,10.66,-0.19,5,6,0.83,0.0,0.03,0.3,low
validation_1,hist_gradient_boosting,2026-02-28,1,2026-02-28 11:00:00+00:00,2026-02-28 12:00:00+00:00,1,0.04,decrease,13.44,454096.3,1,3,24,4,0.15,0.01,0.77,6.8,-0.63,6,6,1.0,1.0,0.02,0.8,high
validation_1,hist_gradient_boosting,2026-02-28,2,2026-02-28 10:00:00+00:00,2026-02-28 11:00:00+00:00,1,0.07,decrease,12.99,454269.1,3,2,24,1,0.0,0.0,0.34,6.81,-0.19,6,6,1.0,0.75,0.1,0.71,medium
validation_1,hist_gradient_boosting,2026-02-28,3,2026-02-28 09:00:00+00:00,2026-02-28 10:00:00+00:00,1,0.15,decrease,13.47,452574.6,5,4,24,2,0.04,0.02,0.0,6.79,0.15,6,6,1.0,0.5,0.08,0.59,medium
validation_1,hist_gradient_boosting,2026-02-28,4,2026-02-28 12:00:00+00:00,2026-02-28 13:00:00+00:00,1,0.22,decrease,14.12,455647.2,2,10,24,7,0.28,0.01,1.06,6.8,-0.91,4,6,0.67,0.25,0.02,0.35,low
validation_1,hist_gradient_boosting,2026-02-28,5,2026-02-28 08:00:00+00:00,2026-02-28 09:00:00+00:00,1,0.24,decrease,13.71,458535.5,6,7,24,3,0.13,1.79,0.42,5.02,-0.28,5,6,0.83,0.0,0.08,0.31,low
validation_1,hist_gradient_boosting,2026-03-01,1,2026-03-01 10:00:00+00:00,2026-03-01 11:00:00+00:00,1,0.13,decrease,13.32,443434.8,3,5,24,2,0.02,0.76,0.73,32.47,0.49,6,6,1.0,1.0,0.03,0.81,high
validation_1,hist_gradient_boosting,2026-03-01,2,2026-03-01 09:00:00+00:00,2026-03-01 10:00:00+00:00,1,0.15,increase,13.28,445526.6,5,4,24,1,0.0,0.79,0.47,32.45,0.74,6,6,1.0,0.75,0.0,0.69,medium
validation_1,hist_gradient_boosting,2026-03-01,3,2026-03-01 11:00:00+00:00,2026-03-01 12:00:00+00:00,1,0.15,decrease,13.56,445617.3,2,7,24,3,0.07,0.42,0.85,32.81,0.36,6,6,1.0,0.5,0.05,0.59,medium
validation_1,hist_gradient_boosting,2026-03-01,4,2026-03-01 23:00:00+00:00,2026-03-02 00:00:00+00:00,1,0.2,decrease,13.24,427564.1,9,2,24,6,0.13,16.66,0.66,16.57,0.55,3,6,0.5,0.25,0.03,0.29,low
validation_1,hist_gradient_boosting,2026-03-01,5,2026-03-01 12:00:00+00:00,2026-03-01 13:00:00+00:00,1,0.22,decrease,14.09,444499.7,1,11,24,4,0.07,0.0,0.94,33.24,0.27,4,6,0.67,0.0,0.08,0.25,low
validation_1,hist_gradient_boosting,2026-03-02,1,2026-03-02 10:00:00+00:00,2026-03-02 11:00:00+00:00,1,0.09,increase,11.83,440090.6,4,2,24,1,0.0,6.28,0.08,2.6,1.81,6,6,1.0,1.0,0.02,0.8,high
validation_1,hist_gradient_boosting,2026-03-02,2,2026-03-02 11:00:00+00:00,2026-03-02 12:00:00+00:00,1,0.11,increase,12.07,441056.4,3,4,24,3,0.02,4.8,0.22,4.08,1.67,6,6,1.0,0.75,0.02,0.69,medium
validation_1,hist_gradient_boosting,2026-03-02,3,2026-03-02 12:00:00+00:00,2026-03-02 13:00:00+00:00,1,0.13,increase,12.38,443697.0,2,6,24,2,0.0,0.0,0.58,8.88,1.31,6,6,1.0,0.5,0.02,0.58,medium
validation_1,hist_gradient_boosting,2026-03-02,4,2026-03-02 13:00:00+00:00,2026-03-02 14:00:00+00:00,1,0.15,increase,13.15,467395.0,1,8,24,4,0.07,4.42,0.78,4.45,1.1,5,6,0.83,0.25,0.07,0.42,low
validation_1,hist_gradient_boosting,2026-03-02,5,2026-03-02 09:00:00+00:00,2026-03-02 10:00:00+00:00,1,0.22,increase,11.71,444439.3,11,1,24,5,0.09,7.87,0.19,1.0,1.7,5,6,0.83,0.0,0.05,0.3,low
validation_1,hist_gradient_boosting,2026-03-03,1,2026-03-03 13:00:00+00:00,2026-03-03 14:00:00+00:00,1,0.0,increase,13.58,476729.2,1,1,24,2,0.07,6.2,0.45,42.18,2.01,6,6,1.0,1.0,0.07,0.81,high
validation_1,hist_gradient_boosting,2026-03-03,2,2026-03-03 14:00:00+00:00,2026-03-03 15:00:00+00:00,1,0.07,increase,14.09,479845.3,3,2,24,3,0.11,23.24,0.29,25.14,2.17,5,6,0.83,0.75,0.09,0.65,medium
validation_1,hist_gradient_boosting,2026-03-03,3,2026-03-03 12:00:00+00:00,2026-03-03 13:00:00+00:00,1,0.15,increase,15.36,547746.8,4,5,24,1,0.0,0.0,0.0,48.38,2.46,6,6,1.0,0.5,0.07,0.59,medium
validation_1,hist_gradient_boosting,2026-03-03,4,2026-03-03 00:00:00+00:00,2026-03-03 01:00:00+00:00,1,0.22,increase,14.8,456218.0,9,3,24,12,0.46,48.38,2.46,0.0,0.0,5,6,0.83,0.25,0.04,0.41,low
validation_1,hist_gradient_boosting,2026-03-03,5,2026-03-03 11:00:00+00:00,2026-03-03 12:00:00+00:00,1,0.26,increase,17.4,617026.2,2,12,24,4,0.17,19.62,2.06,28.76,0.39,4,6,0.67,0.0,0.0,0.23,low
validation_1,hist_gradient_boosting,2026-03-04,1,2026-03-04 12:00:00+00:00,2026-03-04 13:00:00+00:00,1,0.07,increase,12.93,486513.2,2,3,24,1,0.0,0.0,0.22,45.28,4.36,6,6,1.0,1.0,0.0,0.8,high
validation_1,hist_gradient_boosting,2026-03-04,2,2026-03-04 13:00:00+00:00,2026-03-04 14:00:00+00:00,1,0.07,decrease,13.13,487347.4,1,4,24,2,0.04,3.93,0.36,41.34,4.22,6,6,1.0,0.75,0.1,0.71,medium
validation_1,hist_gradient_boosting,2026-03-04,3,2026-03-04 11:00:00+00:00,2026-03-04 12:00:00+00:00,1,0.15,increase,13.17,491996.4,4,5,24,3,0.13,19.11,0.45,26.16,4.13,6,6,1.0,0.5,0.0,0.57,medium
validation_1,hist_gradient_boosting,2026-03-04,4,2026-03-04 14:00:00+00:00,2026-03-04 15:00:00+00:00,1,0.15,decrease,13.53,491512.0,3,6,24,4,0.15,15.63,0.83,29.65,3.75,6,6,1.0,0.25,0.12,0.49,low
validation_1,hist_gradient_boosting,2026-03-04,5,2026-03-04 15:00:00+00:00,2026-03-04 16:00:00+00:00,1,0.26,increase,14.82,514538.4,5,9,24,6,0.26,30.52,1.31,14.75,3.27,6,6,1.0,0.0,0.02,0.35,low
validation_1,hist_gradient_boosting,2026-03-05,1,2026-03-05 11:00:00+00:00,2026-03-05 12:00:00+00:00,1,0.07,decrease,11.88,440486.5,3,2,24,2,0.0,0.43,0.57,82.12,0.89,6,6,1.0,1.0,0.02,0.8,high
validation_1,hist_gradient_boosting,2026-03-05,2,2026-03-05 12:00:00+00:00,2026-03-05 13:00:00+00:00,1,0.09,decrease,12.38,443776.8,1,5,24,4,0.04,0.0,0.69,82.55,0.78,6,6,1.0,0.75,0.05,0.7,medium
validation_1,hist_gradient_boosting,2026-03-05,3,2026-03-05 10:00:00+00:00,2026-03-05 11:00:00+00:00,1,0.13,increase,11.91,440438.6,5,3,24,1,0.0,23.77,0.15,58.78,1.31,6,6,1.0,0.5,0.0,0.57,medium
validation_1,hist_gradient_boosting,2026-03-05,4,2026-03-05 13:00:00+00:00,2026-03-05 14:00:00+00:00,1,0.13,decrease,12.6,451234.0,2,6,24,5,0.07,30.1,0.64,52.45,0.82,6,6,1.0,0.25,0.05,0.47,low
validation_1,hist_gradient_boosting,2026-03-05,5,2026-03-05 09:00:00+00:00,2026-03-05 10:00:00+00:00,1,0.17,increase,11.69,439830.3,9,1,24,3,0.04,59.67,0.0,22.88,1.46,1,6,0.17,0.0,0.02,0.06,low
validation_1,hist_gradient_boosting,2026-03-06,1,2026-03-06 09:00:00+00:00,2026-03-06 10:00:00+00:00,1,0.07,decrease,12.94,455997.7,3,2,24,5,0.07,26.21,0.0,-2.98,1.5,6,6,1.0,1.0,0.12,0.82,high
validation_1,hist_gradient_boosting,2026-03-06,2,2026-03-06 10:00:00+00:00,2026-03-06 11:00:00+00:00,1,0.17,increase,12.78,447249.4,9,1,24,9,0.15,29.17,0.41,-5.94,1.08,6,6,1.0,0.75,0.0,0.69,medium
validation_1,hist_gradient_boosting,2026-03-06,3,2026-03-06 12:00:00+00:00,2026-03-06 13:00:00+00:00,1,0.17,increase,13.25,455913.5,6,4,24,1,0.0,13.2,0.68,10.03,0.81,6,6,1.0,0.5,0.0,0.57,medium
validation_1,hist_gradient_boosting,2026-03-06,4,2026-03-06 13:00:00+00:00,2026-03-06 14:00:00+00:00,1,0.17,increase,13.56,457843.7,4,6,24,2,0.02,13.02,1.07,10.21,0.42,6,6,1.0,0.25,0.02,0.47,low
validation_1,hist_gradient_boosting,2026-03-06,5,2026-03-06 11:00:00+00:00,2026-03-06 12:00:00+00:00,1,0.2,increase,13.11,450554.0,8,3,24,4,0.04,21.42,0.54,1.81,0.96,5,6,0.83,0.0,0.09,0.31,low
validation_1,hist_gradient_boosting,2026-03-07,1,2026-03-07 11:00:00+00:00,2026-03-07 12:00:00+00:00,1,0.07,decrease,13.31,446190.1,3,2,24,3,0.09,14.7,0.29,55.66,0.53,6,6,1.0,1.0,0.02,0.8,high
validation_1,hist_gradient_boosting,2026-03-07,2,2026-03-07 10:00:00+00:00,2026-03-07 11:00:00+00:00,1,0.09,decrease,13.25,444564.2,5,1,24,1,0.0,27.3,0.0,43.06,0.82,5,6,0.83,0.75,0.05,0.64,medium
validation_1,hist_gradient_boosting,2026-03-07,3,2026-03-07 12:00:00+00:00,2026-03-07 13:00:00+00:00,1,0.13,decrease,13.72,449250.0,2,6,24,2,0.02,0.0,0.22,70.36,0.59,6,6,1.0,0.5,0.02,0.58,medium
validation_1,hist_gradient_boosting,2026-03-07,4,2026-03-07 13:00:00+00:00,2026-03-07 14:00:00+00:00,1,0.15,decrease,13.87,452846.7,1,8,24,4,0.09,17.06,0.29,53.3,0.53,6,6,1.0,0.25,0.02,0.47,low
validation_1,hist_gradient_boosting,2026-03-07,5,2026-03-07 09:00:00+00:00,2026-03-07 10:00:00+00:00,1,0.17,decrease,13.44,450507.4,6,4,24,5,0.13,43.48,0.16,26.88,0.66,5,6,0.83,0.0,0.07,0.31,low
validation_1,hist_gradient_boosting,2026-03-08,1,2026-03-08 11:00:00+00:00,2026-03-08 12:00:00+00:00,1,0.04,decrease,13.55,455085.2,3,1,24,2,0.0,10.5,0.09,87.18,1.77,6,6,1.0,1.0,0.05,0.81,high
validation_1,hist_gradient_boosting,2026-03-08,2,2026-03-08 12:00:00+00:00,2026-03-08 13:00:00+00:00,1,0.09,increase,13.83,454899.5,2,4,24,3,0.04,0.0,0.82,97.69,1.04,6,6,1.0,0.75,0.05,0.7,medium
validation_1,hist_gradient_boosting,2026-03-08,3,2026-03-08 10:00:00+00:00,2026-03-08 11:00:00+00:00,1,0.13,decrease,13.58,452539.7,5,3,24,1,0.0,21.63,0.0,76.06,1.86,6,6,1.0,0.5,0.0,0.57,medium
validation_1,hist_gradient_boosting,2026-03-08,4,2026-03-08 13:00:00+00:00,2026-03-08 14:00:00+00:00,1,0.13,decrease,14.93,457586.7,1,7,24,5,0.13,6.6,1.18,91.09,0.68,5,6,0.83,0.25,0.02,0.41,low
validation_1,hist_gradient_boosting,2026-03-08,5,2026-03-08 09:00:00+00:00,2026-03-08 10:00:00+00:00,1,0.15,increase,13.57,443753.4,7,2,24,4,0.11,37.55,0.28,60.14,1.58,6,6,1.0,0.0,0.11,0.37,low
validation_1,hist_gradient_boosting,2026-03-09,1,2026-03-09 12:00:00+00:00,2026-03-09 13:00:00+00:00,1,0.02,increase,13.1,459574.2,1,2,24,1,0.0,0.0,0.01,29.8,1.38,6,6,1.0,1.0,0.05,0.81,high
validation_1,hist_gradient_boosting,2026-03-09,2,2026-03-09 13:00:00+00:00,2026-03-09 14:00:00+00:00,1,0.07,increase,13.33,464517.5,2,3,24,3,0.09,2.03,0.2,27.77,1.19,6,6,1.0,0.75,0.02,0.69,medium
validation_1,hist_gradient_boosting,2026-03-09,3,2026-03-09 11:00:00+00:00,2026-03-09 12:00:00+00:00,1,0.09,increase,12.86,457026.2,5,1,24,2,0.07,3.85,0.0,25.95,1.39,6,6,1.0,0.5,0.02,0.58,medium
validation_1,hist_gradient_boosting,2026-03-09,4,2026-03-09 14:00:00+00:00,2026-03-09 15:00:00+00:00,1,0.11,increase,13.5,466944.2,3,4,24,5,0.17,13.01,0.56,16.79,0.83,5,6,0.83,0.25,0.14,0.43,low
validation_1,hist_gradient_boosting,2026-03-09,5,2026-03-09 03:00:00+00:00,2026-03-09 04:00:00+00:00,1,0.24,decrease,15.14,457136.4,4,9,24,8,0.3,2.19,2.25,27.61,-0.86,4,6,0.67,0.0,0.02,0.24,low
validation_1,hist_gradient_boosting,2026-03-10,1,2026-03-10 12:00:00+00:00,2026-03-10 13:00:00+00:00,1,0.02,increase,13.37,477744.8,2,1,24,1,0.0,80.24,0.02,33.1,3.23,6,6,1.0,1.0,0.04,0.81,high
validation_1,hist_gradient_boosting,2026-03-10,2,2026-03-10 13:00:00+00:00,2026-03-10 14:00:00+00:00,1,0.07,increase,13.41,478001.1,3,2,24,2,0.0,80.84,0.0,32.51,3.25,6,6,1.0,0.75,0.02,0.69,medium
validation_1,hist_gradient_boosting,2026-03-10,3,2026-03-10 23:00:00+00:00,2026-03-11 00:00:00+00:00,1,0.09,decrease,14.62,502199.9,1,5,24,3,0.0,0.0,0.16,113.35,3.08,5,6,0.83,0.5,0.04,0.53,medium
validation_1,hist_gradient_boosting,2026-03-10,4,2026-03-10 11:00:00+00:00,2026-03-10 12:00:00+00:00,1,0.13,increase,13.53,481675.7,4,4,24,5,0.13,84.08,0.35,29.27,2.9,6,6,1.0,0.25,0.0,0.46,low
validation_1,hist_gradient_boosting,2026-03-10,5,2026-03-10 14:00:00+00:00,2026-03-10 15:00:00+00:00,1,0.13,increase,13.52,481247.0,5,3,24,4,0.09,84.52,0.16,28.83,3.08,6,6,1.0,0.0,0.13,0.38,low
validation_1,hist_gradient_boosting,2026-03-11,1,2026-03-11 11:00:00+00:00,2026-03-11 12:00:00+00:00,1,0.13,decrease,11.89,440712.1,4,4,24,2,0.0,15.21,0.22,18.76,1.59,6,6,1.0,1.0,0.0,0.8,high
validation_1,hist_gradient_boosting,2026-03-11,2,2026-03-11 12:00:00+00:00,2026-03-11 13:00:00+00:00,1,0.13,decrease,12.24,445640.5,3,5,24,4,0.09,22.82,0.26,11.15,1.55,6,6,1.0,0.75,0.08,0.7,medium
validation_1,hist_gradient_boosting,2026-03-11,3,2026-03-11 10:00:00+00:00,2026-03-11 11:00:00+00:00,1,0.2,decrease,11.72,440790.6,9,2,24,1,0.0,19.82,0.05,14.15,1.76,5,6,0.83,0.5,0.05,0.53,medium
validation_1,hist_gradient_boosting,2026-03-11,4,2026-03-11 09:00:00+00:00,2026-03-11 10:00:00+00:00,1,0.24,decrease,11.41,437673.6,12,1,24,3,0.04,32.3,0.0,1.67,1.81,3,6,0.5,0.25,0.05,0.3,low
validation_1,hist_gradient_boosting,2026-03-11,5,2026-03-11 00:00:00+00:00,2026-03-11 01:00:00+00:00,1,0.28,decrease,13.01,439021.1,5,10,24,16,0.39,33.98,1.81,0.0,0.0,4,6,0.67,0.0,0.03,0.24,low
validation_1,hist_gradient_boosting,2026-03-12,1,2026-03-12 10:00:00+00:00,2026-03-12 11:00:00+00:00,1,0.09,decrease,12.18,456937.0,4,1,17,1,0.0,0.01,0.41,84.53,1.0,6,6,1.0,1.0,0.0,0.8,high
validation_1,hist_gradient_boosting,2026-03-12,2,2026-03-12 11:00:00+00:00,2026-03-12 12:00:00+00:00,1,0.09,decrease,12.29,459135.1,2,3,17,2,0.03,0.0,0.6,84.54,0.81,6,6,1.0,0.75,0.04,0.7,medium
validation_1,hist_gradient_boosting,2026-03-12,3,2026-03-12 12:00:00+00:00,2026-03-12 13:00:00+00:00,1,0.12,decrease,12.82,463344.3,1,5,17,3,0.03,0.0,0.94,84.54,0.47,6,6,1.0,0.5,0.19,0.61,medium
validation_1,hist_gradient_boosting,2026-03-12,4,2026-03-12 13:00:00+00:00,2026-03-12 14:00:00+00:00,1,0.28,decrease,13.56,472157.9,3,8,17,5,0.12,0.0,1.12,84.54,0.29,6,6,1.0,0.25,0.04,0.47,low
validation_1,hist_gradient_boosting,2026-03-12,5,2026-03-12 09:00:00+00:00,2026-03-12 10:00:00+00:00,1,0.31,increase,12.38,457797.8,8,4,17,4,0.06,8.88,0.45,75.66,0.96,6,6,1.0,0.0,0.12,0.37,low
validation_2,hist_gradient_boosting,2026-03-12,1,2026-03-12 23:00:00+00:00,2026-03-13 00:00:00+00:00,1,0.0,unknown,11.8,428118.4,1,1,7,6,0.17,0.0,0.75,69.27,-0.23,6,6,1.0,1.0,0.18,0.84,high
validation_2,hist_gradient_boosting,2026-03-12,2,2026-03-12 22:00:00+00:00,2026-03-12 23:00:00+00:00,1,0.17,unknown,11.81,439276.3,2,2,7,2,0.08,16.2,0.35,53.08,0.17,6,6,1.0,0.75,0.36,0.76,high
validation_2,hist_gradient_boosting,2026-03-12,3,2026-03-12 20:00:00+00:00,2026-03-12 21:00:00+00:00,1,0.5,unknown,11.9,458558.5,5,3,7,5,0.17,44.66,0.26,24.61,0.26,6,6,1.0,0.5,0.09,0.59,medium
validation_2,hist_gradient_boosting,2026-03-12,4,2026-03-12 21:00:00+00:00,2026-03-12 22:00:00+00:00,1,0.58,unknown,11.97,446365.4,4,5,7,1,0.0,40.66,0.23,28.61,0.29,6,6,1.0,0.25,0.09,0.48,low
validation_2,hist_gradient_boosting,2026-03-12,5,2026-03-12 17:00:00+00:00,2026-03-12 18:00:00+00:00,1,0.67,unknown,15.18,530671.0,3,7,7,7,0.42,69.27,0.52,0.0,0.0,5,6,0.83,0.0,0.0,0.29,low
validation_2,hist_gradient_boosting,2026-03-13,1,2026-03-13 10:00:00+00:00,2026-03-13 11:00:00+00:00,1,0.02,unknown,11.41,433705.9,1,2,24,1,0.0,4.4,0.0,4.7,1.86,6,6,1.0,1.0,0.0,0.8,high
validation_2,hist_gradient_boosting,2026-03-13,2,2026-03-13 11:00:00+00:00,2026-03-13 12:00:00+00:00,1,0.02,unknown,11.38,425916.3,2,1,24,4,0.17,17.3,0.08,-8.2,1.79,6,6,1.0,0.75,0.16,0.72,medium
validation_2,hist_gradient_boosting,2026-03-13,3,2026-03-13 13:00:00+00:00,2026-03-13 14:00:00+00:00,1,0.17,unknown,11.99,432073.3,4,6,24,5,0.17,11.22,0.57,-2.13,1.3,5,6,0.83,0.5,0.05,0.53,medium
validation_2,hist_gradient_boosting,2026-03-13,4,2026-03-13 09:00:00+00:00,2026-03-13 10:00:00+00:00,1,0.22,unknown,11.86,450641.3,7,5,24,2,0.04,3.81,0.31,5.28,1.56,6,6,1.0,0.25,0.05,0.47,low
validation_2,hist_gradient_boosting,2026-03-13,5,2026-03-13 12:00:00+00:00,2026-03-13 13:00:00+00:00,1,0.26,unknown,11.63,430159.7,11,3,24,3,0.07,4.92,0.3,4.17,1.56,5,6,0.83,0.0,0.05,0.3,low
validation_2,hist_gradient_boosting,2026-03-14,1,2026-03-14 11:00:00+00:00,2026-03-14 12:00:00+00:00,1,0.0,increase,12.52,442349.5,1,1,24,2,0.13,26.61,0.0,21.98,1.42,6,6,1.0,1.0,0.13,0.83,high
validation_2,hist_gradient_boosting,2026-03-14,2,2026-03-14 15:00:00+00:00,2026-03-14 16:00:00+00:00,1,0.13,increase,13.5,458170.6,2,6,24,7,0.33,14.19,1.54,34.4,-0.12,5,6,0.83,0.75,0.02,0.63,medium
validation_2,hist_gradient_boosting,2026-03-14,3,2026-03-14 12:00:00+00:00,2026-03-14 13:00:00+00:00,1,0.15,increase,12.58,443393.9,7,2,24,3,0.13,6.82,1.16,41.77,0.26,6,6,1.0,0.5,0.07,0.59,medium
validation_2,hist_gradient_boosting,2026-03-14,4,2026-03-14 10:00:00+00:00,2026-03-14 11:00:00+00:00,1,0.22,increase,12.77,440055.7,9,3,24,4,0.15,14.74,0.2,33.85,1.22,6,6,1.0,0.25,0.0,0.46,low
validation_2,hist_gradient_boosting,2026-03-14,5,2026-03-14 13:00:00+00:00,2026-03-14 14:00:00+00:00,1,0.22,increase,13.95,489837.3,3,9,24,8,0.35,7.77,1.86,40.82,-0.44,5,6,0.83,0.0,0.07,0.3,low
validation_2,hist_gradient_boosting,2026-03-15,1,2026-03-15 10:00:00+00:00,2026-03-15 11:00:00+00:00,1,0.02,decrease,12.0,431245.4,2,1,24,2,0.02,7.0,0.03,128.11,5.76,6,6,1.0,1.0,0.07,0.81,high
validation_2,hist_gradient_boosting,2026-03-15,2,2026-03-15 11:00:00+00:00,2026-03-15 12:00:00+00:00,1,0.09,decrease,12.29,435060.8,3,3,24,3,0.02,8.48,0.0,126.62,5.79,6,6,1.0,0.75,0.0,0.69,medium
validation_2,hist_gradient_boosting,2026-03-15,3,2026-03-15 12:00:00+00:00,2026-03-15 13:00:00+00:00,1,0.09,decrease,12.75,441599.7,1,5,24,1,0.0,1.92,0.17,133.19,5.62,6,6,1.0,0.5,0.12,0.6,medium
validation_2,hist_gradient_boosting,2026-03-15,4,2026-03-15 09:00:00+00:00,2026-03-15 10:00:00+00:00,1,0.2,decrease,12.25,428951.8,9,2,24,5,0.04,6.72,0.26,128.38,5.54,3,6,0.5,0.25,0.0,0.29,low
validation_2,hist_gradient_boosting,2026-03-15,5,2026-03-15 13:00:00+00:00,2026-03-15 14:00:00+00:00,1,0.2,decrease,13.16,445839.6,4,7,24,4,0.02,0.0,0.74,135.1,5.06,5,6,0.83,0.0,0.02,0.3,low
validation_2,hist_gradient_boosting,2026-03-16,1,2026-03-16 11:00:00+00:00,2026-03-16 12:00:00+00:00,1,0.04,decrease,11.66,444087.9,3,1,24,2,0.07,10.62,0.0,4.19,1.37,6,6,1.0,1.0,0.0,0.8,high
validation_2,hist_gradient_boosting,2026-03-16,2,2026-03-16 12:00:00+00:00,2026-03-16 13:00:00+00:00,1,0.04,increase,11.9,441814.0,2,2,24,1,0.0,0.0,0.13,14.8,1.24,6,6,1.0,0.75,0.0,0.69,medium
validation_2,hist_gradient_boosting,2026-03-16,3,2026-03-16 13:00:00+00:00,2026-03-16 14:00:00+00:00,1,0.04,increase,12.26,449149.7,1,3,24,4,0.11,6.96,0.49,7.84,0.88,6,6,1.0,0.5,0.23,0.62,medium
validation_2,hist_gradient_boosting,2026-03-16,4,2026-03-16 10:00:00+00:00,2026-03-16 11:00:00+00:00,1,0.26,increase,12.27,460394.3,10,4,24,3,0.11,13.11,0.05,1.69,1.32,6,6,1.0,0.25,0.02,0.47,low
validation_2,hist_gradient_boosting,2026-03-16,5,2026-03-16 14:00:00+00:00,2026-03-16 15:00:00+00:00,1,0.28,increase,12.95,464115.4,6,9,24,8,0.3,17.23,1.05,-2.42,0.32,3,6,0.5,0.0,0.05,0.18,low
validation_2,hist_gradient_boosting,2026-03-17,1,2026-03-17 11:00:00+00:00,2026-03-17 12:00:00+00:00,1,0.04,decrease,11.6,428401.6,2,2,24,2,0.02,0.0,0.48,98.21,1.84,6,6,1.0,1.0,0.02,0.8,high
validation_2,hist_gradient_boosting,2026-03-17,2,2026-03-17 10:00:00+00:00,2026-03-17 11:00:00+00:00,1,0.07,decrease,11.33,424261.6,4,1,24,1,0.0,0.01,0.0,98.21,2.32,6,6,1.0,0.75,0.0,0.69,medium
validation_2,hist_gradient_boosting,2026-03-17,3,2026-03-17 12:00:00+00:00,2026-03-17 13:00:00+00:00,1,0.07,decrease,12.22,434165.9,1,4,24,3,0.02,0.0,1.03,98.22,1.29,6,6,1.0,0.5,0.12,0.6,medium
validation_2,hist_gradient_boosting,2026-03-17,4,2026-03-17 13:00:00+00:00,2026-03-17 14:00:00+00:00,1,0.17,decrease,13.06,444814.8,3,7,24,5,0.11,0.0,1.35,98.22,0.97,6,6,1.0,0.25,0.0,0.46,low
validation_2,hist_gradient_boosting,2026-03-17,5,2026-03-17 23:00:00+00:00,2026-03-18 00:00:00+00:00,1,0.17,decrease,12.05,413285.1,7,3,24,6,0.15,37.57,1.01,60.65,1.31,3,6,0.5,0.0,0.07,0.19,low
validation_2,hist_gradient_boosting,2026-03-18,1,2026-03-18 09:00:00+00:00,2026-03-18 10:00:00+00:00,1,0.02,decrease,11.25,429534.9,2,1,24,1,0.0,0.4,0.0,27.81,1.59,6,6,1.0,1.0,0.05,0.81,high
validation_2,hist_gradient_boosting,2026-03-18,2,2026-03-18 10:00:00+00:00,2026-03-18 11:00:00+00:00,1,0.07,decrease,11.27,431624.2,3,2,24,2,0.02,0.39,0.46,27.82,1.13,6,6,1.0,0.75,0.15,0.72,medium
validation_2,hist_gradient_boosting,2026-03-18,3,2026-03-18 11:00:00+00:00,2026-03-18 12:00:00+00:00,1,0.2,decrease,12.01,434928.3,5,6,24,3,0.04,0.0,1.03,28.21,0.57,6,6,1.0,0.5,0.0,0.57,medium
validation_2,hist_gradient_boosting,2026-03-18,4,2026-03-18 08:00:00+00:00,2026-03-18 09:00:00+00:00,1,0.2,decrease,11.49,441690.1,8,3,24,4,0.07,9.78,0.43,18.42,1.16,5,6,0.83,0.25,0.05,0.41,low
validation_2,hist_gradient_boosting,2026-03-18,5,2026-03-18 12:00:00+00:00,2026-03-18 13:00:00+00:00,1,0.24,decrease,12.71,434444.1,1,12,24,6,0.17,0.2,1.16,28.01,0.43,5,6,0.83,0.0,0.15,0.32,low
validation_2,hist_gradient_boosting,2026-03-19,1,2026-03-19 10:00:00+00:00,2026-03-19 11:00:00+00:00,1,0.09,decrease,13.01,479162.9,1,5,24,7,0.35,0.01,1.19,26.4,-0.56,6,6,1.0,1.0,0.1,0.82,high
validation_2,hist_gradient_boosting,2026-03-19,2,2026-03-19 11:00:00+00:00,2026-03-19 12:00:00+00:00,1,0.17,decrease,13.19,480413.1,2,8,24,11,0.43,0.0,1.97,26.41,-1.34,6,6,1.0,0.75,0.15,0.72,medium
validation_2,hist_gradient_boosting,2026-03-19,3,2026-03-19 00:00:00+00:00,2026-03-19 01:00:00+00:00,1,0.3,decrease,12.93,443265.4,13,3,24,5,0.35,26.41,0.63,0.0,0.0,5,6,0.83,0.5,0.02,0.52,medium
validation_2,hist_gradient_boosting,2026-03-19,4,2026-03-19 14:00:00+00:00,2026-03-19 15:00:00+00:00,1,0.33,increase,13.39,441927.7,6,11,24,2,0.04,0.01,0.0,26.4,0.63,4,6,0.67,0.25,0.05,0.36,low
validation_2,hist_gradient_boosting,2026-03-19,5,2026-03-19 07:00:00+00:00,2026-03-19 08:00:00+00:00,1,0.37,increase,12.48,456501.4,18,1,24,9,0.39,33.48,0.51,-7.08,0.12,2,6,0.33,0.0,0.02,0.12,low
validation_2,hist_gradient_boosting,2026-03-20,1,2026-03-20 11:00:00+00:00,2026-03-20 12:00:00+00:00,1,0.02,increase,12.31,444741.7,1,2,24,3,0.04,2.63,0.01,59.49,2.12,5,6,0.83,1.0,0.05,0.75,high
validation_2,hist_gradient_boosting,2026-03-20,2,2026-03-20 10:00:00+00:00,2026-03-20 11:00:00+00:00,1,0.07,increase,12.18,447206.5,4,1,24,1,0.0,2.6,0.0,59.52,2.14,5,6,0.83,0.75,0.0,0.63,medium
validation_2,hist_gradient_boosting,2026-03-20,3,2026-03-20 12:00:00+00:00,2026-03-20 13:00:00+00:00,1,0.07,increase,12.78,445940.2,2,3,24,2,0.0,0.0,0.17,62.12,1.97,5,6,0.83,0.5,0.12,0.54,medium
validation_2,hist_gradient_boosting,2026-03-20,4,2026-03-20 13:00:00+00:00,2026-03-20 14:00:00+00:00,1,0.17,increase,13.22,450060.2,3,7,24,4,0.04,0.87,0.38,61.25,1.76,6,6,1.0,0.25,0.12,0.49,low
validation_2,hist_gradient_boosting,2026-03-20,5,2026-03-20 09:00:00+00:00,2026-03-20 10:00:00+00:00,1,0.28,increase,13.3,482759.6,6,9,24,5,0.11,18.13,0.17,43.99,1.97,3,6,0.5,0.0,0.0,0.18,low
validation_2,hist_gradient_boosting,2026-03-21,1,2026-03-21 10:00:00+00:00,2026-03-21 11:00:00+00:00,1,0.02,decrease,12.37,437905.6,2,1,24,1,0.0,2.19,0.15,48.75,1.13,6,6,1.0,1.0,0.12,0.82,high
validation_2,hist_gradient_boosting,2026-03-21,2,2026-03-21 11:00:00+00:00,2026-03-21 12:00:00+00:00,1,0.13,decrease,12.99,438641.1,1,7,24,5,0.09,6.28,0.21,44.66,1.08,6,6,1.0,0.75,0.02,0.69,medium
validation_2,hist_gradient_boosting,2026-03-21,3,2026-03-21 09:00:00+00:00,2026-03-21 10:00:00+00:00,1,0.15,decrease,12.71,434946.5,6,3,24,4,0.07,7.36,0.0,43.58,1.29,5,6,0.83,0.5,0.07,0.53,medium
validation_2,hist_gradient_boosting,2026-03-21,4,2026-03-21 12:00:00+00:00,2026-03-21 13:00:00+00:00,1,0.22,increase,13.5,441358.6,3,9,24,2,0.02,0.75,0.25,50.19,1.03,5,6,0.83,0.25,0.05,0.41,low
validation_2,hist_gradient_boosting,2026-03-21,5,2026-03-21 13:00:00+00:00,2026-03-21 14:00:00+00:00,1,0.26,increase,13.68,443377.9,4,10,24,3,0.04,0.0,0.63,50.94,0.66,6,6,1.0,0.0,0.05,0.36,low
validation_2,hist_gradient_boosting,2026-03-22,1,2026-03-22 10:00:00+00:00,2026-03-22 11:00:00+00:00,1,0.09,decrease,13.86,416137.0,3,3,24,7,0.22,0.77,0.68,60.76,-0.68,6,6,1.0,1.0,0.05,0.81,high
validation_2,hist_gradient_boosting,2026-03-22,2,2026-03-22 09:00:00+00:00,2026-03-22 10:00:00+00:00,1,0.13,decrease,13.69,420128.5,6,2,24,1,0.0,3.21,0.15,58.32,-0.15,6,6,1.0,0.75,0.1,0.71,medium
validation_2,hist_gradient_boosting,2026-03-22,3,2026-03-22 12:00:00+00:00,2026-03-22 13:00:00+00:00,1,0.22,decrease,14.78,414938.4,1,11,24,4,0.17,0.0,0.67,61.53,-0.67,6,6,1.0,0.5,0.0,0.57,medium
validation_2,hist_gradient_boosting,2026-03-22,4,2026-03-22 11:00:00+00:00,2026-03-22 12:00:00+00:00,1,0.22,decrease,14.66,415552.8,2,10,24,9,0.26,2.15,0.76,59.38,-0.76,6,6,1.0,0.25,0.05,0.47,low
validation_2,hist_gradient_boosting,2026-03-22,5,2026-03-22 07:00:00+00:00,2026-03-22 08:00:00+00:00,1,0.26,decrease,13.89,424955.7,10,4,24,6,0.2,36.12,0.45,25.41,-0.45,3,6,0.5,0.0,0.0,0.18,low
validation_2,hist_gradient_boosting,2026-03-23,1,2026-03-23 13:00:00+00:00,2026-03-23 14:00:00+00:00,1,0.02,increase,13.26,442536.7,1,2,24,2,0.02,13.35,0.0,73.74,1.81,5,6,0.83,1.0,0.07,0.76,high
validation_2,hist_gradient_boosting,2026-03-23,2,2026-03-23 14:00:00+00:00,2026-03-23 15:00:00+00:00,1,0.09,increase,12.49,417719.0,5,1,24,3,0.02,11.86,0.35,75.23,1.46,6,6,1.0,0.75,0.07,0.7,medium
validation_2,hist_gradient_boosting,2026-03-23,3,2026-03-23 12:00:00+00:00,2026-03-23 13:00:00+00:00,1,0.15,increase,14.87,516679.1,3,6,24,1,0.0,0.0,0.45,87.09,1.36,6,6,1.0,0.5,0.02,0.58,medium
validation_2,hist_gradient_boosting,2026-03-23,4,2026-03-23 15:00:00+00:00,2026-03-23 16:00:00+00:00,1,0.17,increase,14.28,458325.8,6,4,24,4,0.15,31.15,0.95,55.94,0.86,6,6,1.0,0.25,0.02,0.47,low
validation_2,hist_gradient_boosting,2026-03-23,5,2026-03-23 11:00:00+00:00,2026-03-23 12:00:00+00:00,1,0.2,increase,15.56,549501.2,2,9,24,9,0.28,16.73,4.94,70.36,-3.13,4,6,0.67,0.0,0.09,0.25,low
validation_2,hist_gradient_boosting,2026-03-24,1,2026-03-24 10:00:00+00:00,2026-03-24 11:00:00+00:00,1,0.07,decrease,11.0,398888.6,4,1,24,2,0.02,0.32,0.0,72.31,3.37,6,6,1.0,1.0,0.0,0.8,high
validation_2,hist_gradient_boosting,2026-03-24,2,2026-03-24 11:00:00+00:00,2026-03-24 12:00:00+00:00,1,0.07,decrease,11.21,404920.2,2,3,24,1,0.0,0.0,0.09,72.63,3.28,5,6,0.83,0.75,0.02,0.63,medium
validation_2,hist_gradient_boosting,2026-03-24,3,2026-03-24 12:00:00+00:00,2026-03-24 13:00:00+00:00,1,0.09,decrease,11.71,404813.9,1,5,24,3,0.04,0.0,0.53,72.63,2.84,6,6,1.0,0.5,0.18,0.61,medium
validation_2,hist_gradient_boosting,2026-03-24,4,2026-03-24 09:00:00+00:00,2026-03-24 10:00:00+00:00,1,0.24,increase,11.17,394379.2,11,2,24,4,0.13,17.7,0.13,54.93,3.24,1,6,0.17,0.25,0.0,0.17,low
validation_2,hist_gradient_boosting,2026-03-24,5,2026-03-24 13:00:00+00:00,2026-03-24 14:00:00+00:00,1,0.24,decrease,12.11,415217.1,3,10,24,5,0.2,0.0,0.88,72.63,2.5,6,6,1.0,0.0,0.0,0.35,low
validation_2,hist_gradient_boosting,2026-03-25,1,2026-03-25 09:00:00+00:00,2026-03-25 10:00:00+00:00,1,0.0,decrease,10.7,410370.7,1,1,24,2,0.02,0.01,0.41,0.37,1.25,6,6,1.0,1.0,0.12,0.82,high
validation_2,hist_gradient_boosting,2026-03-25,2,2026-03-25 10:00:00+00:00,2026-03-25 11:00:00+00:00,1,0.11,decrease,11.33,409093.8,3,4,24,1,0.0,0.0,0.43,0.38,1.23,6,6,1.0,0.75,0.0,0.69,medium
validation_2,hist_gradient_boosting,2026-03-25,3,2026-03-25 11:00:00+00:00,2026-03-25 12:00:00+00:00,1,0.11,decrease,11.56,405700.2,2,5,24,3,0.07,0.01,0.45,0.38,1.22,6,6,1.0,0.5,0.12,0.6,medium
validation_2,hist_gradient_boosting,2026-03-25,4,2026-03-25 08:00:00+00:00,2026-03-25 09:00:00+00:00,1,0.22,decrease,11.18,425142.1,10,2,24,5,0.15,0.74,0.0,-0.37,1.66,2,6,0.33,0.25,0.0,0.23,low
validation_2,hist_gradient_boosting,2026-03-25,5,2026-03-25 12:00:00+00:00,2026-03-25 13:00:00+00:00,1,0.22,decrease,11.82,411530.2,4,8,24,4,0.11,0.01,0.44,0.37,1.22,6,6,1.0,0.0,0.05,0.36,low
validation_2,hist_gradient_boosting,2026-03-26,1,2026-03-26 14:00:00+00:00,2026-03-26 15:00:00+00:00,1,0.07,increase,11.34,420768.5,4,1,24,2,0.07,1.84,0.35,59.29,0.88,5,6,0.83,1.0,0.05,0.75,high
validation_2,hist_gradient_boosting,2026-03-26,2,2026-03-26 13:00:00+00:00,2026-03-26 14:00:00+00:00,1,0.11,increase,12.89,479761.2,2,5,24,1,0.0,0.0,0.0,61.13,1.23,5,6,0.83,0.75,0.08,0.64,medium
validation_2,hist_gradient_boosting,2026-03-26,3,2026-03-26 15:00:00+00:00,2026-03-26 16:00:00+00:00,1,0.17,increase,12.53,449051.3,6,4,24,4,0.17,24.73,1.3,36.39,-0.07,5,6,0.83,0.5,0.03,0.52,medium
validation_2,hist_gradient_boosting,2026-03-26,4,2026-03-26 12:00:00+00:00,2026-03-26 13:00:00+00:00,1,0.2,increase,13.53,512237.7,1,10,24,3,0.09,0.0,1.77,61.13,-0.54,5,6,0.83,0.25,0.07,0.42,low
validation_2,hist_gradient_boosting,2026-03-26,5,2026-03-26 00:00:00+00:00,2026-03-26 01:00:00+00:00,1,0.26,increase,11.96,412831.7,12,2,24,6,0.26,61.13,1.23,0.0,0.0,4,6,0.67,0.0,0.0,0.23,low
validation_2,hist_gradient_boosting,2026-03-27,1,2026-03-27 13:00:00+00:00,2026-03-27 14:00:00+00:00,1,0.0,increase,13.06,487378.1,1,1,24,2,0.04,4.22,0.16,64.74,5.25,6,6,1.0,1.0,0.07,0.81,high
validation_2,hist_gradient_boosting,2026-03-27,2,2026-03-27 12:00:00+00:00,2026-03-27 13:00:00+00:00,1,0.07,increase,13.78,509818.0,2,3,24,1,0.0,0.0,0.0,68.96,5.41,6,6,1.0,0.75,0.0,0.69,medium
validation_2,hist_gradient_boosting,2026-03-27,3,2026-03-27 14:00:00+00:00,2026-03-27 15:00:00+00:00,1,0.07,increase,13.12,489510.3,3,2,24,4,0.15,41.3,0.46,27.66,4.95,6,6,1.0,0.5,0.09,0.59,medium
validation_2,hist_gradient_boosting,2026-03-27,4,2026-03-27 10:00:00+00:00,2026-03-27 11:00:00+00:00,1,0.15,increase,14.59,549760.6,5,4,24,5,0.2,26.46,3.08,42.5,2.33,3,6,0.5,0.25,0.02,0.29,low
validation_2,hist_gradient_boosting,2026-03-27,5,2026-03-27 11:00:00+00:00,2026-03-27 12:00:00+00:00,1,0.17,increase,14.94,555887.3,4,6,24,3,0.15,16.3,1.25,52.66,4.16,6,6,1.0,0.0,0.05,0.36,low
validation_2,hist_gradient_boosting,2026-03-28,1,2026-03-28 10:00:00+00:00,2026-03-28 11:00:00+00:00,1,0.09,decrease,10.8,391465.0,4,2,24,1,0.0,2.26,0.43,88.49,6.99,6,6,1.0,1.0,0.02,0.8,high
validation_2,hist_gradient_boosting,2026-03-28,2,2026-03-28 11:00:00+00:00,2026-03-28 12:00:00+00:00,1,0.11,decrease,11.88,405245.1,1,6,24,4,0.11,4.6,0.5,86.15,6.92,6,6,1.0,0.75,0.02,0.69,medium
validation_2,hist_gradient_boosting,2026-03-28,3,2026-03-28 09:00:00+00:00,2026-03-28 10:00:00+00:00,1,0.13,decrease,10.65,376803.1,7,1,24,2,0.09,15.75,0.0,75.0,7.42,4,6,0.67,0.5,0.02,0.46,low
validation_2,hist_gradient_boosting,2026-03-28,4,2026-03-28 12:00:00+00:00,2026-03-28 13:00:00+00:00,1,0.15,decrease,12.13,405188.0,2,7,24,3,0.09,2.45,0.61,88.3,6.82,6,6,1.0,0.25,0.05,0.47,low
validation_2,hist_gradient_boosting,2026-03-28,5,2026-03-28 13:00:00+00:00,2026-03-28 14:00:00+00:00,1,0.2,decrease,12.83,422315.6,3,8,24,6,0.17,3.2,0.82,87.54,6.61,6,6,1.0,0.0,0.02,0.35,low
validation_2,hist_gradient_boosting,2026-03-29,1,2026-03-29 10:00:00+00:00,2026-03-29 11:00:00+00:00,1,0.04,increase,11.8,405836.2,3,1,24,4,0.07,14.77,0.0,74.74,0.89,6,6,1.0,1.0,0.05,0.81,high
validation_2,hist_gradient_boosting,2026-03-29,2,2026-03-29 11:00:00+00:00,2026-03-29 12:00:00+00:00,1,0.09,increase,11.87,399590.8,4,2,24,1,0.0,3.94,0.49,85.58,0.39,6,6,1.0,0.75,0.09,0.71,medium
validation_2,hist_gradient_boosting,2026-03-29,3,2026-03-29 09:00:00+00:00,2026-03-29 10:00:00+00:00,1,0.17,decrease,11.89,403832.6,7,3,24,2,0.02,12.65,0.1,76.86,0.79,5,6,0.83,0.5,0.0,0.52,medium
validation_2,hist_gradient_boosting,2026-03-29,4,2026-03-29 23:00:00+00:00,2026-03-30 00:00:00+00:00,1,0.17,decrease,12.14,383441.8,6,4,24,10,0.26,8.03,1.32,81.48,-0.44,5,6,0.83,0.25,0.02,0.41,low
validation_2,hist_gradient_boosting,2026-03-29,5,2026-03-29 12:00:00+00:00,2026-03-29 13:00:00+00:00,1,0.2,decrease,12.67,400601.2,1,10,24,3,0.02,0.0,0.87,89.51,0.02,6,6,1.0,0.0,0.07,0.36,low
validation_2,hist_gradient_boosting,2026-03-30,1,2026-03-30 12:00:00+00:00,2026-03-30 13:00:00+00:00,1,0.04,increase,11.26,426305.2,2,2,24,2,0.0,5.13,0.33,-2.67,2.04,6,6,1.0,1.0,0.09,0.82,high
validation_2,hist_gradient_boosting,2026-03-30,2,2026-03-30 11:00:00+00:00,2026-03-30 12:00:00+00:00,1,0.13,increase,10.97,421555.4,7,1,24,1,0.0,8.99,0.06,-6.52,2.31,6,6,1.0,0.75,0.0,0.69,medium
validation_2,hist_gradient_boosting,2026-03-30,3,2026-03-30 13:00:00+00:00,2026-03-30 14:00:00+00:00,1,0.13,increase,11.59,425981.8,3,5,24,5,0.09,9.06,0.49,-6.6,1.88,6,6,1.0,0.5,0.14,0.6,medium
validation_2,hist_gradient_boosting,2026-03-30,4,2026-03-30 14:00:00+00:00,2026-03-30 15:00:00+00:00,1,0.26,increase,11.7,426598.4,8,6,24,3,0.0,1.22,0.75,1.24,1.62,3,6,0.5,0.25,0.02,0.29,low
validation_2,hist_gradient_boosting,2026-03-30,5,2026-03-30 10:00:00+00:00,2026-03-30 11:00:00+00:00,1,0.28,increase,11.43,434927.6,12,3,24,4,0.02,17.28,0.0,-14.82,2.37,4,6,0.67,0.0,0.02,0.24,low
validation_2,hist_gradient_boosting,2026-03-31,1,2026-03-31 02:00:00+00:00,2026-03-31 03:00:00+00:00,1,0.07,increase,13.19,409812.2,3,2,24,2,0.0,16.41,0.38,15.57,-0.38,5,6,0.83,1.0,0.11,0.76,high
validation_2,hist_gradient_boosting,2026-03-31,2,2026-03-31 01:00:00+00:00,2026-03-31 02:00:00+00:00,1,0.15,increase,12.88,415039.0,8,1,24,1,0.0,16.47,0.26,15.51,-0.26,5,6,0.83,0.75,0.0,0.63,medium
validation_2,hist_gradient_boosting,2026-03-31,3,2026-03-31 03:00:00+00:00,2026-03-31 04:00:00+00:00,1,0.15,increase,13.38,414335.4,6,3,24,7,0.15,34.33,1.78,-2.35,-1.78,4,6,0.67,0.5,0.0,0.46,low
validation_2,hist_gradient_boosting,2026-03-31,4,2026-03-31 13:00:00+00:00,2026-03-31 14:00:00+00:00,1,0.15,increase,17.66,628223.6,2,7,24,4,0.04,8.29,5.55,23.7,-5.55,6,6,1.0,0.25,0.05,0.47,low
validation_2,hist_gradient_boosting,2026-03-31,5,2026-03-31 11:00:00+00:00,2026-03-31 12:00:00+00:00,1,0.2,increase,17.64,636603.2,5,6,24,8,0.17,2.37,9.15,29.62,-9.15,4,6,0.67,0.0,0.03,0.24,low
validation_2,hist_gradient_boosting,2026-04-01,1,2026-04-01 13:00:00+00:00,2026-04-01 14:00:00+00:00,1,0.07,increase,12.34,426259.5,2,3,24,3,0.07,4.08,0.88,14.53,3.46,6,6,1.0,1.0,0.05,0.81,high
validation_2,hist_gradient_boosting,2026-04-01,2,2026-04-01 14:00:00+00:00,2026-04-01 15:00:00+00:00,1,0.11,increase,13.16,454460.7,3,4,24,2,0.02,12.33,0.0,6.27,4.33,5,6,0.83,0.75,0.03,0.63,medium
validation_2,hist_gradient_boosting,2026-04-01,3,2026-04-01 12:00:00+00:00,2026-04-01 13:00:00+00:00,1,0.13,increase,14.07,492654.8,1,7,24,1,0.0,0.0,0.44,18.61,3.89,6,6,1.0,0.5,0.08,0.59,medium
validation_2,hist_gradient_boosting,2026-04-01,4,2026-04-01 15:00:00+00:00,2026-04-01 16:00:00+00:00,1,0.2,increase,13.42,455642.4,6,5,24,11,0.35,35.76,0.99,-17.15,3.35,4,6,0.67,0.25,0.03,0.35,low
validation_2,hist_gradient_boosting,2026-04-01,5,2026-04-01 11:00:00+00:00,2026-04-01 12:00:00+00:00,1,0.22,increase,14.8,518052.6,4,8,24,5,0.15,7.39,2.32,11.22,2.01,3,6,0.5,0.0,0.05,0.19,low
validation_2,hist_gradient_boosting,2026-04-02,1,2026-04-02 12:00:00+00:00,2026-04-02 13:00:00+00:00,1,0.02,decrease,9.73,352077.3,2,1,24,2,0.07,8.35,0.36,44.67,8.28,6,6,1.0,1.0,0.05,0.81,high
validation_2,hist_gradient_boosting,2026-04-02,2,2026-04-02 13:00:00+00:00,2026-04-02 14:00:00+00:00,1,0.07,decrease,9.76,353354.5,3,2,24,4,0.13,8.63,1.29,44.39,7.35,6,6,1.0,0.75,0.0,0.69,medium
validation_2,hist_gradient_boosting,2026-04-02,3,2026-04-02 15:00:00+00:00,2026-04-02 16:00:00+00:00,1,0.07,decrease,10.78,375694.0,1,4,24,5,0.15,16.98,0.84,36.04,7.8,5,6,0.83,0.5,0.07,0.53,medium
validation_2,hist_gradient_boosting,2026-04-02,4,2026-04-02 11:00:00+00:00,2026-04-02 12:00:00+00:00,1,0.13,decrease,10.58,388950.4,5,3,24,3,0.09,13.25,0.22,39.76,8.42,6,6,1.0,0.25,0.02,0.47,low
validation_2,hist_gradient_boosting,2026-04-02,5,2026-04-02 14:00:00+00:00,2026-04-02 15:00:00+00:00,1,0.15,decrease,10.88,386650.9,4,5,24,1,0.0,0.0,0.0,53.02,8.64,6,6,1.0,0.0,0.09,0.37,low
validation_2,hist_gradient_boosting,2026-04-03,1,2026-04-03 12:00:00+00:00,2026-04-03 13:00:00+00:00,1,0.0,decrease,6.98,250279.6,1,1,24,2,0.0,0.0,0.39,111.76,8.02,6,6,1.0,1.0,0.11,0.82,high
validation_2,hist_gradient_boosting,2026-04-03,2,2026-04-03 14:00:00+00:00,2026-04-03 15:00:00+00:00,1,0.11,decrease,7.28,257510.1,4,3,24,3,0.0,2.65,0.34,109.11,8.07,5,6,0.83,0.75,0.02,0.63,medium
validation_2,hist_gradient_boosting,2026-04-03,3,2026-04-03 15:00:00+00:00,2026-04-03 16:00:00+00:00,1,0.13,decrease,7.22,253766.0,6,2,24,5,0.13,24.58,0.38,87.18,8.04,6,6,1.0,0.5,0.05,0.58,medium
validation_2,hist_gradient_boosting,2026-04-03,4,2026-04-03 13:00:00+00:00,2026-04-03 14:00:00+00:00,1,0.17,decrease,7.6,258484.2,2,8,24,4,0.04,2.43,0.41,109.32,8.0,6,6,1.0,0.25,0.02,0.47,low
validation_2,hist_gradient_boosting,2026-04-03,5,2026-04-03 11:00:00+00:00,2026-04-03 12:00:00+00:00,1,0.2,decrease,7.56,284224.1,5,6,24,1,0.0,7.66,0.0,104.1,8.42,6,6,1.0,0.0,0.07,0.36,low
validation_2,hist_gradient_boosting,2026-04-04,1,2026-04-04 23:00:00+00:00,2026-04-05 00:00:00+00:00,1,0.15,decrease,8.49,254331.6,4,5,24,2,0.02,4.66,0.0,23.87,0.36,5,6,0.83,1.0,0.05,0.75,high
validation_2,hist_gradient_boosting,2026-04-04,2,2026-04-04 08:00:00+00:00,2026-04-04 09:00:00+00:00,1,0.2,decrease,7.98,251063.5,10,1,24,6,0.26,13.08,0.87,15.46,-0.5,5,6,0.83,0.75,0.11,0.65,medium
validation_2,hist_gradient_boosting,2026-04-04,3,2026-04-04 00:00:00+00:00,2026-04-04 01:00:00+00:00,1,0.28,decrease,8.38,246573.4,11,4,24,4,0.2,28.53,0.36,0.0,0.0,5,6,0.83,0.5,0.0,0.52,medium
validation_2,hist_gradient_boosting,2026-04-04,4,2026-04-04 07:00:00+00:00,2026-04-04 08:00:00+00:00,1,0.28,decrease,8.02,241189.0,13,2,24,3,0.13,27.17,0.17,1.36,0.19,4,6,0.67,0.25,0.08,0.36,low
validation_2,hist_gradient_boosting,2026-04-04,5,2026-04-04 12:00:00+00:00,2026-04-04 13:00:00+00:00,1,0.35,decrease,14.92,437597.3,1,17,24,13,0.28,0.99,8.45,27.54,-8.09,2,6,0.33,0.0,0.03,0.12,low
validation_2,hist_gradient_boosting,2026-04-05,1,2026-04-05 03:00:00+00:00,2026-04-05 04:00:00+00:00,1,0.26,decrease,8.64,233935.2,10,4,24,8,0.15,82.32,0.77,0.02,-0.77,4,6,0.67,1.0,0.04,0.69,medium
validation_2,hist_gradient_boosting,2026-04-05,2,2026-04-05 00:00:00+00:00,2026-04-05 01:00:00+00:00,1,0.28,decrease,7.84,240308.3,14,1,24,3,0.04,82.35,0.0,0.0,0.0,5,6,0.83,0.75,0.0,0.63,medium
validation_2,hist_gradient_boosting,2026-04-05,3,2026-04-05 01:00:00+00:00,2026-04-05 02:00:00+00:00,1,0.28,decrease,8.4,249014.8,13,2,24,2,0.02,82.32,0.34,0.02,-0.34,3,6,0.5,0.5,0.0,0.4,low
validation_2,hist_gradient_boosting,2026-04-05,4,2026-04-05 02:00:00+00:00,2026-04-05 03:00:00+00:00,1,0.28,decrease,8.44,233935.1,12,3,24,6,0.09,82.32,0.66,0.02,-0.66,5,6,0.83,0.25,0.07,0.42,low
validation_2,hist_gradient_boosting,2026-04-05,5,2026-04-05 11:00:00+00:00,2026-04-05 12:00:00+00:00,1,0.33,decrease,10.06,272426.1,2,15,24,4,0.07,6.0,1.83,76.35,-1.83,5,6,0.83,0.0,0.11,0.31,low
validation_2,hist_gradient_boosting,2026-04-06,1,2026-04-06 11:00:00+00:00,2026-04-06 12:00:00+00:00,1,0.13,increase,8.62,237072.7,2,6,24,2,0.02,0.0,0.34,144.24,0.81,6,6,1.0,1.0,0.03,0.81,high
validation_2,hist_gradient_boosting,2026-04-06,2,2026-04-06 08:00:00+00:00,2026-04-06 09:00:00+00:00,1,0.15,increase,7.93,240088.1,8,1,24,3,0.04,93.17,0.0,51.07,1.15,4,6,0.67,0.75,0.0,0.57,medium
validation_2,hist_gradient_boosting,2026-04-06,3,2026-04-06 10:00:00+00:00,2026-04-06 11:00:00+00:00,1,0.15,increase,8.45,238670.8,4,5,24,1,0.0,42.96,0.12,101.28,1.03,5,6,0.83,0.5,0.03,0.52,medium
validation_2,hist_gradient_boosting,2026-04-06,4,2026-04-06 09:00:00+00:00,2026-04-06 10:00:00+00:00,1,0.17,increase,8.23,236477.8,6,4,24,4,0.04,65.43,0.18,78.81,0.97,4,6,0.67,0.25,0.0,0.35,low
validation_2,hist_gradient_boosting,2026-04-06,5,2026-04-06 12:00:00+00:00,2026-04-06 13:00:00+00:00,1,0.17,increase,9.08,239828.7,1,9,24,5,0.07,3.16,0.38,141.08,0.78,6,6,1.0,0.0,0.05,0.36,low
validation_2,hist_gradient_boosting,2026-04-07,1,2026-04-07 09:00:00+00:00,2026-04-07 10:00:00+00:00,1,0.09,increase,7.02,244328.3,5,1,24,1,0.0,10.84,0.04,23.56,1.33,6,6,1.0,1.0,0.05,0.81,high
validation_2,hist_gradient_boosting,2026-04-07,2,2026-04-07 10:00:00+00:00,2026-04-07 11:00:00+00:00,1,0.13,increase,7.2,240846.5,4,4,24,4,0.04,7.84,0.42,26.56,0.94,6,6,1.0,0.75,0.0,0.69,medium
validation_2,hist_gradient_boosting,2026-04-07,3,2026-04-07 11:00:00+00:00,2026-04-07 12:00:00+00:00,1,0.13,increase,7.77,239527.1,3,5,24,2,0.0,0.0,0.47,34.4,0.89,6,6,1.0,0.5,0.0,0.57,medium
validation_2,hist_gradient_boosting,2026-04-07,4,2026-04-07 12:00:00+00:00,2026-04-07 13:00:00+00:00,1,0.13,increase,7.96,236842.6,1,7,24,5,0.15,0.04,1.04,34.36,0.32,6,6,1.0,0.25,0.05,0.47,low
validation_2,hist_gradient_boosting,2026-04-07,5,2026-04-07 08:00:00+00:00,2026-04-07 09:00:00+00:00,1,0.17,increase,7.11,246027.6,8,2,24,3,0.04,15.77,0.0,18.63,1.37,6,6,1.0,0.0,0.15,0.38,low
validation_2,hist_gradient_boosting,2026-04-08,1,2026-04-08 13:00:00+00:00,2026-04-08 14:00:00+00:00,1,0.07,decrease,7.39,233432.2,2,3,24,6,0.22,17.77,0.76,72.76,0.11,5,6,0.83,1.0,0.02,0.75,medium
validation_2,hist_gradient_boosting,2026-04-08,2,2026-04-08 12:00:00+00:00,2026-04-08 13:00:00+00:00,1,0.09,decrease,7.5,239159.6,1,5,24,1,0.0,2.81,0.0,87.73,0.87,6,6,1.0,0.75,0.05,0.7,medium
validation_2,hist_gradient_boosting,2026-04-08,3,2026-04-08 09:00:00+00:00,2026-04-08 10:00:00+00:00,1,0.13,increase,7.26,246533.9,7,1,24,5,0.17,29.78,0.24,60.75,0.62,5,6,0.83,0.5,0.02,0.52,medium
validation_2,hist_gradient_boosting,2026-04-08,4,2026-04-08 10:00:00+00:00,2026-04-08 11:00:00+00:00,1,0.15,decrease,7.47,245344.7,5,4,24,3,0.09,13.16,0.18,77.38,0.69,5,6,0.83,0.25,0.0,0.4,low
validation_2,hist_gradient_boosting,2026-04-08,5,2026-04-08 11:00:00+00:00,2026-04-08 12:00:00+00:00,1,0.15,decrease,7.53,239421.7,3,6,24,2,0.02,0.0,0.12,90.54,0.75,6,6,1.0,0.0,0.05,0.36,low
validation_2,hist_gradient_boosting,2026-04-09,1,2026-04-09 10:00:00+00:00,2026-04-09 11:00:00+00:00,1,0.07,increase,7.07,237783.8,4,1,24,1,0.0,6.73,0.14,81.59,1.29,6,6,1.0,1.0,0.02,0.8,high
validation_2,hist_gradient_boosting,2026-04-09,2,2026-04-09 11:00:00+00:00,2026-04-09 12:00:00+00:00,1,0.09,increase,7.37,235613.8,2,4,24,4,0.09,0.27,0.6,88.05,0.84,6,6,1.0,0.75,0.05,0.7,medium
validation_2,hist_gradient_boosting,2026-04-09,3,2026-04-09 09:00:00+00:00,2026-04-09 10:00:00+00:00,1,0.13,increase,7.29,243020.7,6,2,24,2,0.02,8.24,0.0,80.07,1.44,6,6,1.0,0.5,0.05,0.58,medium
validation_2,hist_gradient_boosting,2026-04-09,4,2026-04-09 12:00:00+00:00,2026-04-09 13:00:00+00:00,1,0.17,increase,7.92,243074.0,1,9,24,3,0.04,0.0,0.48,88.32,0.96,6,6,1.0,0.25,0.02,0.47,low
validation_2,hist_gradient_boosting,2026-04-09,5,2026-04-09 13:00:00+00:00,2026-04-09 14:00:00+00:00,1,0.2,increase,7.77,240028.8,3,8,24,6,0.24,6.46,1.09,81.86,0.35,4,6,0.67,0.0,0.1,0.25,low
validation_2,hist_gradient_boosting,2026-04-10,1,2026-04-10 12:00:00+00:00,2026-04-10 13:00:00+00:00,1,0.04,increase,7.65,245417.2,1,3,24,2,0.13,1.67,0.25,15.31,0.64,6,6,1.0,1.0,0.02,0.8,high
validation_2,hist_gradient_boosting,2026-04-10,2,2026-04-10 10:00:00+00:00,2026-04-10 11:00:00+00:00,1,0.07,increase,7.39,240899.9,4,1,24,6,0.22,18.49,0.16,-1.51,0.74,6,6,1.0,0.75,0.07,0.7,medium
validation_2,hist_gradient_boosting,2026-04-10,3,2026-04-10 11:00:00+00:00,2026-04-10 12:00:00+00:00,1,0.13,increase,7.51,244190.7,6,2,24,1,0.0,0.0,0.0,16.98,0.89,6,6,1.0,0.5,0.0,0.57,medium
validation_2,hist_gradient_boosting,2026-04-10,4,2026-04-10 13:00:00+00:00,2026-04-10 14:00:00+00:00,1,0.13,increase,8.06,249280.4,2,6,24,3,0.13,0.01,0.6,16.97,0.29,5,6,0.83,0.25,0.12,0.43,low
validation_2,hist_gradient_boosting,2026-04-10,5,2026-04-10 09:00:00+00:00,2026-04-10 10:00:00+00:00,1,0.24,increase,7.69,243097.0,9,4,24,4,0.2,16.83,0.22,0.15,0.67,4,6,0.67,0.0,0.02,0.24,low
validation_2,hist_gradient_boosting,2026-04-11,1,2026-04-11 08:00:00+00:00,2026-04-11 09:00:00+00:00,1,0.25,decrease,8.26,243204.3,8,2,17,2,0.0,33.74,0.25,20.49,-0.05,5,6,0.83,1.0,0.0,0.74,medium
validation_2,hist_gradient_boosting,2026-04-11,2,2026-04-11 09:00:00+00:00,2026-04-11 10:00:00+00:00,1,0.25,decrease,8.69,240959.4,6,4,17,14,0.22,30.65,1.33,23.58,-1.14,6,6,1.0,0.75,0.1,0.71,medium
validation_2,hist_gradient_boosting,2026-04-11,3,2026-04-11 07:00:00+00:00,2026-04-11 08:00:00+00:00,1,0.31,decrease,8.06,244103.7,11,1,17,1,0.0,48.45,0.02,5.78,0.18,4,6,0.67,0.5,0.1,0.48,low
validation_2,hist_gradient_boosting,2026-04-11,4,2026-04-11 12:00:00+00:00,2026-04-11 13:00:00+00:00,1,0.38,decrease,9.99,232526.0,1,13,17,4,0.06,4.97,1.3,49.26,-1.1,6,6,1.0,0.25,0.05,0.47,low
validation_2,hist_gradient_boosting,2026-04-11,5,2026-04-11 10:00:00+00:00,2026-04-11 11:00:00+00:00,1,0.41,decrease,9.7,240202.9,4,11,17,11,0.19,24.27,1.4,29.96,-1.2,5,6,0.83,0.0,0.0,0.29,low
validation_3,hist_gradient_boosting,2026-04-11,1,2026-04-11 20:00:00+00:00,2026-04-11 21:00:00+00:00,1,0.42,unknown,8.85,254902.9,4,3,7,7,0.33,20.77,0.15,-15.26,-0.02,6,6,1.0,1.0,0.0,0.8,high
validation_3,hist_gradient_boosting,2026-04-11,2,2026-04-11 17:00:00+00:00,2026-04-11 18:00:00+00:00,1,0.42,unknown,8.76,260606.8,6,1,7,1,0.0,5.51,0.14,0.0,0.0,6,6,1.0,0.75,0.5,0.79,high
validation_3,hist_gradient_boosting,2026-04-11,3,2026-04-11 21:00:00+00:00,2026-04-11 22:00:00+00:00,1,0.5,unknown,9.09,258005.9,3,5,7,5,0.25,13.35,0.16,-7.84,-0.02,5,6,0.83,0.5,0.0,0.52,medium
validation_3,hist_gradient_boosting,2026-04-11,4,2026-04-11 22:00:00+00:00,2026-04-11 23:00:00+00:00,1,0.5,unknown,9.18,256782.1,2,6,7,3,0.17,4.11,0.34,1.39,-0.21,6,6,1.0,0.25,0.0,0.46,low
validation_3,hist_gradient_boosting,2026-04-11,5,2026-04-11 23:00:00+00:00,2026-04-12 00:00:00+00:00,1,0.5,unknown,9.36,247984.8,1,7,7,4,0.17,0.0,0.51,5.51,-0.37,6,6,1.0,0.0,0.5,0.45,low
validation_3,hist_gradient_boosting,2026-04-12,1,2026-04-12 09:00:00+00:00,2026-04-12 10:00:00+00:00,1,0.11,unknown,9.44,242913.8,4,3,24,3,0.09,12.78,0.38,-4.6,0.81,3,6,0.5,1.0,0.05,0.64,medium
validation_3,hist_gradient_boosting,2026-04-12,2,2026-04-12 10:00:00+00:00,2026-04-12 11:00:00+00:00,1,0.15,unknown,9.09,242740.9,7,2,24,9,0.2,12.91,0.86,-4.73,0.33,5,6,0.83,0.75,0.0,0.63,medium
validation_3,hist_gradient_boosting,2026-04-12,3,2026-04-12 11:00:00+00:00,2026-04-12 12:00:00+00:00,1,0.15,unknown,9.51,251159.0,3,6,24,1,0.0,0.0,0.94,8.18,0.24,5,6,0.83,0.5,0.02,0.52,medium
validation_3,hist_gradient_boosting,2026-04-12,4,2026-04-12 13:00:00+00:00,2026-04-12 14:00:00+00:00,1,0.17,unknown,9.66,249567.0,2,8,24,16,0.37,14.7,1.24,-6.52,-0.05,2,6,0.33,0.25,0.05,0.24,low
validation_3,hist_gradient_boosting,2026-04-12,5,2026-04-12 08:00:00+00:00,2026-04-12 09:00:00+00:00,1,0.22,unknown,9.62,242124.8,5,7,24,8,0.2,13.89,0.58,-5.71,0.6,6,6,1.0,0.0,0.0,0.35,low
validation_3,hist_gradient_boosting,2026-04-13,1,2026-04-13 02:00:00+00:00,2026-04-13 03:00:00+00:00,1,0.07,increase,9.33,247701.5,2,3,24,7,0.17,37.94,1.1,-2.24,-1.03,5,6,0.83,1.0,0.05,0.75,high
validation_3,hist_gradient_boosting,2026-04-13,2,2026-04-13 01:00:00+00:00,2026-04-13 02:00:00+00:00,1,0.11,increase,9.36,250369.3,3,4,24,3,0.02,30.58,0.15,5.12,-0.09,5,6,0.83,0.75,0.05,0.64,medium
validation_3,hist_gradient_boosting,2026-04-13,3,2026-04-13 00:00:00+00:00,2026-04-13 01:00:00+00:00,1,0.15,increase,9.33,251054.4,7,2,24,2,0.02,35.7,0.07,0.0,0.0,6,6,1.0,0.5,0.0,0.57,medium
validation_3,hist_gradient_boosting,2026-04-13,4,2026-04-13 14:00:00+00:00,2026-04-13 15:00:00+00:00,1,0.15,increase,9.42,311251.1,4,5,24,1,0.0,0.0,0.83,35.7,-0.76,5,6,0.83,0.25,0.0,0.4,low
validation_3,hist_gradient_boosting,2026-04-13,5,2026-04-13 15:00:00+00:00,2026-04-13 16:00:00+00:00,1,0.15,increase,10.95,358213.6,1,8,24,6,0.07,23.86,0.95,11.84,-0.88,5,6,0.83,0.0,0.07,0.31,low
validation_3,hist_gradient_boosting,2026-04-14,1,2026-04-14 13:00:00+00:00,2026-04-14 14:00:00+00:00,1,0.09,decrease,9.79,334804.1,4,2,24,1,0.0,11.9,0.0,104.54,13.42,5,6,0.83,1.0,0.0,0.74,medium
validation_3,hist_gradient_boosting,2026-04-14,2,2026-04-14 15:00:00+00:00,2026-04-14 16:00:00+00:00,1,0.09,decrease,10.4,335464.0,3,3,24,5,0.15,46.9,0.64,69.53,12.79,4,6,0.67,0.75,0.02,0.58,medium
validation_3,hist_gradient_boosting,2026-04-14,3,2026-04-14 10:00:00+00:00,2026-04-14 11:00:00+00:00,1,0.11,decrease,12.06,429627.4,1,6,24,6,0.2,22.32,3.43,94.12,9.99,5,6,0.83,0.5,0.0,0.52,medium
validation_3,hist_gradient_boosting,2026-04-14,4,2026-04-14 12:00:00+00:00,2026-04-14 13:00:00+00:00,1,0.11,decrease,11.45,395074.4,2,5,24,3,0.13,15.0,0.94,101.44,12.48,5,6,0.83,0.25,0.0,0.4,low
validation_3,hist_gradient_boosting,2026-04-14,5,2026-04-14 14:00:00+00:00,2026-04-14 15:00:00+00:00,1,0.11,decrease,9.28,310370.8,6,1,24,2,0.0,0.0,0.5,116.43,12.92,6,6,1.0,0.0,0.05,0.36,low
validation_3,hist_gradient_boosting,2026-04-15,1,2026-04-15 12:00:00+00:00,2026-04-15 13:00:00+00:00,1,0.02,decrease,7.6,261984.1,1,2,24,1,0.0,0.0,0.56,84.15,8.53,6,6,1.0,1.0,0.07,0.81,high
validation_3,hist_gradient_boosting,2026-04-15,2,2026-04-15 10:00:00+00:00,2026-04-15 11:00:00+00:00,1,0.09,decrease,7.77,267849.3,3,3,24,4,0.09,6.7,0.01,77.44,9.08,5,6,0.83,0.75,0.0,0.63,medium
validation_3,hist_gradient_boosting,2026-04-15,3,2026-04-15 11:00:00+00:00,2026-04-15 12:00:00+00:00,1,0.09,decrease,7.57,256458.2,5,1,24,2,0.02,0.0,0.0,84.14,9.09,6,6,1.0,0.5,0.0,0.57,medium
validation_3,hist_gradient_boosting,2026-04-15,4,2026-04-15 13:00:00+00:00,2026-04-15 14:00:00+00:00,1,0.09,decrease,8.2,268053.3,2,4,24,3,0.07,0.0,1.48,84.15,7.61,6,6,1.0,0.25,0.1,0.48,low
validation_3,hist_gradient_boosting,2026-04-15,5,2026-04-15 14:00:00+00:00,2026-04-15 15:00:00+00:00,1,0.17,increase,9.35,297296.7,4,6,24,6,0.13,0.0,3.52,84.15,5.58,6,6,1.0,0.0,0.05,0.36,low
validation_3,hist_gradient_boosting,2026-04-16,1,2026-04-16 12:00:00+00:00,2026-04-16 13:00:00+00:00,1,0.04,increase,7.43,249454.5,1,3,24,2,0.09,0.0,0.24,81.31,10.89,6,6,1.0,1.0,0.02,0.8,high
validation_3,hist_gradient_boosting,2026-04-16,2,2026-04-16 11:00:00+00:00,2026-04-16 12:00:00+00:00,1,0.07,increase,7.31,244721.0,3,2,24,1,0.0,0.0,0.0,81.31,11.13,6,6,1.0,0.75,0.02,0.69,medium
validation_3,hist_gradient_boosting,2026-04-16,3,2026-04-16 10:00:00+00:00,2026-04-16 11:00:00+00:00,1,0.09,increase,7.06,240658.7,5,1,24,4,0.13,10.38,0.01,70.94,11.12,6,6,1.0,0.5,0.0,0.57,medium
validation_3,hist_gradient_boosting,2026-04-16,4,2026-04-16 13:00:00+00:00,2026-04-16 14:00:00+00:00,1,0.09,increase,7.79,256365.4,2,4,24,5,0.13,0.01,0.43,81.3,10.7,6,6,1.0,0.25,0.07,0.48,low
validation_3,hist_gradient_boosting,2026-04-16,5,2026-04-16 14:00:00+00:00,2026-04-16 15:00:00+00:00,1,0.15,increase,8.12,260155.8,4,5,24,6,0.17,0.01,1.49,81.3,9.64,5,6,0.83,0.0,0.09,0.31,low
validation_3,hist_gradient_boosting,2026-04-17,1,2026-04-17 11:00:00+00:00,2026-04-17 12:00:00+00:00,1,0.02,increase,7.49,247091.6,2,1,24,1,0.0,0.0,0.0,112.53,3.56,6,6,1.0,1.0,0.02,0.8,high
validation_3,hist_gradient_boosting,2026-04-17,2,2026-04-17 12:00:00+00:00,2026-04-17 13:00:00+00:00,1,0.04,decrease,7.63,247795.7,1,3,24,2,0.04,0.0,0.07,112.53,3.49,6,6,1.0,0.75,0.02,0.69,medium
validation_3,hist_gradient_boosting,2026-04-17,3,2026-04-17 10:00:00+00:00,2026-04-17 11:00:00+00:00,1,0.07,decrease,7.53,251927.9,3,2,24,4,0.15,5.52,0.11,107.01,3.45,6,6,1.0,0.5,0.07,0.59,medium
validation_3,hist_gradient_boosting,2026-04-17,4,2026-04-17 13:00:00+00:00,2026-04-17 14:00:00+00:00,1,0.13,increase,7.72,251508.8,4,4,24,3,0.11,0.0,0.38,112.53,3.18,6,6,1.0,0.25,0.05,0.47,low
validation_3,hist_gradient_boosting,2026-04-17,5,2026-04-17 14:00:00+00:00,2026-04-17 15:00:00+00:00,1,0.17,increase,7.74,253652.4,5,5,24,5,0.15,0.0,0.67,112.53,2.89,5,6,0.83,0.0,0.07,0.31,low
validation_3,hist_gradient_boosting,2026-04-18,1,2026-04-18 09:00:00+00:00,2026-04-18 10:00:00+00:00,1,0.2,decrease,8.68,254787.5,4,7,24,9,0.17,1.38,1.52,83.98,0.07,5,6,0.83,1.0,0.03,0.75,medium
validation_3,hist_gradient_boosting,2026-04-18,2,2026-04-18 08:00:00+00:00,2026-04-18 09:00:00+00:00,1,0.22,decrease,8.31,256568.8,7,5,24,6,0.11,3.86,1.13,81.5,0.45,5,6,0.83,0.75,0.0,0.63,medium
validation_3,hist_gradient_boosting,2026-04-18,3,2026-04-18 12:00:00+00:00,2026-04-18 13:00:00+00:00,1,0.22,decrease,9.1,256485.2,1,11,24,1,0.0,0.0,1.26,85.36,0.33,5,6,0.83,0.5,0.0,0.52,medium
validation_3,hist_gradient_boosting,2026-04-18,4,2026-04-18 23:00:00+00:00,2026-04-19 00:00:00+00:00,1,0.22,decrease,7.78,230792.7,11,1,24,3,0.07,62.54,0.07,22.82,1.51,5,6,0.83,0.25,0.12,0.43,low
validation_3,hist_gradient_boosting,2026-04-18,5,2026-04-18 22:00:00+00:00,2026-04-18 23:00:00+00:00,1,0.3,decrease,8.05,244935.4,14,2,24,5,0.09,65.69,0.0,19.66,1.58,1,6,0.17,0.0,0.0,0.06,low
validation_3,hist_gradient_boosting,2026-04-19,1,2026-04-19 10:00:00+00:00,2026-04-19 11:00:00+00:00,1,0.22,decrease,8.05,229512.0,5,7,24,3,0.02,4.27,0.79,51.52,-0.07,5,6,0.83,1.0,0.06,0.75,high
validation_3,hist_gradient_boosting,2026-04-19,2,2026-04-19 09:00:00+00:00,2026-04-19 10:00:00+00:00,1,0.26,decrease,8.18,228109.4,2,12,24,2,0.02,4.27,0.82,51.52,-0.1,5,6,0.83,0.75,0.03,0.64,medium
validation_3,hist_gradient_boosting,2026-04-19,3,2026-04-19 07:00:00+00:00,2026-04-19 08:00:00+00:00,1,0.28,decrease,7.97,228629.5,9,6,24,8,0.13,6.66,0.95,49.13,-0.23,3,6,0.5,0.5,0.0,0.4,low
validation_3,hist_gradient_boosting,2026-04-19,4,2026-04-19 11:00:00+00:00,2026-04-19 12:00:00+00:00,1,0.28,decrease,8.15,233371.4,4,11,24,6,0.07,3.43,0.98,52.36,-0.26,5,6,0.83,0.25,0.0,0.4,low
validation_3,hist_gradient_boosting,2026-04-19,5,2026-04-19 08:00:00+00:00,2026-04-19 09:00:00+00:00,1,0.28,decrease,8.07,228328.1,7,8,24,1,0.0,4.27,0.91,51.52,-0.19,5,6,0.83,0.0,0.03,0.3,low
validation_3,hist_gradient_boosting,2026-04-20,1,2026-04-20 10:00:00+00:00,2026-04-20 11:00:00+00:00,1,0.02,increase,6.91,235884.5,2,1,24,2,0.04,0.15,0.05,25.08,0.89,6,6,1.0,1.0,0.12,0.82,high
validation_3,hist_gradient_boosting,2026-04-20,2,2026-04-20 11:00:00+00:00,2026-04-20 12:00:00+00:00,1,0.13,increase,6.96,235476.5,5,3,24,4,0.07,0.0,0.37,25.23,0.57,5,6,0.83,0.75,0.02,0.63,medium
validation_3,hist_gradient_boosting,2026-04-20,3,2026-04-20 08:00:00+00:00,2026-04-20 09:00:00+00:00,1,0.15,increase,7.03,237629.5,4,5,24,7,0.13,4.41,0.31,20.82,0.64,6,6,1.0,0.5,0.0,0.57,medium
validation_3,hist_gradient_boosting,2026-04-20,4,2026-04-20 13:00:00+00:00,2026-04-20 14:00:00+00:00,1,0.15,increase,7.47,247517.0,1,8,24,5,0.11,0.0,0.58,25.23,0.36,2,6,0.33,0.25,0.05,0.24,low
validation_3,hist_gradient_boosting,2026-04-20,5,2026-04-20 09:00:00+00:00,2026-04-20 10:00:00+00:00,1,0.2,increase,7.0,235917.8,7,4,24,1,0.0,0.14,0.0,25.09,0.94,4,6,0.67,0.0,0.02,0.24,low
validation_3,hist_gradient_boosting,2026-04-21,1,2026-04-21 10:00:00+00:00,2026-04-21 11:00:00+00:00,1,0.04,decrease,7.81,274495.8,2,2,24,1,0.0,0.1,0.12,19.24,0.36,6,6,1.0,1.0,0.03,0.81,high
validation_3,hist_gradient_boosting,2026-04-21,2,2026-04-21 11:00:00+00:00,2026-04-21 12:00:00+00:00,1,0.07,decrease,7.84,269917.6,1,4,24,5,0.07,0.04,0.63,19.3,-0.16,6,6,1.0,0.75,0.03,0.69,medium
validation_3,hist_gradient_boosting,2026-04-21,3,2026-04-21 09:00:00+00:00,2026-04-21 10:00:00+00:00,1,0.09,increase,7.56,271978.4,5,1,24,4,0.07,0.1,0.26,19.24,0.21,6,6,1.0,0.5,0.16,0.61,medium
validation_3,hist_gradient_boosting,2026-04-21,4,2026-04-21 12:00:00+00:00,2026-04-21 13:00:00+00:00,1,0.22,decrease,8.45,284611.2,3,9,24,6,0.15,0.0,0.75,19.34,-0.28,5,6,0.83,0.25,0.03,0.41,low
validation_3,hist_gradient_boosting,2026-04-21,5,2026-04-21 08:00:00+00:00,2026-04-21 09:00:00+00:00,1,0.24,increase,7.93,284232.3,8,5,24,2,0.02,2.33,0.06,17.01,0.42,3,6,0.5,0.0,0.0,0.18,low
validation_3,hist_gradient_boosting,2026-04-22,1,2026-04-22 09:00:00+00:00,2026-04-22 10:00:00+00:00,1,0.09,decrease,7.13,236841.9,4,2,24,3,0.02,17.45,0.23,10.99,0.39,6,6,1.0,1.0,0.08,0.82,high
validation_3,hist_gradient_boosting,2026-04-22,2,2026-04-22 11:00:00+00:00,2026-04-22 12:00:00+00:00,1,0.15,decrease,7.6,238595.6,3,6,24,4,0.04,0.0,0.75,28.44,-0.13,6,6,1.0,0.75,0.03,0.69,medium
validation_3,hist_gradient_boosting,2026-04-22,3,2026-04-22 08:00:00+00:00,2026-04-22 09:00:00+00:00,1,0.17,increase,6.9,240420.8,9,1,24,1,0.0,17.46,0.12,10.98,0.5,6,6,1.0,0.5,0.0,0.57,medium
validation_3,hist_gradient_boosting,2026-04-22,4,2026-04-22 10:00:00+00:00,2026-04-22 11:00:00+00:00,1,0.17,decrease,7.29,238718.8,5,5,24,2,0.0,13.76,0.41,14.68,0.21,6,6,1.0,0.25,0.08,0.48,low
validation_3,hist_gradient_boosting,2026-04-22,5,2026-04-22 12:00:00+00:00,2026-04-22 13:00:00+00:00,1,0.24,decrease,8.06,240279.5,1,12,24,5,0.09,0.93,0.79,27.51,-0.17,5,6,0.83,0.0,0.05,0.3,low
validation_3,hist_gradient_boosting,2026-04-23,1,2026-04-23 09:00:00+00:00,2026-04-23 10:00:00+00:00,1,0.11,decrease,7.25,243603.9,6,1,24,2,0.13,45.33,0.66,33.87,0.13,6,6,1.0,1.0,0.05,0.81,high
validation_3,hist_gradient_boosting,2026-04-23,2,2026-04-23 10:00:00+00:00,2026-04-23 11:00:00+00:00,1,0.15,decrease,7.9,249065.7,4,5,24,3,0.17,21.13,0.8,58.07,-0.01,6,6,1.0,0.75,0.05,0.7,medium
validation_3,hist_gradient_boosting,2026-04-23,3,2026-04-23 08:00:00+00:00,2026-04-23 09:00:00+00:00,1,0.2,increase,7.43,252492.1,9,2,24,1,0.0,51.33,0.0,27.87,0.79,6,6,1.0,0.5,0.1,0.6,medium
validation_3,hist_gradient_boosting,2026-04-23,4,2026-04-23 11:00:00+00:00,2026-04-23 12:00:00+00:00,1,0.28,decrease,8.26,246713.3,3,12,24,8,0.24,0.0,0.9,79.2,-0.11,6,6,1.0,0.25,0.08,0.48,low
validation_3,hist_gradient_boosting,2026-04-23,5,2026-04-23 12:00:00+00:00,2026-04-23 13:00:00+00:00,1,0.35,decrease,8.37,250748.9,1,17,24,10,0.28,0.93,0.93,78.27,-0.15,5,6,0.83,0.0,0.05,0.3,low
validation_3,hist_gradient_boosting,2026-04-24,1,2026-04-24 08:00:00+00:00,2026-04-24 09:00:00+00:00,1,0.15,increase,7.55,258657.4,8,1,24,1,0.0,38.61,0.01,7.48,0.75,6,6,1.0,1.0,0.0,0.8,high
validation_3,hist_gradient_boosting,2026-04-24,2,2026-04-24 09:00:00+00:00,2026-04-24 10:00:00+00:00,1,0.15,increase,7.56,256434.2,7,2,24,3,0.13,29.78,0.27,16.32,0.49,6,6,1.0,0.75,0.1,0.71,medium
validation_3,hist_gradient_boosting,2026-04-24,3,2026-04-24 11:00:00+00:00,2026-04-24 12:00:00+00:00,1,0.22,increase,8.1,245007.0,3,9,24,4,0.15,3.78,0.39,42.32,0.36,5,6,0.83,0.5,0.03,0.52,medium
validation_3,hist_gradient_boosting,2026-04-24,4,2026-04-24 10:00:00+00:00,2026-04-24 11:00:00+00:00,1,0.24,increase,8.03,257363.1,5,8,24,6,0.17,22.9,0.39,23.19,0.37,6,6,1.0,0.25,0.03,0.47,low
validation_3,hist_gradient_boosting,2026-04-24,5,2026-04-24 12:00:00+00:00,2026-04-24 13:00:00+00:00,1,0.26,increase,8.17,246607.9,2,12,24,5,0.15,0.0,0.43,46.1,0.33,4,6,0.67,0.0,0.03,0.24,low
validation_3,hist_gradient_boosting,2026-04-25,1,2026-04-25 07:00:00+00:00,2026-04-25 08:00:00+00:00,1,0.2,decrease,8.36,244583.4,10,1,24,5,0.02,195.96,0.46,43.48,-0.46,5,6,0.83,1.0,0.03,0.75,medium
validation_3,hist_gradient_boosting,2026-04-25,2,2026-04-25 11:00:00+00:00,2026-04-25 12:00:00+00:00,1,0.22,decrease,9.37,241427.9,2,10,24,3,0.0,14.13,0.91,225.31,-0.91,6,6,1.0,0.75,0.03,0.69,medium
validation_3,hist_gradient_boosting,2026-04-25,3,2026-04-25 08:00:00+00:00,2026-04-25 09:00:00+00:00,1,0.24,decrease,8.86,249689.4,8,5,24,12,0.15,183.22,1.08,56.22,-1.08,6,6,1.0,0.5,0.03,0.58,medium
validation_3,hist_gradient_boosting,2026-04-25,4,2026-04-25 06:00:00+00:00,2026-04-25 07:00:00+00:00,1,0.26,decrease,8.5,243840.9,11,3,24,1,0.0,207.64,0.28,31.8,-0.28,3,6,0.5,0.25,0.0,0.29,low
validation_3,hist_gradient_boosting,2026-04-25,5,2026-04-25 10:00:00+00:00,2026-04-25 11:00:00+00:00,1,0.26,decrease,9.44,240417.9,3,11,24,2,0.0,89.18,0.82,150.26,-0.82,4,6,0.67,0.0,0.0,0.23,low
validation_3,hist_gradient_boosting,2026-04-26,1,2026-04-26 13:00:00+00:00,2026-04-26 14:00:00+00:00,1,0.11,increase,9.19,237817.8,4,3,24,3,0.11,177.98,0.48,258.0,-0.04,5,6,0.83,1.0,0.03,0.75,medium
validation_3,hist_gradient_boosting,2026-04-26,2,2026-04-26 11:00:00+00:00,2026-04-26 12:00:00+00:00,1,0.13,increase,9.34,242823.5,1,7,24,1,0.0,0.0,0.43,435.98,0.01,6,6,1.0,0.75,0.0,0.69,medium
validation_3,hist_gradient_boosting,2026-04-26,3,2026-04-26 12:00:00+00:00,2026-04-26 13:00:00+00:00,1,0.13,increase,9.25,240679.8,2,6,24,2,0.09,0.3,0.49,435.68,-0.05,6,6,1.0,0.5,0.05,0.59,medium
validation_3,hist_gradient_boosting,2026-04-26,4,2026-04-26 14:00:00+00:00,2026-04-26 15:00:00+00:00,1,0.17,increase,9.19,239578.9,6,4,24,5,0.22,375.47,0.7,60.51,-0.26,3,6,0.5,0.25,0.05,0.3,low
validation_3,hist_gradient_boosting,2026-04-26,5,2026-04-26 15:00:00+00:00,2026-04-26 16:00:00+00:00,1,0.22,decrease,9.23,241113.3,7,5,24,7,0.33,412.55,1.05,23.43,-0.61,4,6,0.67,0.0,0.13,0.26,low
validation_3,hist_gradient_boosting,2026-04-27,1,2026-04-27 10:00:00+00:00,2026-04-27 11:00:00+00:00,1,0.02,increase,7.7,252564.9,2,1,24,2,0.02,0.73,0.61,34.29,1.17,6,6,1.0,1.0,0.02,0.8,high
validation_3,hist_gradient_boosting,2026-04-27,2,2026-04-27 11:00:00+00:00,2026-04-27 12:00:00+00:00,1,0.04,increase,7.76,254928.2,1,3,24,3,0.02,0.0,0.78,35.03,1.0,6,6,1.0,0.75,0.07,0.7,medium
validation_3,hist_gradient_boosting,2026-04-27,3,2026-04-27 09:00:00+00:00,2026-04-27 10:00:00+00:00,1,0.11,increase,7.79,257035.0,3,4,24,1,0.0,0.82,0.55,34.2,1.24,5,6,0.83,0.5,0.05,0.53,medium
validation_3,hist_gradient_boosting,2026-04-27,4,2026-04-27 12:00:00+00:00,2026-04-27 13:00:00+00:00,1,0.15,increase,7.95,251289.3,4,5,24,4,0.02,0.67,0.69,34.36,1.1,6,6,1.0,0.25,0.05,0.47,low
validation_3,hist_gradient_boosting,2026-04-27,5,2026-04-27 13:00:00+00:00,2026-04-27 14:00:00+00:00,1,0.2,increase,7.96,246617.6,5,6,24,5,0.15,0.82,1.11,34.2,0.68,6,6,1.0,0.0,0.07,0.36,low
validation_3,hist_gradient_boosting,2026-04-28,1,2026-04-28 10:00:00+00:00,2026-04-28 11:00:00+00:00,1,0.11,decrease,6.69,220520.8,4,3,24,3,0.02,20.46,0.31,28.39,0.59,6,6,1.0,1.0,0.03,0.81,high
validation_3,hist_gradient_boosting,2026-04-28,2,2026-04-28 09:00:00+00:00,2026-04-28 10:00:00+00:00,1,0.13,increase,6.53,219261.4,7,1,24,1,0.0,21.49,0.14,27.36,0.75,5,6,0.83,0.75,0.0,0.63,medium
validation_3,hist_gradient_boosting,2026-04-28,3,2026-04-28 11:00:00+00:00,2026-04-28 12:00:00+00:00,1,0.13,decrease,6.99,219063.0,3,5,24,2,0.0,0.0,0.48,48.85,0.42,6,6,1.0,0.5,0.03,0.58,medium
validation_3,hist_gradient_boosting,2026-04-28,4,2026-04-28 12:00:00+00:00,2026-04-28 13:00:00+00:00,1,0.15,decrease,7.22,218854.6,1,8,24,5,0.09,11.2,0.5,37.65,0.4,6,6,1.0,0.25,0.1,0.48,low
validation_3,hist_gradient_boosting,2026-04-28,5,2026-04-28 13:00:00+00:00,2026-04-28 14:00:00+00:00,1,0.24,decrease,7.32,218264.3,2,11,24,7,0.15,19.08,0.59,29.76,0.3,3,6,0.5,0.0,0.03,0.18,low
validation_3,hist_gradient_boosting,2026-04-29,1,2026-04-29 07:00:00+00:00,2026-04-29 08:00:00+00:00,1,0.26,decrease,6.76,228631.2,13,1,24,16,0.33,49.37,0.7,3.75,0.13,4,6,0.67,1.0,0.0,0.68,medium
validation_3,hist_gradient_boosting,2026-04-29,2,2026-04-29 08:00:00+00:00,2026-04-29 09:00:00+00:00,1,0.26,decrease,7.04,242440.6,8,6,24,13,0.3,48.62,0.85,4.49,-0.02,3,6,0.5,0.75,0.04,0.52,medium
validation_3,hist_gradient_boosting,2026-04-29,3,2026-04-29 13:00:00+00:00,2026-04-29 14:00:00+00:00,1,0.28,decrease,7.24,232068.5,2,13,24,5,0.09,19.06,0.53,34.06,0.3,4,6,0.67,0.5,0.04,0.47,low
validation_3,hist_gradient_boosting,2026-04-29,4,2026-04-29 12:00:00+00:00,2026-04-29 13:00:00+00:00,1,0.3,decrease,7.3,230867.4,1,15,24,1,0.0,4.03,0.43,49.08,0.4,6,6,1.0,0.25,0.17,0.5,low
validation_3,hist_gradient_boosting,2026-04-29,5,2026-04-29 14:00:00+00:00,2026-04-29 15:00:00+00:00,1,0.39,decrease,7.32,232259.9,4,16,24,4,0.02,37.69,0.4,15.42,0.43,4,6,0.67,0.0,0.04,0.24,low
validation_3,hist_gradient_boosting,2026-04-30,1,2026-04-30 08:00:00+00:00,2026-04-30 09:00:00+00:00,1,0.14,increase,6.66,229652.5,7,1,22,1,0.0,30.62,0.0,13.8,0.66,5,6,0.83,1.0,0.04,0.75,high
validation_3,hist_gradient_boosting,2026-04-30,2,2026-04-30 09:00:00+00:00,2026-04-30 10:00:00+00:00,1,0.17,increase,6.83,227599.1,6,3,22,2,0.12,27.7,0.39,16.72,0.27,5,6,0.83,0.75,0.0,0.63,medium
validation_3,hist_gradient_boosting,2026-04-30,3,2026-04-30 10:00:00+00:00,2026-04-30 11:00:00+00:00,1,0.17,increase,7.27,222416.3,4,5,22,5,0.21,17.12,0.69,27.3,-0.04,5,6,0.83,0.5,0.12,0.54,medium
validation_3,hist_gradient_boosting,2026-04-30,4,2026-04-30 07:00:00+00:00,2026-04-30 08:00:00+00:00,1,0.24,increase,6.78,228917.4,10,2,22,4,0.17,40.48,0.03,3.94,0.63,4,6,0.67,0.25,0.13,0.37,low
validation_3,hist_gradient_boosting,2026-04-30,5,2026-04-30 11:00:00+00:00,2026-04-30 12:00:00+00:00,1,0.31,increase,7.7,219186.9,2,13,22,6,0.21,0.0,0.75,44.42,-0.09,6,6,1.0,0.0,0.21,0.39,low
validation_3,hist_gradient_boosting,2026-05-08,1,2026-05-08 09:00:00+00:00,2026-05-08 10:00:00+00:00,1,0.04,decrease,6.69,300182.6,3,1,24,5,0.17,0.01,0.28,98.14,6.04,5,6,0.83,1.0,0.05,0.75,high
validation_3,hist_gradient_boosting,2026-05-08,2,2026-05-08 10:00:00+00:00,2026-05-08 11:00:00+00:00,1,0.09,decrease,6.82,304064.2,1,5,24,4,0.15,2.04,0.21,96.11,6.12,6,6,1.0,0.75,0.05,0.7,medium
validation_3,hist_gradient_boosting,2026-05-08,3,2026-05-08 11:00:00+00:00,2026-05-08 12:00:00+00:00,1,0.13,increase,6.81,307860.8,4,4,24,2,0.11,0.01,0.11,98.14,6.21,5,6,0.83,0.5,0.0,0.52,medium
validation_3,hist_gradient_boosting,2026-05-08,4,2026-05-08 12:00:00+00:00,2026-05-08 13:00:00+00:00,1,0.13,increase,6.91,312033.0,2,6,24,1,0.0,0.0,0.0,98.15,6.33,6,6,1.0,0.25,0.02,0.47,low
validation_3,hist_gradient_boosting,2026-05-08,5,2026-05-08 08:00:00+00:00,2026-05-08 09:00:00+00:00,1,0.15,increase,6.73,305540.6,7,2,24,6,0.2,2.75,0.23,95.4,6.1,5,6,0.83,0.0,0.07,0.31,low
validation_3,hist_gradient_boosting,2026-05-09,1,2026-05-09 10:00:00+00:00,2026-05-09 11:00:00+00:00,1,0.02,decrease,6.59,291045.5,1,2,24,6,0.3,0.07,0.83,42.88,-0.08,6,6,1.0,1.0,0.07,0.81,high
validation_3,hist_gradient_boosting,2026-05-09,2,2026-05-09 09:00:00+00:00,2026-05-09 10:00:00+00:00,1,0.09,increase,6.56,295218.9,5,1,24,1,0.0,0.09,0.27,42.86,0.48,6,6,1.0,0.75,0.09,0.71,medium
validation_3,hist_gradient_boosting,2026-05-09,3,2026-05-09 11:00:00+00:00,2026-05-09 12:00:00+00:00,1,0.17,decrease,7.16,315435.2,3,7,24,10,0.37,0.0,0.95,42.95,-0.19,6,6,1.0,0.5,0.02,0.58,medium
validation_3,hist_gradient_boosting,2026-05-09,4,2026-05-09 08:00:00+00:00,2026-05-09 09:00:00+00:00,1,0.2,increase,6.99,315413.8,7,4,24,2,0.02,10.03,0.0,32.92,0.75,5,6,0.83,0.25,0.0,0.4,low
validation_3,hist_gradient_boosting,2026-05-09,5,2026-05-09 14:00:00+00:00,2026-05-09 15:00:00+00:00,1,0.2,increase,7.13,320724.0,6,5,24,5,0.22,0.19,0.65,42.76,0.1,3,6,0.5,0.0,0.05,0.18,low
validation_3,hist_gradient_boosting,2026-05-10,1,2026-05-10 13:00:00+00:00,2026-05-10 14:00:00+00:00,1,0.11,decrease,6.42,268956.6,3,4,24,3,0.09,0.3,0.54,18.32,0.55,5,6,0.83,1.0,0.06,0.75,high
validation_3,hist_gradient_boosting,2026-05-10,2,2026-05-10 14:00:00+00:00,2026-05-10 15:00:00+00:00,1,0.15,decrease,5.96,256419.5,6,3,24,1,0.0,3.1,0.14,15.52,0.94,5,6,0.83,0.75,0.08,0.65,medium
validation_3,hist_gradient_boosting,2026-05-10,3,2026-05-10 08:00:00+00:00,2026-05-10 09:00:00+00:00,1,0.22,decrease,6.6,309579.6,7,5,24,5,0.2,0.57,1.0,18.05,0.08,6,6,1.0,0.5,0.0,0.57,medium
validation_3,hist_gradient_boosting,2026-05-10,4,2026-05-10 09:00:00+00:00,2026-05-10 10:00:00+00:00,1,0.22,decrease,6.69,307608.8,5,7,24,8,0.33,0.54,1.39,18.08,-0.31,5,6,0.83,0.25,0.0,0.4,low
validation_3,hist_gradient_boosting,2026-05-10,5,2026-05-10 11:00:00+00:00,2026-05-10 12:00:00+00:00,1,0.22,decrease,7.05,316146.4,2,10,24,11,0.35,0.0,1.79,18.62,-0.71,3,6,0.5,0.0,0.0,0.18,low
validation_3,hist_gradient_boosting,2026-05-11,1,2026-05-11 10:00:00+00:00,2026-05-11 11:00:00+00:00,1,0.03,decrease,6.02,294077.1,2,1,17,3,0.06,3.7,0.0,13.51,1.4,5,6,0.83,1.0,0.17,0.78,high
validation_3,hist_gradient_boosting,2026-05-11,2,2026-05-11 11:00:00+00:00,2026-05-11 12:00:00+00:00,1,0.19,increase,6.17,294010.8,4,4,17,4,0.06,1.15,0.11,16.06,1.28,5,6,0.83,0.75,0.0,0.63,medium
validation_3,hist_gradient_boosting,2026-05-11,3,2026-05-11 12:00:00+00:00,2026-05-11 13:00:00+00:00,1,0.19,increase,6.25,295165.4,3,5,17,6,0.12,1.13,0.2,16.08,1.19,6,6,1.0,0.5,0.0,0.57,medium
validation_3,hist_gradient_boosting,2026-05-11,4,2026-05-11 14:00:00+00:00,2026-05-11 15:00:00+00:00,1,0.19,decrease,6.11,291953.7,6,2,17,2,0.0,0.0,0.17,17.21,1.23,4,6,0.67,0.25,0.1,0.37,low
validation_3,hist_gradient_boosting,2026-05-11,5,2026-05-11 13:00:00+00:00,2026-05-11 14:00:00+00:00,1,0.28,increase,6.26,295986.6,5,6,17,1,0.0,0.55,0.15,16.66,1.25,6,6,1.0,0.0,0.0,0.35,low
