window,model,decision_group,recommendation_rank,timestamp_utc,workload_end_utc,duration_hours,predicted_combined_score,predicted_price_direction_vs_previous_day,predicted_avg_carbon_intensity_g_co2e_per_kwh,predicted_total_emissions_kg_co2e,predicted_price_rank,predicted_carbon_rank,candidate_count,actual_decision_rank,combined_regret,cost_regret_eur_mwh,carbon_regret_g_co2e_per_kwh,cost_savings_vs_run_now_eur_mwh,carbon_savings_vs_run_now_g_co2e_per_kwh,agreement_count,model_count,model_agreement_rate,rank_confidence_component,score_margin_component,confidence_score,confidence_level
test_2026_q2,hist_gradient_boosting,2026-04-01,1,2026-04-01 13:00:00+00:00,2026-04-01 14:00:00+00:00,1,0.02,unknown,11.91,414729.5,1,2,24,3,0.07,4.08,0.88,14.53,3.46,6,6,1.0,1.0,0.1,0.82,high
test_2026_q2,hist_gradient_boosting,2026-04-01,2,2026-04-01 14:00:00+00:00,2026-04-01 15:00:00+00:00,1,0.11,unknown,12.62,437460.1,3,4,24,2,0.02,12.33,0.0,6.27,4.33,5,6,0.83,0.75,0.02,0.63,medium
test_2026_q2,hist_gradient_boosting,2026-04-01,3,2026-04-01 12:00:00+00:00,2026-04-01 13:00:00+00:00,1,0.13,unknown,13.55,477075.0,2,6,24,1,0.0,0.0,0.44,18.61,3.89,6,6,1.0,0.5,0.05,0.58,medium
test_2026_q2,hist_gradient_boosting,2026-04-01,4,2026-04-01 15:00:00+00:00,2026-04-01 16:00:00+00:00,1,0.17,unknown,13.05,447518.0,5,5,24,11,0.35,35.76,0.99,-17.15,3.35,5,6,0.83,0.25,0.05,0.41,low
test_2026_q2,hist_gradient_boosting,2026-04-01,5,2026-04-01 11:00:00+00:00,2026-04-01 12:00:00+00:00,1,0.22,unknown,14.81,523897.4,4,8,24,5,0.15,7.39,2.32,11.22,2.01,3,6,0.5,0.0,0.05,0.18,low
test_2026_q2,hist_gradient_boosting,2026-04-02,1,2026-04-02 12:00:00+00:00,2026-04-02 13:00:00+00:00,1,0.0,decrease,9.61,347809.2,1,1,24,2,0.07,8.35,0.36,44.67,8.28,6,6,1.0,1.0,0.05,0.81,high
test_2026_q2,hist_gradient_boosting,2026-04-02,2,2026-04-02 13:00:00+00:00,2026-04-02 14:00:00+00:00,1,0.04,decrease,10.03,360799.4,2,2,24,4,0.13,8.63,1.29,44.39,7.35,6,6,1.0,0.75,0.07,0.7,medium
test_2026_q2,hist_gradient_boosting,2026-04-02,3,2026-04-02 15:00:00+00:00,2026-04-02 16:00:00+00:00,1,0.11,decrease,10.51,364550.4,3,4,24,5,0.15,16.98,0.84,36.04,7.8,5,6,0.83,0.5,0.02,0.52,medium
test_2026_q2,hist_gradient_boosting,2026-04-02,4,2026-04-02 11:00:00+00:00,2026-04-02 12:00:00+00:00,1,0.13,decrease,10.14,370773.8,5,3,24,3,0.09,13.25,0.22,39.76,8.42,6,6,1.0,0.25,0.02,0.47,low
test_2026_q2,hist_gradient_boosting,2026-04-02,5,2026-04-02 14:00:00+00:00,2026-04-02 15:00:00+00:00,1,0.15,decrease,10.6,379164.8,4,5,24,1,0.0,0.0,0.0,53.02,8.64,6,6,1.0,0.0,0.09,0.37,low
test_2026_q2,hist_gradient_boosting,2026-04-03,1,2026-04-03 12:00:00+00:00,2026-04-03 13:00:00+00:00,1,0.0,decrease,6.89,248805.7,1,1,24,2,0.0,0.0,0.39,111.76,8.02,6,6,1.0,1.0,0.19,0.84,high
test_2026_q2,hist_gradient_boosting,2026-04-03,2,2026-04-03 11:00:00+00:00,2026-04-03 12:00:00+00:00,1,0.17,decrease,7.32,276317.6,5,5,24,1,0.0,7.66,0.0,104.1,8.42,6,6,1.0,0.75,0.0,0.69,medium
test_2026_q2,hist_gradient_boosting,2026-04-03,3,2026-04-03 13:00:00+00:00,2026-04-03 14:00:00+00:00,1,0.17,decrease,7.55,259311.6,2,8,24,4,0.04,2.43,0.41,109.32,8.0,6,6,1.0,0.5,0.0,0.57,medium
test_2026_q2,hist_gradient_boosting,2026-04-03,4,2026-04-03 14:00:00+00:00,2026-04-03 15:00:00+00:00,1,0.17,decrease,7.38,258676.4,4,6,24,3,0.0,2.65,0.34,109.11,8.07,4,6,0.67,0.25,0.0,0.35,low
test_2026_q2,hist_gradient_boosting,2026-04-03,5,2026-04-03 22:00:00+00:00,2026-04-03 23:00:00+00:00,1,0.17,decrease,7.22,238156.2,7,3,24,8,0.3,20.51,0.99,91.25,7.43,2,6,0.33,0.0,0.05,0.13,low
test_2026_q2,hist_gradient_boosting,2026-04-04,1,2026-04-04 08:00:00+00:00,2026-04-04 09:00:00+00:00,1,0.2,decrease,7.93,253533.6,10,1,24,6,0.26,13.08,0.87,15.46,-0.5,5,6,0.83,1.0,0.05,0.75,high
test_2026_q2,hist_gradient_boosting,2026-04-04,2,2026-04-04 23:00:00+00:00,2026-04-05 00:00:00+00:00,1,0.24,decrease,8.5,254217.3,6,7,24,2,0.02,4.66,0.0,23.87,0.36,5,6,0.83,0.75,0.05,0.64,medium
test_2026_q2,hist_gradient_boosting,2026-04-04,3,2026-04-04 00:00:00+00:00,2026-04-04 01:00:00+00:00,1,0.28,decrease,8.21,255109.7,11,4,24,4,0.2,28.53,0.36,0.0,0.0,4,6,0.67,0.5,0.05,0.47,low
test_2026_q2,hist_gradient_boosting,2026-04-04,4,2026-04-04 02:00:00+00:00,2026-04-04 03:00:00+00:00,1,0.33,decrease,8.44,255988.8,12,5,24,14,0.33,30.72,0.59,-2.19,-0.23,3,6,0.5,0.25,0.03,0.29,low
test_2026_q2,hist_gradient_boosting,2026-04-04,5,2026-04-04 07:00:00+00:00,2026-04-04 08:00:00+00:00,1,0.35,decrease,8.2,249542.5,15,3,24,3,0.13,27.17,0.17,1.36,0.19,4,6,0.67,0.0,0.0,0.23,low
test_2026_q2,hist_gradient_boosting,2026-04-05,1,2026-04-05 02:00:00+00:00,2026-04-05 03:00:00+00:00,1,0.22,decrease,8.45,230500.2,10,2,24,6,0.09,82.32,0.66,0.02,-0.66,5,6,0.83,1.0,0.1,0.76,high
test_2026_q2,hist_gradient_boosting,2026-04-05,2,2026-04-05 00:00:00+00:00,2026-04-05 01:00:00+00:00,1,0.28,decrease,8.08,240921.4,14,1,24,3,0.04,82.35,0.0,0.0,0.0,5,6,0.83,0.75,0.0,0.63,medium
test_2026_q2,hist_gradient_boosting,2026-04-05,3,2026-04-05 03:00:00+00:00,2026-04-05 04:00:00+00:00,1,0.28,decrease,8.65,231942.6,11,4,24,8,0.15,82.32,0.77,0.02,-0.77,3,6,0.5,0.5,0.0,0.4,low
test_2026_q2,hist_gradient_boosting,2026-04-05,4,2026-04-05 01:00:00+00:00,2026-04-05 02:00:00+00:00,1,0.28,decrease,8.51,247483.0,12,3,24,2,0.02,82.32,0.34,0.02,-0.34,4,6,0.67,0.25,0.1,0.37,low
test_2026_q2,hist_gradient_boosting,2026-04-05,5,2026-04-05 11:00:00+00:00,2026-04-05 12:00:00+00:00,1,0.35,decrease,10.16,275676.0,3,15,24,4,0.07,6.0,1.83,76.35,-1.83,5,6,0.83,0.0,0.07,0.31,low
test_2026_q2,hist_gradient_boosting,2026-04-06,1,2026-04-06 09:00:00+00:00,2026-04-06 10:00:00+00:00,1,0.13,increase,8.26,238332.8,6,2,24,4,0.04,65.43,0.18,78.81,0.97,5,6,0.83,1.0,0.0,0.74,medium
test_2026_q2,hist_gradient_boosting,2026-04-06,2,2026-04-06 11:00:00+00:00,2026-04-06 12:00:00+00:00,1,0.13,increase,8.62,238818.6,2,6,24,2,0.02,0.0,0.34,144.24,0.81,6,6,1.0,0.75,0.0,0.69,medium
test_2026_q2,hist_gradient_boosting,2026-04-06,3,2026-04-06 12:00:00+00:00,2026-04-06 13:00:00+00:00,1,0.13,increase,8.92,239747.2,1,7,24,5,0.07,3.16,0.38,141.08,0.78,6,6,1.0,0.5,0.03,0.58,medium
test_2026_q2,hist_gradient_boosting,2026-04-06,4,2026-04-06 08:00:00+00:00,2026-04-06 09:00:00+00:00,1,0.15,increase,8.17,244941.2,8,1,24,3,0.04,93.17,0.0,51.07,1.15,4,6,0.67,0.25,0.0,0.35,low
test_2026_q2,hist_gradient_boosting,2026-04-06,5,2026-04-06 10:00:00+00:00,2026-04-06 11:00:00+00:00,1,0.15,increase,8.54,241932.8,4,5,24,1,0.0,42.96,0.12,101.28,1.03,5,6,0.83,0.0,0.05,0.3,low
test_2026_q2,hist_gradient_boosting,2026-04-07,1,2026-04-07 09:00:00+00:00,2026-04-07 10:00:00+00:00,1,0.11,increase,6.99,242089.2,5,2,24,1,0.0,10.84,0.04,23.56,1.33,6,6,1.0,1.0,0.03,0.81,high
test_2026_q2,hist_gradient_boosting,2026-04-07,2,2026-04-07 10:00:00+00:00,2026-04-07 11:00:00+00:00,1,0.13,increase,7.23,240515.4,4,4,24,4,0.04,7.84,0.42,26.56,0.94,6,6,1.0,0.75,0.0,0.69,medium
test_2026_q2,hist_gradient_boosting,2026-04-07,3,2026-04-07 12:00:00+00:00,2026-04-07 13:00:00+00:00,1,0.13,increase,7.91,238203.0,1,7,24,5,0.15,0.04,1.04,34.36,0.32,6,6,1.0,0.5,0.03,0.58,medium
test_2026_q2,hist_gradient_boosting,2026-04-07,4,2026-04-07 08:00:00+00:00,2026-04-07 09:00:00+00:00,1,0.15,increase,6.97,241213.1,8,1,24,3,0.04,15.77,0.0,18.63,1.37,6,6,1.0,0.25,0.0,0.46,low
test_2026_q2,hist_gradient_boosting,2026-04-07,5,2026-04-07 11:00:00+00:00,2026-04-07 12:00:00+00:00,1,0.15,increase,7.79,240322.1,3,6,24,2,0.0,0.0,0.47,34.4,0.89,6,6,1.0,0.0,0.15,0.38,low
test_2026_q2,hist_gradient_boosting,2026-04-08,1,2026-04-08 12:00:00+00:00,2026-04-08 13:00:00+00:00,1,0.07,decrease,7.57,245853.5,1,4,24,1,0.0,2.81,0.0,87.73,0.87,6,6,1.0,1.0,0.0,0.8,high
test_2026_q2,hist_gradient_boosting,2026-04-08,2,2026-04-08 13:00:00+00:00,2026-04-08 14:00:00+00:00,1,0.07,decrease,7.44,239702.7,2,3,24,6,0.22,17.77,0.76,72.76,0.11,5,6,0.83,0.75,0.05,0.64,medium
test_2026_q2,hist_gradient_boosting,2026-04-08,3,2026-04-08 09:00:00+00:00,2026-04-08 10:00:00+00:00,1,0.11,increase,7.33,250942.7,6,1,24,5,0.17,29.78,0.24,60.75,0.62,5,6,0.83,0.5,0.07,0.53,medium
test_2026_q2,hist_gradient_boosting,2026-04-08,4,2026-04-08 10:00:00+00:00,2026-04-08 11:00:00+00:00,1,0.17,decrease,7.57,249624.7,5,5,24,3,0.09,13.16,0.18,77.38,0.69,6,6,1.0,0.25,0.0,0.46,low
test_2026_q2,hist_gradient_boosting,2026-04-08,5,2026-04-08 11:00:00+00:00,2026-04-08 12:00:00+00:00,1,0.17,decrease,7.63,245582.8,3,7,24,2,0.02,0.0,0.12,90.54,0.75,6,6,1.0,0.0,0.02,0.35,low
test_2026_q2,hist_gradient_boosting,2026-04-09,1,2026-04-09 10:00:00+00:00,2026-04-09 11:00:00+00:00,1,0.07,increase,7.22,240087.0,4,1,24,1,0.0,6.73,0.14,81.59,1.29,6,6,1.0,1.0,0.0,0.8,high
test_2026_q2,hist_gradient_boosting,2026-04-09,2,2026-04-09 11:00:00+00:00,2026-04-09 12:00:00+00:00,1,0.07,increase,7.45,238745.6,2,3,24,4,0.09,0.27,0.6,88.05,0.84,6,6,1.0,0.75,0.08,0.7,medium
test_2026_q2,hist_gradient_boosting,2026-04-09,3,2026-04-09 13:00:00+00:00,2026-04-09 14:00:00+00:00,1,0.13,increase,7.81,242072.2,3,5,24,6,0.24,6.46,1.09,81.86,0.35,4,6,0.67,0.5,0.03,0.46,low
test_2026_q2,hist_gradient_boosting,2026-04-09,4,2026-04-09 09:00:00+00:00,2026-04-09 10:00:00+00:00,1,0.15,increase,7.43,247900.1,7,2,24,2,0.02,8.24,0.0,80.07,1.44,6,6,1.0,0.25,0.0,0.46,low
test_2026_q2,hist_gradient_boosting,2026-04-09,5,2026-04-09 12:00:00+00:00,2026-04-09 13:00:00+00:00,1,0.15,increase,7.91,244640.4,1,8,24,3,0.04,0.0,0.48,88.32,0.96,6,6,1.0,0.0,0.15,0.38,low
test_2026_q2,hist_gradient_boosting,2026-04-10,1,2026-04-10 12:00:00+00:00,2026-04-10 13:00:00+00:00,1,0.02,increase,7.63,248800.4,1,2,24,2,0.13,1.67,0.25,15.31,0.64,6,6,1.0,1.0,0.05,0.81,high
test_2026_q2,hist_gradient_boosting,2026-04-10,2,2026-04-10 10:00:00+00:00,2026-04-10 11:00:00+00:00,1,0.07,increase,7.57,246189.5,4,1,24,6,0.22,18.49,0.16,-1.51,0.74,6,6,1.0,0.75,0.07,0.7,medium
test_2026_q2,hist_gradient_boosting,2026-04-10,3,2026-04-10 13:00:00+00:00,2026-04-10 14:00:00+00:00,1,0.13,increase,7.91,249865.8,3,5,24,3,0.13,0.01,0.6,16.97,0.29,5,6,0.83,0.5,0.02,0.52,medium
test_2026_q2,hist_gradient_boosting,2026-04-10,4,2026-04-10 11:00:00+00:00,2026-04-10 12:00:00+00:00,1,0.15,increase,7.65,250205.6,6,3,24,1,0.0,0.0,0.0,16.98,0.89,6,6,1.0,0.25,0.05,0.47,low
test_2026_q2,hist_gradient_boosting,2026-04-10,5,2026-04-10 14:00:00+00:00,2026-04-10 15:00:00+00:00,1,0.2,increase,8.27,255941.3,2,9,24,5,0.2,0.21,0.73,16.77,0.16,4,6,0.67,0.0,0.05,0.24,low
test_2026_q2,hist_gradient_boosting,2026-04-11,1,2026-04-11 08:00:00+00:00,2026-04-11 09:00:00+00:00,1,0.17,decrease,8.27,245809.8,8,2,24,2,0.02,33.74,0.25,20.49,-0.05,5,6,0.83,1.0,0.07,0.76,high
test_2026_q2,hist_gradient_boosting,2026-04-11,2,2026-04-11 07:00:00+00:00,2026-04-11 08:00:00+00:00,1,0.22,decrease,8.06,246032.1,11,1,24,1,0.0,48.45,0.02,5.78,0.18,4,6,0.67,0.75,0.07,0.58,medium
test_2026_q2,hist_gradient_boosting,2026-04-11,3,2026-04-11 09:00:00+00:00,2026-04-11 10:00:00+00:00,1,0.26,decrease,8.92,245088.5,6,8,24,16,0.28,30.65,1.33,23.58,-1.14,6,6,1.0,0.5,0.24,0.62,medium
test_2026_q2,hist_gradient_boosting,2026-04-11,4,2026-04-11 06:00:00+00:00,2026-04-11 07:00:00+00:00,1,0.41,decrease,8.49,243886.4,18,3,24,5,0.15,55.48,0.0,-1.25,0.19,3,6,0.5,0.25,0.0,0.29,low
test_2026_q2,hist_gradient_boosting,2026-04-11,5,2026-04-11 12:00:00+00:00,2026-04-11 13:00:00+00:00,1,0.41,decrease,10.22,238298.1,1,20,24,7,0.17,4.97,1.3,49.26,-1.1,5,6,0.83,0.0,0.03,0.3,low
test_2026_q2,hist_gradient_boosting,2026-04-12,1,2026-04-12 08:00:00+00:00,2026-04-12 09:00:00+00:00,1,0.13,increase,9.48,240904.0,4,4,24,8,0.2,13.89,0.58,-5.71,0.6,6,6,1.0,1.0,0.0,0.8,high
test_2026_q2,hist_gradient_boosting,2026-04-12,2,2026-04-12 11:00:00+00:00,2026-04-12 12:00:00+00:00,1,0.13,increase,9.52,251538.6,2,6,24,1,0.0,0.0,0.94,8.18,0.24,5,6,0.83,0.75,0.03,0.63,medium
test_2026_q2,hist_gradient_boosting,2026-04-12,3,2026-04-12 09:00:00+00:00,2026-04-12 10:00:00+00:00,1,0.15,increase,9.48,242759.6,6,3,24,3,0.09,12.78,0.38,-4.6,0.81,4,6,0.67,0.5,0.03,0.46,low
test_2026_q2,hist_gradient_boosting,2026-04-12,4,2026-04-12 07:00:00+00:00,2026-04-12 08:00:00+00:00,1,0.17,decrease,9.51,242992.7,5,5,24,7,0.2,13.47,0.75,-5.29,0.44,3,6,0.5,0.25,0.0,0.29,low
test_2026_q2,hist_gradient_boosting,2026-04-12,5,2026-04-12 10:00:00+00:00,2026-04-12 11:00:00+00:00,1,0.17,increase,8.98,242420.4,8,2,24,9,0.2,12.91,0.86,-4.73,0.33,5,6,0.83,0.0,0.05,0.3,low
test_2026_q2,hist_gradient_boosting,2026-04-13,1,2026-04-13 01:00:00+00:00,2026-04-13 02:00:00+00:00,1,0.09,increase,9.22,247061.6,4,2,24,3,0.02,30.58,0.15,5.12,-0.09,5,6,0.83,1.0,0.0,0.74,medium
test_2026_q2,hist_gradient_boosting,2026-04-13,2,2026-04-13 02:00:00+00:00,2026-04-13 03:00:00+00:00,1,0.09,increase,9.33,246940.7,2,4,24,7,0.17,37.94,1.1,-2.24,-1.03,5,6,0.83,0.75,0.05,0.64,medium
test_2026_q2,hist_gradient_boosting,2026-04-13,3,2026-04-13 00:00:00+00:00,2026-04-13 01:00:00+00:00,1,0.13,increase,9.28,250386.0,5,3,24,2,0.02,35.7,0.07,0.0,0.0,6,6,1.0,0.5,0.0,0.57,medium
test_2026_q2,hist_gradient_boosting,2026-04-13,4,2026-04-13 14:00:00+00:00,2026-04-13 15:00:00+00:00,1,0.13,increase,9.37,308978.8,3,5,24,1,0.0,0.0,0.83,35.7,-0.76,5,6,0.83,0.25,0.03,0.41,low
test_2026_q2,hist_gradient_boosting,2026-04-13,5,2026-04-13 15:00:00+00:00,2026-04-13 16:00:00+00:00,1,0.15,increase,10.79,353016.6,1,8,24,6,0.07,23.86,0.95,11.84,-0.88,5,6,0.83,0.0,0.05,0.3,low
test_2026_q2,hist_gradient_boosting,2026-04-14,1,2026-04-14 13:00:00+00:00,2026-04-14 14:00:00+00:00,1,0.09,decrease,9.85,337911.0,4,2,24,1,0.0,11.9,0.0,104.54,13.42,5,6,0.83,1.0,0.0,0.74,medium
test_2026_q2,hist_gradient_boosting,2026-04-14,2,2026-04-14 15:00:00+00:00,2026-04-14 16:00:00+00:00,1,0.09,decrease,10.51,337414.2,3,3,24,5,0.15,46.9,0.64,69.53,12.79,4,6,0.67,0.75,0.02,0.58,medium
test_2026_q2,hist_gradient_boosting,2026-04-14,3,2026-04-14 10:00:00+00:00,2026-04-14 11:00:00+00:00,1,0.11,decrease,11.98,427561.3,1,6,24,6,0.2,22.32,3.43,94.12,9.99,5,6,0.83,0.5,0.0,0.52,medium
test_2026_q2,hist_gradient_boosting,2026-04-14,4,2026-04-14 12:00:00+00:00,2026-04-14 13:00:00+00:00,1,0.11,decrease,11.7,401230.5,2,5,24,3,0.13,15.0,0.94,101.44,12.48,5,6,0.83,0.25,0.0,0.4,low
test_2026_q2,hist_gradient_boosting,2026-04-14,5,2026-04-14 14:00:00+00:00,2026-04-14 15:00:00+00:00,1,0.11,decrease,9.42,313590.4,6,1,24,2,0.0,0.0,0.5,116.43,12.92,6,6,1.0,0.0,0.05,0.36,low
test_2026_q2,hist_gradient_boosting,2026-04-15,1,2026-04-15 12:00:00+00:00,2026-04-15 13:00:00+00:00,1,0.02,decrease,7.51,259431.8,1,2,24,1,0.0,0.0,0.56,84.15,8.53,6,6,1.0,1.0,0.05,0.81,high
test_2026_q2,hist_gradient_boosting,2026-04-15,2,2026-04-15 10:00:00+00:00,2026-04-15 11:00:00+00:00,1,0.07,decrease,7.9,271746.7,2,3,24,4,0.09,6.7,0.01,77.44,9.08,5,6,0.83,0.75,0.0,0.63,medium
test_2026_q2,hist_gradient_boosting,2026-04-15,3,2026-04-15 11:00:00+00:00,2026-04-15 12:00:00+00:00,1,0.07,decrease,7.36,253856.3,4,1,24,2,0.02,0.0,0.0,84.14,9.09,6,6,1.0,0.5,0.05,0.58,medium
test_2026_q2,hist_gradient_boosting,2026-04-15,4,2026-04-15 13:00:00+00:00,2026-04-15 14:00:00+00:00,1,0.11,decrease,8.16,268131.3,3,4,24,3,0.07,0.0,1.48,84.15,7.61,6,6,1.0,0.25,0.09,0.48,low
test_2026_q2,hist_gradient_boosting,2026-04-15,5,2026-04-15 14:00:00+00:00,2026-04-15 15:00:00+00:00,1,0.2,increase,9.22,296590.4,5,6,24,6,0.13,0.0,3.52,84.15,5.58,6,6,1.0,0.0,0.02,0.35,low
test_2026_q2,hist_gradient_boosting,2026-04-16,1,2026-04-16 12:00:00+00:00,2026-04-16 13:00:00+00:00,1,0.04,increase,7.37,246628.4,1,3,24,2,0.09,0.0,0.24,81.31,10.89,6,6,1.0,1.0,0.02,0.8,high
test_2026_q2,hist_gradient_boosting,2026-04-16,2,2026-04-16 10:00:00+00:00,2026-04-16 11:00:00+00:00,1,0.07,increase,7.03,237527.6,4,1,24,4,0.13,10.38,0.01,70.94,11.12,6,6,1.0,0.75,0.02,0.69,medium
test_2026_q2,hist_gradient_boosting,2026-04-16,3,2026-04-16 13:00:00+00:00,2026-04-16 14:00:00+00:00,1,0.09,increase,7.73,253429.9,2,4,24,5,0.13,0.01,0.43,81.3,10.7,6,6,1.0,0.5,0.02,0.58,medium
test_2026_q2,hist_gradient_boosting,2026-04-16,4,2026-04-16 11:00:00+00:00,2026-04-16 12:00:00+00:00,1,0.11,increase,7.23,241554.1,5,2,24,1,0.0,0.0,0.0,81.31,11.13,6,6,1.0,0.25,0.02,0.47,low
test_2026_q2,hist_gradient_boosting,2026-04-16,5,2026-04-16 14:00:00+00:00,2026-04-16 15:00:00+00:00,1,0.13,increase,8.09,260841.5,3,5,24,6,0.17,0.01,1.49,81.3,9.64,5,6,0.83,0.0,0.09,0.31,low
test_2026_q2,hist_gradient_boosting,2026-04-17,1,2026-04-17 11:00:00+00:00,2026-04-17 12:00:00+00:00,1,0.02,increase,7.33,241262.7,2,1,24,1,0.0,0.0,0.0,112.53,3.56,6,6,1.0,1.0,0.0,0.8,high
test_2026_q2,hist_gradient_boosting,2026-04-17,2,2026-04-17 12:00:00+00:00,2026-04-17 13:00:00+00:00,1,0.02,increase,7.47,243076.3,1,2,24,2,0.04,0.0,0.07,112.53,3.49,6,6,1.0,0.75,0.07,0.7,medium
test_2026_q2,hist_gradient_boosting,2026-04-17,3,2026-04-17 10:00:00+00:00,2026-04-17 11:00:00+00:00,1,0.09,decrease,7.48,250602.2,3,3,24,4,0.15,5.52,0.11,107.01,3.45,6,6,1.0,0.5,0.05,0.58,medium
test_2026_q2,hist_gradient_boosting,2026-04-17,4,2026-04-17 13:00:00+00:00,2026-04-17 14:00:00+00:00,1,0.13,increase,7.49,244493.7,4,4,24,3,0.11,0.0,0.38,112.53,3.18,6,6,1.0,0.25,0.07,0.48,low
test_2026_q2,hist_gradient_boosting,2026-04-17,5,2026-04-17 14:00:00+00:00,2026-04-17 15:00:00+00:00,1,0.2,increase,7.69,252174.8,6,5,24,5,0.15,0.0,0.67,112.53,2.89,5,6,0.83,0.0,0.02,0.3,low
test_2026_q2,hist_gradient_boosting,2026-04-18,1,2026-04-18 08:00:00+00:00,2026-04-18 09:00:00+00:00,1,0.2,decrease,8.35,253961.9,7,4,24,6,0.11,3.86,1.13,81.5,0.45,5,6,0.83,1.0,0.0,0.74,medium
test_2026_q2,hist_gradient_boosting,2026-04-18,2,2026-04-18 09:00:00+00:00,2026-04-18 10:00:00+00:00,1,0.2,decrease,8.68,255322.7,4,7,24,9,0.17,1.38,1.52,83.98,0.07,5,6,0.83,0.75,0.03,0.64,medium
test_2026_q2,hist_gradient_boosting,2026-04-18,3,2026-04-18 12:00:00+00:00,2026-04-18 13:00:00+00:00,1,0.22,decrease,9.08,256932.2,1,11,24,1,0.0,0.0,1.26,85.36,0.33,4,6,0.67,0.5,0.0,0.46,low
test_2026_q2,hist_gradient_boosting,2026-04-18,4,2026-04-18 23:00:00+00:00,2026-04-19 00:00:00+00:00,1,0.22,decrease,7.86,232108.7,11,1,24,3,0.07,62.54,0.07,22.82,1.51,5,6,0.83,0.25,0.03,0.41,low
test_2026_q2,hist_gradient_boosting,2026-04-18,5,2026-04-18 10:00:00+00:00,2026-04-18 11:00:00+00:00,1,0.24,decrease,9.06,256311.1,3,10,24,11,0.24,1.04,1.61,84.32,-0.03,6,6,1.0,0.0,0.06,0.36,low
test_2026_q2,hist_gradient_boosting,2026-04-19,1,2026-04-19 09:00:00+00:00,2026-04-19 10:00:00+00:00,1,0.22,decrease,8.13,228635.6,2,10,24,2,0.02,4.27,0.82,51.52,-0.1,5,6,0.83,1.0,0.09,0.76,high
test_2026_q2,hist_gradient_boosting,2026-04-19,2,2026-04-19 07:00:00+00:00,2026-04-19 08:00:00+00:00,1,0.28,decrease,8.01,229507.3,9,6,24,8,0.13,6.66,0.95,49.13,-0.23,4,6,0.67,0.75,0.03,0.58,medium
test_2026_q2,hist_gradient_boosting,2026-04-19,3,2026-04-19 08:00:00+00:00,2026-04-19 09:00:00+00:00,1,0.3,decrease,8.14,228338.8,5,11,24,1,0.0,4.27,0.91,51.52,-0.19,5,6,0.83,0.5,0.0,0.52,medium
test_2026_q2,hist_gradient_boosting,2026-04-19,4,2026-04-19 10:00:00+00:00,2026-04-19 11:00:00+00:00,1,0.3,decrease,8.09,229500.9,7,9,24,3,0.02,4.27,0.79,51.52,-0.07,5,6,0.83,0.25,0.03,0.41,low
test_2026_q2,hist_gradient_boosting,2026-04-19,5,2026-04-19 23:00:00+00:00,2026-04-20 00:00:00+00:00,1,0.33,decrease,7.65,228030.7,13,4,24,5,0.04,28.51,0.4,27.28,0.32,3,6,0.5,0.0,0.03,0.18,low
test_2026_q2,hist_gradient_boosting,2026-04-20,1,2026-04-20 08:00:00+00:00,2026-04-20 09:00:00+00:00,1,0.09,increase,6.97,235276.4,3,3,24,7,0.13,4.41,0.31,20.82,0.64,6,6,1.0,1.0,0.02,0.8,high
test_2026_q2,hist_gradient_boosting,2026-04-20,2,2026-04-20 10:00:00+00:00,2026-04-20 11:00:00+00:00,1,0.11,increase,6.94,236466.6,5,2,24,2,0.04,0.15,0.05,25.08,0.89,6,6,1.0,0.75,0.05,0.7,medium
test_2026_q2,hist_gradient_boosting,2026-04-20,3,2026-04-20 13:00:00+00:00,2026-04-20 14:00:00+00:00,1,0.15,increase,7.44,245693.7,1,8,24,5,0.11,0.0,0.58,25.23,0.36,2,6,0.33,0.5,0.05,0.35,low
test_2026_q2,hist_gradient_boosting,2026-04-20,4,2026-04-20 11:00:00+00:00,2026-04-20 12:00:00+00:00,1,0.2,increase,7.05,237004.8,6,5,24,4,0.07,0.0,0.37,25.23,0.57,5,6,0.83,0.25,0.0,0.4,low
test_2026_q2,hist_gradient_boosting,2026-04-20,5,2026-04-20 12:00:00+00:00,2026-04-20 13:00:00+00:00,1,0.2,increase,7.33,243723.1,4,7,24,3,0.04,0.0,0.54,25.23,0.4,3,6,0.5,0.0,0.0,0.18,low
test_2026_q2,hist_gradient_boosting,2026-04-21,1,2026-04-21 09:00:00+00:00,2026-04-21 10:00:00+00:00,1,0.07,decrease,7.67,273337.6,4,1,24,4,0.07,0.1,0.26,19.24,0.21,6,6,1.0,1.0,0.03,0.81,high
test_2026_q2,hist_gradient_boosting,2026-04-21,2,2026-04-21 11:00:00+00:00,2026-04-21 12:00:00+00:00,1,0.09,decrease,7.86,272658.2,2,4,24,5,0.07,0.04,0.63,19.3,-0.16,6,6,1.0,0.75,0.05,0.7,medium
test_2026_q2,hist_gradient_boosting,2026-04-21,3,2026-04-21 10:00:00+00:00,2026-04-21 11:00:00+00:00,1,0.13,decrease,7.88,272810.2,3,5,24,1,0.0,0.1,0.12,19.24,0.36,6,6,1.0,0.5,0.05,0.59,medium
test_2026_q2,hist_gradient_boosting,2026-04-21,4,2026-04-21 08:00:00+00:00,2026-04-21 09:00:00+00:00,1,0.17,decrease,7.8,278094.8,7,3,24,2,0.02,2.33,0.06,17.01,0.42,4,6,0.67,0.25,0.03,0.35,low
test_2026_q2,hist_gradient_boosting,2026-04-21,5,2026-04-21 12:00:00+00:00,2026-04-21 13:00:00+00:00,1,0.2,decrease,8.48,284559.8,1,10,24,6,0.15,0.0,0.75,19.34,-0.28,5,6,0.83,0.0,0.03,0.3,low
test_2026_q2,hist_gradient_boosting,2026-04-22,1,2026-04-22 09:00:00+00:00,2026-04-22 10:00:00+00:00,1,0.15,decrease,7.2,236782.4,6,3,24,3,0.02,17.45,0.23,10.99,0.39,6,6,1.0,1.0,0.0,0.8,high
test_2026_q2,hist_gradient_boosting,2026-04-22,2,2026-04-22 10:00:00+00:00,2026-04-22 11:00:00+00:00,1,0.15,decrease,7.29,238630.3,4,5,24,2,0.0,13.76,0.41,14.68,0.21,6,6,1.0,0.75,0.0,0.69,medium
test_2026_q2,hist_gradient_boosting,2026-04-22,3,2026-04-22 11:00:00+00:00,2026-04-22 12:00:00+00:00,1,0.15,decrease,7.65,239217.8,3,6,24,4,0.04,0.0,0.75,28.44,-0.13,6,6,1.0,0.5,0.06,0.59,medium
test_2026_q2,hist_gradient_boosting,2026-04-22,4,2026-04-22 08:00:00+00:00,2026-04-22 09:00:00+00:00,1,0.2,increase,6.92,238092.6,10,1,24,1,0.0,17.46,0.12,10.98,0.5,6,6,1.0,0.25,0.06,0.47,low
test_2026_q2,hist_gradient_boosting,2026-04-22,5,2026-04-22 12:00:00+00:00,2026-04-22 13:00:00+00:00,1,0.24,decrease,8.11,240991.8,1,12,24,5,0.09,0.93,0.79,27.51,-0.17,5,6,0.83,0.0,0.06,0.3,low
test_2026_q2,hist_gradient_boosting,2026-04-23,1,2026-04-23 09:00:00+00:00,2026-04-23 10:00:00+00:00,1,0.13,increase,7.27,242798.2,7,1,24,2,0.13,45.33,0.66,33.87,0.13,6,6,1.0,1.0,0.08,0.82,high
test_2026_q2,hist_gradient_boosting,2026-04-23,2,2026-04-23 10:00:00+00:00,2026-04-23 11:00:00+00:00,1,0.2,decrease,7.87,247951.2,5,6,24,3,0.17,21.13,0.8,58.07,-0.01,6,6,1.0,0.75,0.05,0.7,medium
test_2026_q2,hist_gradient_boosting,2026-04-23,3,2026-04-23 08:00:00+00:00,2026-04-23 09:00:00+00:00,1,0.24,increase,7.41,252270.1,10,3,24,1,0.0,51.33,0.0,27.87,0.79,6,6,1.0,0.5,0.05,0.59,medium
test_2026_q2,hist_gradient_boosting,2026-04-23,4,2026-04-23 13:00:00+00:00,2026-04-23 14:00:00+00:00,1,0.28,decrease,8.31,251091.0,2,13,24,7,0.22,26.94,0.81,52.26,-0.03,1,6,0.17,0.25,0.0,0.17,low
test_2026_q2,hist_gradient_boosting,2026-04-23,5,2026-04-23 11:00:00+00:00,2026-04-23 12:00:00+00:00,1,0.28,decrease,8.26,246679.1,3,12,24,8,0.24,0.0,0.9,79.2,-0.11,6,6,1.0,0.0,0.08,0.37,low
test_2026_q2,hist_gradient_boosting,2026-04-24,1,2026-04-24 08:00:00+00:00,2026-04-24 09:00:00+00:00,1,0.15,increase,7.53,257059.4,8,1,24,1,0.0,38.61,0.01,7.48,0.75,6,6,1.0,1.0,0.0,0.8,high
test_2026_q2,hist_gradient_boosting,2026-04-24,2,2026-04-24 09:00:00+00:00,2026-04-24 10:00:00+00:00,1,0.15,increase,7.61,256967.9,7,2,24,3,0.13,29.78,0.27,16.32,0.49,6,6,1.0,0.75,0.13,0.71,medium
test_2026_q2,hist_gradient_boosting,2026-04-24,3,2026-04-24 10:00:00+00:00,2026-04-24 11:00:00+00:00,1,0.24,increase,7.98,256203.4,5,8,24,6,0.17,22.9,0.39,23.19,0.37,6,6,1.0,0.5,0.03,0.58,medium
test_2026_q2,hist_gradient_boosting,2026-04-24,4,2026-04-24 11:00:00+00:00,2026-04-24 12:00:00+00:00,1,0.26,increase,8.15,245441.1,4,10,24,4,0.15,3.78,0.39,42.32,0.36,4,6,0.67,0.25,0.0,0.35,low
test_2026_q2,hist_gradient_boosting,2026-04-24,5,2026-04-24 12:00:00+00:00,2026-04-24 13:00:00+00:00,1,0.26,increase,8.19,247255.3,1,13,24,5,0.15,0.0,0.43,46.1,0.33,4,6,0.67,0.0,0.06,0.25,low
test_2026_q2,hist_gradient_boosting,2026-04-25,1,2026-04-25 07:00:00+00:00,2026-04-25 08:00:00+00:00,1,0.2,decrease,8.38,244882.2,10,1,24,5,0.02,195.96,0.46,43.48,-0.46,5,6,0.83,1.0,0.03,0.75,medium
test_2026_q2,hist_gradient_boosting,2026-04-25,2,2026-04-25 11:00:00+00:00,2026-04-25 12:00:00+00:00,1,0.22,decrease,9.45,243123.5,2,10,24,3,0.0,14.13,0.91,225.31,-0.91,6,6,1.0,0.75,0.03,0.69,medium
test_2026_q2,hist_gradient_boosting,2026-04-25,3,2026-04-25 08:00:00+00:00,2026-04-25 09:00:00+00:00,1,0.24,decrease,8.91,248373.0,8,5,24,12,0.15,183.22,1.08,56.22,-1.08,6,6,1.0,0.5,0.0,0.57,medium
test_2026_q2,hist_gradient_boosting,2026-04-25,4,2026-04-25 12:00:00+00:00,2026-04-25 13:00:00+00:00,1,0.24,decrease,9.67,246098.5,1,12,24,4,0.0,0.0,1.04,239.44,-1.04,5,6,0.83,0.25,0.05,0.41,low
test_2026_q2,hist_gradient_boosting,2026-04-25,5,2026-04-25 10:00:00+00:00,2026-04-25 11:00:00+00:00,1,0.28,decrease,9.54,240746.4,4,11,24,2,0.0,89.18,0.82,150.26,-0.82,3,6,0.5,0.0,0.0,0.18,low
test_2026_q2,hist_gradient_boosting,2026-04-26,1,2026-04-26 12:00:00+00:00,2026-04-26 13:00:00+00:00,1,0.13,increase,9.38,242074.8,2,6,24,2,0.09,0.3,0.49,435.68,-0.05,6,6,1.0,1.0,0.0,0.8,high
test_2026_q2,hist_gradient_boosting,2026-04-26,2,2026-04-26 13:00:00+00:00,2026-04-26 14:00:00+00:00,1,0.13,increase,9.27,241000.4,4,4,24,3,0.11,177.98,0.48,258.0,-0.04,5,6,0.83,0.75,0.03,0.63,medium
test_2026_q2,hist_gradient_boosting,2026-04-26,3,2026-04-26 11:00:00+00:00,2026-04-26 12:00:00+00:00,1,0.15,increase,9.42,244311.3,1,8,24,1,0.0,0.0,0.43,435.98,0.01,6,6,1.0,0.5,0.0,0.57,medium
test_2026_q2,hist_gradient_boosting,2026-04-26,4,2026-04-26 14:00:00+00:00,2026-04-26 15:00:00+00:00,1,0.15,increase,9.24,240551.8,6,3,24,5,0.22,375.47,0.7,60.51,-0.26,4,6,0.67,0.25,0.13,0.37,low
test_2026_q2,hist_gradient_boosting,2026-04-26,5,2026-04-26 07:00:00+00:00,2026-04-26 08:00:00+00:00,1,0.26,decrease,9.33,251140.4,9,5,24,6,0.33,412.65,1.04,23.32,-0.61,2,6,0.33,0.0,0.0,0.12,low
test_2026_q2,hist_gradient_boosting,2026-04-27,1,2026-04-27 11:00:00+00:00,2026-04-27 12:00:00+00:00,1,0.04,increase,7.75,252304.2,2,2,24,3,0.02,0.0,0.78,35.03,1.0,6,6,1.0,1.0,0.05,0.81,high
test_2026_q2,hist_gradient_boosting,2026-04-27,2,2026-04-27 10:00:00+00:00,2026-04-27 11:00:00+00:00,1,0.09,increase,7.83,254417.5,3,3,24,2,0.02,0.73,0.61,34.29,1.17,6,6,1.0,0.75,0.02,0.69,medium
test_2026_q2,hist_gradient_boosting,2026-04-27,3,2026-04-27 12:00:00+00:00,2026-04-27 13:00:00+00:00,1,0.11,increase,8.05,251766.6,1,6,24,4,0.02,0.67,0.69,34.36,1.1,6,6,1.0,0.5,0.05,0.58,medium
test_2026_q2,hist_gradient_boosting,2026-04-27,4,2026-04-27 09:00:00+00:00,2026-04-27 10:00:00+00:00,1,0.15,increase,7.86,259682.4,5,4,24,1,0.0,0.82,0.55,34.2,1.24,5,6,0.83,0.25,0.0,0.4,low
test_2026_q2,hist_gradient_boosting,2026-04-27,5,2026-04-27 13:00:00+00:00,2026-04-27 14:00:00+00:00,1,0.15,increase,7.98,245274.1,4,5,24,5,0.15,0.82,1.11,34.2,0.68,6,6,1.0,0.0,0.14,0.38,low
test_2026_q2,hist_gradient_boosting,2026-04-28,1,2026-04-28 10:00:00+00:00,2026-04-28 11:00:00+00:00,1,0.09,decrease,6.74,220554.4,4,2,24,3,0.02,20.46,0.31,28.39,0.59,6,6,1.0,1.0,0.02,0.8,high
test_2026_q2,hist_gradient_boosting,2026-04-28,2,2026-04-28 11:00:00+00:00,2026-04-28 12:00:00+00:00,1,0.11,decrease,7.04,218968.2,3,4,24,2,0.0,0.0,0.48,48.85,0.42,6,6,1.0,0.75,0.02,0.69,medium
test_2026_q2,hist_gradient_boosting,2026-04-28,3,2026-04-28 09:00:00+00:00,2026-04-28 10:00:00+00:00,1,0.13,increase,6.54,219660.8,7,1,24,1,0.0,21.49,0.14,27.36,0.75,5,6,0.83,0.5,0.03,0.52,medium
test_2026_q2,hist_gradient_boosting,2026-04-28,4,2026-04-28 12:00:00+00:00,2026-04-28 13:00:00+00:00,1,0.15,decrease,7.27,218830.4,1,8,24,5,0.09,11.2,0.5,37.65,0.4,6,6,1.0,0.25,0.08,0.48,low
test_2026_q2,hist_gradient_boosting,2026-04-28,5,2026-04-28 13:00:00+00:00,2026-04-28 14:00:00+00:00,1,0.22,decrease,7.34,219222.3,2,10,24,7,0.15,19.08,0.59,29.76,0.3,3,6,0.5,0.0,0.05,0.18,low
test_2026_q2,hist_gradient_boosting,2026-04-29,1,2026-04-29 15:00:00+00:00,2026-04-29 16:00:00+00:00,1,0.24,decrease,7.2,224551.2,5,8,24,2,0.0,48.62,0.3,4.49,0.53,4,6,0.67,1.0,0.04,0.69,medium
test_2026_q2,hist_gradient_boosting,2026-04-29,2,2026-04-29 12:00:00+00:00,2026-04-29 13:00:00+00:00,1,0.26,decrease,7.25,230743.1,1,13,24,1,0.0,4.03,0.43,49.08,0.4,6,6,1.0,0.75,0.04,0.7,medium
test_2026_q2,hist_gradient_boosting,2026-04-29,3,2026-04-29 07:00:00+00:00,2026-04-29 08:00:00+00:00,1,0.28,decrease,6.66,227007.9,14,1,24,16,0.33,49.37,0.7,3.75,0.13,4,6,0.67,0.5,0.0,0.46,low
test_2026_q2,hist_gradient_boosting,2026-04-29,4,2026-04-29 13:00:00+00:00,2026-04-29 14:00:00+00:00,1,0.28,decrease,7.24,231154.4,3,12,24,5,0.09,19.06,0.53,34.06,0.3,4,6,0.67,0.25,0.22,0.39,low
test_2026_q2,hist_gradient_boosting,2026-04-29,5,2026-04-29 14:00:00+00:00,2026-04-29 15:00:00+00:00,1,0.39,decrease,7.31,231935.8,4,16,24,4,0.02,37.69,0.4,15.42,0.43,2,6,0.33,0.0,0.09,0.13,low
test_2026_q2,hist_gradient_boosting,2026-04-30,1,2026-04-30 08:00:00+00:00,2026-04-30 09:00:00+00:00,1,0.14,increase,6.7,230724.9,7,1,22,1,0.0,30.62,0.0,13.8,0.66,5,6,0.83,1.0,0.0,0.74,medium
test_2026_q2,hist_gradient_boosting,2026-04-30,2,2026-04-30 09:00:00+00:00,2026-04-30 10:00:00+00:00,1,0.14,increase,6.75,227501.2,6,2,22,2,0.12,27.7,0.39,16.72,0.27,5,6,0.83,0.75,0.08,0.64,medium
test_2026_q2,hist_gradient_boosting,2026-04-30,3,2026-04-30 10:00:00+00:00,2026-04-30 11:00:00+00:00,1,0.19,increase,7.26,222305.9,5,5,22,5,0.21,17.12,0.69,27.3,-0.04,5,6,0.83,0.5,0.12,0.54,medium
test_2026_q2,hist_gradient_boosting,2026-04-30,4,2026-04-30 07:00:00+00:00,2026-04-30 08:00:00+00:00,1,0.26,increase,6.88,232165.7,10,3,22,4,0.17,40.48,0.03,3.94,0.63,4,6,0.67,0.25,0.04,0.35,low
test_2026_q2,hist_gradient_boosting,2026-04-30,5,2026-04-30 11:00:00+00:00,2026-04-30 12:00:00+00:00,1,0.29,increase,7.73,219560.0,3,11,22,6,0.21,0.0,0.75,44.42,-0.09,6,6,1.0,0.0,0.23,0.4,low
test_2026_q2,hist_gradient_boosting,2026-05-22,1,2026-05-22 09:00:00+00:00,2026-05-22 10:00:00+00:00,1,0.02,decrease,7.38,314808.6,1,2,24,3,0.09,0.01,0.01,84.43,0.87,6,6,1.0,1.0,0.07,0.81,high
test_2026_q2,hist_gradient_boosting,2026-05-22,2,2026-05-22 08:00:00+00:00,2026-05-22 09:00:00+00:00,1,0.09,decrease,7.29,315786.5,5,1,24,6,0.17,0.77,0.19,83.66,0.68,5,6,0.83,0.75,0.0,0.63,medium
test_2026_q2,hist_gradient_boosting,2026-05-22,3,2026-05-22 10:00:00+00:00,2026-05-22 11:00:00+00:00,1,0.09,decrease,7.44,317904.4,2,4,24,2,0.04,0.01,0.0,84.43,0.87,6,6,1.0,0.5,0.05,0.58,medium
test_2026_q2,hist_gradient_boosting,2026-05-22,4,2026-05-22 12:00:00+00:00,2026-05-22 13:00:00+00:00,1,0.13,increase,7.49,318531.0,3,5,24,5,0.11,0.0,0.39,84.44,0.49,6,6,1.0,0.25,0.05,0.47,low
test_2026_q2,hist_gradient_boosting,2026-05-22,5,2026-05-22 11:00:00+00:00,2026-05-22 12:00:00+00:00,1,0.17,increase,7.5,320175.6,4,6,24,1,0.0,0.0,0.17,84.44,0.7,6,6,1.0,0.0,0.07,0.36,low
test_2026_q2,hist_gradient_boosting,2026-05-23,1,2026-05-23 08:00:00+00:00,2026-05-23 09:00:00+00:00,1,0.11,decrease,7.34,316074.2,6,1,24,13,0.24,31.22,2.27,61.39,-0.51,5,6,0.83,1.0,0.0,0.74,medium
test_2026_q2,hist_gradient_boosting,2026-05-23,2,2026-05-23 09:00:00+00:00,2026-05-23 10:00:00+00:00,1,0.11,decrease,7.63,315905.7,4,3,24,9,0.2,27.68,2.27,64.92,-0.5,5,6,0.83,0.75,0.03,0.63,medium
test_2026_q2,hist_gradient_boosting,2026-05-23,3,2026-05-23 13:00:00+00:00,2026-05-23 14:00:00+00:00,1,0.13,decrease,7.72,320024.2,3,5,24,14,0.24,27.55,2.3,65.06,-0.53,3,6,0.5,0.5,0.03,0.41,low
test_2026_q2,hist_gradient_boosting,2026-05-23,4,2026-05-23 10:00:00+00:00,2026-05-23 11:00:00+00:00,1,0.15,decrease,7.71,316572.0,5,4,24,16,0.26,19.26,2.35,73.34,-0.59,6,6,1.0,0.25,0.0,0.46,low
test_2026_q2,hist_gradient_boosting,2026-05-23,5,2026-05-23 11:00:00+00:00,2026-05-23 12:00:00+00:00,1,0.15,decrease,7.76,317947.6,2,7,24,7,0.15,0.0,2.29,92.61,-0.53,5,6,0.83,0.0,0.0,0.29,low
test_2026_q2,hist_gradient_boosting,2026-05-24,1,2026-05-24 12:00:00+00:00,2026-05-24 13:00:00+00:00,1,0.04,decrease,6.73,274367.8,1,3,24,1,0.0,14.08,1.32,96.31,-0.78,5,6,0.83,1.0,0.08,0.76,high
test_2026_q2,hist_gradient_boosting,2026-05-24,2,2026-05-24 08:00:00+00:00,2026-05-24 09:00:00+00:00,1,0.11,decrease,6.71,280063.1,6,1,24,24,0.22,72.87,1.65,37.52,-1.1,2,6,0.33,0.75,0.06,0.47,low
test_2026_q2,hist_gradient_boosting,2026-05-24,3,2026-05-24 10:00:00+00:00,2026-05-24 11:00:00+00:00,1,0.15,decrease,6.74,274257.6,4,5,24,9,0.09,38.02,1.39,72.38,-0.84,5,6,0.83,0.5,0.0,0.52,medium
test_2026_q2,hist_gradient_boosting,2026-05-24,4,2026-05-24 13:00:00+00:00,2026-05-24 14:00:00+00:00,1,0.15,decrease,6.75,278659.2,2,7,24,10,0.09,52.04,1.37,58.36,-0.82,4,6,0.67,0.25,0.0,0.35,low
test_2026_q2,hist_gradient_boosting,2026-05-24,5,2026-05-24 14:00:00+00:00,2026-05-24 15:00:00+00:00,1,0.15,decrease,6.71,276564.7,7,2,24,11,0.09,73.41,1.29,36.98,-0.74,3,6,0.5,0.0,0.06,0.19,low
test_2026_q2,hist_gradient_boosting,2026-05-25,1,2026-05-25 08:00:00+00:00,2026-05-25 09:00:00+00:00,1,0.09,decrease,6.59,283329.0,5,1,24,3,0.07,15.75,0.63,24.51,0.01,4,6,0.67,1.0,0.0,0.68,medium
test_2026_q2,hist_gradient_boosting,2026-05-25,2,2026-05-25 09:00:00+00:00,2026-05-25 10:00:00+00:00,1,0.09,increase,6.71,280561.9,3,3,24,18,0.3,14.15,1.11,26.11,-0.47,5,6,0.83,0.75,0.0,0.63,medium
test_2026_q2,hist_gradient_boosting,2026-05-25,3,2026-05-25 12:00:00+00:00,2026-05-25 13:00:00+00:00,1,0.09,increase,6.73,280652.1,1,5,24,5,0.09,6.15,0.81,34.11,-0.17,6,6,1.0,0.5,0.06,0.59,medium
test_2026_q2,hist_gradient_boosting,2026-05-25,4,2026-05-25 13:00:00+00:00,2026-05-25 14:00:00+00:00,1,0.13,increase,6.69,281963.4,6,2,24,12,0.17,13.98,0.87,26.28,-0.23,4,6,0.67,0.25,0.08,0.36,low
test_2026_q2,hist_gradient_boosting,2026-05-25,5,2026-05-25 10:00:00+00:00,2026-05-25 11:00:00+00:00,1,0.2,increase,6.88,281044.1,2,9,24,13,0.22,13.68,0.96,26.58,-0.32,2,6,0.33,0.0,0.0,0.12,low
test_2026_q2,hist_gradient_boosting,2026-05-26,1,2026-05-26 08:00:00+00:00,2026-05-26 09:00:00+00:00,1,0.17,increase,7.57,329968.1,7,3,24,10,0.2,1.14,1.04,72.43,-0.96,6,6,1.0,1.0,0.03,0.81,high
test_2026_q2,hist_gradient_boosting,2026-05-26,2,2026-05-26 07:00:00+00:00,2026-05-26 08:00:00+00:00,1,0.2,increase,7.53,324011.5,10,1,24,1,0.0,27.25,0.0,46.32,0.08,5,6,0.83,0.75,0.11,0.65,medium
test_2026_q2,hist_gradient_boosting,2026-05-26,3,2026-05-26 00:00:00+00:00,2026-05-26 01:00:00+00:00,1,0.28,increase,7.55,291516.4,13,2,24,2,0.09,73.57,0.08,0.0,0.0,5,6,0.83,0.5,0.03,0.52,medium
test_2026_q2,hist_gradient_boosting,2026-05-26,4,2026-05-26 01:00:00+00:00,2026-05-26 02:00:00+00:00,1,0.3,increase,7.78,292568.5,12,4,24,9,0.2,70.17,0.29,3.4,-0.21,5,6,0.83,0.25,0.0,0.4,low
test_2026_q2,hist_gradient_boosting,2026-05-26,5,2026-05-26 09:00:00+00:00,2026-05-26 10:00:00+00:00,1,0.3,increase,9.59,406105.3,1,15,24,11,0.2,0.16,1.47,73.41,-1.4,2,6,0.33,0.0,0.03,0.12,low
test_2026_q2,hist_gradient_boosting,2026-05-27,1,2026-05-27 09:00:00+00:00,2026-05-27 10:00:00+00:00,1,0.02,decrease,6.43,275828.2,1,2,24,4,0.09,0.29,0.11,113.75,0.84,5,6,0.83,1.0,0.09,0.76,high
test_2026_q2,hist_gradient_boosting,2026-05-27,2,2026-05-27 08:00:00+00:00,2026-05-27 09:00:00+00:00,1,0.11,increase,6.28,280109.5,6,1,24,2,0.04,3.97,0.0,110.07,0.95,4,6,0.67,0.75,0.04,0.58,medium
test_2026_q2,hist_gradient_boosting,2026-05-27,3,2026-05-27 10:00:00+00:00,2026-05-27 11:00:00+00:00,1,0.15,increase,6.81,292158.5,3,6,24,1,0.0,0.01,0.07,114.03,0.88,5,6,0.83,0.5,0.0,0.52,medium
test_2026_q2,hist_gradient_boosting,2026-05-27,4,2026-05-27 12:00:00+00:00,2026-05-27 13:00:00+00:00,1,0.15,increase,6.73,289100.6,4,5,24,6,0.09,0.0,0.48,114.04,0.46,5,6,0.83,0.25,0.0,0.4,low
test_2026_q2,hist_gradient_boosting,2026-05-27,5,2026-05-27 13:00:00+00:00,2026-05-27 14:00:00+00:00,1,0.15,increase,6.69,289354.6,5,4,24,3,0.04,0.24,0.09,113.8,0.86,3,6,0.5,0.0,0.02,0.18,low
test_2026_q2,hist_gradient_boosting,2026-05-28,1,2026-05-28 10:00:00+00:00,2026-05-28 11:00:00+00:00,1,0.02,decrease,6.17,262367.0,1,2,24,3,0.09,0.0,0.07,95.76,4.05,6,6,1.0,1.0,0.05,0.81,high
test_2026_q2,hist_gradient_boosting,2026-05-28,2,2026-05-28 09:00:00+00:00,2026-05-28 10:00:00+00:00,1,0.07,increase,5.96,256286.9,4,1,24,4,0.15,0.56,0.11,95.2,4.02,6,6,1.0,0.75,0.02,0.69,medium
test_2026_q2,hist_gradient_boosting,2026-05-28,3,2026-05-28 11:00:00+00:00,2026-05-28 12:00:00+00:00,1,0.09,decrease,6.22,266792.1,2,4,24,1,0.0,0.0,0.0,95.77,4.13,6,6,1.0,0.5,0.05,0.58,medium
test_2026_q2,hist_gradient_boosting,2026-05-28,4,2026-05-28 12:00:00+00:00,2026-05-28 13:00:00+00:00,1,0.13,increase,6.29,270347.2,3,5,24,2,0.04,0.0,0.05,95.76,4.07,5,6,0.83,0.25,0.05,0.41,low
test_2026_q2,hist_gradient_boosting,2026-05-28,5,2026-05-28 08:00:00+00:00,2026-05-28 09:00:00+00:00,1,0.17,increase,6.17,272229.1,7,3,24,5,0.17,17.75,0.08,78.01,4.05,2,6,0.33,0.0,0.02,0.12,low
test_2026_q2,hist_gradient_boosting,2026-05-29,1,2026-05-29 10:00:00+00:00,2026-05-29 11:00:00+00:00,1,0.0,increase,6.5,276738.8,1,1,24,2,0.04,0.35,0.27,120.13,3.74,6,6,1.0,1.0,0.07,0.81,high
test_2026_q2,hist_gradient_boosting,2026-05-29,2,2026-05-29 11:00:00+00:00,2026-05-29 12:00:00+00:00,1,0.07,increase,6.74,288655.0,2,3,24,4,0.07,0.0,0.41,120.48,3.6,6,6,1.0,0.75,0.04,0.7,medium
test_2026_q2,hist_gradient_boosting,2026-05-29,3,2026-05-29 13:00:00+00:00,2026-05-29 14:00:00+00:00,1,0.11,increase,6.55,283521.1,5,2,24,3,0.04,1.35,0.22,119.12,3.79,5,6,0.83,0.5,0.04,0.53,medium
test_2026_q2,hist_gradient_boosting,2026-05-29,4,2026-05-29 09:00:00+00:00,2026-05-29 10:00:00+00:00,1,0.15,increase,6.98,299425.1,4,5,24,5,0.09,2.05,0.26,118.42,3.75,5,6,0.83,0.25,0.0,0.4,low
test_2026_q2,hist_gradient_boosting,2026-05-29,5,2026-05-29 12:00:00+00:00,2026-05-29 13:00:00+00:00,1,0.15,increase,7.05,303412.8,3,6,24,1,0.0,0.64,0.0,119.83,4.01,6,6,1.0,0.0,0.02,0.35,low
test_2026_q2,hist_gradient_boosting,2026-05-30,1,2026-05-30 09:00:00+00:00,2026-05-30 10:00:00+00:00,1,0.04,decrease,6.39,268670.4,1,3,24,6,0.07,0.1,1.36,99.06,2.66,6,6,1.0,1.0,0.0,0.8,high
test_2026_q2,hist_gradient_boosting,2026-05-30,2,2026-05-30 10:00:00+00:00,2026-05-30 11:00:00+00:00,1,0.04,decrease,6.35,267779.0,3,1,24,11,0.17,0.1,1.58,99.07,2.44,6,6,1.0,0.75,0.05,0.7,medium
test_2026_q2,hist_gradient_boosting,2026-05-30,3,2026-05-30 11:00:00+00:00,2026-05-30 12:00:00+00:00,1,0.09,decrease,6.5,273864.7,2,4,24,8,0.11,0.02,1.54,99.14,2.48,6,6,1.0,0.5,0.02,0.58,medium
test_2026_q2,hist_gradient_boosting,2026-05-30,4,2026-05-30 08:00:00+00:00,2026-05-30 09:00:00+00:00,1,0.11,decrease,6.36,265488.8,5,2,24,10,0.13,3.06,1.44,96.1,2.58,4,6,0.67,0.25,0.05,0.36,low
test_2026_q2,hist_gradient_boosting,2026-05-30,5,2026-05-30 12:00:00+00:00,2026-05-30 13:00:00+00:00,1,0.15,decrease,6.76,285937.9,4,5,24,1,0.0,0.0,1.39,99.16,2.63,5,6,0.83,0.0,0.09,0.31,low
test_2026_q2,hist_gradient_boosting,2026-05-31,1,2026-05-31 09:00:00+00:00,2026-05-31 10:00:00+00:00,1,0.04,decrease,6.01,273829.8,2,2,24,3,0.07,0.01,0.43,65.48,0.14,5,6,0.83,1.0,0.0,0.74,medium
test_2026_q2,hist_gradient_boosting,2026-05-31,2,2026-05-31 10:00:00+00:00,2026-05-31 11:00:00+00:00,1,0.04,decrease,5.98,274582.3,3,1,24,2,0.02,0.0,0.52,65.49,0.04,5,6,0.83,0.75,0.11,0.65,medium
test_2026_q2,hist_gradient_boosting,2026-05-31,3,2026-05-31 08:00:00+00:00,2026-05-31 09:00:00+00:00,1,0.13,decrease,6.31,273217.3,1,7,24,10,0.2,2.15,0.59,63.34,-0.02,4,6,0.67,0.5,0.0,0.46,low
test_2026_q2,hist_gradient_boosting,2026-05-31,4,2026-05-31 11:00:00+00:00,2026-05-31 12:00:00+00:00,1,0.13,increase,6.08,277012.7,5,3,24,8,0.13,0.0,0.7,65.5,-0.13,5,6,0.83,0.25,0.03,0.41,low
test_2026_q2,hist_gradient_boosting,2026-05-31,5,2026-05-31 12:00:00+00:00,2026-05-31 13:00:00+00:00,1,0.15,decrease,6.16,274830.9,4,5,24,6,0.11,0.0,0.65,65.5,-0.08,6,6,1.0,0.0,0.05,0.36,low
test_2026_q2,hist_gradient_boosting,2026-06-01,1,2026-06-01 09:00:00+00:00,2026-06-01 10:00:00+00:00,1,0.07,increase,6.88,293930.6,2,3,24,4,0.2,9.75,0.08,28.83,1.0,6,6,1.0,1.0,0.02,0.8,high
test_2026_q2,hist_gradient_boosting,2026-06-01,2,2026-06-01 13:00:00+00:00,2026-06-01 14:00:00+00:00,1,0.09,increase,6.88,297102.6,4,2,24,1,0.0,0.0,0.0,38.58,1.08,5,6,0.83,0.75,0.05,0.64,medium
test_2026_q2,hist_gradient_boosting,2026-06-01,3,2026-06-01 12:00:00+00:00,2026-06-01 13:00:00+00:00,1,0.13,increase,7.17,307828.9,1,7,24,3,0.09,3.01,0.06,35.58,1.02,5,6,0.83,0.5,0.05,0.53,medium
test_2026_q2,hist_gradient_boosting,2026-06-01,4,2026-06-01 08:00:00+00:00,2026-06-01 09:00:00+00:00,1,0.17,increase,6.76,295793.9,9,1,24,7,0.22,17.5,0.06,21.09,1.02,3,6,0.5,0.25,0.0,0.29,low
test_2026_q2,hist_gradient_boosting,2026-06-01,5,2026-06-01 10:00:00+00:00,2026-06-01 11:00:00+00:00,1,0.17,increase,6.94,294790.5,5,5,24,5,0.2,7.86,0.1,30.73,0.98,6,6,1.0,0.0,0.0,0.35,low
test_2026_q2,hist_gradient_boosting,2026-06-02,1,2026-06-02 09:00:00+00:00,2026-06-02 10:00:00+00:00,1,0.02,decrease,6.53,322146.0,1,2,24,3,0.11,0.21,1.3,30.27,2.29,6,6,1.0,1.0,0.07,0.81,high
test_2026_q2,hist_gradient_boosting,2026-06-02,2,2026-06-02 10:00:00+00:00,2026-06-02 11:00:00+00:00,1,0.09,decrease,7.38,375030.4,2,4,24,8,0.2,0.08,2.11,30.4,1.48,6,6,1.0,0.75,0.0,0.69,medium
test_2026_q2,hist_gradient_boosting,2026-06-02,3,2026-06-02 23:00:00+00:00,2026-06-03 00:00:00+00:00,1,0.09,decrease,6.11,260922.4,5,1,24,9,0.22,22.64,0.62,7.85,2.97,5,6,0.83,0.5,0.09,0.53,medium
test_2026_q2,hist_gradient_boosting,2026-06-02,4,2026-06-02 11:00:00+00:00,2026-06-02 12:00:00+00:00,1,0.17,decrease,8.4,427438.8,4,6,24,10,0.24,0.07,2.36,30.41,1.23,6,6,1.0,0.25,0.04,0.47,low
test_2026_q2,hist_gradient_boosting,2026-06-02,5,2026-06-02 08:00:00+00:00,2026-06-02 09:00:00+00:00,1,0.22,decrease,6.62,312309.5,9,3,24,5,0.13,2.68,0.67,27.8,2.92,2,6,0.33,0.0,0.02,0.12,low
test_2026_q2,hist_gradient_boosting,2026-06-03,1,2026-06-03 12:00:00+00:00,2026-06-03 13:00:00+00:00,1,0.11,decrease,5.88,294024.8,3,4,24,3,0.04,0.09,0.0,20.7,0.79,6,6,1.0,1.0,0.0,0.8,high
test_2026_q2,hist_gradient_boosting,2026-06-03,2,2026-06-03 13:00:00+00:00,2026-06-03 14:00:00+00:00,1,0.11,increase,5.67,284410.2,6,1,24,2,0.02,0.0,0.15,20.79,0.64,5,6,0.83,0.75,0.03,0.63,medium
test_2026_q2,hist_gradient_boosting,2026-06-03,3,2026-06-03 08:00:00+00:00,2026-06-03 09:00:00+00:00,1,0.13,decrease,6.01,299752.5,1,7,24,11,0.39,0.1,0.39,20.7,0.4,3,6,0.5,0.5,0.05,0.41,low
test_2026_q2,hist_gradient_boosting,2026-06-03,4,2026-06-03 14:00:00+00:00,2026-06-03 15:00:00+00:00,1,0.17,increase,5.79,289522.3,7,3,24,4,0.17,0.0,0.29,20.79,0.5,4,6,0.67,0.25,0.03,0.35,low
test_2026_q2,hist_gradient_boosting,2026-06-03,5,2026-06-03 11:00:00+00:00,2026-06-03 12:00:00+00:00,1,0.2,decrease,5.99,293749.2,5,6,24,1,0.0,0.07,0.02,20.72,0.77,4,6,0.67,0.0,0.03,0.24,low
test_2026_q2,hist_gradient_boosting,2026-06-04,1,2026-06-04 10:00:00+00:00,2026-06-04 11:00:00+00:00,1,0.02,decrease,4.71,234223.0,1,2,24,3,0.07,0.01,0.0,3.79,1.87,5,6,0.83,1.0,0.05,0.75,high
test_2026_q2,hist_gradient_boosting,2026-06-04,2,2026-06-04 11:00:00+00:00,2026-06-04 12:00:00+00:00,1,0.07,decrease,4.69,234633.5,4,1,24,1,0.0,0.0,0.39,3.8,1.48,6,6,1.0,0.75,0.03,0.69,medium
test_2026_q2,hist_gradient_boosting,2026-06-04,3,2026-06-04 12:00:00+00:00,2026-06-04 13:00:00+00:00,1,0.09,decrease,4.74,237136.2,3,3,24,5,0.13,0.0,0.78,3.8,1.09,6,6,1.0,0.5,0.05,0.59,medium
test_2026_q2,hist_gradient_boosting,2026-06-04,4,2026-06-04 09:00:00+00:00,2026-06-04 10:00:00+00:00,1,0.13,decrease,5.37,264546.9,2,6,24,2,0.07,0.01,0.11,3.79,1.76,4,6,0.67,0.25,0.03,0.35,low
test_2026_q2,hist_gradient_boosting,2026-06-04,5,2026-06-04 13:00:00+00:00,2026-06-04 14:00:00+00:00,1,0.15,decrease,5.23,259934.6,5,4,24,6,0.22,0.0,0.85,3.8,1.02,5,6,0.83,0.0,0.08,0.31,low
test_2026_q2,hist_gradient_boosting,2026-06-05,1,2026-06-05 10:00:00+00:00,2026-06-05 11:00:00+00:00,1,0.0,decrease,5.38,246244.8,1,1,24,2,0.09,2.08,0.0,8.62,1.25,6,6,1.0,1.0,0.09,0.82,high
test_2026_q2,hist_gradient_boosting,2026-06-05,2,2026-06-05 11:00:00+00:00,2026-06-05 12:00:00+00:00,1,0.09,increase,5.4,247574.4,4,2,24,5,0.13,1.2,0.06,9.5,1.19,6,6,1.0,0.75,0.0,0.69,medium
test_2026_q2,hist_gradient_boosting,2026-06-05,3,2026-06-05 12:00:00+00:00,2026-06-05 13:00:00+00:00,1,0.09,increase,5.43,247574.0,2,4,24,3,0.09,1.0,0.03,9.7,1.22,6,6,1.0,0.5,0.04,0.58,medium
test_2026_q2,hist_gradient_boosting,2026-06-05,4,2026-06-05 13:00:00+00:00,2026-06-05 14:00:00+00:00,1,0.13,increase,5.43,245511.4,5,3,24,4,0.09,0.62,0.14,10.08,1.1,5,6,0.83,0.25,0.04,0.41,low
test_2026_q2,hist_gradient_boosting,2026-06-05,5,2026-06-05 09:00:00+00:00,2026-06-05 10:00:00+00:00,1,0.17,increase,5.95,272022.3,3,7,24,1,0.0,0.62,0.01,10.08,1.23,6,6,1.0,0.0,0.02,0.35,low
test_2026_q2,hist_gradient_boosting,2026-06-06,1,2026-06-06 08:00:00+00:00,2026-06-06 09:00:00+00:00,1,0.0,decrease,5.08,244183.0,1,1,24,5,0.2,0.08,0.25,13.57,0.2,4,6,0.67,1.0,0.07,0.7,medium
test_2026_q2,hist_gradient_boosting,2026-06-06,2,2026-06-06 09:00:00+00:00,2026-06-06 10:00:00+00:00,1,0.07,decrease,5.23,245518.3,2,3,24,2,0.07,0.0,0.22,13.65,0.22,5,6,0.83,0.75,0.02,0.63,medium
test_2026_q2,hist_gradient_boosting,2026-06-06,3,2026-06-06 11:00:00+00:00,2026-06-06 12:00:00+00:00,1,0.09,decrease,5.16,244010.8,4,2,24,3,0.07,0.06,0.09,13.59,0.36,6,6,1.0,0.5,0.02,0.58,medium
test_2026_q2,hist_gradient_boosting,2026-06-06,4,2026-06-06 10:00:00+00:00,2026-06-06 11:00:00+00:00,1,0.11,decrease,5.25,242857.1,3,4,24,1,0.0,0.04,0.0,13.61,0.45,6,6,1.0,0.25,0.07,0.48,low
test_2026_q2,hist_gradient_boosting,2026-06-06,5,2026-06-06 12:00:00+00:00,2026-06-06 13:00:00+00:00,1,0.17,decrease,5.26,248859.2,5,5,24,6,0.24,0.01,0.34,13.64,0.1,6,6,1.0,0.0,0.07,0.36,low
test_2026_q2,hist_gradient_boosting,2026-06-07,1,2026-06-07 11:00:00+00:00,2026-06-07 12:00:00+00:00,1,0.07,decrease,6.27,261020.4,4,1,24,2,0.07,8.8,0.63,52.92,-0.49,6,6,1.0,1.0,0.0,0.8,high
test_2026_q2,hist_gradient_boosting,2026-06-07,2,2026-06-07 13:00:00+00:00,2026-06-07 14:00:00+00:00,1,0.07,decrease,6.28,262581.1,2,3,24,4,0.07,8.35,0.65,53.37,-0.51,5,6,0.83,0.75,0.02,0.63,medium
test_2026_q2,hist_gradient_boosting,2026-06-07,3,2026-06-07 12:00:00+00:00,2026-06-07 13:00:00+00:00,1,0.09,decrease,6.29,261333.2,1,5,24,1,0.0,0.0,0.63,61.72,-0.48,5,6,0.83,0.5,0.02,0.52,medium
test_2026_q2,hist_gradient_boosting,2026-06-07,4,2026-06-07 10:00:00+00:00,2026-06-07 11:00:00+00:00,1,0.11,decrease,6.28,259297.8,3,4,24,6,0.13,26.4,0.66,35.33,-0.52,5,6,0.83,0.25,0.15,0.43,low
test_2026_q2,hist_gradient_boosting,2026-06-07,5,2026-06-07 14:00:00+00:00,2026-06-07 15:00:00+00:00,1,0.24,decrease,6.34,263582.4,5,8,24,3,0.07,28.73,0.58,32.99,-0.44,4,6,0.67,0.0,0.0,0.23,low
test_2026_q2,hist_gradient_boosting,2026-06-08,1,2026-06-08 12:00:00+00:00,2026-06-08 13:00:00+00:00,1,0.09,increase,5.87,262193.3,1,5,24,3,0.09,1.12,0.14,22.55,1.05,6,6,1.0,1.0,0.0,0.8,high
test_2026_q2,hist_gradient_boosting,2026-06-08,2,2026-06-08 15:00:00+00:00,2026-06-08 16:00:00+00:00,1,0.09,increase,5.61,270252.7,4,2,24,4,0.11,1.03,0.18,22.64,1.01,4,6,0.67,0.75,0.03,0.58,medium
test_2026_q2,hist_gradient_boosting,2026-06-08,3,2026-06-08 13:00:00+00:00,2026-06-08 14:00:00+00:00,1,0.11,increase,5.71,263450.0,3,4,24,1,0.0,0.13,0.0,23.54,1.19,6,6,1.0,0.5,0.03,0.58,medium
test_2026_q2,hist_gradient_boosting,2026-06-08,4,2026-06-08 11:00:00+00:00,2026-06-08 12:00:00+00:00,1,0.13,increase,5.91,261707.4,2,6,24,5,0.2,2.62,0.21,21.05,0.99,6,6,1.0,0.25,0.0,0.46,low
test_2026_q2,hist_gradient_boosting,2026-06-08,5,2026-06-08 14:00:00+00:00,2026-06-08 15:00:00+00:00,1,0.13,increase,5.56,264541.6,7,1,24,2,0.0,0.0,0.05,23.67,1.14,5,6,0.83,0.0,0.08,0.31,low
test_2026_q2,hist_gradient_boosting,2026-06-09,1,2026-06-09 08:00:00+00:00,2026-06-09 09:00:00+00:00,1,0.0,decrease,5.66,259151.7,1,1,24,5,0.2,0.02,0.13,33.26,0.53,3,6,0.5,1.0,0.2,0.66,medium
test_2026_q2,hist_gradient_boosting,2026-06-09,2,2026-06-09 10:00:00+00:00,2026-06-09 11:00:00+00:00,1,0.17,decrease,5.78,261146.3,4,6,24,2,0.02,0.02,0.0,33.26,0.66,5,6,0.83,0.75,0.0,0.63,medium
test_2026_q2,hist_gradient_boosting,2026-06-09,3,2026-06-09 12:00:00+00:00,2026-06-09 13:00:00+00:00,1,0.17,decrease,5.75,263221.7,5,5,24,4,0.13,0.02,0.11,33.26,0.55,6,6,1.0,0.5,0.0,0.57,medium
test_2026_q2,hist_gradient_boosting,2026-06-09,4,2026-06-09 13:00:00+00:00,2026-06-09 14:00:00+00:00,1,0.17,increase,5.74,264146.7,6,4,24,7,0.22,0.02,0.18,33.26,0.48,3,6,0.5,0.25,0.0,0.29,low
test_2026_q2,hist_gradient_boosting,2026-06-09,5,2026-06-09 14:00:00+00:00,2026-06-09 15:00:00+00:00,1,0.17,increase,5.72,265065.9,7,3,24,6,0.2,0.01,0.23,33.27,0.44,5,6,0.83,0.0,0.02,0.3,low
test_2026_q2,hist_gradient_boosting,2026-06-10,1,2026-06-10 13:00:00+00:00,2026-06-10 14:00:00+00:00,1,0.11,increase,5.75,259993.2,6,1,24,5,0.04,0.01,0.11,58.69,0.69,4,6,0.67,1.0,0.06,0.69,medium
test_2026_q2,hist_gradient_boosting,2026-06-10,2,2026-06-10 11:00:00+00:00,2026-06-10 12:00:00+00:00,1,0.15,decrease,5.83,259905.3,4,5,24,1,0.0,0.1,0.04,58.6,0.76,6,6,1.0,0.75,0.0,0.69,medium
test_2026_q2,hist_gradient_boosting,2026-06-10,3,2026-06-10 12:00:00+00:00,2026-06-10 13:00:00+00:00,1,0.15,increase,5.82,260196.9,5,4,24,2,0.0,0.08,0.07,58.62,0.73,6,6,1.0,0.5,0.03,0.58,medium
test_2026_q2,hist_gradient_boosting,2026-06-10,4,2026-06-10 08:00:00+00:00,2026-06-10 09:00:00+00:00,1,0.17,decrease,6.01,261424.1,1,9,24,6,0.13,0.11,0.08,58.59,0.72,3,6,0.5,0.25,0.0,0.29,low
test_2026_q2,hist_gradient_boosting,2026-06-10,5,2026-06-10 09:00:00+00:00,2026-06-10 10:00:00+00:00,1,0.17,decrease,5.94,264494.0,2,8,24,4,0.04,0.1,0.07,58.6,0.73,5,6,0.83,0.0,0.0,0.29,low
test_2026_q2,hist_gradient_boosting,2026-06-11,1,2026-06-11 08:00:00+00:00,2026-06-11 09:00:00+00:00,1,0.04,decrease,6.03,268554.1,1,3,24,4,0.11,0.01,0.22,22.2,0.38,5,6,0.83,1.0,0.17,0.78,high
test_2026_q2,hist_gradient_boosting,2026-06-11,2,2026-06-11 09:00:00+00:00,2026-06-11 10:00:00+00:00,1,0.17,decrease,6.25,275765.6,2,8,24,12,0.33,0.0,0.54,22.21,0.05,6,6,1.0,0.75,0.03,0.69,medium
test_2026_q2,hist_gradient_boosting,2026-06-11,3,2026-06-11 16:00:00+00:00,2026-06-11 17:00:00+00:00,1,0.2,increase,5.82,274103.6,10,1,24,5,0.11,5.32,0.11,16.89,0.48,4,6,0.67,0.5,0.06,0.47,low
test_2026_q2,hist_gradient_boosting,2026-06-11,4,2026-06-11 15:00:00+00:00,2026-06-11 16:00:00+00:00,1,0.24,increase,6.07,270064.9,8,5,24,2,0.0,0.01,0.0,22.2,0.6,4,6,0.67,0.25,0.06,0.36,low
test_2026_q2,hist_gradient_boosting,2026-06-11,5,2026-06-11 11:00:00+00:00,2026-06-11 12:00:00+00:00,1,0.28,decrease,6.34,284332.6,5,10,24,3,0.09,0.0,0.31,22.21,0.29,4,6,0.67,0.0,0.03,0.24,low
test_2026_q2,hist_gradient_boosting,2026-06-12,1,2026-06-12 08:00:00+00:00,2026-06-12 09:00:00+00:00,1,0.02,decrease,5.79,281939.1,2,1,24,4,0.09,0.05,0.03,13.59,0.47,6,6,1.0,1.0,0.0,0.8,high
test_2026_q2,hist_gradient_boosting,2026-06-12,2,2026-06-12 09:00:00+00:00,2026-06-12 10:00:00+00:00,1,0.02,decrease,5.91,281920.1,1,2,24,2,0.07,0.04,0.09,13.6,0.4,5,6,0.83,0.75,0.09,0.65,medium
test_2026_q2,hist_gradient_boosting,2026-06-12,3,2026-06-12 10:00:00+00:00,2026-06-12 11:00:00+00:00,1,0.11,decrease,6.03,281572.9,3,4,24,1,0.0,0.04,0.0,13.6,0.49,5,6,0.83,0.5,0.07,0.53,medium
test_2026_q2,hist_gradient_boosting,2026-06-12,4,2026-06-12 11:00:00+00:00,2026-06-12 12:00:00+00:00,1,0.17,decrease,6.07,283687.1,5,5,24,5,0.09,0.04,0.06,13.6,0.44,6,6,1.0,0.25,0.02,0.47,low
test_2026_q2,hist_gradient_boosting,2026-06-12,5,2026-06-12 12:00:00+00:00,2026-06-12 13:00:00+00:00,1,0.2,decrease,6.1,284877.3,4,7,24,8,0.15,0.04,0.1,13.6,0.39,5,6,0.83,0.0,0.02,0.3,low
test_2026_q2,hist_gradient_boosting,2026-06-13,1,2026-06-13 13:00:00+00:00,2026-06-13 14:00:00+00:00,1,0.2,decrease,6.85,284077.4,2,9,24,8,0.15,14.39,1.47,80.37,-0.85,4,6,0.67,1.0,0.0,0.68,medium
test_2026_q2,hist_gradient_boosting,2026-06-13,2,2026-06-13 11:00:00+00:00,2026-06-13 12:00:00+00:00,1,0.2,decrease,6.84,280176.7,3,8,24,1,0.0,0.0,1.36,94.76,-0.74,6,6,1.0,0.75,0.03,0.69,medium
test_2026_q2,hist_gradient_boosting,2026-06-13,3,2026-06-13 09:00:00+00:00,2026-06-13 10:00:00+00:00,1,0.22,decrease,6.77,277513.6,6,6,24,16,0.24,30.22,1.57,64.54,-0.94,3,6,0.5,0.5,0.03,0.41,low
test_2026_q2,hist_gradient_boosting,2026-06-13,4,2026-06-13 12:00:00+00:00,2026-06-13 13:00:00+00:00,1,0.24,decrease,6.88,282798.6,1,12,24,5,0.11,0.87,1.47,93.89,-0.85,5,6,0.83,0.25,0.0,0.4,low
test_2026_q2,hist_gradient_boosting,2026-06-13,5,2026-06-13 17:00:00+00:00,2026-06-13 18:00:00+00:00,1,0.24,decrease,6.09,269255.0,12,1,24,3,0.04,87.31,0.0,7.45,0.62,4,6,0.67,0.0,0.07,0.25,low
test_2026_q2,hist_gradient_boosting,2026-06-14,1,2026-06-14 13:00:00+00:00,2026-06-14 14:00:00+00:00,1,0.09,increase,6.81,280806.2,3,3,24,2,0.02,5.54,0.82,56.91,-0.48,5,6,0.83,1.0,0.02,0.75,medium
test_2026_q2,hist_gradient_boosting,2026-06-14,2,2026-06-14 11:00:00+00:00,2026-06-14 12:00:00+00:00,1,0.11,increase,6.87,280120.9,1,6,24,3,0.04,1.44,0.94,61.01,-0.6,6,6,1.0,0.75,0.0,0.69,medium
test_2026_q2,hist_gradient_boosting,2026-06-14,3,2026-06-14 12:00:00+00:00,2026-06-14 13:00:00+00:00,1,0.11,increase,6.85,280432.5,2,5,24,1,0.0,0.0,0.91,62.46,-0.57,6,6,1.0,0.5,0.02,0.58,medium
test_2026_q2,hist_gradient_boosting,2026-06-14,4,2026-06-14 09:00:00+00:00,2026-06-14 10:00:00+00:00,1,0.13,increase,6.84,275400.1,4,4,24,9,0.17,15.58,1.07,46.88,-0.72,4,6,0.67,0.25,0.0,0.35,low
test_2026_q2,hist_gradient_boosting,2026-06-14,5,2026-06-14 14:00:00+00:00,2026-06-14 15:00:00+00:00,1,0.13,increase,6.77,276526.0,7,1,24,4,0.07,16.06,0.81,46.4,-0.47,2,6,0.33,0.0,0.1,0.14,low
test_2026_q2,hist_gradient_boosting,2026-06-15,1,2026-06-15 10:00:00+00:00,2026-06-15 11:00:00+00:00,1,0.04,increase,5.87,248075.7,1,3,24,3,0.09,0.57,0.06,80.67,1.3,5,6,0.83,1.0,0.09,0.76,high
test_2026_q2,hist_gradient_boosting,2026-06-15,2,2026-06-15 09:00:00+00:00,2026-06-15 10:00:00+00:00,1,0.13,increase,5.87,247780.9,4,4,24,5,0.13,3.05,0.1,78.19,1.26,4,6,0.67,0.75,0.02,0.58,medium
test_2026_q2,hist_gradient_boosting,2026-06-15,3,2026-06-15 11:00:00+00:00,2026-06-15 12:00:00+00:00,1,0.15,increase,5.93,251108.7,2,7,24,1,0.0,0.0,0.02,81.24,1.34,6,6,1.0,0.5,0.0,0.57,medium
test_2026_q2,hist_gradient_boosting,2026-06-15,4,2026-06-15 12:00:00+00:00,2026-06-15 13:00:00+00:00,1,0.15,increase,5.91,251466.0,3,6,24,2,0.02,0.54,0.0,80.7,1.36,6,6,1.0,0.25,0.02,0.47,low
test_2026_q2,hist_gradient_boosting,2026-06-15,5,2026-06-15 08:00:00+00:00,2026-06-15 09:00:00+00:00,1,0.17,increase,5.82,250500.9,8,2,24,6,0.2,18.58,0.16,62.66,1.2,4,6,0.67,0.0,0.0,0.23,low
test_2026_q2,hist_gradient_boosting,2026-06-16,1,2026-06-16 12:00:00+00:00,2026-06-16 13:00:00+00:00,1,0.02,increase,5.7,252052.8,1,2,24,2,0.0,1.04,0.0,84.45,5.99,6,6,1.0,1.0,0.0,0.8,high
test_2026_q2,hist_gradient_boosting,2026-06-16,2,2026-06-16 13:00:00+00:00,2026-06-16 14:00:00+00:00,1,0.02,increase,5.6,252824.1,2,1,24,3,0.07,9.4,0.11,76.09,5.88,6,6,1.0,0.75,0.09,0.71,medium
test_2026_q2,hist_gradient_boosting,2026-06-16,3,2026-06-16 11:00:00+00:00,2026-06-16 12:00:00+00:00,1,0.11,increase,6.31,277443.3,3,4,24,1,0.0,0.0,0.08,85.5,5.91,6,6,1.0,0.5,0.0,0.57,medium
test_2026_q2,hist_gradient_boosting,2026-06-16,4,2026-06-16 14:00:00+00:00,2026-06-16 15:00:00+00:00,1,0.11,increase,5.89,265625.7,4,3,24,5,0.13,23.47,0.48,62.03,5.51,5,6,0.83,0.25,0.09,0.42,low
test_2026_q2,hist_gradient_boosting,2026-06-16,5,2026-06-16 10:00:00+00:00,2026-06-16 11:00:00+00:00,1,0.2,increase,7.05,309332.6,5,6,24,4,0.13,19.87,0.6,65.63,5.39,6,6,1.0,0.0,0.02,0.35,low
test_2026_q2,hist_gradient_boosting,2026-06-17,1,2026-06-17 12:00:00+00:00,2026-06-17 13:00:00+00:00,1,0.07,decrease,5.79,247528.7,1,4,24,2,0.0,21.01,0.0,93.92,7.73,6,6,1.0,1.0,0.02,0.8,high
test_2026_q2,hist_gradient_boosting,2026-06-17,2,2026-06-17 09:00:00+00:00,2026-06-17 10:00:00+00:00,1,0.09,decrease,5.64,240940.2,5,1,24,5,0.15,40.99,0.13,73.94,7.59,4,6,0.67,0.75,0.0,0.57,medium
test_2026_q2,hist_gradient_boosting,2026-06-17,3,2026-06-17 10:00:00+00:00,2026-06-17 11:00:00+00:00,1,0.09,decrease,5.73,245142.5,4,2,24,3,0.09,32.71,0.04,82.22,7.68,5,6,0.83,0.5,0.0,0.52,medium
test_2026_q2,hist_gradient_boosting,2026-06-17,4,2026-06-17 11:00:00+00:00,2026-06-17 12:00:00+00:00,1,0.09,increase,5.75,245311.2,3,3,24,1,0.0,0.0,0.01,114.93,7.72,6,6,1.0,0.25,0.02,0.47,low
test_2026_q2,hist_gradient_boosting,2026-06-17,5,2026-06-17 13:00:00+00:00,2026-06-17 14:00:00+00:00,1,0.11,decrease,5.8,249725.4,2,5,24,4,0.09,31.38,0.05,83.54,7.68,6,6,1.0,0.0,0.12,0.37,low
test_2026_q2,hist_gradient_boosting,2026-06-18,1,2026-06-18 10:00:00+00:00,2026-06-18 11:00:00+00:00,1,0.02,decrease,5.31,225738.2,2,1,24,3,0.09,9.96,0.09,83.62,16.39,6,6,1.0,1.0,0.05,0.81,high
test_2026_q2,hist_gradient_boosting,2026-06-18,2,2026-06-18 12:00:00+00:00,2026-06-18 13:00:00+00:00,1,0.07,decrease,5.5,237299.3,1,4,24,2,0.0,7.61,0.0,85.97,16.48,6,6,1.0,0.75,0.02,0.69,medium
test_2026_q2,hist_gradient_boosting,2026-06-18,3,2026-06-18 11:00:00+00:00,2026-06-18 12:00:00+00:00,1,0.09,increase,5.44,232843.7,3,3,24,1,0.0,0.0,0.04,93.58,16.43,6,6,1.0,0.5,0.02,0.58,medium
test_2026_q2,hist_gradient_boosting,2026-06-18,4,2026-06-18 09:00:00+00:00,2026-06-18 10:00:00+00:00,1,0.11,decrease,5.35,225651.7,5,2,24,4,0.11,9.03,0.14,84.55,16.34,6,6,1.0,0.25,0.05,0.47,low
test_2026_q2,hist_gradient_boosting,2026-06-18,5,2026-06-18 13:00:00+00:00,2026-06-18 14:00:00+00:00,1,0.15,decrease,5.62,242261.7,4,5,24,5,0.13,29.81,0.09,63.77,16.38,6,6,1.0,0.0,0.07,0.36,low
test_2026_q2,hist_gradient_boosting,2026-06-19,1,2026-06-19 10:00:00+00:00,2026-06-19 11:00:00+00:00,1,0.07,decrease,5.42,236260.9,3,2,24,3,0.07,8.3,0.06,90.02,4.23,6,6,1.0,1.0,0.0,0.8,high
test_2026_q2,hist_gradient_boosting,2026-06-19,2,2026-06-19 11:00:00+00:00,2026-06-19 12:00:00+00:00,1,0.07,decrease,5.5,239484.3,2,3,24,1,0.0,0.0,0.05,98.31,4.25,6,6,1.0,0.75,0.0,0.69,medium
test_2026_q2,hist_gradient_boosting,2026-06-19,3,2026-06-19 12:00:00+00:00,2026-06-19 13:00:00+00:00,1,0.07,decrease,5.5,239658.3,1,4,24,2,0.0,5.4,0.0,92.9,4.29,6,6,1.0,0.5,0.02,0.58,medium
test_2026_q2,hist_gradient_boosting,2026-06-19,4,2026-06-19 09:00:00+00:00,2026-06-19 10:00:00+00:00,1,0.09,decrease,5.34,234627.1,5,1,24,5,0.15,19.7,0.08,78.61,4.21,5,6,0.83,0.25,0.08,0.42,low
test_2026_q2,hist_gradient_boosting,2026-06-19,5,2026-06-19 13:00:00+00:00,2026-06-19 14:00:00+00:00,1,0.15,decrease,5.57,244119.3,4,5,24,4,0.13,10.68,0.12,87.63,4.18,6,6,1.0,0.0,0.07,0.36,low
test_2026_q2,hist_gradient_boosting,2026-06-20,1,2026-06-20 09:00:00+00:00,2026-06-20 10:00:00+00:00,1,0.07,decrease,6.2,261622.6,2,3,24,8,0.07,0.02,0.51,118.6,6.08,5,6,0.83,1.0,0.0,0.74,medium
test_2026_q2,hist_gradient_boosting,2026-06-20,2,2026-06-20 10:00:00+00:00,2026-06-20 11:00:00+00:00,1,0.07,decrease,6.36,262752.9,1,4,24,9,0.11,0.01,0.71,118.61,5.89,5,6,0.83,0.75,0.05,0.64,medium
test_2026_q2,hist_gradient_boosting,2026-06-20,3,2026-06-20 08:00:00+00:00,2026-06-20 09:00:00+00:00,1,0.11,decrease,5.65,240806.8,6,1,24,10,0.15,4.14,0.56,114.48,6.04,5,6,0.83,0.5,0.05,0.53,medium
test_2026_q2,hist_gradient_boosting,2026-06-20,4,2026-06-20 11:00:00+00:00,2026-06-20 12:00:00+00:00,1,0.15,decrease,6.45,265666.9,3,6,24,2,0.07,0.0,0.62,118.62,5.98,6,6,1.0,0.25,0.05,0.47,low
test_2026_q2,hist_gradient_boosting,2026-06-20,5,2026-06-20 07:00:00+00:00,2026-06-20 08:00:00+00:00,1,0.2,decrease,5.94,239823.2,9,2,24,1,0.0,26.49,0.0,92.12,6.59,2,6,0.33,0.0,0.0,0.12,low
test_2026_q2,hist_gradient_boosting,2026-06-21,1,2026-06-21 08:00:00+00:00,2026-06-21 09:00:00+00:00,1,0.02,decrease,6.51,276063.6,1,2,24,8,0.11,1.37,0.53,106.02,6.5,4,6,0.67,1.0,0.0,0.68,medium
test_2026_q2,hist_gradient_boosting,2026-06-21,2,2026-06-21 09:00:00+00:00,2026-06-21 10:00:00+00:00,1,0.02,decrease,6.43,268031.5,2,1,24,1,0.0,0.01,0.48,107.39,6.55,5,6,0.83,0.75,0.09,0.65,medium
test_2026_q2,hist_gradient_boosting,2026-06-21,3,2026-06-21 10:00:00+00:00,2026-06-21 11:00:00+00:00,1,0.11,decrease,6.65,273381.2,4,3,24,4,0.02,0.0,0.69,107.4,6.35,5,6,0.83,0.5,0.0,0.52,medium
test_2026_q2,hist_gradient_boosting,2026-06-21,4,2026-06-21 11:00:00+00:00,2026-06-21 12:00:00+00:00,1,0.11,decrease,6.71,275546.9,3,4,24,5,0.02,0.0,0.7,107.4,6.33,6,6,1.0,0.25,0.07,0.48,low
test_2026_q2,hist_gradient_boosting,2026-06-21,5,2026-06-21 12:00:00+00:00,2026-06-21 13:00:00+00:00,1,0.17,decrease,6.76,277268.2,5,5,24,2,0.0,0.0,0.53,107.39,6.51,6,6,1.0,0.0,0.07,0.36,low
test_2026_q2,hist_gradient_boosting,2026-06-22,1,2026-06-22 10:00:00+00:00,2026-06-22 11:00:00+00:00,1,0.04,increase,8.88,381462.7,3,1,24,1,0.0,7.16,0.0,54.84,7.31,6,6,1.0,1.0,0.0,0.8,high
test_2026_q2,hist_gradient_boosting,2026-06-22,2,2026-06-22 11:00:00+00:00,2026-06-22 12:00:00+00:00,1,0.04,increase,9.39,406662.8,2,2,24,2,0.02,0.0,0.29,62.0,7.01,6,6,1.0,0.75,0.02,0.69,medium
test_2026_q2,hist_gradient_boosting,2026-06-22,3,2026-06-22 12:00:00+00:00,2026-06-22 13:00:00+00:00,1,0.07,increase,10.38,452796.5,1,4,24,4,0.09,15.58,0.37,46.42,6.93,6,6,1.0,0.5,0.07,0.59,medium
test_2026_q2,hist_gradient_boosting,2026-06-22,4,2026-06-22 09:00:00+00:00,2026-06-22 10:00:00+00:00,1,0.13,increase,9.91,428850.5,5,3,24,3,0.07,24.94,0.02,37.06,7.29,6,6,1.0,0.25,0.02,0.47,low
test_2026_q2,hist_gradient_boosting,2026-06-22,5,2026-06-22 13:00:00+00:00,2026-06-22 14:00:00+00:00,1,0.15,increase,10.65,463711.8,4,5,24,5,0.15,31.7,0.99,30.3,6.32,6,6,1.0,0.0,0.07,0.36,low
test_2026_q2,hist_gradient_boosting,2026-06-23,1,2026-06-23 11:00:00+00:00,2026-06-23 12:00:00+00:00,1,0.02,increase,12.35,558681.1,1,2,24,2,0.02,0.0,0.7,47.93,24.65,6,6,1.0,1.0,0.02,0.8,high
test_2026_q2,hist_gradient_boosting,2026-06-23,2,2026-06-23 10:00:00+00:00,2026-06-23 11:00:00+00:00,1,0.04,increase,11.3,514564.7,3,1,24,1,0.0,1.71,0.0,46.22,25.35,6,6,1.0,0.75,0.02,0.69,medium
test_2026_q2,hist_gradient_boosting,2026-06-23,3,2026-06-23 12:00:00+00:00,2026-06-23 13:00:00+00:00,1,0.07,increase,13.64,613527.8,2,3,24,4,0.11,12.56,3.13,35.37,22.22,6,6,1.0,0.5,0.07,0.59,medium
test_2026_q2,hist_gradient_boosting,2026-06-23,4,2026-06-23 09:00:00+00:00,2026-06-23 10:00:00+00:00,1,0.13,increase,16.39,758163.7,4,4,24,3,0.04,7.34,0.22,40.6,25.13,6,6,1.0,0.25,0.04,0.47,low
test_2026_q2,hist_gradient_boosting,2026-06-23,5,2026-06-23 13:00:00+00:00,2026-06-23 14:00:00+00:00,1,0.17,increase,17.02,765742.5,5,5,24,6,0.2,26.89,4.12,21.04,21.23,6,6,1.0,0.0,0.07,0.36,low
test_2026_q2,hist_gradient_boosting,2026-06-24,1,2026-06-24 12:00:00+00:00,2026-06-24 13:00:00+00:00,1,0.02,increase,11.63,503849.6,1,2,24,2,0.0,4.15,0.0,36.52,34.74,6,6,1.0,1.0,0.07,0.81,high
test_2026_q2,hist_gradient_boosting,2026-06-24,2,2026-06-24 11:00:00+00:00,2026-06-24 12:00:00+00:00,1,0.09,increase,12.84,561232.2,3,3,24,1,0.0,0.0,0.86,40.67,33.88,6,6,1.0,0.75,0.02,0.69,medium
test_2026_q2,hist_gradient_boosting,2026-06-24,3,2026-06-24 10:00:00+00:00,2026-06-24 11:00:00+00:00,1,0.11,increase,13.27,584001.6,2,5,24,4,0.11,7.98,2.37,32.69,32.37,6,6,1.0,0.5,0.0,0.57,medium
test_2026_q2,hist_gradient_boosting,2026-06-24,4,2026-06-24 13:00:00+00:00,2026-06-24 14:00:00+00:00,1,0.11,increase,10.8,467586.7,6,1,24,5,0.11,10.25,1.3,30.42,33.44,5,6,0.83,0.25,0.1,0.42,low
test_2026_q2,hist_gradient_boosting,2026-06-24,5,2026-06-24 09:00:00+00:00,2026-06-24 10:00:00+00:00,1,0.2,increase,22.74,1018811.0,4,7,24,3,0.11,6.71,3.58,33.96,31.16,3,6,0.5,0.0,0.0,0.18,low
test_2026_q2,hist_gradient_boosting,2026-06-25,1,2026-06-25 11:00:00+00:00,2026-06-25 12:00:00+00:00,1,0.02,decrease,14.69,665254.9,2,1,24,2,0.0,0.0,0.25,65.36,27.88,6,6,1.0,1.0,0.0,0.8,high
test_2026_q2,hist_gradient_boosting,2026-06-25,2,2026-06-25 12:00:00+00:00,2026-06-25 13:00:00+00:00,1,0.02,decrease,15.61,721132.0,1,2,24,3,0.0,5.27,0.23,60.09,27.91,6,6,1.0,0.75,0.08,0.7,medium
test_2026_q2,hist_gradient_boosting,2026-06-25,3,2026-06-25 13:00:00+00:00,2026-06-25 14:00:00+00:00,1,0.09,decrease,15.67,734689.5,3,3,24,5,0.11,27.66,1.48,37.7,26.66,6,6,1.0,0.5,0.08,0.59,medium
test_2026_q2,hist_gradient_boosting,2026-06-25,4,2026-06-25 10:00:00+00:00,2026-06-25 11:00:00+00:00,1,0.15,decrease,17.33,786081.3,5,4,24,1,0.0,7.18,0.0,58.18,28.13,6,6,1.0,0.25,0.05,0.47,low
test_2026_q2,hist_gradient_boosting,2026-06-25,5,2026-06-25 14:00:00+00:00,2026-06-25 15:00:00+00:00,1,0.2,decrease,17.87,854567.0,6,5,24,6,0.2,40.52,3.4,24.84,24.73,5,6,0.83,0.0,0.03,0.3,low
test_2026_q2,hist_gradient_boosting,2026-06-26,1,2026-06-26 11:00:00+00:00,2026-06-26 12:00:00+00:00,1,0.02,increase,6.78,297406.7,2,1,24,1,0.0,0.0,0.15,42.92,26.11,6,6,1.0,1.0,0.0,0.8,high
test_2026_q2,hist_gradient_boosting,2026-06-26,2,2026-06-26 12:00:00+00:00,2026-06-26 13:00:00+00:00,1,0.02,decrease,7.15,313259.0,1,2,24,3,0.04,6.36,0.73,36.56,25.53,6,6,1.0,0.75,0.07,0.7,medium
test_2026_q2,hist_gradient_boosting,2026-06-26,3,2026-06-26 13:00:00+00:00,2026-06-26 14:00:00+00:00,1,0.09,decrease,8.04,351838.9,3,3,24,4,0.11,21.76,1.43,21.15,24.84,6,6,1.0,0.5,0.07,0.59,medium
test_2026_q2,hist_gradient_boosting,2026-06-26,4,2026-06-26 10:00:00+00:00,2026-06-26 11:00:00+00:00,1,0.15,increase,10.06,442936.5,4,5,24,2,0.02,14.13,0.0,28.79,26.26,6,6,1.0,0.25,0.02,0.47,low
test_2026_q2,hist_gradient_boosting,2026-06-26,5,2026-06-26 14:00:00+00:00,2026-06-26 15:00:00+00:00,1,0.17,decrease,9.13,399890.8,6,4,24,7,0.22,30.44,3.68,12.48,22.58,5,6,0.83,0.0,0.05,0.3,low
test_2026_q2,hist_gradient_boosting,2026-06-27,1,2026-06-27 11:00:00+00:00,2026-06-27 12:00:00+00:00,1,0.04,decrease,7.01,311650.2,2,2,24,2,0.02,0.0,0.23,118.17,33.81,6,6,1.0,1.0,0.0,0.8,high
test_2026_q2,hist_gradient_boosting,2026-06-27,2,2026-06-27 12:00:00+00:00,2026-06-27 13:00:00+00:00,1,0.04,decrease,7.22,318464.6,1,3,24,1,0.0,3.34,0.0,114.83,34.03,6,6,1.0,0.75,0.0,0.69,medium
test_2026_q2,hist_gradient_boosting,2026-06-27,3,2026-06-27 13:00:00+00:00,2026-06-27 14:00:00+00:00,1,0.04,decrease,6.96,309868.2,3,1,24,3,0.04,12.72,0.09,105.45,33.94,6,6,1.0,0.5,0.12,0.6,medium
test_2026_q2,hist_gradient_boosting,2026-06-27,4,2026-06-27 10:00:00+00:00,2026-06-27 11:00:00+00:00,1,0.15,decrease,7.32,325999.6,4,5,24,4,0.11,15.18,0.26,102.98,33.77,5,6,0.83,0.25,0.02,0.41,low
test_2026_q2,hist_gradient_boosting,2026-06-27,5,2026-06-27 14:00:00+00:00,2026-06-27 15:00:00+00:00,1,0.17,decrease,7.3,321687.3,6,4,24,7,0.24,40.92,3.94,77.25,30.1,3,6,0.5,0.0,0.02,0.18,low
test_2026_q2,hist_gradient_boosting,2026-06-28,1,2026-06-28 10:00:00+00:00,2026-06-28 11:00:00+00:00,1,0.02,decrease,6.94,300995.2,1,2,24,4,0.09,0.01,0.2,119.67,34.15,6,6,1.0,1.0,0.02,0.8,high
test_2026_q2,hist_gradient_boosting,2026-06-28,2,2026-06-28 09:00:00+00:00,2026-06-28 10:00:00+00:00,1,0.04,decrease,6.91,302365.2,3,1,24,5,0.13,0.32,0.42,119.36,33.93,6,6,1.0,0.75,0.05,0.7,medium
test_2026_q2,hist_gradient_boosting,2026-06-28,3,2026-06-28 12:00:00+00:00,2026-06-28 13:00:00+00:00,1,0.09,decrease,7.25,314426.6,2,4,24,1,0.0,0.0,0.03,119.68,34.32,6,6,1.0,0.5,0.02,0.58,medium
test_2026_q2,hist_gradient_boosting,2026-06-28,4,2026-06-28 11:00:00+00:00,2026-06-28 12:00:00+00:00,1,0.11,decrease,7.21,311012.7,4,3,24,2,0.02,0.0,0.06,119.68,34.29,6,6,1.0,0.25,0.07,0.48,low
test_2026_q2,hist_gradient_boosting,2026-06-28,5,2026-06-28 13:00:00+00:00,2026-06-28 14:00:00+00:00,1,0.17,decrease,7.41,320492.2,5,5,24,3,0.04,1.62,0.0,118.06,34.35,5,6,0.83,0.0,0.07,0.31,low
test_2026_q2,hist_gradient_boosting,2026-06-29,1,2026-06-29 12:00:00+00:00,2026-06-29 13:00:00+00:00,1,0.02,increase,18.61,839102.5,1,2,24,2,0.0,4.36,0.0,25.98,13.23,6,6,1.0,1.0,0.02,0.8,high
test_2026_q2,hist_gradient_boosting,2026-06-29,2,2026-06-29 13:00:00+00:00,2026-06-29 14:00:00+00:00,1,0.04,increase,18.05,809820.7,3,1,24,4,0.09,14.79,2.26,15.55,10.97,6,6,1.0,0.75,0.02,0.69,medium
test_2026_q2,hist_gradient_boosting,2026-06-29,3,2026-06-29 11:00:00+00:00,2026-06-29 12:00:00+00:00,1,0.07,increase,21.06,961093.1,2,3,24,1,0.0,0.0,0.75,30.34,12.48,6,6,1.0,0.5,0.07,0.59,medium
test_2026_q2,hist_gradient_boosting,2026-06-29,4,2026-06-29 10:00:00+00:00,2026-06-29 11:00:00+00:00,1,0.13,increase,22.69,1045417.1,4,4,24,3,0.09,7.48,2.95,22.86,10.28,6,6,1.0,0.25,0.07,0.48,low
test_2026_q2,hist_gradient_boosting,2026-06-29,5,2026-06-29 09:00:00+00:00,2026-06-29 10:00:00+00:00,1,0.2,increase,25.43,1190210.5,5,6,24,5,0.15,17.07,4.9,13.27,8.33,5,6,0.83,0.0,0.0,0.29,low
test_2026_q2,hist_gradient_boosting,2026-06-30,1,2026-06-30 10:00:00+00:00,2026-06-30 11:00:00+00:00,1,0.07,decrease,21.37,955232.9,3,2,22,3,0.05,23.12,0.59,23.39,24.33,6,6,1.0,1.0,0.0,0.8,high
test_2026_q2,hist_gradient_boosting,2026-06-30,2,2026-06-30 12:00:00+00:00,2026-06-30 13:00:00+00:00,1,0.07,decrease,24.81,1131807.6,1,4,22,4,0.07,12.82,4.94,33.69,19.98,6,6,1.0,0.75,0.06,0.7,medium
test_2026_q2,hist_gradient_boosting,2026-06-30,3,2026-06-30 09:00:00+00:00,2026-06-30 10:00:00+00:00,1,0.12,decrease,20.19,913437.4,6,1,22,2,0.05,23.41,0.35,23.1,24.57,6,6,1.0,0.5,0.0,0.57,medium
test_2026_q2,hist_gradient_boosting,2026-06-30,4,2026-06-30 11:00:00+00:00,2026-06-30 12:00:00+00:00,1,0.12,increase,22.91,1035257.7,4,3,22,1,0.0,0.0,2.39,46.51,22.53,6,6,1.0,0.25,0.03,0.47,low
test_2026_q2,hist_gradient_boosting,2026-06-30,5,2026-06-30 13:00:00+00:00,2026-06-30 14:00:00+00:00,1,0.14,decrease,28.76,1333298.5,2,6,22,5,0.07,20.04,4.92,26.47,20.01,6,6,1.0,0.0,0.13,0.38,low
test_2026_q2,lightgbm,2026-04-01,1,2026-04-01 13:00:00+00:00,2026-04-01 14:00:00+00:00,1,0.02,unknown,12.15,422951.5,2,1,24,3,0.07,4.08,0.88,14.53,3.46,6,6,1.0,1.0,0.1,0.82,high
test_2026_q2,lightgbm,2026-04-01,2,2026-04-01 14:00:00+00:00,2026-04-01 15:00:00+00:00,1,0.11,unknown,12.83,441428.5,3,4,24,2,0.02,12.33,0.0,6.27,4.33,5,6,0.83,0.75,0.02,0.63,medium
test_2026_q2,lightgbm,2026-04-01,3,2026-04-01 12:00:00+00:00,2026-04-01 13:00:00+00:00,1,0.13,unknown,14.06,496805.5,1,7,24,1,0.0,0.0,0.44,18.61,3.89,6,6,1.0,0.5,0.07,0.59,medium
test_2026_q2,lightgbm,2026-04-01,4,2026-04-01 15:00:00+00:00,2026-04-01 16:00:00+00:00,1,0.2,unknown,13.02,443109.2,6,5,24,11,0.35,35.76,0.99,-17.15,3.35,5,6,0.83,0.25,0.03,0.41,low
test_2026_q2,lightgbm,2026-04-01,5,2026-04-01 11:00:00+00:00,2026-04-01 12:00:00+00:00,1,0.22,unknown,14.94,532413.8,4,8,24,5,0.15,7.39,2.32,11.22,2.01,3,6,0.5,0.0,0.02,0.18,low
test_2026_q2,lightgbm,2026-04-02,1,2026-04-02 12:00:00+00:00,2026-04-02 13:00:00+00:00,1,0.02,decrease,9.79,354970.2,2,1,24,2,0.07,8.35,0.36,44.67,8.28,6,6,1.0,1.0,0.0,0.8,high
test_2026_q2,lightgbm,2026-04-02,2,2026-04-02 13:00:00+00:00,2026-04-02 14:00:00+00:00,1,0.02,decrease,10.0,364383.0,1,2,24,4,0.13,8.63,1.29,44.39,7.35,6,6,1.0,0.75,0.12,0.71,medium
test_2026_q2,lightgbm,2026-04-02,3,2026-04-02 11:00:00+00:00,2026-04-02 12:00:00+00:00,1,0.13,decrease,10.17,374198.3,5,3,24,3,0.09,13.25,0.22,39.76,8.42,6,6,1.0,0.5,0.0,0.57,medium
test_2026_q2,lightgbm,2026-04-02,4,2026-04-02 14:00:00+00:00,2026-04-02 15:00:00+00:00,1,0.13,decrease,10.55,377751.0,4,4,24,1,0.0,0.0,0.0,53.02,8.64,6,6,1.0,0.25,0.0,0.46,low
test_2026_q2,lightgbm,2026-04-02,5,2026-04-02 15:00:00+00:00,2026-04-02 16:00:00+00:00,1,0.13,decrease,10.68,373828.0,3,5,24,5,0.15,16.98,0.84,36.04,7.8,5,6,0.83,0.0,0.14,0.32,low
test_2026_q2,lightgbm,2026-04-03,1,2026-04-03 12:00:00+00:00,2026-04-03 13:00:00+00:00,1,0.02,decrease,7.24,261700.2,2,1,24,2,0.0,0.0,0.39,111.76,8.02,6,6,1.0,1.0,0.1,0.82,high
test_2026_q2,lightgbm,2026-04-03,2,2026-04-03 23:00:00+00:00,2026-04-04 00:00:00+00:00,1,0.11,decrease,7.64,237019.2,4,3,24,9,0.3,20.03,1.47,91.73,6.94,2,6,0.33,0.75,0.05,0.46,low
test_2026_q2,lightgbm,2026-04-03,3,2026-04-03 22:00:00+00:00,2026-04-03 23:00:00+00:00,1,0.15,decrease,7.44,244272.4,7,2,24,8,0.3,20.51,0.99,91.25,7.43,2,6,0.33,0.5,0.05,0.35,low
test_2026_q2,lightgbm,2026-04-03,4,2026-04-03 11:00:00+00:00,2026-04-03 12:00:00+00:00,1,0.2,decrease,7.72,288572.3,5,6,24,1,0.0,7.66,0.0,104.1,8.42,6,6,1.0,0.25,0.0,0.46,low
test_2026_q2,lightgbm,2026-04-03,5,2026-04-03 13:00:00+00:00,2026-04-03 14:00:00+00:00,1,0.2,decrease,7.91,272983.8,1,10,24,4,0.04,2.43,0.41,109.32,8.0,6,6,1.0,0.0,0.0,0.35,low
test_2026_q2,lightgbm,2026-04-04,1,2026-04-04 23:00:00+00:00,2026-04-05 00:00:00+00:00,1,0.15,decrease,8.25,244538.7,6,3,24,2,0.02,4.66,0.0,23.87,0.36,5,6,0.83,1.0,0.05,0.75,high
test_2026_q2,lightgbm,2026-04-04,2,2026-04-04 08:00:00+00:00,2026-04-04 09:00:00+00:00,1,0.2,decrease,8.02,255945.7,10,1,24,6,0.26,13.08,0.87,15.46,-0.5,5,6,0.83,0.75,0.14,0.66,medium
test_2026_q2,lightgbm,2026-04-04,3,2026-04-04 07:00:00+00:00,2026-04-04 08:00:00+00:00,1,0.3,decrease,8.24,251228.2,14,2,24,3,0.13,27.17,0.17,1.36,0.19,4,6,0.67,0.5,0.05,0.47,low
test_2026_q2,lightgbm,2026-04-04,4,2026-04-04 00:00:00+00:00,2026-04-04 01:00:00+00:00,1,0.35,decrease,8.53,254861.1,13,5,24,4,0.2,28.53,0.36,0.0,0.0,4,6,0.67,0.25,0.0,0.35,low
test_2026_q2,lightgbm,2026-04-04,5,2026-04-04 02:00:00+00:00,2026-04-04 03:00:00+00:00,1,0.35,decrease,8.84,262301.4,11,7,24,14,0.33,30.72,0.59,-2.19,-0.23,3,6,0.5,0.0,0.0,0.18,low
test_2026_q2,lightgbm,2026-04-05,1,2026-04-05 02:00:00+00:00,2026-04-05 03:00:00+00:00,1,0.24,decrease,8.9,239098.0,10,3,24,6,0.09,82.32,0.66,0.02,-0.66,5,6,0.83,1.0,0.07,0.76,high
test_2026_q2,lightgbm,2026-04-05,2,2026-04-05 00:00:00+00:00,2026-04-05 01:00:00+00:00,1,0.28,decrease,8.24,244967.7,14,1,24,3,0.04,82.35,0.0,0.0,0.0,5,6,0.83,0.75,0.07,0.64,medium
test_2026_q2,lightgbm,2026-04-05,3,2026-04-05 03:00:00+00:00,2026-04-05 04:00:00+00:00,1,0.33,decrease,9.0,239795.8,11,6,24,8,0.15,82.32,0.77,0.02,-0.77,3,6,0.5,0.5,0.0,0.4,low
test_2026_q2,lightgbm,2026-04-05,4,2026-04-05 04:00:00+00:00,2026-04-05 05:00:00+00:00,1,0.33,decrease,8.87,236552.9,15,2,24,11,0.22,82.32,1.0,0.02,-1.0,1,6,0.17,0.25,0.0,0.17,low
test_2026_q2,lightgbm,2026-04-05,5,2026-04-05 11:00:00+00:00,2026-04-05 12:00:00+00:00,1,0.33,decrease,10.29,277177.3,2,15,24,4,0.07,6.0,1.83,76.35,-1.83,5,6,0.83,0.0,0.1,0.31,low
test_2026_q2,lightgbm,2026-04-06,1,2026-04-06 11:00:00+00:00,2026-04-06 12:00:00+00:00,1,0.13,increase,8.73,241688.3,2,6,24,2,0.02,0.0,0.34,144.24,0.81,6,6,1.0,1.0,0.0,0.8,high
test_2026_q2,lightgbm,2026-04-06,2,2026-04-06 12:00:00+00:00,2026-04-06 13:00:00+00:00,1,0.13,increase,8.99,243433.9,1,7,24,5,0.07,3.16,0.38,141.08,0.78,6,6,1.0,0.75,0.03,0.69,medium
test_2026_q2,lightgbm,2026-04-06,3,2026-04-06 08:00:00+00:00,2026-04-06 09:00:00+00:00,1,0.15,increase,8.08,241264.6,8,1,24,3,0.04,93.17,0.0,51.07,1.15,4,6,0.67,0.5,0.0,0.46,low
test_2026_q2,lightgbm,2026-04-06,4,2026-04-06 09:00:00+00:00,2026-04-06 10:00:00+00:00,1,0.15,increase,8.21,236808.7,6,3,24,4,0.04,65.43,0.18,78.81,0.97,5,6,0.83,0.25,0.0,0.4,low
test_2026_q2,lightgbm,2026-04-06,5,2026-04-06 10:00:00+00:00,2026-04-06 11:00:00+00:00,1,0.15,increase,8.56,242401.4,4,5,24,1,0.0,42.96,0.12,101.28,1.03,5,6,0.83,0.0,0.05,0.3,low
test_2026_q2,lightgbm,2026-04-07,1,2026-04-07 09:00:00+00:00,2026-04-07 10:00:00+00:00,1,0.09,increase,6.93,239079.8,5,1,24,1,0.0,10.84,0.04,23.56,1.33,6,6,1.0,1.0,0.0,0.8,high
test_2026_q2,lightgbm,2026-04-07,2,2026-04-07 10:00:00+00:00,2026-04-07 11:00:00+00:00,1,0.09,increase,7.16,238923.4,4,2,24,4,0.04,7.84,0.42,26.56,0.94,6,6,1.0,0.75,0.02,0.69,medium
test_2026_q2,lightgbm,2026-04-07,3,2026-04-07 11:00:00+00:00,2026-04-07 12:00:00+00:00,1,0.11,increase,7.74,237892.8,2,5,24,2,0.0,0.0,0.47,34.4,0.89,6,6,1.0,0.5,0.0,0.57,medium
test_2026_q2,lightgbm,2026-04-07,4,2026-04-07 12:00:00+00:00,2026-04-07 13:00:00+00:00,1,0.11,increase,7.81,235502.7,1,6,24,5,0.15,0.04,1.04,34.36,0.32,6,6,1.0,0.25,0.1,0.48,low
test_2026_q2,lightgbm,2026-04-07,5,2026-04-07 08:00:00+00:00,2026-04-07 09:00:00+00:00,1,0.2,increase,7.22,248090.0,8,3,24,3,0.04,15.77,0.0,18.63,1.37,6,6,1.0,0.0,0.15,0.38,low
test_2026_q2,lightgbm,2026-04-08,1,2026-04-08 13:00:00+00:00,2026-04-08 14:00:00+00:00,1,0.07,decrease,7.36,236069.5,3,2,24,6,0.22,17.77,0.76,72.76,0.11,5,6,0.83,1.0,0.02,0.75,medium
test_2026_q2,lightgbm,2026-04-08,2,2026-04-08 11:00:00+00:00,2026-04-08 12:00:00+00:00,1,0.09,decrease,7.53,240873.4,2,4,24,2,0.02,0.0,0.12,90.54,0.75,6,6,1.0,0.75,0.0,0.69,medium
test_2026_q2,lightgbm,2026-04-08,3,2026-04-08 12:00:00+00:00,2026-04-08 13:00:00+00:00,1,0.09,decrease,7.53,241860.7,1,5,24,1,0.0,2.81,0.0,87.73,0.87,6,6,1.0,0.5,0.02,0.58,medium
test_2026_q2,lightgbm,2026-04-08,4,2026-04-08 10:00:00+00:00,2026-04-08 11:00:00+00:00,1,0.11,decrease,7.46,245508.6,4,3,24,3,0.09,13.16,0.18,77.38,0.69,6,6,1.0,0.25,0.02,0.47,low
test_2026_q2,lightgbm,2026-04-08,5,2026-04-08 09:00:00+00:00,2026-04-08 10:00:00+00:00,1,0.13,increase,7.24,245769.2,7,1,24,5,0.17,29.78,0.24,60.75,0.62,5,6,0.83,0.0,0.17,0.32,low
test_2026_q2,lightgbm,2026-04-09,1,2026-04-09 10:00:00+00:00,2026-04-09 11:00:00+00:00,1,0.07,increase,7.17,239710.2,4,1,24,1,0.0,6.73,0.14,81.59,1.29,6,6,1.0,1.0,0.0,0.8,high
test_2026_q2,lightgbm,2026-04-09,2,2026-04-09 11:00:00+00:00,2026-04-09 12:00:00+00:00,1,0.07,increase,7.3,235136.0,3,2,24,4,0.09,0.27,0.6,88.05,0.84,6,6,1.0,0.75,0.1,0.71,medium
test_2026_q2,lightgbm,2026-04-09,3,2026-04-09 09:00:00+00:00,2026-04-09 10:00:00+00:00,1,0.15,increase,7.41,246139.0,6,3,24,2,0.02,8.24,0.0,80.07,1.44,6,6,1.0,0.5,0.0,0.57,medium
test_2026_q2,lightgbm,2026-04-09,4,2026-04-09 13:00:00+00:00,2026-04-09 14:00:00+00:00,1,0.15,decrease,7.89,242211.1,2,7,24,6,0.24,6.46,1.09,81.86,0.35,4,6,0.67,0.25,0.05,0.36,low
test_2026_q2,lightgbm,2026-04-09,5,2026-04-09 12:00:00+00:00,2026-04-09 13:00:00+00:00,1,0.2,increase,7.99,245668.5,1,10,24,3,0.04,0.0,0.48,88.32,0.96,6,6,1.0,0.0,0.13,0.38,low
test_2026_q2,lightgbm,2026-04-10,1,2026-04-10 12:00:00+00:00,2026-04-10 13:00:00+00:00,1,0.0,increase,7.49,246561.6,1,1,24,2,0.13,1.67,0.25,15.31,0.64,6,6,1.0,1.0,0.09,0.82,high
test_2026_q2,lightgbm,2026-04-10,2,2026-04-10 10:00:00+00:00,2026-04-10 11:00:00+00:00,1,0.09,increase,7.5,243677.0,4,2,24,6,0.22,18.49,0.16,-1.51,0.74,6,6,1.0,0.75,0.05,0.7,medium
test_2026_q2,lightgbm,2026-04-10,3,2026-04-10 11:00:00+00:00,2026-04-10 12:00:00+00:00,1,0.13,increase,7.57,246573.2,5,3,24,1,0.0,0.0,0.0,16.98,0.89,6,6,1.0,0.5,0.0,0.57,medium
test_2026_q2,lightgbm,2026-04-10,4,2026-04-10 13:00:00+00:00,2026-04-10 14:00:00+00:00,1,0.13,increase,7.88,250511.2,3,5,24,3,0.13,0.01,0.6,16.97,0.29,5,6,0.83,0.25,0.07,0.42,low
test_2026_q2,lightgbm,2026-04-10,5,2026-04-10 14:00:00+00:00,2026-04-10 15:00:00+00:00,1,0.2,increase,8.24,256370.0,2,9,24,5,0.2,0.21,0.73,16.77,0.16,4,6,0.67,0.0,0.07,0.25,low
test_2026_q2,lightgbm,2026-04-11,1,2026-04-11 08:00:00+00:00,2026-04-11 09:00:00+00:00,1,0.17,decrease,8.32,246329.9,8,2,24,2,0.02,33.74,0.25,20.49,-0.05,5,6,0.83,1.0,0.03,0.75,medium
test_2026_q2,lightgbm,2026-04-11,2,2026-04-11 07:00:00+00:00,2026-04-11 08:00:00+00:00,1,0.2,decrease,8.18,247455.5,10,1,24,1,0.0,48.45,0.02,5.78,0.18,4,6,0.67,0.75,0.03,0.58,medium
test_2026_q2,lightgbm,2026-04-11,3,2026-04-11 09:00:00+00:00,2026-04-11 10:00:00+00:00,1,0.22,decrease,8.8,241459.1,6,6,24,16,0.28,30.65,1.33,23.58,-1.14,6,6,1.0,0.5,0.24,0.62,medium
test_2026_q2,lightgbm,2026-04-11,4,2026-04-11 06:00:00+00:00,2026-04-11 07:00:00+00:00,1,0.39,decrease,8.49,242706.0,17,3,24,5,0.15,55.48,0.0,-1.25,0.19,3,6,0.5,0.25,0.03,0.29,low
test_2026_q2,lightgbm,2026-04-11,5,2026-04-11 12:00:00+00:00,2026-04-11 13:00:00+00:00,1,0.41,decrease,9.97,232919.1,1,20,24,7,0.17,4.97,1.3,49.26,-1.1,5,6,0.83,0.0,0.0,0.29,low
test_2026_q2,lightgbm,2026-04-12,1,2026-04-12 11:00:00+00:00,2026-04-12 12:00:00+00:00,1,0.07,increase,9.34,248572.4,2,3,24,1,0.0,0.0,0.94,8.18,0.24,5,6,0.83,1.0,0.12,0.77,high
test_2026_q2,lightgbm,2026-04-12,2,2026-04-12 08:00:00+00:00,2026-04-12 09:00:00+00:00,1,0.17,increase,9.45,240138.7,5,5,24,8,0.2,13.89,0.58,-5.71,0.6,6,6,1.0,0.75,0.0,0.69,medium
test_2026_q2,lightgbm,2026-04-12,3,2026-04-12 12:00:00+00:00,2026-04-12 13:00:00+00:00,1,0.17,increase,9.65,247871.7,1,9,24,2,0.07,4.14,1.02,4.04,0.16,3,6,0.5,0.5,0.02,0.4,low
test_2026_q2,lightgbm,2026-04-12,4,2026-04-12 09:00:00+00:00,2026-04-12 10:00:00+00:00,1,0.2,increase,9.35,239897.9,7,4,24,3,0.09,12.78,0.38,-4.6,0.81,4,6,0.67,0.25,0.0,0.35,low
test_2026_q2,lightgbm,2026-04-12,5,2026-04-12 10:00:00+00:00,2026-04-12 11:00:00+00:00,1,0.2,increase,8.94,240346.6,9,2,24,9,0.2,12.91,0.86,-4.73,0.33,5,6,0.83,0.0,0.0,0.29,low
test_2026_q2,lightgbm,2026-04-13,1,2026-04-13 00:00:00+00:00,2026-04-13 01:00:00+00:00,1,0.13,increase,9.26,249462.7,5,3,24,2,0.02,35.7,0.07,0.0,0.0,6,6,1.0,1.0,0.0,0.8,high
test_2026_q2,lightgbm,2026-04-13,2,2026-04-13 01:00:00+00:00,2026-04-13 02:00:00+00:00,1,0.13,increase,9.35,250161.5,3,5,24,3,0.02,30.58,0.15,5.12,-0.09,5,6,0.83,0.75,0.0,0.63,medium
test_2026_q2,lightgbm,2026-04-13,3,2026-04-13 02:00:00+00:00,2026-04-13 03:00:00+00:00,1,0.13,increase,9.36,248474.8,2,6,24,7,0.17,37.94,1.1,-2.24,-1.03,5,6,0.83,0.5,0.0,0.52,medium
test_2026_q2,lightgbm,2026-04-13,4,2026-04-13 14:00:00+00:00,2026-04-13 15:00:00+00:00,1,0.13,increase,9.27,307404.4,4,4,24,1,0.0,0.0,0.83,35.7,-0.76,5,6,0.83,0.25,0.03,0.41,low
test_2026_q2,lightgbm,2026-04-13,5,2026-04-13 15:00:00+00:00,2026-04-13 16:00:00+00:00,1,0.15,increase,10.7,350666.0,1,8,24,6,0.07,23.86,0.95,11.84,-0.88,5,6,0.83,0.0,0.08,0.31,low
test_2026_q2,lightgbm,2026-04-14,1,2026-04-14 12:00:00+00:00,2026-04-14 13:00:00+00:00,1,0.09,decrease,11.69,400149.7,1,5,24,3,0.13,15.0,0.94,101.44,12.48,5,6,0.83,1.0,0.0,0.74,medium
test_2026_q2,lightgbm,2026-04-14,2,2026-04-14 13:00:00+00:00,2026-04-14 14:00:00+00:00,1,0.09,decrease,10.09,342379.7,4,2,24,1,0.0,11.9,0.0,104.54,13.42,5,6,0.83,0.75,0.0,0.63,medium
test_2026_q2,lightgbm,2026-04-14,3,2026-04-14 15:00:00+00:00,2026-04-14 16:00:00+00:00,1,0.09,decrease,10.78,346242.1,3,3,24,5,0.15,46.9,0.64,69.53,12.79,4,6,0.67,0.5,0.02,0.46,low
test_2026_q2,lightgbm,2026-04-14,4,2026-04-14 14:00:00+00:00,2026-04-14 15:00:00+00:00,1,0.11,decrease,9.56,319657.0,6,1,24,2,0.0,0.0,0.5,116.43,12.92,6,6,1.0,0.25,0.02,0.47,low
test_2026_q2,lightgbm,2026-04-14,5,2026-04-14 10:00:00+00:00,2026-04-14 11:00:00+00:00,1,0.13,decrease,12.07,429641.8,2,6,24,6,0.2,22.32,3.43,94.12,9.99,5,6,0.83,0.0,0.02,0.3,low
test_2026_q2,lightgbm,2026-04-15,1,2026-04-15 12:00:00+00:00,2026-04-15 13:00:00+00:00,1,0.02,decrease,7.48,258334.5,1,2,24,1,0.0,0.0,0.56,84.15,8.53,6,6,1.0,1.0,0.05,0.81,high
test_2026_q2,lightgbm,2026-04-15,2,2026-04-15 11:00:00+00:00,2026-04-15 12:00:00+00:00,1,0.07,decrease,7.44,254103.4,4,1,24,2,0.02,0.0,0.0,84.14,9.09,6,6,1.0,0.75,0.02,0.69,medium
test_2026_q2,lightgbm,2026-04-15,3,2026-04-15 10:00:00+00:00,2026-04-15 11:00:00+00:00,1,0.09,decrease,7.73,266926.6,3,3,24,4,0.09,6.7,0.01,77.44,9.08,5,6,0.83,0.5,0.0,0.52,medium
test_2026_q2,lightgbm,2026-04-15,4,2026-04-15 13:00:00+00:00,2026-04-15 14:00:00+00:00,1,0.09,decrease,8.2,270249.5,2,4,24,3,0.07,0.0,1.48,84.15,7.61,6,6,1.0,0.25,0.12,0.49,low
test_2026_q2,lightgbm,2026-04-15,5,2026-04-15 14:00:00+00:00,2026-04-15 15:00:00+00:00,1,0.2,increase,9.18,294238.4,5,6,24,6,0.13,0.0,3.52,84.15,5.58,6,6,1.0,0.0,0.02,0.35,low
test_2026_q2,lightgbm,2026-04-16,1,2026-04-16 10:00:00+00:00,2026-04-16 11:00:00+00:00,1,0.04,decrease,7.3,245583.3,3,1,24,4,0.13,10.38,0.01,70.94,11.12,6,6,1.0,1.0,0.0,0.8,high
test_2026_q2,lightgbm,2026-04-16,2,2026-04-16 12:00:00+00:00,2026-04-16 13:00:00+00:00,1,0.04,increase,7.73,258107.5,1,3,24,2,0.09,0.0,0.24,81.31,10.89,6,6,1.0,0.75,0.05,0.7,medium
test_2026_q2,lightgbm,2026-04-16,3,2026-04-16 13:00:00+00:00,2026-04-16 14:00:00+00:00,1,0.09,increase,8.19,267361.4,2,4,24,5,0.13,0.01,0.43,81.3,10.7,6,6,1.0,0.5,0.02,0.58,medium
test_2026_q2,lightgbm,2026-04-16,4,2026-04-16 11:00:00+00:00,2026-04-16 12:00:00+00:00,1,0.11,increase,7.61,253387.2,5,2,24,1,0.0,0.0,0.0,81.31,11.13,6,6,1.0,0.25,0.05,0.47,low
test_2026_q2,lightgbm,2026-04-16,5,2026-04-16 14:00:00+00:00,2026-04-16 15:00:00+00:00,1,0.15,increase,8.42,270748.7,4,5,24,6,0.17,0.01,1.49,81.3,9.64,5,6,0.83,0.0,0.09,0.31,low
test_2026_q2,lightgbm,2026-04-17,1,2026-04-17 12:00:00+00:00,2026-04-17 13:00:00+00:00,1,0.02,decrease,7.54,246736.2,1,2,24,2,0.04,0.0,0.07,112.53,3.49,6,6,1.0,1.0,0.02,0.8,high
test_2026_q2,lightgbm,2026-04-17,2,2026-04-17 11:00:00+00:00,2026-04-17 12:00:00+00:00,1,0.04,increase,7.47,247795.4,3,1,24,1,0.0,0.0,0.0,112.53,3.56,6,6,1.0,0.75,0.02,0.69,medium
test_2026_q2,lightgbm,2026-04-17,3,2026-04-17 10:00:00+00:00,2026-04-17 11:00:00+00:00,1,0.07,decrease,7.6,254997.0,2,3,24,4,0.15,5.52,0.11,107.01,3.45,6,6,1.0,0.5,0.07,0.59,medium
test_2026_q2,lightgbm,2026-04-17,4,2026-04-17 13:00:00+00:00,2026-04-17 14:00:00+00:00,1,0.13,increase,7.71,252705.8,4,4,24,3,0.11,0.0,0.38,112.53,3.18,6,6,1.0,0.25,0.05,0.47,low
test_2026_q2,lightgbm,2026-04-17,5,2026-04-17 14:00:00+00:00,2026-04-17 15:00:00+00:00,1,0.17,increase,7.98,258592.2,5,5,24,5,0.15,0.0,0.67,112.53,2.89,5,6,0.83,0.0,0.07,0.31,low
test_2026_q2,lightgbm,2026-04-18,1,2026-04-18 09:00:00+00:00,2026-04-18 10:00:00+00:00,1,0.2,decrease,8.74,254945.0,4,7,24,9,0.17,1.38,1.52,83.98,0.07,5,6,0.83,1.0,0.03,0.75,medium
test_2026_q2,lightgbm,2026-04-18,2,2026-04-18 08:00:00+00:00,2026-04-18 09:00:00+00:00,1,0.22,decrease,8.42,255154.1,7,5,24,6,0.11,3.86,1.13,81.5,0.45,5,6,0.83,0.75,0.0,0.63,medium
test_2026_q2,lightgbm,2026-04-18,3,2026-04-18 23:00:00+00:00,2026-04-19 00:00:00+00:00,1,0.22,decrease,7.87,232200.7,11,1,24,3,0.07,62.54,0.07,22.82,1.51,5,6,0.83,0.5,0.06,0.53,medium
test_2026_q2,lightgbm,2026-04-18,4,2026-04-18 10:00:00+00:00,2026-04-18 11:00:00+00:00,1,0.26,decrease,9.21,255850.9,1,13,24,11,0.24,1.04,1.61,84.32,-0.03,6,6,1.0,0.25,0.03,0.47,low
test_2026_q2,lightgbm,2026-04-18,5,2026-04-18 13:00:00+00:00,2026-04-18 14:00:00+00:00,1,0.28,decrease,9.11,252203.7,5,10,24,2,0.07,0.97,1.37,84.39,0.21,2,6,0.33,0.0,0.03,0.12,low
test_2026_q2,lightgbm,2026-04-19,1,2026-04-19 10:00:00+00:00,2026-04-19 11:00:00+00:00,1,0.22,decrease,8.11,228552.2,4,8,24,3,0.02,4.27,0.79,51.52,-0.07,5,6,0.83,1.0,0.09,0.76,high
test_2026_q2,lightgbm,2026-04-19,2,2026-04-19 09:00:00+00:00,2026-04-19 10:00:00+00:00,1,0.28,decrease,8.21,227648.1,3,12,24,2,0.02,4.27,0.82,51.52,-0.1,5,6,0.83,0.75,0.03,0.64,medium
test_2026_q2,lightgbm,2026-04-19,3,2026-04-19 07:00:00+00:00,2026-04-19 08:00:00+00:00,1,0.3,decrease,8.09,230187.7,9,7,24,8,0.13,6.66,0.95,49.13,-0.23,4,6,0.67,0.5,0.0,0.46,low
test_2026_q2,lightgbm,2026-04-19,4,2026-04-19 08:00:00+00:00,2026-04-19 09:00:00+00:00,1,0.3,decrease,8.12,228035.8,6,10,24,1,0.0,4.27,0.91,51.52,-0.19,5,6,0.83,0.25,0.0,0.4,low
test_2026_q2,lightgbm,2026-04-19,5,2026-04-19 11:00:00+00:00,2026-04-19 12:00:00+00:00,1,0.3,decrease,8.16,230914.8,5,11,24,6,0.07,3.43,0.98,52.36,-0.26,4,6,0.67,0.0,0.03,0.24,low
test_2026_q2,lightgbm,2026-04-20,1,2026-04-20 10:00:00+00:00,2026-04-20 11:00:00+00:00,1,0.07,increase,6.89,236493.8,4,1,24,2,0.04,0.15,0.05,25.08,0.89,6,6,1.0,1.0,0.02,0.8,high
test_2026_q2,lightgbm,2026-04-20,2,2026-04-20 12:00:00+00:00,2026-04-20 13:00:00+00:00,1,0.09,increase,7.24,243011.9,1,5,24,3,0.04,0.0,0.54,25.23,0.4,3,6,0.5,0.75,0.02,0.52,medium
test_2026_q2,lightgbm,2026-04-20,3,2026-04-20 08:00:00+00:00,2026-04-20 09:00:00+00:00,1,0.11,increase,7.18,244248.5,3,4,24,7,0.13,4.41,0.31,20.82,0.64,6,6,1.0,0.5,0.0,0.57,medium
test_2026_q2,lightgbm,2026-04-20,4,2026-04-20 11:00:00+00:00,2026-04-20 12:00:00+00:00,1,0.11,increase,6.92,235372.4,5,2,24,4,0.07,0.0,0.37,25.23,0.57,5,6,0.83,0.25,0.08,0.42,low
test_2026_q2,lightgbm,2026-04-20,5,2026-04-20 09:00:00+00:00,2026-04-20 10:00:00+00:00,1,0.17,increase,7.17,240864.9,7,3,24,1,0.0,0.14,0.0,25.09,0.94,5,6,0.83,0.0,0.0,0.29,low
test_2026_q2,lightgbm,2026-04-21,1,2026-04-21 09:00:00+00:00,2026-04-21 10:00:00+00:00,1,0.07,decrease,7.59,271853.9,4,1,24,4,0.07,0.1,0.26,19.24,0.21,6,6,1.0,1.0,0.0,0.8,high
test_2026_q2,lightgbm,2026-04-21,2,2026-04-21 10:00:00+00:00,2026-04-21 11:00:00+00:00,1,0.07,decrease,7.76,270196.7,3,2,24,1,0.0,0.1,0.12,19.24,0.36,6,6,1.0,0.75,0.05,0.7,medium
test_2026_q2,lightgbm,2026-04-21,3,2026-04-21 11:00:00+00:00,2026-04-21 12:00:00+00:00,1,0.11,decrease,7.96,270383.7,2,5,24,5,0.07,0.04,0.63,19.3,-0.16,6,6,1.0,0.5,0.11,0.6,medium
test_2026_q2,lightgbm,2026-04-21,4,2026-04-21 08:00:00+00:00,2026-04-21 09:00:00+00:00,1,0.2,increase,7.79,279023.9,8,3,24,2,0.02,2.33,0.06,17.01,0.42,4,6,0.67,0.25,0.03,0.35,low
test_2026_q2,lightgbm,2026-04-21,5,2026-04-21 12:00:00+00:00,2026-04-21 13:00:00+00:00,1,0.22,decrease,8.44,282704.0,1,11,24,6,0.15,0.0,0.75,19.34,-0.28,5,6,0.83,0.0,0.0,0.29,low
test_2026_q2,lightgbm,2026-04-22,1,2026-04-22 09:00:00+00:00,2026-04-22 10:00:00+00:00,1,0.11,decrease,7.16,237815.9,5,2,24,3,0.02,17.45,0.23,10.99,0.39,6,6,1.0,1.0,0.05,0.81,high
test_2026_q2,lightgbm,2026-04-22,2,2026-04-22 10:00:00+00:00,2026-04-22 11:00:00+00:00,1,0.15,decrease,7.32,239722.0,4,5,24,2,0.0,13.76,0.41,14.68,0.21,6,6,1.0,0.75,0.0,0.69,medium
test_2026_q2,lightgbm,2026-04-22,3,2026-04-22 11:00:00+00:00,2026-04-22 12:00:00+00:00,1,0.15,decrease,7.63,238910.5,3,6,24,4,0.04,0.0,0.75,28.44,-0.13,6,6,1.0,0.5,0.08,0.59,medium
test_2026_q2,lightgbm,2026-04-22,4,2026-04-22 08:00:00+00:00,2026-04-22 09:00:00+00:00,1,0.22,increase,7.0,242372.1,11,1,24,1,0.0,17.46,0.12,10.98,0.5,6,6,1.0,0.25,0.03,0.47,low
test_2026_q2,lightgbm,2026-04-22,5,2026-04-22 12:00:00+00:00,2026-04-22 13:00:00+00:00,1,0.24,decrease,8.09,241055.3,1,12,24,5,0.09,0.93,0.79,27.51,-0.17,5,6,0.83,0.0,0.05,0.3,low
test_2026_q2,lightgbm,2026-04-23,1,2026-04-23 09:00:00+00:00,2026-04-23 10:00:00+00:00,1,0.11,decrease,7.26,244189.5,6,1,24,2,0.13,45.33,0.66,33.87,0.13,6,6,1.0,1.0,0.13,0.83,high
test_2026_q2,lightgbm,2026-04-23,2,2026-04-23 10:00:00+00:00,2026-04-23 11:00:00+00:00,1,0.22,decrease,7.94,248690.0,5,7,24,3,0.17,21.13,0.8,58.07,-0.01,6,6,1.0,0.75,0.0,0.69,medium
test_2026_q2,lightgbm,2026-04-23,3,2026-04-23 08:00:00+00:00,2026-04-23 09:00:00+00:00,1,0.22,increase,7.44,255126.3,10,2,24,1,0.0,51.33,0.0,27.87,0.79,6,6,1.0,0.5,0.03,0.58,medium
test_2026_q2,lightgbm,2026-04-23,4,2026-04-23 11:00:00+00:00,2026-04-23 12:00:00+00:00,1,0.24,decrease,8.21,245720.3,3,10,24,8,0.24,0.0,0.9,79.2,-0.11,6,6,1.0,0.25,0.08,0.48,low
test_2026_q2,lightgbm,2026-04-23,5,2026-04-23 12:00:00+00:00,2026-04-23 13:00:00+00:00,1,0.3,decrease,8.39,249827.6,1,15,24,10,0.28,0.93,0.93,78.27,-0.15,4,6,0.67,0.0,0.08,0.25,low
test_2026_q2,lightgbm,2026-04-24,1,2026-04-24 08:00:00+00:00,2026-04-24 09:00:00+00:00,1,0.15,increase,7.48,257523.5,8,1,24,1,0.0,38.61,0.01,7.48,0.75,6,6,1.0,1.0,0.0,0.8,high
test_2026_q2,lightgbm,2026-04-24,2,2026-04-24 09:00:00+00:00,2026-04-24 10:00:00+00:00,1,0.15,increase,7.53,255436.8,7,2,24,3,0.13,29.78,0.27,16.32,0.49,6,6,1.0,0.75,0.09,0.71,medium
test_2026_q2,lightgbm,2026-04-24,3,2026-04-24 13:00:00+00:00,2026-04-24 14:00:00+00:00,1,0.22,decrease,8.13,244985.9,1,11,24,8,0.28,13.33,0.7,32.77,0.06,2,6,0.33,0.5,0.03,0.35,low
test_2026_q2,lightgbm,2026-04-24,4,2026-04-24 10:00:00+00:00,2026-04-24 11:00:00+00:00,1,0.24,increase,7.99,256134.4,5,8,24,6,0.17,22.9,0.39,23.19,0.37,6,6,1.0,0.25,0.0,0.46,low
test_2026_q2,lightgbm,2026-04-24,5,2026-04-24 11:00:00+00:00,2026-04-24 12:00:00+00:00,1,0.24,increase,8.11,243895.5,3,10,24,4,0.15,3.78,0.39,42.32,0.36,4,6,0.67,0.0,0.06,0.25,low
test_2026_q2,lightgbm,2026-04-25,1,2026-04-25 07:00:00+00:00,2026-04-25 08:00:00+00:00,1,0.2,decrease,8.4,244781.6,10,1,24,5,0.02,195.96,0.46,43.48,-0.46,5,6,0.83,1.0,0.03,0.75,medium
test_2026_q2,lightgbm,2026-04-25,2,2026-04-25 11:00:00+00:00,2026-04-25 12:00:00+00:00,1,0.22,decrease,9.31,241170.7,2,10,24,3,0.0,14.13,0.91,225.31,-0.91,6,6,1.0,0.75,0.03,0.69,medium
test_2026_q2,lightgbm,2026-04-25,3,2026-04-25 12:00:00+00:00,2026-04-25 13:00:00+00:00,1,0.24,decrease,9.56,245469.2,1,12,24,4,0.0,0.0,1.04,239.44,-1.04,5,6,0.83,0.5,0.03,0.52,medium
test_2026_q2,lightgbm,2026-04-25,4,2026-04-25 08:00:00+00:00,2026-04-25 09:00:00+00:00,1,0.26,decrease,8.96,249487.2,8,6,24,12,0.15,183.22,1.08,56.22,-1.08,6,6,1.0,0.25,0.0,0.46,low
test_2026_q2,lightgbm,2026-04-25,5,2026-04-25 10:00:00+00:00,2026-04-25 11:00:00+00:00,1,0.26,decrease,9.43,240492.3,3,11,24,2,0.0,89.18,0.82,150.26,-0.82,3,6,0.5,0.0,0.03,0.18,low
test_2026_q2,lightgbm,2026-04-26,1,2026-04-26 12:00:00+00:00,2026-04-26 13:00:00+00:00,1,0.09,increase,9.2,241628.8,2,4,24,2,0.09,0.3,0.49,435.68,-0.05,6,6,1.0,1.0,0.02,0.8,high
test_2026_q2,lightgbm,2026-04-26,2,2026-04-26 13:00:00+00:00,2026-04-26 14:00:00+00:00,1,0.11,increase,9.18,238685.7,4,3,24,3,0.11,177.98,0.48,258.0,-0.04,5,6,0.83,0.75,0.0,0.63,medium
test_2026_q2,lightgbm,2026-04-26,3,2026-04-26 14:00:00+00:00,2026-04-26 15:00:00+00:00,1,0.11,increase,9.07,236344.8,5,2,24,5,0.22,375.47,0.7,60.51,-0.26,4,6,0.67,0.5,0.02,0.46,low
test_2026_q2,lightgbm,2026-04-26,4,2026-04-26 11:00:00+00:00,2026-04-26 12:00:00+00:00,1,0.13,increase,9.36,243791.2,1,7,24,1,0.0,0.0,0.43,435.98,0.01,6,6,1.0,0.25,0.12,0.49,low
test_2026_q2,lightgbm,2026-04-26,5,2026-04-26 15:00:00+00:00,2026-04-26 16:00:00+00:00,1,0.24,decrease,9.31,240626.2,7,6,24,7,0.33,412.55,1.05,23.43,-0.61,3,6,0.5,0.0,0.07,0.19,low
test_2026_q2,lightgbm,2026-04-27,1,2026-04-27 10:00:00+00:00,2026-04-27 11:00:00+00:00,1,0.04,increase,7.69,251079.5,3,1,24,2,0.02,0.73,0.61,34.29,1.17,6,6,1.0,1.0,0.05,0.81,high
test_2026_q2,lightgbm,2026-04-27,2,2026-04-27 09:00:00+00:00,2026-04-27 10:00:00+00:00,1,0.09,increase,7.82,255261.1,2,4,24,1,0.0,0.82,0.55,34.2,1.24,5,6,0.83,0.75,0.0,0.63,medium
test_2026_q2,lightgbm,2026-04-27,3,2026-04-27 12:00:00+00:00,2026-04-27 13:00:00+00:00,1,0.09,increase,7.97,251025.7,1,5,24,4,0.02,0.67,0.69,34.36,1.1,6,6,1.0,0.5,0.02,0.58,medium
test_2026_q2,lightgbm,2026-04-27,4,2026-04-27 11:00:00+00:00,2026-04-27 12:00:00+00:00,1,0.11,increase,7.76,252113.4,4,3,24,3,0.02,0.0,0.78,35.03,1.0,6,6,1.0,0.25,0.09,0.48,low
test_2026_q2,lightgbm,2026-04-27,5,2026-04-27 13:00:00+00:00,2026-04-27 14:00:00+00:00,1,0.2,increase,8.02,245991.8,5,6,24,5,0.15,0.82,1.11,34.2,0.68,6,6,1.0,0.0,0.07,0.36,low
test_2026_q2,lightgbm,2026-04-28,1,2026-04-28 10:00:00+00:00,2026-04-28 11:00:00+00:00,1,0.09,decrease,6.68,221005.6,4,2,24,3,0.02,20.46,0.31,28.39,0.59,6,6,1.0,1.0,0.02,0.8,high
test_2026_q2,lightgbm,2026-04-28,2,2026-04-28 09:00:00+00:00,2026-04-28 10:00:00+00:00,1,0.11,increase,6.53,219628.4,6,1,24,1,0.0,21.49,0.14,27.36,0.75,5,6,0.83,0.75,0.02,0.63,medium
test_2026_q2,lightgbm,2026-04-28,3,2026-04-28 11:00:00+00:00,2026-04-28 12:00:00+00:00,1,0.13,decrease,7.05,220957.9,3,5,24,2,0.0,0.0,0.48,48.85,0.42,6,6,1.0,0.5,0.03,0.58,medium
test_2026_q2,lightgbm,2026-04-28,4,2026-04-28 12:00:00+00:00,2026-04-28 13:00:00+00:00,1,0.15,decrease,7.31,221419.2,1,8,24,5,0.09,11.2,0.5,37.65,0.4,6,6,1.0,0.25,0.12,0.49,low
test_2026_q2,lightgbm,2026-04-28,5,2026-04-28 08:00:00+00:00,2026-04-28 09:00:00+00:00,1,0.26,increase,6.76,227102.4,11,3,24,4,0.04,31.0,0.0,17.85,0.89,2,6,0.33,0.0,0.0,0.12,low
test_2026_q2,lightgbm,2026-04-29,1,2026-04-29 07:00:00+00:00,2026-04-29 08:00:00+00:00,1,0.26,decrease,6.72,227662.6,13,1,24,16,0.33,49.37,0.7,3.75,0.13,4,6,0.67,1.0,0.05,0.69,medium
test_2026_q2,lightgbm,2026-04-29,2,2026-04-29 13:00:00+00:00,2026-04-29 14:00:00+00:00,1,0.28,decrease,7.37,235756.1,2,13,24,5,0.09,19.06,0.53,34.06,0.3,4,6,0.67,0.75,0.05,0.58,medium
test_2026_q2,lightgbm,2026-04-29,3,2026-04-29 12:00:00+00:00,2026-04-29 13:00:00+00:00,1,0.3,decrease,7.4,235577.1,1,15,24,1,0.0,4.03,0.43,49.08,0.4,6,6,1.0,0.5,0.05,0.58,medium
test_2026_q2,lightgbm,2026-04-29,4,2026-04-29 15:00:00+00:00,2026-04-29 16:00:00+00:00,1,0.33,decrease,7.23,224564.1,6,11,24,2,0.0,48.62,0.3,4.49,0.53,4,6,0.67,0.25,0.05,0.36,low
test_2026_q2,lightgbm,2026-04-29,5,2026-04-29 14:00:00+00:00,2026-04-29 15:00:00+00:00,1,0.35,decrease,7.38,233516.9,4,14,24,4,0.02,37.69,0.4,15.42,0.43,2,6,0.33,0.0,0.19,0.15,low
test_2026_q2,lightgbm,2026-04-30,1,2026-04-30 09:00:00+00:00,2026-04-30 10:00:00+00:00,1,0.14,increase,6.8,227338.5,6,2,22,2,0.12,27.7,0.39,16.72,0.27,5,6,0.83,1.0,0.04,0.75,high
test_2026_q2,lightgbm,2026-04-30,2,2026-04-30 08:00:00+00:00,2026-04-30 09:00:00+00:00,1,0.17,increase,6.73,231141.5,8,1,22,1,0.0,30.62,0.0,13.8,0.66,5,6,0.83,0.75,0.0,0.63,medium
test_2026_q2,lightgbm,2026-04-30,3,2026-04-30 10:00:00+00:00,2026-04-30 11:00:00+00:00,1,0.17,increase,7.22,222151.0,4,5,22,5,0.21,17.12,0.69,27.3,-0.04,5,6,0.83,0.5,0.17,0.55,medium
test_2026_q2,lightgbm,2026-04-30,4,2026-04-30 07:00:00+00:00,2026-04-30 08:00:00+00:00,1,0.26,increase,6.81,229750.1,10,3,22,4,0.17,40.48,0.03,3.94,0.63,4,6,0.67,0.25,0.13,0.37,low
test_2026_q2,lightgbm,2026-04-30,5,2026-04-30 11:00:00+00:00,2026-04-30 12:00:00+00:00,1,0.33,increase,7.69,218645.6,3,13,22,6,0.21,0.0,0.75,44.42,-0.09,6,6,1.0,0.0,0.17,0.38,low
test_2026_q2,lightgbm,2026-05-22,1,2026-05-22 09:00:00+00:00,2026-05-22 10:00:00+00:00,1,0.0,decrease,7.28,310025.1,1,1,24,3,0.09,0.01,0.01,84.43,0.87,6,6,1.0,1.0,0.05,0.81,high
test_2026_q2,lightgbm,2026-05-22,2,2026-05-22 10:00:00+00:00,2026-05-22 11:00:00+00:00,1,0.04,decrease,7.33,311641.8,2,2,24,2,0.04,0.01,0.0,84.43,0.87,6,6,1.0,0.75,0.09,0.71,medium
test_2026_q2,lightgbm,2026-05-22,3,2026-05-22 11:00:00+00:00,2026-05-22 12:00:00+00:00,1,0.13,increase,7.4,315403.0,4,4,24,1,0.0,0.0,0.17,84.44,0.7,6,6,1.0,0.5,0.0,0.57,medium
test_2026_q2,lightgbm,2026-05-22,4,2026-05-22 12:00:00+00:00,2026-05-22 13:00:00+00:00,1,0.13,increase,7.4,314759.7,3,5,24,5,0.11,0.0,0.39,84.44,0.49,6,6,1.0,0.25,0.02,0.47,low
test_2026_q2,lightgbm,2026-05-22,5,2026-05-22 08:00:00+00:00,2026-05-22 09:00:00+00:00,1,0.15,decrease,7.36,315114.0,6,3,24,6,0.17,0.77,0.19,83.66,0.68,5,6,0.83,0.0,0.12,0.31,low
test_2026_q2,lightgbm,2026-05-23,1,2026-05-23 08:00:00+00:00,2026-05-23 09:00:00+00:00,1,0.11,decrease,7.42,314644.6,6,1,24,13,0.24,31.22,2.27,61.39,-0.51,5,6,0.83,1.0,0.0,0.74,medium
test_2026_q2,lightgbm,2026-05-23,2,2026-05-23 09:00:00+00:00,2026-05-23 10:00:00+00:00,1,0.11,decrease,7.54,310758.9,4,3,24,9,0.2,27.68,2.27,64.92,-0.5,5,6,0.83,0.75,0.0,0.63,medium
test_2026_q2,lightgbm,2026-05-23,3,2026-05-23 13:00:00+00:00,2026-05-23 14:00:00+00:00,1,0.11,decrease,7.67,314915.0,2,5,24,14,0.24,27.55,2.3,65.06,-0.53,3,6,0.5,0.5,0.03,0.41,low
test_2026_q2,lightgbm,2026-05-23,4,2026-05-23 12:00:00+00:00,2026-05-23 13:00:00+00:00,1,0.13,decrease,7.7,314495.1,1,7,24,10,0.22,13.29,2.34,79.32,-0.58,4,6,0.67,0.25,0.03,0.35,low
test_2026_q2,lightgbm,2026-05-23,5,2026-05-23 10:00:00+00:00,2026-05-23 11:00:00+00:00,1,0.15,decrease,7.59,310230.1,5,4,24,16,0.26,19.26,2.35,73.34,-0.59,6,6,1.0,0.0,0.0,0.35,low
test_2026_q2,lightgbm,2026-05-24,1,2026-05-24 12:00:00+00:00,2026-05-24 13:00:00+00:00,1,0.0,decrease,6.62,273181.8,1,1,24,1,0.0,14.08,1.32,96.31,-0.78,5,6,0.83,1.0,0.08,0.76,high
test_2026_q2,lightgbm,2026-05-24,2,2026-05-24 11:00:00+00:00,2026-05-24 12:00:00+00:00,1,0.07,decrease,6.64,273746.8,3,2,24,4,0.0,0.0,1.35,110.39,-0.8,4,6,0.67,0.75,0.0,0.57,medium
test_2026_q2,lightgbm,2026-05-24,3,2026-05-24 13:00:00+00:00,2026-05-24 14:00:00+00:00,1,0.07,decrease,6.67,275665.3,2,3,24,10,0.09,52.04,1.37,58.36,-0.82,4,6,0.67,0.5,0.13,0.48,low
test_2026_q2,lightgbm,2026-05-24,4,2026-05-24 10:00:00+00:00,2026-05-24 11:00:00+00:00,1,0.17,decrease,6.69,273047.5,4,6,24,9,0.09,38.02,1.39,72.38,-0.84,5,6,0.83,0.25,0.0,0.4,low
test_2026_q2,lightgbm,2026-05-24,5,2026-05-24 14:00:00+00:00,2026-05-24 15:00:00+00:00,1,0.17,decrease,6.69,275425.4,5,5,24,11,0.09,73.41,1.29,36.98,-0.74,3,6,0.5,0.0,0.03,0.18,low
test_2026_q2,lightgbm,2026-05-25,1,2026-05-25 12:00:00+00:00,2026-05-25 13:00:00+00:00,1,0.0,increase,6.59,279565.4,1,1,24,5,0.09,6.15,0.81,34.11,-0.17,6,6,1.0,1.0,0.05,0.81,high
test_2026_q2,lightgbm,2026-05-25,2,2026-05-25 13:00:00+00:00,2026-05-25 14:00:00+00:00,1,0.04,increase,6.62,280050.6,2,2,24,12,0.17,13.98,0.87,26.28,-0.23,4,6,0.67,0.75,0.12,0.59,medium
test_2026_q2,lightgbm,2026-05-25,3,2026-05-25 08:00:00+00:00,2026-05-25 09:00:00+00:00,1,0.15,increase,6.66,286339.2,6,3,24,3,0.07,15.75,0.63,24.51,0.01,4,6,0.67,0.5,0.02,0.46,low
test_2026_q2,lightgbm,2026-05-25,4,2026-05-25 11:00:00+00:00,2026-05-25 12:00:00+00:00,1,0.17,increase,6.68,277923.9,5,5,24,7,0.15,0.0,0.91,40.26,-0.27,5,6,0.83,0.25,0.02,0.41,low
test_2026_q2,lightgbm,2026-05-25,5,2026-05-25 09:00:00+00:00,2026-05-25 10:00:00+00:00,1,0.2,increase,6.71,280786.0,3,8,24,18,0.3,14.15,1.11,26.11,-0.47,5,6,0.83,0.0,0.05,0.3,low
test_2026_q2,lightgbm,2026-05-26,1,2026-05-26 08:00:00+00:00,2026-05-26 09:00:00+00:00,1,0.2,increase,7.62,330178.4,8,3,24,10,0.2,1.14,1.04,72.43,-0.96,6,6,1.0,1.0,0.03,0.81,high
test_2026_q2,lightgbm,2026-05-26,2,2026-05-26 07:00:00+00:00,2026-05-26 08:00:00+00:00,1,0.22,increase,7.59,322694.8,10,2,24,1,0.0,27.25,0.0,46.32,0.08,5,6,0.83,0.75,0.06,0.64,medium
test_2026_q2,lightgbm,2026-05-26,3,2026-05-26 00:00:00+00:00,2026-05-26 01:00:00+00:00,1,0.26,increase,7.46,288866.8,13,1,24,2,0.09,73.57,0.08,0.0,0.0,5,6,0.83,0.5,0.06,0.53,medium
test_2026_q2,lightgbm,2026-05-26,4,2026-05-26 01:00:00+00:00,2026-05-26 02:00:00+00:00,1,0.3,increase,7.64,290067.1,12,4,24,9,0.2,70.17,0.29,3.4,-0.21,5,6,0.83,0.25,0.03,0.41,low
test_2026_q2,lightgbm,2026-05-26,5,2026-05-26 02:00:00+00:00,2026-05-26 03:00:00+00:00,1,0.33,increase,7.95,290510.2,11,6,24,14,0.22,77.38,0.26,-3.81,-0.18,3,6,0.5,0.0,0.0,0.18,low
test_2026_q2,lightgbm,2026-05-27,1,2026-05-27 09:00:00+00:00,2026-05-27 10:00:00+00:00,1,0.04,increase,6.43,276661.9,2,2,24,4,0.09,0.29,0.11,113.75,0.84,5,6,0.83,1.0,0.0,0.74,medium
test_2026_q2,lightgbm,2026-05-27,2,2026-05-27 12:00:00+00:00,2026-05-27 13:00:00+00:00,1,0.04,decrease,6.7,287015.4,1,3,24,6,0.09,0.0,0.48,114.04,0.46,5,6,0.83,0.75,0.09,0.65,medium
test_2026_q2,lightgbm,2026-05-27,3,2026-05-27 08:00:00+00:00,2026-05-27 09:00:00+00:00,1,0.13,increase,6.39,282025.0,7,1,24,2,0.04,3.97,0.0,110.07,0.95,4,6,0.67,0.5,0.0,0.46,low
test_2026_q2,lightgbm,2026-05-27,4,2026-05-27 10:00:00+00:00,2026-05-27 11:00:00+00:00,1,0.13,increase,6.71,285824.5,4,4,24,1,0.0,0.01,0.07,114.03,0.88,5,6,0.83,0.25,0.07,0.42,low
test_2026_q2,lightgbm,2026-05-27,5,2026-05-27 11:00:00+00:00,2026-05-27 12:00:00+00:00,1,0.2,increase,6.96,300168.2,3,8,24,5,0.09,0.0,0.24,114.04,0.71,4,6,0.67,0.0,0.02,0.24,low
test_2026_q2,lightgbm,2026-05-28,1,2026-05-28 10:00:00+00:00,2026-05-28 11:00:00+00:00,1,0.04,increase,6.14,259486.8,2,2,24,3,0.09,0.0,0.07,95.76,4.05,6,6,1.0,1.0,0.05,0.81,high
test_2026_q2,lightgbm,2026-05-28,2,2026-05-28 09:00:00+00:00,2026-05-28 10:00:00+00:00,1,0.09,increase,6.1,255372.4,5,1,24,4,0.15,0.56,0.11,95.2,4.02,6,6,1.0,0.75,0.0,0.69,medium
test_2026_q2,lightgbm,2026-05-28,3,2026-05-28 11:00:00+00:00,2026-05-28 12:00:00+00:00,1,0.09,increase,6.25,267691.6,3,3,24,1,0.0,0.0,0.0,95.77,4.13,6,6,1.0,0.5,0.0,0.57,medium
test_2026_q2,lightgbm,2026-05-28,4,2026-05-28 12:00:00+00:00,2026-05-28 13:00:00+00:00,1,0.09,increase,6.28,269947.7,1,5,24,2,0.04,0.0,0.05,95.76,4.07,5,6,0.83,0.25,0.1,0.42,low
test_2026_q2,lightgbm,2026-05-28,5,2026-05-28 13:00:00+00:00,2026-05-28 14:00:00+00:00,1,0.17,increase,6.4,274874.4,4,6,24,6,0.2,1.3,0.29,94.47,3.83,5,6,0.83,0.0,0.02,0.3,low
test_2026_q2,lightgbm,2026-05-29,1,2026-05-29 10:00:00+00:00,2026-05-29 11:00:00+00:00,1,0.02,increase,6.48,273789.7,2,1,24,2,0.04,0.35,0.27,120.13,3.74,6,6,1.0,1.0,0.07,0.81,high
test_2026_q2,lightgbm,2026-05-29,2,2026-05-29 11:00:00+00:00,2026-05-29 12:00:00+00:00,1,0.09,increase,6.74,287970.2,3,3,24,4,0.07,0.0,0.41,120.48,3.6,6,6,1.0,0.75,0.02,0.69,medium
test_2026_q2,lightgbm,2026-05-29,3,2026-05-29 12:00:00+00:00,2026-05-29 13:00:00+00:00,1,0.11,increase,7.0,300582.5,1,6,24,1,0.0,0.64,0.0,119.83,4.01,6,6,1.0,0.5,0.0,0.57,medium
test_2026_q2,lightgbm,2026-05-29,4,2026-05-29 13:00:00+00:00,2026-05-29 14:00:00+00:00,1,0.11,increase,6.58,282294.2,5,2,24,3,0.04,1.35,0.22,119.12,3.79,5,6,0.83,0.25,0.05,0.41,low
test_2026_q2,lightgbm,2026-05-29,5,2026-05-29 09:00:00+00:00,2026-05-29 10:00:00+00:00,1,0.15,increase,6.99,291610.6,4,5,24,5,0.09,2.05,0.26,118.42,3.75,5,6,0.83,0.0,0.02,0.3,low
test_2026_q2,lightgbm,2026-05-30,1,2026-05-30 10:00:00+00:00,2026-05-30 11:00:00+00:00,1,0.0,decrease,6.43,267454.9,1,1,24,11,0.17,0.1,1.58,99.07,2.44,6,6,1.0,1.0,0.09,0.82,high
test_2026_q2,lightgbm,2026-05-30,2,2026-05-30 09:00:00+00:00,2026-05-30 10:00:00+00:00,1,0.09,decrease,6.46,267929.0,4,2,24,6,0.07,0.1,1.36,99.06,2.66,6,6,1.0,0.75,0.02,0.69,medium
test_2026_q2,lightgbm,2026-05-30,3,2026-05-30 11:00:00+00:00,2026-05-30 12:00:00+00:00,1,0.11,decrease,6.62,274954.2,3,4,24,8,0.11,0.02,1.54,99.14,2.48,6,6,1.0,0.5,0.0,0.57,medium
test_2026_q2,lightgbm,2026-05-30,4,2026-05-30 12:00:00+00:00,2026-05-30 13:00:00+00:00,1,0.11,decrease,6.87,286876.9,2,5,24,1,0.0,0.0,1.39,99.16,2.63,5,6,0.83,0.25,0.04,0.41,low
test_2026_q2,lightgbm,2026-05-30,5,2026-05-30 08:00:00+00:00,2026-05-30 09:00:00+00:00,1,0.15,decrease,6.52,268705.2,6,3,24,10,0.13,3.06,1.44,96.1,2.58,4,6,0.67,0.0,0.07,0.25,low
test_2026_q2,lightgbm,2026-05-31,1,2026-05-31 11:00:00+00:00,2026-05-31 12:00:00+00:00,1,0.04,decrease,6.13,277804.5,2,2,24,8,0.13,0.0,0.7,65.5,-0.13,5,6,0.83,1.0,0.05,0.75,high
test_2026_q2,lightgbm,2026-05-31,2,2026-05-31 10:00:00+00:00,2026-05-31 11:00:00+00:00,1,0.09,decrease,6.02,274354.9,5,1,24,2,0.02,0.0,0.52,65.49,0.04,5,6,0.83,0.75,0.03,0.63,medium
test_2026_q2,lightgbm,2026-05-31,3,2026-05-31 09:00:00+00:00,2026-05-31 10:00:00+00:00,1,0.11,decrease,6.14,273930.8,4,3,24,3,0.07,0.01,0.43,65.48,0.14,5,6,0.83,0.5,0.03,0.52,medium
test_2026_q2,lightgbm,2026-05-31,4,2026-05-31 08:00:00+00:00,2026-05-31 09:00:00+00:00,1,0.13,decrease,6.36,274385.3,1,7,24,10,0.2,2.15,0.59,63.34,-0.02,4,6,0.67,0.25,0.0,0.35,low
test_2026_q2,lightgbm,2026-05-31,5,2026-05-31 12:00:00+00:00,2026-05-31 13:00:00+00:00,1,0.13,decrease,6.24,275812.7,3,5,24,6,0.11,0.0,0.65,65.5,-0.08,6,6,1.0,0.0,0.08,0.37,low
test_2026_q2,lightgbm,2026-06-01,1,2026-06-01 09:00:00+00:00,2026-06-01 10:00:00+00:00,1,0.09,increase,6.97,296340.3,4,2,24,4,0.2,9.75,0.08,28.83,1.0,6,6,1.0,1.0,0.02,0.8,high
test_2026_q2,lightgbm,2026-06-01,2,2026-06-01 12:00:00+00:00,2026-06-01 13:00:00+00:00,1,0.11,increase,7.24,310119.8,1,6,24,3,0.09,3.01,0.06,35.58,1.02,5,6,0.83,0.75,0.0,0.63,medium
test_2026_q2,lightgbm,2026-06-01,3,2026-06-01 13:00:00+00:00,2026-06-01 14:00:00+00:00,1,0.11,increase,7.03,299943.6,3,4,24,1,0.0,0.0,0.0,38.58,1.08,5,6,0.83,0.5,0.02,0.52,medium
test_2026_q2,lightgbm,2026-06-01,4,2026-06-01 10:00:00+00:00,2026-06-01 11:00:00+00:00,1,0.13,increase,7.01,296201.9,5,3,24,5,0.2,7.86,0.1,30.73,0.98,6,6,1.0,0.25,0.05,0.47,low
test_2026_q2,lightgbm,2026-06-01,5,2026-06-01 08:00:00+00:00,2026-06-01 09:00:00+00:00,1,0.17,increase,6.81,296603.2,9,1,24,7,0.22,17.5,0.06,21.09,1.02,3,6,0.5,0.0,0.0,0.18,low
test_2026_q2,lightgbm,2026-06-02,1,2026-06-02 09:00:00+00:00,2026-06-02 10:00:00+00:00,1,0.04,decrease,6.58,318575.1,2,2,24,3,0.11,0.21,1.3,30.27,2.29,6,6,1.0,1.0,0.09,0.82,high
test_2026_q2,lightgbm,2026-06-02,2,2026-06-02 10:00:00+00:00,2026-06-02 11:00:00+00:00,1,0.13,decrease,7.3,367899.0,4,4,24,8,0.2,0.08,2.11,30.4,1.48,6,6,1.0,0.75,0.0,0.69,medium
test_2026_q2,lightgbm,2026-06-02,3,2026-06-02 23:00:00+00:00,2026-06-03 00:00:00+00:00,1,0.13,decrease,6.14,259413.1,7,1,24,9,0.22,22.64,0.62,7.85,2.97,5,6,0.83,0.5,0.05,0.53,medium
test_2026_q2,lightgbm,2026-06-02,4,2026-06-02 11:00:00+00:00,2026-06-02 12:00:00+00:00,1,0.17,decrease,8.55,431790.8,3,7,24,10,0.24,0.07,2.36,30.41,1.23,6,6,1.0,0.25,0.02,0.47,low
test_2026_q2,lightgbm,2026-06-02,5,2026-06-02 12:00:00+00:00,2026-06-02 13:00:00+00:00,1,0.2,decrease,8.82,435409.2,1,10,24,4,0.11,0.07,2.08,30.41,1.51,4,6,0.67,0.0,0.02,0.24,low
test_2026_q2,lightgbm,2026-06-03,1,2026-06-03 13:00:00+00:00,2026-06-03 14:00:00+00:00,1,0.09,decrease,5.56,280098.4,5,1,24,2,0.02,0.0,0.15,20.79,0.64,5,6,0.83,1.0,0.02,0.75,medium
test_2026_q2,lightgbm,2026-06-03,2,2026-06-03 12:00:00+00:00,2026-06-03 13:00:00+00:00,1,0.11,decrease,5.87,294329.3,3,4,24,3,0.04,0.09,0.0,20.7,0.79,6,6,1.0,0.75,0.02,0.69,medium
test_2026_q2,lightgbm,2026-06-03,3,2026-06-03 09:00:00+00:00,2026-06-03 10:00:00+00:00,1,0.13,decrease,5.98,295400.9,1,7,24,10,0.37,0.09,0.59,20.7,0.2,4,6,0.67,0.5,0.0,0.46,low
test_2026_q2,lightgbm,2026-06-03,4,2026-06-03 11:00:00+00:00,2026-06-03 12:00:00+00:00,1,0.13,decrease,5.97,294324.7,2,6,24,1,0.0,0.07,0.02,20.72,0.77,4,6,0.67,0.25,0.02,0.35,low
test_2026_q2,lightgbm,2026-06-03,5,2026-06-03 14:00:00+00:00,2026-06-03 15:00:00+00:00,1,0.15,increase,5.77,285256.6,7,2,24,4,0.17,0.0,0.29,20.79,0.5,4,6,0.67,0.0,0.05,0.24,low
test_2026_q2,lightgbm,2026-06-04,1,2026-06-04 10:00:00+00:00,2026-06-04 11:00:00+00:00,1,0.02,decrease,4.72,233670.1,1,2,24,3,0.07,0.01,0.0,3.79,1.87,5,6,0.83,1.0,0.0,0.74,medium
test_2026_q2,lightgbm,2026-06-04,2,2026-06-04 11:00:00+00:00,2026-06-04 12:00:00+00:00,1,0.02,decrease,4.69,234017.2,2,1,24,1,0.0,0.0,0.39,3.8,1.48,6,6,1.0,0.75,0.08,0.7,medium
test_2026_q2,lightgbm,2026-06-04,3,2026-06-04 12:00:00+00:00,2026-06-04 13:00:00+00:00,1,0.09,decrease,4.82,237901.8,3,3,24,5,0.13,0.0,0.78,3.8,1.09,6,6,1.0,0.5,0.05,0.59,medium
test_2026_q2,lightgbm,2026-06-04,4,2026-06-04 13:00:00+00:00,2026-06-04 14:00:00+00:00,1,0.13,decrease,5.23,259298.9,4,4,24,6,0.22,0.0,0.85,3.8,1.02,5,6,0.83,0.25,0.14,0.43,low
test_2026_q2,lightgbm,2026-06-04,5,2026-06-04 09:00:00+00:00,2026-06-04 10:00:00+00:00,1,0.24,increase,5.39,264746.2,6,7,24,2,0.07,0.01,0.11,3.79,1.76,4,6,0.67,0.0,0.0,0.23,low
test_2026_q2,lightgbm,2026-06-05,1,2026-06-05 11:00:00+00:00,2026-06-05 12:00:00+00:00,1,0.07,increase,5.41,245749.0,3,2,24,5,0.13,1.2,0.06,9.5,1.19,6,6,1.0,1.0,0.0,0.8,high
test_2026_q2,lightgbm,2026-06-05,2,2026-06-05 12:00:00+00:00,2026-06-05 13:00:00+00:00,1,0.07,increase,5.39,245876.2,4,1,24,3,0.09,1.0,0.03,9.7,1.22,6,6,1.0,0.75,0.02,0.69,medium
test_2026_q2,lightgbm,2026-06-05,3,2026-06-05 10:00:00+00:00,2026-06-05 11:00:00+00:00,1,0.09,increase,5.44,245394.3,2,4,24,2,0.09,2.08,0.0,8.62,1.25,6,6,1.0,0.5,0.05,0.58,medium
test_2026_q2,lightgbm,2026-06-05,4,2026-06-05 09:00:00+00:00,2026-06-05 10:00:00+00:00,1,0.13,increase,5.93,267431.7,1,7,24,1,0.0,0.62,0.01,10.08,1.23,6,6,1.0,0.25,0.02,0.47,low
test_2026_q2,lightgbm,2026-06-05,5,2026-06-05 13:00:00+00:00,2026-06-05 14:00:00+00:00,1,0.15,increase,5.43,244410.3,6,3,24,4,0.09,0.62,0.14,10.08,1.1,5,6,0.83,0.0,0.07,0.31,low
test_2026_q2,lightgbm,2026-06-06,1,2026-06-06 08:00:00+00:00,2026-06-06 09:00:00+00:00,1,0.02,decrease,5.1,245184.6,1,2,24,5,0.2,0.08,0.25,13.57,0.2,4,6,0.67,1.0,0.05,0.69,medium
test_2026_q2,lightgbm,2026-06-06,2,2026-06-06 09:00:00+00:00,2026-06-06 10:00:00+00:00,1,0.07,decrease,5.11,240435.2,2,3,24,2,0.07,0.0,0.22,13.65,0.22,5,6,0.83,0.75,0.0,0.63,medium
test_2026_q2,lightgbm,2026-06-06,3,2026-06-06 11:00:00+00:00,2026-06-06 12:00:00+00:00,1,0.07,decrease,5.05,241037.0,4,1,24,3,0.07,0.06,0.09,13.59,0.36,6,6,1.0,0.5,0.05,0.58,medium
test_2026_q2,lightgbm,2026-06-06,4,2026-06-06 10:00:00+00:00,2026-06-06 11:00:00+00:00,1,0.11,decrease,5.17,240492.3,3,4,24,1,0.0,0.04,0.0,13.61,0.45,6,6,1.0,0.25,0.08,0.48,low
test_2026_q2,lightgbm,2026-06-06,5,2026-06-06 12:00:00+00:00,2026-06-06 13:00:00+00:00,1,0.17,decrease,5.19,248053.2,5,5,24,6,0.24,0.01,0.34,13.64,0.1,6,6,1.0,0.0,0.08,0.36,low
test_2026_q2,lightgbm,2026-06-07,1,2026-06-07 12:00:00+00:00,2026-06-07 13:00:00+00:00,1,0.0,decrease,6.23,260206.3,1,1,24,1,0.0,0.0,0.63,61.72,-0.48,5,6,0.83,1.0,0.09,0.76,high
test_2026_q2,lightgbm,2026-06-07,2,2026-06-07 11:00:00+00:00,2026-06-07 12:00:00+00:00,1,0.09,decrease,6.29,261834.5,3,3,24,2,0.07,8.8,0.63,52.92,-0.49,6,6,1.0,0.75,0.0,0.69,medium
test_2026_q2,lightgbm,2026-06-07,3,2026-06-07 13:00:00+00:00,2026-06-07 14:00:00+00:00,1,0.09,decrease,6.29,263207.0,2,4,24,4,0.07,8.35,0.65,53.37,-0.51,5,6,0.83,0.5,0.07,0.53,medium
test_2026_q2,lightgbm,2026-06-07,4,2026-06-07 14:00:00+00:00,2026-06-07 15:00:00+00:00,1,0.15,decrease,6.32,261765.7,4,5,24,3,0.07,28.73,0.58,32.99,-0.44,4,6,0.67,0.25,0.11,0.37,low
test_2026_q2,lightgbm,2026-06-07,5,2026-06-07 09:00:00+00:00,2026-06-07 10:00:00+00:00,1,0.26,decrease,6.44,258001.7,5,9,24,8,0.2,30.62,0.72,31.11,-0.58,2,6,0.33,0.0,0.0,0.12,low
test_2026_q2,lightgbm,2026-06-08,1,2026-06-08 12:00:00+00:00,2026-06-08 13:00:00+00:00,1,0.09,increase,5.84,262720.5,1,5,24,3,0.09,1.12,0.14,22.55,1.05,6,6,1.0,1.0,0.0,0.8,high
test_2026_q2,lightgbm,2026-06-08,2,2026-06-08 13:00:00+00:00,2026-06-08 14:00:00+00:00,1,0.09,increase,5.7,263287.7,3,3,24,1,0.0,0.13,0.0,23.54,1.19,6,6,1.0,0.75,0.0,0.69,medium
test_2026_q2,lightgbm,2026-06-08,3,2026-06-08 15:00:00+00:00,2026-06-08 16:00:00+00:00,1,0.09,increase,5.66,273394.2,4,2,24,4,0.11,1.03,0.18,22.64,1.01,4,6,0.67,0.5,0.03,0.46,low
test_2026_q2,lightgbm,2026-06-08,4,2026-06-08 14:00:00+00:00,2026-06-08 15:00:00+00:00,1,0.11,increase,5.6,263722.1,6,1,24,2,0.0,0.0,0.05,23.67,1.14,5,6,0.83,0.25,0.03,0.41,low
test_2026_q2,lightgbm,2026-06-08,5,2026-06-08 11:00:00+00:00,2026-06-08 12:00:00+00:00,1,0.13,increase,5.88,261114.3,2,6,24,5,0.2,2.62,0.21,21.05,0.99,6,6,1.0,0.0,0.12,0.37,low
test_2026_q2,lightgbm,2026-06-09,1,2026-06-09 12:00:00+00:00,2026-06-09 13:00:00+00:00,1,0.07,decrease,5.67,261123.3,4,1,24,4,0.13,0.02,0.11,33.26,0.55,6,6,1.0,1.0,0.05,0.81,high
test_2026_q2,lightgbm,2026-06-09,2,2026-06-09 08:00:00+00:00,2026-06-09 09:00:00+00:00,1,0.11,decrease,5.7,259806.2,5,2,24,5,0.2,0.02,0.13,33.26,0.53,3,6,0.5,0.75,0.0,0.51,medium
test_2026_q2,lightgbm,2026-06-09,3,2026-06-09 10:00:00+00:00,2026-06-09 11:00:00+00:00,1,0.11,decrease,5.72,259915.2,3,4,24,2,0.02,0.02,0.0,33.26,0.66,5,6,0.83,0.5,0.0,0.52,medium
test_2026_q2,lightgbm,2026-06-09,4,2026-06-09 11:00:00+00:00,2026-06-09 12:00:00+00:00,1,0.11,decrease,5.73,261134.2,2,5,24,3,0.09,0.02,0.07,33.26,0.6,5,6,0.83,0.25,0.08,0.42,low
test_2026_q2,lightgbm,2026-06-09,5,2026-06-09 14:00:00+00:00,2026-06-09 15:00:00+00:00,1,0.17,increase,5.71,264419.2,7,3,24,6,0.2,0.01,0.23,33.27,0.44,5,6,0.83,0.0,0.03,0.3,low
test_2026_q2,lightgbm,2026-06-10,1,2026-06-10 13:00:00+00:00,2026-06-10 14:00:00+00:00,1,0.13,increase,5.78,258782.2,6,2,24,5,0.04,0.01,0.11,58.69,0.69,4,6,0.67,1.0,0.03,0.69,medium
test_2026_q2,lightgbm,2026-06-10,2,2026-06-10 09:00:00+00:00,2026-06-10 10:00:00+00:00,1,0.15,decrease,5.89,264395.1,1,8,24,4,0.04,0.1,0.07,58.6,0.73,5,6,0.83,0.75,0.0,0.63,medium
test_2026_q2,lightgbm,2026-06-10,3,2026-06-10 10:00:00+00:00,2026-06-10 11:00:00+00:00,1,0.15,decrease,5.86,257164.0,2,7,24,3,0.02,0.1,0.0,58.6,0.8,4,6,0.67,0.5,0.0,0.46,low
test_2026_q2,lightgbm,2026-06-10,4,2026-06-10 11:00:00+00:00,2026-06-10 12:00:00+00:00,1,0.15,increase,5.83,257940.8,4,5,24,1,0.0,0.1,0.04,58.6,0.76,6,6,1.0,0.25,0.06,0.47,low
test_2026_q2,lightgbm,2026-06-10,5,2026-06-10 12:00:00+00:00,2026-06-10 13:00:00+00:00,1,0.2,increase,5.85,259888.0,5,6,24,2,0.0,0.08,0.07,58.62,0.73,6,6,1.0,0.0,0.0,0.35,low
test_2026_q2,lightgbm,2026-06-11,1,2026-06-11 09:00:00+00:00,2026-06-11 10:00:00+00:00,1,0.13,decrease,6.22,276789.6,1,7,24,12,0.33,0.0,0.54,22.21,0.05,6,6,1.0,1.0,0.06,0.81,high
test_2026_q2,lightgbm,2026-06-11,2,2026-06-11 08:00:00+00:00,2026-06-11 09:00:00+00:00,1,0.17,increase,6.02,267882.7,5,5,24,4,0.11,0.01,0.22,22.2,0.38,5,6,0.83,0.75,0.03,0.63,medium
test_2026_q2,lightgbm,2026-06-11,3,2026-06-11 11:00:00+00:00,2026-06-11 12:00:00+00:00,1,0.2,decrease,6.23,281919.8,3,8,24,3,0.09,0.0,0.31,22.21,0.29,4,6,0.67,0.5,0.0,0.46,low
test_2026_q2,lightgbm,2026-06-11,4,2026-06-11 15:00:00+00:00,2026-06-11 16:00:00+00:00,1,0.2,increase,6.01,269860.9,8,3,24,2,0.0,0.01,0.0,22.2,0.6,4,6,0.67,0.25,0.06,0.36,low
test_2026_q2,lightgbm,2026-06-11,5,2026-06-11 16:00:00+00:00,2026-06-11 17:00:00+00:00,1,0.24,increase,5.78,276999.2,12,1,24,5,0.11,5.32,0.11,16.89,0.48,4,6,0.67,0.0,0.03,0.24,low
test_2026_q2,lightgbm,2026-06-12,1,2026-06-12 09:00:00+00:00,2026-06-12 10:00:00+00:00,1,0.02,decrease,5.87,281945.6,1,2,24,2,0.07,0.04,0.09,13.6,0.4,5,6,0.83,1.0,0.09,0.76,high
test_2026_q2,lightgbm,2026-06-12,2,2026-06-12 08:00:00+00:00,2026-06-12 09:00:00+00:00,1,0.11,increase,5.81,283801.0,6,1,24,4,0.09,0.05,0.03,13.59,0.47,6,6,1.0,0.75,0.0,0.69,medium
test_2026_q2,lightgbm,2026-06-12,3,2026-06-12 10:00:00+00:00,2026-06-12 11:00:00+00:00,1,0.11,decrease,6.05,281639.8,2,5,24,1,0.0,0.04,0.0,13.6,0.49,5,6,0.83,0.5,0.0,0.52,medium
test_2026_q2,lightgbm,2026-06-12,4,2026-06-12 11:00:00+00:00,2026-06-12 12:00:00+00:00,1,0.11,decrease,6.04,282719.5,3,4,24,5,0.09,0.04,0.06,13.6,0.44,6,6,1.0,0.25,0.09,0.48,low
test_2026_q2,lightgbm,2026-06-12,5,2026-06-12 12:00:00+00:00,2026-06-12 13:00:00+00:00,1,0.2,decrease,6.08,284186.4,4,7,24,8,0.15,0.04,0.1,13.6,0.39,5,6,0.83,0.0,0.04,0.3,low
test_2026_q2,lightgbm,2026-06-13,1,2026-06-13 11:00:00+00:00,2026-06-13 12:00:00+00:00,1,0.15,decrease,6.7,279016.6,3,6,24,1,0.0,0.0,1.36,94.76,-0.74,6,6,1.0,1.0,0.0,0.8,high
test_2026_q2,lightgbm,2026-06-13,2,2026-06-13 12:00:00+00:00,2026-06-13 13:00:00+00:00,1,0.15,decrease,6.74,281426.1,1,8,24,5,0.11,0.87,1.47,93.89,-0.85,5,6,0.83,0.75,0.1,0.65,medium
test_2026_q2,lightgbm,2026-06-13,3,2026-06-13 13:00:00+00:00,2026-06-13 14:00:00+00:00,1,0.22,decrease,6.76,282173.0,2,10,24,8,0.15,14.39,1.47,80.37,-0.85,4,6,0.67,0.5,0.03,0.46,low
test_2026_q2,lightgbm,2026-06-13,4,2026-06-13 09:00:00+00:00,2026-06-13 10:00:00+00:00,1,0.24,decrease,6.73,277382.4,6,7,24,16,0.24,30.22,1.57,64.54,-0.94,3,6,0.5,0.25,0.03,0.29,low
test_2026_q2,lightgbm,2026-06-13,5,2026-06-13 17:00:00+00:00,2026-06-13 18:00:00+00:00,1,0.26,decrease,6.03,270716.5,12,2,24,3,0.04,87.31,0.0,7.45,0.62,4,6,0.67,0.0,0.03,0.24,low
test_2026_q2,lightgbm,2026-06-14,1,2026-06-14 11:00:00+00:00,2026-06-14 12:00:00+00:00,1,0.07,increase,6.76,279560.0,1,4,24,3,0.04,1.44,0.94,61.01,-0.6,6,6,1.0,1.0,0.05,0.81,high
test_2026_q2,lightgbm,2026-06-14,2,2026-06-14 12:00:00+00:00,2026-06-14 13:00:00+00:00,1,0.11,increase,6.76,280671.2,2,5,24,1,0.0,0.0,0.91,62.46,-0.57,6,6,1.0,0.75,0.02,0.69,medium
test_2026_q2,lightgbm,2026-06-14,3,2026-06-14 13:00:00+00:00,2026-06-14 14:00:00+00:00,1,0.13,increase,6.73,279158.7,5,3,24,2,0.02,5.54,0.82,56.91,-0.48,5,6,0.83,0.5,0.02,0.52,medium
test_2026_q2,lightgbm,2026-06-14,4,2026-06-14 09:00:00+00:00,2026-06-14 10:00:00+00:00,1,0.15,decrease,6.78,276772.3,3,6,24,9,0.17,15.58,1.07,46.88,-0.72,4,6,0.67,0.25,0.02,0.35,low
test_2026_q2,lightgbm,2026-06-14,5,2026-06-14 14:00:00+00:00,2026-06-14 15:00:00+00:00,1,0.17,increase,6.71,275811.6,8,2,24,4,0.07,16.06,0.81,46.4,-0.47,2,6,0.33,0.0,0.02,0.12,low
test_2026_q2,lightgbm,2026-06-15,1,2026-06-15 11:00:00+00:00,2026-06-15 12:00:00+00:00,1,0.09,increase,5.88,250517.6,2,4,24,1,0.0,0.0,0.02,81.24,1.34,6,6,1.0,1.0,0.0,0.8,high
test_2026_q2,lightgbm,2026-06-15,2,2026-06-15 12:00:00+00:00,2026-06-15 13:00:00+00:00,1,0.09,increase,5.86,250659.9,3,3,24,2,0.02,0.54,0.0,80.7,1.36,6,6,1.0,0.75,0.02,0.69,medium
test_2026_q2,lightgbm,2026-06-15,3,2026-06-15 10:00:00+00:00,2026-06-15 11:00:00+00:00,1,0.11,increase,5.88,249360.2,1,6,24,3,0.09,0.57,0.06,80.67,1.3,5,6,0.83,0.5,0.05,0.53,medium
test_2026_q2,lightgbm,2026-06-15,4,2026-06-15 09:00:00+00:00,2026-06-15 10:00:00+00:00,1,0.15,increase,5.88,247760.7,4,5,24,5,0.13,3.05,0.1,78.19,1.26,4,6,0.67,0.25,0.02,0.35,low
test_2026_q2,lightgbm,2026-06-15,5,2026-06-15 08:00:00+00:00,2026-06-15 09:00:00+00:00,1,0.17,increase,5.83,252372.2,8,2,24,6,0.2,18.58,0.16,62.66,1.2,4,6,0.67,0.0,0.05,0.24,low
test_2026_q2,lightgbm,2026-06-16,1,2026-06-16 12:00:00+00:00,2026-06-16 13:00:00+00:00,1,0.02,increase,5.73,249596.8,1,2,24,2,0.0,1.04,0.0,84.45,5.99,6,6,1.0,1.0,0.0,0.8,high
test_2026_q2,lightgbm,2026-06-16,2,2026-06-16 13:00:00+00:00,2026-06-16 14:00:00+00:00,1,0.02,increase,5.61,249964.8,2,1,24,3,0.07,9.4,0.11,76.09,5.88,6,6,1.0,0.75,0.09,0.71,medium
test_2026_q2,lightgbm,2026-06-16,3,2026-06-16 11:00:00+00:00,2026-06-16 12:00:00+00:00,1,0.11,increase,6.31,272820.4,3,4,24,1,0.0,0.0,0.08,85.5,5.91,6,6,1.0,0.5,0.0,0.57,medium
test_2026_q2,lightgbm,2026-06-16,4,2026-06-16 14:00:00+00:00,2026-06-16 15:00:00+00:00,1,0.11,increase,5.86,261352.3,4,3,24,5,0.13,23.47,0.48,62.03,5.51,5,6,0.83,0.25,0.09,0.42,low
test_2026_q2,lightgbm,2026-06-16,5,2026-06-16 10:00:00+00:00,2026-06-16 11:00:00+00:00,1,0.2,increase,6.97,299686.4,5,6,24,4,0.13,19.87,0.6,65.63,5.39,6,6,1.0,0.0,0.02,0.35,low
test_2026_q2,lightgbm,2026-06-17,1,2026-06-17 12:00:00+00:00,2026-06-17 13:00:00+00:00,1,0.07,decrease,5.92,254524.2,1,4,24,2,0.0,21.01,0.0,93.92,7.73,6,6,1.0,1.0,0.02,0.8,high
test_2026_q2,lightgbm,2026-06-17,2,2026-06-17 09:00:00+00:00,2026-06-17 10:00:00+00:00,1,0.09,decrease,5.73,246695.7,5,1,24,5,0.15,40.99,0.13,73.94,7.59,4,6,0.67,0.75,0.0,0.57,medium
test_2026_q2,lightgbm,2026-06-17,3,2026-06-17 10:00:00+00:00,2026-06-17 11:00:00+00:00,1,0.09,increase,5.81,249775.8,4,2,24,3,0.09,32.71,0.04,82.22,7.68,5,6,0.83,0.5,0.0,0.52,medium
test_2026_q2,lightgbm,2026-06-17,4,2026-06-17 11:00:00+00:00,2026-06-17 12:00:00+00:00,1,0.09,increase,5.89,253043.2,3,3,24,1,0.0,0.0,0.01,114.93,7.72,6,6,1.0,0.25,0.02,0.47,low
test_2026_q2,lightgbm,2026-06-17,5,2026-06-17 13:00:00+00:00,2026-06-17 14:00:00+00:00,1,0.11,decrease,6.05,258265.5,2,5,24,4,0.09,31.38,0.05,83.54,7.68,6,6,1.0,0.0,0.12,0.37,low
test_2026_q2,lightgbm,2026-06-18,1,2026-06-18 10:00:00+00:00,2026-06-18 11:00:00+00:00,1,0.02,decrease,5.76,245249.7,2,1,24,3,0.09,9.96,0.09,83.62,16.39,6,6,1.0,1.0,0.05,0.81,high
test_2026_q2,lightgbm,2026-06-18,2,2026-06-18 12:00:00+00:00,2026-06-18 13:00:00+00:00,1,0.07,decrease,5.87,253826.3,1,4,24,2,0.0,7.61,0.0,85.97,16.48,6,6,1.0,0.75,0.02,0.69,medium
test_2026_q2,lightgbm,2026-06-18,3,2026-06-18 11:00:00+00:00,2026-06-18 12:00:00+00:00,1,0.09,increase,5.8,249493.9,3,3,24,1,0.0,0.0,0.04,93.58,16.43,6,6,1.0,0.5,0.02,0.58,medium
test_2026_q2,lightgbm,2026-06-18,4,2026-06-18 09:00:00+00:00,2026-06-18 10:00:00+00:00,1,0.11,decrease,5.77,244360.0,5,2,24,4,0.11,9.03,0.14,84.55,16.34,6,6,1.0,0.25,0.05,0.47,low
test_2026_q2,lightgbm,2026-06-18,5,2026-06-18 13:00:00+00:00,2026-06-18 14:00:00+00:00,1,0.15,decrease,5.99,259006.5,4,5,24,5,0.13,29.81,0.09,63.77,16.38,6,6,1.0,0.0,0.07,0.36,low
test_2026_q2,lightgbm,2026-06-19,1,2026-06-19 11:00:00+00:00,2026-06-19 12:00:00+00:00,1,0.07,decrease,5.83,255183.4,2,3,24,1,0.0,0.0,0.05,98.31,4.25,6,6,1.0,1.0,0.0,0.8,high
test_2026_q2,lightgbm,2026-06-19,2,2026-06-19 12:00:00+00:00,2026-06-19 13:00:00+00:00,1,0.07,decrease,5.91,258528.9,1,4,24,2,0.0,5.4,0.0,92.9,4.29,6,6,1.0,0.75,0.02,0.69,medium
test_2026_q2,lightgbm,2026-06-19,3,2026-06-19 09:00:00+00:00,2026-06-19 10:00:00+00:00,1,0.09,decrease,5.71,251593.5,5,1,24,5,0.15,19.7,0.08,78.61,4.21,5,6,0.83,0.5,0.0,0.52,medium
test_2026_q2,lightgbm,2026-06-19,4,2026-06-19 10:00:00+00:00,2026-06-19 11:00:00+00:00,1,0.09,decrease,5.74,250957.7,4,2,24,3,0.07,8.3,0.06,90.02,4.23,6,6,1.0,0.25,0.05,0.47,low
test_2026_q2,lightgbm,2026-06-19,5,2026-06-19 13:00:00+00:00,2026-06-19 14:00:00+00:00,1,0.13,decrease,6.01,264114.2,3,5,24,4,0.13,10.68,0.12,87.63,4.18,6,6,1.0,0.0,0.1,0.37,low
test_2026_q2,lightgbm,2026-06-20,1,2026-06-20 10:00:00+00:00,2026-06-20 11:00:00+00:00,1,0.07,decrease,6.53,271041.7,1,4,24,9,0.11,0.01,0.71,118.61,5.89,5,6,0.83,1.0,0.05,0.75,high
test_2026_q2,lightgbm,2026-06-20,2,2026-06-20 08:00:00+00:00,2026-06-20 09:00:00+00:00,1,0.11,decrease,5.96,250694.7,6,1,24,10,0.15,4.14,0.56,114.48,6.04,5,6,0.83,0.75,0.0,0.63,medium
test_2026_q2,lightgbm,2026-06-20,3,2026-06-20 09:00:00+00:00,2026-06-20 10:00:00+00:00,1,0.11,decrease,6.47,271998.3,4,3,24,8,0.07,0.02,0.51,118.6,6.08,5,6,0.83,0.5,0.0,0.52,medium
test_2026_q2,lightgbm,2026-06-20,4,2026-06-20 11:00:00+00:00,2026-06-20 12:00:00+00:00,1,0.11,decrease,6.67,275834.7,2,5,24,2,0.07,0.0,0.62,118.62,5.98,6,6,1.0,0.25,0.07,0.48,low
test_2026_q2,lightgbm,2026-06-20,5,2026-06-20 12:00:00+00:00,2026-06-20 13:00:00+00:00,1,0.17,decrease,6.83,282471.8,3,7,24,3,0.07,0.01,0.54,118.61,6.05,5,6,0.83,0.0,0.02,0.3,low
test_2026_q2,lightgbm,2026-06-21,1,2026-06-21 08:00:00+00:00,2026-06-21 09:00:00+00:00,1,0.04,decrease,6.52,274211.2,1,3,24,8,0.11,1.37,0.53,106.02,6.5,4,6,0.67,1.0,0.0,0.68,medium
test_2026_q2,lightgbm,2026-06-21,2,2026-06-21 09:00:00+00:00,2026-06-21 10:00:00+00:00,1,0.04,decrease,6.32,263143.9,3,1,24,1,0.0,0.01,0.48,107.39,6.55,5,6,0.83,0.75,0.0,0.63,medium
test_2026_q2,lightgbm,2026-06-21,3,2026-06-21 10:00:00+00:00,2026-06-21 11:00:00+00:00,1,0.04,decrease,6.4,268400.0,2,2,24,4,0.02,0.0,0.69,107.4,6.35,5,6,0.83,0.5,0.09,0.54,medium
test_2026_q2,lightgbm,2026-06-21,4,2026-06-21 11:00:00+00:00,2026-06-21 12:00:00+00:00,1,0.13,decrease,6.6,274603.0,4,4,24,5,0.02,0.0,0.7,107.4,6.33,6,6,1.0,0.25,0.05,0.47,low
test_2026_q2,lightgbm,2026-06-21,5,2026-06-21 12:00:00+00:00,2026-06-21 13:00:00+00:00,1,0.17,decrease,6.69,279651.0,5,5,24,2,0.0,0.0,0.53,107.39,6.51,6,6,1.0,0.0,0.07,0.36,low
test_2026_q2,lightgbm,2026-06-22,1,2026-06-22 10:00:00+00:00,2026-06-22 11:00:00+00:00,1,0.04,increase,8.44,358208.7,3,1,24,1,0.0,7.16,0.0,54.84,7.31,6,6,1.0,1.0,0.0,0.8,high
test_2026_q2,lightgbm,2026-06-22,2,2026-06-22 11:00:00+00:00,2026-06-22 12:00:00+00:00,1,0.04,increase,9.01,386132.9,2,2,24,2,0.02,0.0,0.29,62.0,7.01,6,6,1.0,0.75,0.02,0.69,medium
test_2026_q2,lightgbm,2026-06-22,3,2026-06-22 12:00:00+00:00,2026-06-22 13:00:00+00:00,1,0.07,increase,9.67,420637.8,1,4,24,4,0.09,15.58,0.37,46.42,6.93,6,6,1.0,0.5,0.07,0.59,medium
test_2026_q2,lightgbm,2026-06-22,4,2026-06-22 09:00:00+00:00,2026-06-22 10:00:00+00:00,1,0.13,increase,9.45,403354.0,5,3,24,3,0.07,24.94,0.02,37.06,7.29,6,6,1.0,0.25,0.02,0.47,low
test_2026_q2,lightgbm,2026-06-22,5,2026-06-22 13:00:00+00:00,2026-06-22 14:00:00+00:00,1,0.15,increase,10.09,438632.6,4,5,24,5,0.15,31.7,0.99,30.3,6.32,6,6,1.0,0.0,0.07,0.36,low
test_2026_q2,lightgbm,2026-06-23,1,2026-06-23 11:00:00+00:00,2026-06-23 12:00:00+00:00,1,0.02,increase,12.19,556275.3,1,2,24,2,0.02,0.0,0.7,47.93,24.65,6,6,1.0,1.0,0.02,0.8,high
test_2026_q2,lightgbm,2026-06-23,2,2026-06-23 10:00:00+00:00,2026-06-23 11:00:00+00:00,1,0.04,increase,11.33,518613.8,3,1,24,1,0.0,1.71,0.0,46.22,25.35,6,6,1.0,0.75,0.02,0.69,medium
test_2026_q2,lightgbm,2026-06-23,3,2026-06-23 12:00:00+00:00,2026-06-23 13:00:00+00:00,1,0.07,increase,13.31,604294.8,2,3,24,4,0.11,12.56,3.13,35.37,22.22,6,6,1.0,0.5,0.07,0.59,medium
test_2026_q2,lightgbm,2026-06-23,4,2026-06-23 09:00:00+00:00,2026-06-23 10:00:00+00:00,1,0.13,increase,16.93,783583.3,4,4,24,3,0.04,7.34,0.22,40.6,25.13,6,6,1.0,0.25,0.05,0.47,low
test_2026_q2,lightgbm,2026-06-23,5,2026-06-23 13:00:00+00:00,2026-06-23 14:00:00+00:00,1,0.17,increase,17.86,812813.5,5,5,24,6,0.2,26.89,4.12,21.04,21.23,6,6,1.0,0.0,0.07,0.36,low
test_2026_q2,lightgbm,2026-06-24,1,2026-06-24 12:00:00+00:00,2026-06-24 13:00:00+00:00,1,0.04,increase,11.47,501705.3,2,2,24,2,0.0,4.15,0.0,36.52,34.74,6,6,1.0,1.0,0.05,0.81,high
test_2026_q2,lightgbm,2026-06-24,2,2026-06-24 10:00:00+00:00,2026-06-24 11:00:00+00:00,1,0.09,increase,14.31,633701.7,1,5,24,4,0.11,7.98,2.37,32.69,32.37,6,6,1.0,0.75,0.0,0.69,medium
test_2026_q2,lightgbm,2026-06-24,3,2026-06-24 13:00:00+00:00,2026-06-24 14:00:00+00:00,1,0.09,increase,10.7,466490.7,5,1,24,5,0.11,10.25,1.3,30.42,33.44,5,6,0.83,0.5,0.02,0.52,medium
test_2026_q2,lightgbm,2026-06-24,4,2026-06-24 11:00:00+00:00,2026-06-24 12:00:00+00:00,1,0.11,increase,13.39,591900.4,3,4,24,1,0.0,0.0,0.86,40.67,33.88,6,6,1.0,0.25,0.08,0.48,low
test_2026_q2,lightgbm,2026-06-24,5,2026-06-24 14:00:00+00:00,2026-06-24 15:00:00+00:00,1,0.17,increase,12.66,550963.1,7,3,24,6,0.2,16.88,4.51,23.79,30.23,3,6,0.5,0.0,0.02,0.18,low
test_2026_q2,lightgbm,2026-06-25,1,2026-06-25 11:00:00+00:00,2026-06-25 12:00:00+00:00,1,0.02,decrease,13.97,636237.0,2,1,24,2,0.0,0.0,0.25,65.36,27.88,6,6,1.0,1.0,0.03,0.81,high
test_2026_q2,lightgbm,2026-06-25,2,2026-06-25 12:00:00+00:00,2026-06-25 13:00:00+00:00,1,0.04,decrease,15.67,730477.5,1,3,24,3,0.0,5.27,0.23,60.09,27.91,6,6,1.0,0.75,0.03,0.69,medium
test_2026_q2,lightgbm,2026-06-25,3,2026-06-25 13:00:00+00:00,2026-06-25 14:00:00+00:00,1,0.07,decrease,15.14,713773.2,3,2,24,5,0.11,27.66,1.48,37.7,26.66,6,6,1.0,0.5,0.13,0.6,medium
test_2026_q2,lightgbm,2026-06-25,4,2026-06-25 10:00:00+00:00,2026-06-25 11:00:00+00:00,1,0.17,decrease,17.97,821410.4,5,5,24,1,0.0,7.18,0.0,58.18,28.13,6,6,1.0,0.25,0.0,0.46,low
test_2026_q2,lightgbm,2026-06-25,5,2026-06-25 14:00:00+00:00,2026-06-25 15:00:00+00:00,1,0.17,decrease,17.14,822456.3,6,4,24,6,0.2,40.52,3.4,24.84,24.73,5,6,0.83,0.0,0.05,0.3,low
test_2026_q2,lightgbm,2026-06-26,1,2026-06-26 11:00:00+00:00,2026-06-26 12:00:00+00:00,1,0.02,increase,7.27,317011.2,2,1,24,1,0.0,0.0,0.15,42.92,26.11,6,6,1.0,1.0,0.0,0.8,high
test_2026_q2,lightgbm,2026-06-26,2,2026-06-26 12:00:00+00:00,2026-06-26 13:00:00+00:00,1,0.02,increase,7.56,330367.5,1,2,24,3,0.04,6.36,0.73,36.56,25.53,6,6,1.0,0.75,0.07,0.7,medium
test_2026_q2,lightgbm,2026-06-26,3,2026-06-26 13:00:00+00:00,2026-06-26 14:00:00+00:00,1,0.09,decrease,8.4,370155.5,3,3,24,4,0.11,21.76,1.43,21.15,24.84,6,6,1.0,0.5,0.07,0.59,medium
test_2026_q2,lightgbm,2026-06-26,4,2026-06-26 10:00:00+00:00,2026-06-26 11:00:00+00:00,1,0.15,increase,10.5,465444.8,4,5,24,2,0.02,14.13,0.0,28.79,26.26,6,6,1.0,0.25,0.02,0.47,low
test_2026_q2,lightgbm,2026-06-26,5,2026-06-26 14:00:00+00:00,2026-06-26 15:00:00+00:00,1,0.17,decrease,9.28,408924.7,6,4,24,7,0.22,30.44,3.68,12.48,22.58,5,6,0.83,0.0,0.05,0.3,low
test_2026_q2,lightgbm,2026-06-27,1,2026-06-27 13:00:00+00:00,2026-06-27 14:00:00+00:00,1,0.02,decrease,7.31,327044.7,2,1,24,3,0.04,12.72,0.09,105.45,33.94,6,6,1.0,1.0,0.02,0.8,high
test_2026_q2,lightgbm,2026-06-27,2,2026-06-27 12:00:00+00:00,2026-06-27 13:00:00+00:00,1,0.04,decrease,7.5,332421.1,1,3,24,1,0.0,3.34,0.0,114.83,34.03,6,6,1.0,0.75,0.02,0.69,medium
test_2026_q2,lightgbm,2026-06-27,3,2026-06-27 11:00:00+00:00,2026-06-27 12:00:00+00:00,1,0.07,decrease,7.36,328011.3,3,2,24,2,0.02,0.0,0.23,118.17,33.81,6,6,1.0,0.5,0.07,0.59,medium
test_2026_q2,lightgbm,2026-06-27,4,2026-06-27 10:00:00+00:00,2026-06-27 11:00:00+00:00,1,0.13,decrease,7.59,338571.0,4,4,24,4,0.11,15.18,0.26,102.98,33.77,5,6,0.83,0.25,0.07,0.42,low
test_2026_q2,lightgbm,2026-06-27,5,2026-06-27 09:00:00+00:00,2026-06-27 10:00:00+00:00,1,0.2,decrease,8.36,374553.3,5,6,24,5,0.15,25.51,1.14,92.66,32.89,4,6,0.67,0.0,0.0,0.23,low
test_2026_q2,lightgbm,2026-06-28,1,2026-06-28 12:00:00+00:00,2026-06-28 13:00:00+00:00,1,0.04,decrease,7.35,319000.9,1,3,24,1,0.0,0.0,0.03,119.68,34.32,6,6,1.0,1.0,0.02,0.8,high
test_2026_q2,lightgbm,2026-06-28,2,2026-06-28 09:00:00+00:00,2026-06-28 10:00:00+00:00,1,0.07,decrease,7.08,310045.2,3,2,24,5,0.13,0.32,0.42,119.36,33.93,6,6,1.0,0.75,0.0,0.69,medium
test_2026_q2,lightgbm,2026-06-28,3,2026-06-28 10:00:00+00:00,2026-06-28 11:00:00+00:00,1,0.07,decrease,7.0,302711.3,4,1,24,4,0.09,0.01,0.2,119.67,34.15,6,6,1.0,0.5,0.02,0.58,medium
test_2026_q2,lightgbm,2026-06-28,4,2026-06-28 11:00:00+00:00,2026-06-28 12:00:00+00:00,1,0.09,increase,7.48,321365.4,2,4,24,2,0.02,0.0,0.06,119.68,34.29,6,6,1.0,0.25,0.1,0.48,low
test_2026_q2,lightgbm,2026-06-28,5,2026-06-28 13:00:00+00:00,2026-06-28 14:00:00+00:00,1,0.17,decrease,7.56,328445.3,5,5,24,3,0.04,1.62,0.0,118.06,34.35,5,6,0.83,0.0,0.05,0.3,low
test_2026_q2,lightgbm,2026-06-29,1,2026-06-29 12:00:00+00:00,2026-06-29 13:00:00+00:00,1,0.02,increase,19.73,890104.7,1,2,24,2,0.0,4.36,0.0,25.98,13.23,6,6,1.0,1.0,0.02,0.8,high
test_2026_q2,lightgbm,2026-06-29,2,2026-06-29 13:00:00+00:00,2026-06-29 14:00:00+00:00,1,0.04,increase,19.14,859467.9,3,1,24,4,0.09,14.79,2.26,15.55,10.97,6,6,1.0,0.75,0.02,0.69,medium
test_2026_q2,lightgbm,2026-06-29,3,2026-06-29 11:00:00+00:00,2026-06-29 12:00:00+00:00,1,0.07,increase,22.08,1004285.2,2,3,24,1,0.0,0.0,0.75,30.34,12.48,6,6,1.0,0.5,0.11,0.6,medium
test_2026_q2,lightgbm,2026-06-29,4,2026-06-29 09:00:00+00:00,2026-06-29 10:00:00+00:00,1,0.17,increase,26.06,1209367.1,4,6,24,5,0.15,17.07,4.9,13.27,8.33,5,6,0.83,0.25,0.0,0.4,low
test_2026_q2,lightgbm,2026-06-29,5,2026-06-29 10:00:00+00:00,2026-06-29 11:00:00+00:00,1,0.17,increase,23.83,1091991.8,5,5,24,3,0.09,7.48,2.95,22.86,10.28,6,6,1.0,0.0,0.02,0.35,low
test_2026_q2,lightgbm,2026-06-30,1,2026-06-30 12:00:00+00:00,2026-06-30 13:00:00+00:00,1,0.07,decrease,26.05,1200711.2,1,4,22,4,0.07,12.82,4.94,33.69,19.98,6,6,1.0,1.0,0.03,0.81,high
test_2026_q2,lightgbm,2026-06-30,2,2026-06-30 10:00:00+00:00,2026-06-30 11:00:00+00:00,1,0.1,increase,21.76,980576.4,4,2,22,3,0.05,23.12,0.59,23.39,24.33,6,6,1.0,0.75,0.0,0.69,medium
test_2026_q2,lightgbm,2026-06-30,3,2026-06-30 11:00:00+00:00,2026-06-30 12:00:00+00:00,1,0.1,increase,22.98,1047754.8,3,3,22,1,0.0,0.0,2.39,46.51,22.53,6,6,1.0,0.5,0.03,0.58,medium
test_2026_q2,lightgbm,2026-06-30,4,2026-06-30 09:00:00+00:00,2026-06-30 10:00:00+00:00,1,0.12,decrease,20.29,920970.9,6,1,22,2,0.05,23.41,0.35,23.1,24.57,6,6,1.0,0.25,0.03,0.47,low
test_2026_q2,lightgbm,2026-06-30,5,2026-06-30 13:00:00+00:00,2026-06-30 14:00:00+00:00,1,0.14,decrease,29.31,1372402.3,2,6,22,5,0.07,20.04,4.92,26.47,20.01,6,6,1.0,0.0,0.13,0.38,low
test_2026_q2,naive_lag_24h,2026-04-01,1,2026-04-01 01:00:00+00:00,2026-04-01 02:00:00+00:00,1,0.11,unknown,13.11,412172.5,5,2,24,7,0.24,35.09,0.33,-16.48,4.0,2,6,0.33,1.0,0.0,0.57,medium
test_2026_q2,naive_lag_24h,2026-04-01,2,2026-04-01 02:00:00+00:00,2026-04-01 03:00:00+00:00,1,0.11,unknown,13.23,412672.5,4,3,24,6,0.17,29.98,0.08,-11.37,4.25,1,6,0.17,0.75,0.05,0.41,low
test_2026_q2,naive_lag_24h,2026-04-01,3,2026-04-01 12:00:00+00:00,2026-04-01 13:00:00+00:00,1,0.15,unknown,19.45,712090.0,1,8,24,1,0.0,0.0,0.44,18.61,3.89,6,6,1.0,0.5,0.0,0.57,medium
test_2026_q2,naive_lag_24h,2026-04-01,4,2026-04-01 13:00:00+00:00,2026-04-01 14:00:00+00:00,1,0.15,unknown,18.4,663592.5,3,6,24,3,0.07,4.08,0.88,14.53,3.46,6,6,1.0,0.25,0.03,0.47,low
test_2026_q2,naive_lag_24h,2026-04-01,5,2026-04-01 00:00:00+00:00,2026-04-01 01:00:00+00:00,1,0.17,unknown,12.85,412772.5,9,1,24,8,0.26,18.61,4.33,0.0,0.0,1,6,0.17,0.0,0.08,0.07,low
test_2026_q2,naive_lag_24h,2026-04-02,1,2026-04-02 12:00:00+00:00,2026-04-02 13:00:00+00:00,1,0.07,flat,11.83,417195.0,1,4,24,2,0.07,8.35,0.36,44.67,8.28,6,6,1.0,1.0,0.03,0.81,high
test_2026_q2,naive_lag_24h,2026-04-02,2,2026-04-02 14:00:00+00:00,2026-04-02 15:00:00+00:00,1,0.09,flat,11.39,393905.0,5,1,24,1,0.0,0.0,0.0,53.02,8.64,6,6,1.0,0.75,0.05,0.7,medium
test_2026_q2,naive_lag_24h,2026-04-02,3,2026-04-02 13:00:00+00:00,2026-04-02 14:00:00+00:00,1,0.13,flat,12.26,429505.0,2,6,24,4,0.13,8.63,1.29,44.39,7.35,6,6,1.0,0.5,0.03,0.58,medium
test_2026_q2,naive_lag_24h,2026-04-02,4,2026-04-02 03:00:00+00:00,2026-04-02 04:00:00+00:00,1,0.15,flat,12.01,356330.0,4,5,24,12,0.48,56.03,8.46,-3.01,0.18,1,6,0.17,0.25,0.08,0.19,low
test_2026_q2,naive_lag_24h,2026-04-02,5,2026-04-02 11:00:00+00:00,2026-04-02 12:00:00+00:00,1,0.22,flat,13.71,487882.5,3,9,24,3,0.09,13.25,0.22,39.76,8.42,6,6,1.0,0.0,0.03,0.36,low
test_2026_q2,naive_lag_24h,2026-04-03,1,2026-04-03 14:00:00+00:00,2026-04-03 15:00:00+00:00,1,0.0,flat,9.34,333945.0,1,1,24,3,0.0,2.65,0.34,109.11,8.07,4,6,0.67,1.0,0.07,0.7,medium
test_2026_q2,naive_lag_24h,2026-04-03,2,2026-04-03 12:00:00+00:00,2026-04-03 13:00:00+00:00,1,0.07,flat,9.7,356855.0,2,3,24,2,0.0,0.0,0.39,111.76,8.02,6,6,1.0,0.75,0.02,0.69,medium
test_2026_q2,naive_lag_24h,2026-04-03,3,2026-04-03 11:00:00+00:00,2026-04-03 12:00:00+00:00,1,0.09,flat,9.56,352187.5,4,2,24,1,0.0,7.66,0.0,104.1,8.42,6,6,1.0,0.5,0.05,0.58,medium
test_2026_q2,naive_lag_24h,2026-04-03,4,2026-04-03 13:00:00+00:00,2026-04-03 14:00:00+00:00,1,0.13,flat,10.63,388485.0,3,5,24,4,0.04,2.43,0.41,109.32,8.0,6,6,1.0,0.25,0.02,0.47,low
test_2026_q2,naive_lag_24h,2026-04-03,5,2026-04-03 15:00:00+00:00,2026-04-03 16:00:00+00:00,1,0.15,flat,10.18,350612.5,5,4,24,5,0.13,24.58,0.38,87.18,8.04,4,6,0.67,0.0,0.07,0.25,low
test_2026_q2,naive_lag_24h,2026-04-04,1,2026-04-04 11:00:00+00:00,2026-04-04 12:00:00+00:00,1,0.07,flat,6.71,241877.5,4,1,24,7,0.26,0.99,7.98,27.54,-7.61,1,6,0.17,1.0,0.0,0.51,medium
test_2026_q2,naive_lag_24h,2026-04-04,2,2026-04-04 12:00:00+00:00,2026-04-04 13:00:00+00:00,1,0.07,flat,7.1,245805.0,1,4,24,13,0.28,0.99,8.45,27.54,-8.09,3,6,0.5,0.75,0.0,0.51,medium
test_2026_q2,naive_lag_24h,2026-04-04,3,2026-04-04 14:00:00+00:00,2026-04-04 15:00:00+00:00,1,0.07,flat,7.06,239050.0,3,2,24,9,0.26,0.0,8.99,28.53,-8.63,1,6,0.17,0.5,0.05,0.29,low
test_2026_q2,naive_lag_24h,2026-04-04,4,2026-04-04 13:00:00+00:00,2026-04-04 14:00:00+00:00,1,0.11,flat,7.12,244965.0,2,5,24,8,0.26,0.92,8.7,27.61,-8.34,1,6,0.17,0.25,0.1,0.19,low
test_2026_q2,naive_lag_24h,2026-04-04,5,2026-04-04 15:00:00+00:00,2026-04-04 16:00:00+00:00,1,0.2,flat,7.09,238327.5,8,3,24,15,0.37,0.95,9.57,27.58,-9.21,1,6,0.17,0.0,0.15,0.09,low
test_2026_q2,naive_lag_24h,2026-04-05,1,2026-04-05 22:00:00+00:00,2026-04-05 23:00:00+00:00,1,0.17,flat,8.2,248990.0,8,2,24,10,0.2,127.64,0.33,-45.29,-0.33,1,6,0.17,1.0,0.03,0.51,medium
test_2026_q2,naive_lag_24h,2026-04-05,2,2026-04-05 23:00:00+00:00,2026-04-06 00:00:00+00:00,1,0.2,flat,8.03,231090.0,10,1,24,21,0.3,122.93,0.81,-40.58,-0.81,1,6,0.17,0.75,0.16,0.43,low
test_2026_q2,naive_lag_24h,2026-04-05,3,2026-04-05 07:00:00+00:00,2026-04-05 08:00:00+00:00,1,0.3,flat,8.2,243697.5,13,3,24,16,0.26,74.96,2.14,7.38,-2.14,1,6,0.17,0.5,0.09,0.3,low
test_2026_q2,naive_lag_24h,2026-04-05,4,2026-04-05 00:00:00+00:00,2026-04-05 01:00:00+00:00,1,0.37,flat,8.4,243570.0,15,4,24,3,0.04,82.35,0.0,0.0,0.0,5,6,0.83,0.25,0.06,0.42,low
test_2026_q2,naive_lag_24h,2026-04-05,5,2026-04-05 10:00:00+00:00,2026-04-05 11:00:00+00:00,1,0.41,flat,15.38,489712.5,6,15,24,7,0.13,24.49,1.86,57.86,-1.86,2,6,0.33,0.0,0.03,0.12,low
test_2026_q2,naive_lag_24h,2026-04-06,1,2026-04-06 12:00:00+00:00,2026-04-06 13:00:00+00:00,1,0.28,flat,10.05,271115.0,1,14,24,5,0.07,3.16,0.38,141.08,0.78,6,6,1.0,1.0,0.04,0.81,high
test_2026_q2,naive_lag_24h,2026-04-06,2,2026-04-06 01:00:00+00:00,2026-04-06 02:00:00+00:00,1,0.3,flat,8.61,227002.5,11,5,24,14,0.52,143.61,0.87,0.63,0.28,1,6,0.17,0.75,0.04,0.4,low
test_2026_q2,naive_lag_24h,2026-04-06,3,2026-04-06 00:00:00+00:00,2026-04-06 01:00:00+00:00,1,0.33,flat,8.27,232860.0,16,1,24,20,0.72,144.24,1.15,0.0,0.0,1,6,0.17,0.5,0.04,0.29,low
test_2026_q2,naive_lag_24h,2026-04-06,4,2026-04-06 11:00:00+00:00,2026-04-06 12:00:00+00:00,1,0.35,flat,10.1,271347.5,2,16,24,2,0.02,0.0,0.34,144.24,0.81,6,6,1.0,0.25,0.0,0.46,low
test_2026_q2,naive_lag_24h,2026-04-06,5,2026-04-06 13:00:00+00:00,2026-04-06 14:00:00+00:00,1,0.35,flat,10.08,269500.0,3,15,24,7,0.15,34.44,0.53,109.8,0.62,1,6,0.17,0.0,0.04,0.07,low
test_2026_q2,naive_lag_24h,2026-04-07,1,2026-04-07 10:00:00+00:00,2026-04-07 11:00:00+00:00,1,0.09,flat,8.29,229807.5,4,2,24,4,0.04,7.84,0.42,26.56,0.94,6,6,1.0,1.0,0.02,0.8,high
test_2026_q2,naive_lag_24h,2026-04-07,2,2026-04-07 11:00:00+00:00,2026-04-07 12:00:00+00:00,1,0.11,flat,8.5,232090.0,1,6,24,2,0.0,0.0,0.47,34.4,0.89,6,6,1.0,0.75,0.02,0.69,medium
test_2026_q2,naive_lag_24h,2026-04-07,3,2026-04-07 08:00:00+00:00,2026-04-07 09:00:00+00:00,1,0.13,flat,8.16,226975.0,7,1,24,3,0.04,15.77,0.0,18.63,1.37,6,6,1.0,0.5,0.0,0.57,medium
test_2026_q2,naive_lag_24h,2026-04-07,4,2026-04-07 09:00:00+00:00,2026-04-07 10:00:00+00:00,1,0.13,flat,8.34,229847.5,5,3,24,1,0.0,10.84,0.04,23.56,1.33,6,6,1.0,0.25,0.02,0.47,low
test_2026_q2,naive_lag_24h,2026-04-07,5,2026-04-07 12:00:00+00:00,2026-04-07 13:00:00+00:00,1,0.15,flat,8.54,229697.5,2,7,24,5,0.15,0.04,1.04,34.36,0.32,6,6,1.0,0.0,0.1,0.37,low
test_2026_q2,naive_lag_24h,2026-04-08,1,2026-04-08 09:00:00+00:00,2026-04-08 10:00:00+00:00,1,0.11,flat,6.98,233377.5,5,2,24,5,0.17,29.78,0.24,60.75,0.62,5,6,0.83,1.0,0.0,0.74,medium
test_2026_q2,naive_lag_24h,2026-04-08,2,2026-04-08 11:00:00+00:00,2026-04-08 12:00:00+00:00,1,0.11,flat,7.41,228345.0,1,6,24,2,0.02,0.0,0.12,90.54,0.75,6,6,1.0,0.75,0.05,0.7,medium
test_2026_q2,naive_lag_24h,2026-04-08,3,2026-04-08 08:00:00+00:00,2026-04-08 09:00:00+00:00,1,0.15,flat,6.93,235700.0,8,1,24,4,0.15,59.16,0.08,31.37,0.79,2,6,0.33,0.5,0.0,0.34,low
test_2026_q2,naive_lag_24h,2026-04-08,4,2026-04-08 10:00:00+00:00,2026-04-08 11:00:00+00:00,1,0.15,flat,7.36,230662.5,4,5,24,3,0.09,13.16,0.18,77.38,0.69,6,6,1.0,0.25,0.13,0.49,low
test_2026_q2,naive_lag_24h,2026-04-08,5,2026-04-08 12:00:00+00:00,2026-04-08 13:00:00+00:00,1,0.26,flat,7.98,246280.0,2,12,24,1,0.0,2.81,0.0,87.73,0.87,6,6,1.0,0.0,0.08,0.37,low
test_2026_q2,naive_lag_24h,2026-04-09,1,2026-04-09 12:00:00+00:00,2026-04-09 13:00:00+00:00,1,0.02,flat,7.15,232910.0,2,1,24,3,0.04,0.0,0.48,88.32,0.96,6,6,1.0,1.0,0.02,0.8,high
test_2026_q2,naive_lag_24h,2026-04-09,2,2026-04-09 11:00:00+00:00,2026-04-09 12:00:00+00:00,1,0.04,flat,7.27,238405.0,1,3,24,4,0.09,0.27,0.6,88.05,0.84,6,6,1.0,0.75,0.07,0.7,medium
test_2026_q2,naive_lag_24h,2026-04-09,3,2026-04-09 10:00:00+00:00,2026-04-09 11:00:00+00:00,1,0.11,flat,7.32,236292.5,3,4,24,1,0.0,6.73,0.14,81.59,1.29,6,6,1.0,0.5,0.07,0.59,medium
test_2026_q2,naive_lag_24h,2026-04-09,4,2026-04-09 08:00:00+00:00,2026-04-09 09:00:00+00:00,1,0.17,flat,7.23,241937.5,8,2,24,5,0.17,33.42,0.33,54.9,1.11,1,6,0.17,0.25,0.02,0.18,low
test_2026_q2,naive_lag_24h,2026-04-09,5,2026-04-09 09:00:00+00:00,2026-04-09 10:00:00+00:00,1,0.2,flat,7.39,242390.0,5,6,24,2,0.02,8.24,0.0,80.07,1.44,6,6,1.0,0.0,0.05,0.36,low
test_2026_q2,naive_lag_24h,2026-04-10,1,2026-04-10 10:00:00+00:00,2026-04-10 11:00:00+00:00,1,0.09,flat,7.22,234975.0,4,2,24,6,0.22,18.49,0.16,-1.51,0.74,6,6,1.0,1.0,0.03,0.81,high
test_2026_q2,naive_lag_24h,2026-04-10,2,2026-04-10 09:00:00+00:00,2026-04-10 10:00:00+00:00,1,0.11,flat,7.08,238097.5,6,1,24,4,0.2,16.83,0.22,0.15,0.67,2,6,0.33,0.75,0.03,0.46,low
test_2026_q2,naive_lag_24h,2026-04-10,3,2026-04-10 12:00:00+00:00,2026-04-10 13:00:00+00:00,1,0.13,flat,7.56,237077.5,1,7,24,2,0.13,1.67,0.25,15.31,0.64,6,6,1.0,0.5,0.06,0.59,medium
test_2026_q2,naive_lag_24h,2026-04-10,4,2026-04-10 11:00:00+00:00,2026-04-10 12:00:00+00:00,1,0.17,flat,7.68,241150.0,2,8,24,1,0.0,0.0,0.0,16.98,0.89,6,6,1.0,0.25,0.12,0.49,low
test_2026_q2,naive_lag_24h,2026-04-10,5,2026-04-10 08:00:00+00:00,2026-04-10 09:00:00+00:00,1,0.26,flat,7.41,242792.5,11,3,24,8,0.35,33.99,0.41,-17.01,0.48,1,6,0.17,0.0,0.09,0.08,low
test_2026_q2,naive_lag_24h,2026-04-11,1,2026-04-11 11:00:00+00:00,2026-04-11 12:00:00+00:00,1,0.0,flat,7.33,245960.0,1,1,24,3,0.13,0.0,1.26,54.23,-1.06,1,6,0.17,1.0,0.13,0.53,medium
test_2026_q2,naive_lag_24h,2026-04-11,2,2026-04-11 12:00:00+00:00,2026-04-11 13:00:00+00:00,1,0.13,flat,7.58,247840.0,4,4,24,7,0.17,4.97,1.3,49.26,-1.1,5,6,0.83,0.75,0.0,0.63,medium
test_2026_q2,naive_lag_24h,2026-04-11,3,2026-04-11 13:00:00+00:00,2026-04-11 14:00:00+00:00,1,0.13,flat,7.93,253955.0,2,6,24,14,0.26,12.22,1.7,42.01,-1.5,1,6,0.17,0.5,0.07,0.3,low
test_2026_q2,naive_lag_24h,2026-04-11,4,2026-04-11 09:00:00+00:00,2026-04-11 10:00:00+00:00,1,0.2,flat,7.55,241785.0,8,3,24,16,0.28,30.65,1.33,23.58,-1.14,6,6,1.0,0.25,0.0,0.46,low
test_2026_q2,naive_lag_24h,2026-04-11,5,2026-04-11 14:00:00+00:00,2026-04-11 15:00:00+00:00,1,0.2,flat,8.07,250020.0,3,8,24,19,0.33,28.1,2.16,26.13,-1.97,1,6,0.17,0.0,0.02,0.06,low
test_2026_q2,naive_lag_24h,2026-04-12,1,2026-04-12 07:00:00+00:00,2026-04-12 08:00:00+00:00,1,0.26,flat,8.65,246737.5,12,2,24,7,0.2,13.47,0.75,-5.29,0.44,3,6,0.5,1.0,0.06,0.64,medium
test_2026_q2,naive_lag_24h,2026-04-12,2,2026-04-12 08:00:00+00:00,2026-04-12 09:00:00+00:00,1,0.28,flat,8.87,244627.5,8,7,24,8,0.2,13.89,0.58,-5.71,0.6,6,6,1.0,0.75,0.28,0.74,medium
test_2026_q2,naive_lag_24h,2026-04-12,3,2026-04-12 11:00:00+00:00,2026-04-12 12:00:00+00:00,1,0.39,flat,9.88,234872.5,1,19,24,1,0.0,0.0,0.94,8.18,0.24,5,6,0.83,0.5,0.06,0.53,medium
test_2026_q2,naive_lag_24h,2026-04-12,4,2026-04-12 05:00:00+00:00,2026-04-12 06:00:00+00:00,1,0.41,flat,8.83,242235.0,17,4,24,5,0.2,9.26,1.48,-1.08,-0.3,1,6,0.17,0.25,0.0,0.17,low
test_2026_q2,naive_lag_24h,2026-04-12,5,2026-04-12 06:00:00+00:00,2026-04-12 07:00:00+00:00,1,0.41,flat,8.63,245347.5,20,1,24,6,0.2,10.97,0.99,-2.79,0.19,1,6,0.17,0.0,0.0,0.06,low
test_2026_q2,naive_lag_24h,2026-04-13,1,2026-04-13 11:00:00+00:00,2026-04-13 12:00:00+00:00,1,0.13,flat,9.45,248320.0,1,7,24,9,0.26,58.99,0.94,-23.3,-0.88,1,6,0.17,1.0,0.08,0.52,medium
test_2026_q2,naive_lag_24h,2026-04-13,2,2026-04-13 12:00:00+00:00,2026-04-13 13:00:00+00:00,1,0.2,flat,9.53,248947.5,2,9,24,5,0.07,52.98,0.0,-17.28,0.07,1,6,0.17,0.75,0.03,0.4,low
test_2026_q2,naive_lag_24h,2026-04-13,3,2026-04-13 09:00:00+00:00,2026-04-13 10:00:00+00:00,1,0.22,flat,8.89,242400.0,10,2,24,17,0.63,65.85,16.62,-30.16,-16.55,1,6,0.17,0.5,0.03,0.29,low
test_2026_q2,naive_lag_24h,2026-04-13,4,2026-04-13 00:00:00+00:00,2026-04-13 01:00:00+00:00,1,0.24,flat,9.69,248095.0,3,10,24,2,0.02,35.7,0.07,0.0,0.0,6,6,1.0,0.25,0.1,0.48,low
test_2026_q2,naive_lag_24h,2026-04-13,5,2026-04-13 05:00:00+00:00,2026-04-13 06:00:00+00:00,1,0.33,flat,9.99,244562.5,4,13,24,16,0.61,73.83,11.68,-38.14,-11.61,1,6,0.17,0.0,0.0,0.06,low
test_2026_q2,naive_lag_24h,2026-04-14,1,2026-04-14 14:00:00+00:00,2026-04-14 15:00:00+00:00,1,0.09,flat,9.76,324472.5,1,5,24,2,0.0,0.0,0.5,116.43,12.92,6,6,1.0,1.0,0.02,0.8,high
test_2026_q2,naive_lag_24h,2026-04-14,2,2026-04-14 00:00:00+00:00,2026-04-14 01:00:00+00:00,1,0.11,flat,9.0,246315.0,5,2,24,17,0.67,116.43,13.42,0.0,0.0,1,6,0.17,0.75,0.0,0.4,low
test_2026_q2,naive_lag_24h,2026-04-14,3,2026-04-14 01:00:00+00:00,2026-04-14 02:00:00+00:00,1,0.11,flat,9.08,245112.5,4,3,24,13,0.52,112.47,9.76,3.96,3.66,1,6,0.17,0.5,0.0,0.28,low
test_2026_q2,naive_lag_24h,2026-04-14,4,2026-04-14 13:00:00+00:00,2026-04-14 14:00:00+00:00,1,0.11,flat,9.28,312072.5,3,4,24,1,0.0,11.9,0.0,104.54,13.42,5,6,0.83,0.25,0.05,0.41,low
test_2026_q2,naive_lag_24h,2026-04-14,5,2026-04-14 12:00:00+00:00,2026-04-14 13:00:00+00:00,1,0.15,flat,8.93,300002.5,8,1,24,3,0.13,15.0,0.94,101.44,12.48,5,6,0.83,0.0,0.0,0.29,low
test_2026_q2,naive_lag_24h,2026-04-15,1,2026-04-15 13:00:00+00:00,2026-04-15 14:00:00+00:00,1,0.02,flat,9.0,305442.5,2,1,24,3,0.07,0.0,1.48,84.15,7.61,6,6,1.0,1.0,0.0,0.8,high
test_2026_q2,naive_lag_24h,2026-04-15,2,2026-04-15 14:00:00+00:00,2026-04-15 15:00:00+00:00,1,0.02,flat,9.5,311477.5,1,2,24,6,0.13,0.0,3.52,84.15,5.58,6,6,1.0,0.75,0.14,0.71,medium
test_2026_q2,naive_lag_24h,2026-04-15,3,2026-04-15 12:00:00+00:00,2026-04-15 13:00:00+00:00,1,0.15,flat,9.94,346422.5,5,4,24,1,0.0,0.0,0.56,84.15,8.53,6,6,1.0,0.5,0.02,0.58,medium
test_2026_q2,naive_lag_24h,2026-04-15,4,2026-04-15 11:00:00+00:00,2026-04-15 12:00:00+00:00,1,0.17,flat,12.87,454597.5,3,7,24,2,0.02,0.0,0.0,84.14,9.09,6,6,1.0,0.25,0.0,0.46,low
test_2026_q2,naive_lag_24h,2026-04-15,5,2026-04-15 15:00:00+00:00,2026-04-15 16:00:00+00:00,1,0.17,flat,9.64,305625.0,7,3,24,9,0.37,10.01,4.93,74.14,4.16,1,6,0.17,0.0,0.05,0.07,low
test_2026_q2,naive_lag_24h,2026-04-16,1,2026-04-16 12:00:00+00:00,2026-04-16 13:00:00+00:00,1,0.04,flat,8.14,267897.5,1,3,24,2,0.09,0.0,0.24,81.31,10.89,6,6,1.0,1.0,0.02,0.8,high
test_2026_q2,naive_lag_24h,2026-04-16,2,2026-04-16 11:00:00+00:00,2026-04-16 12:00:00+00:00,1,0.07,flat,7.57,261167.5,4,1,24,1,0.0,0.0,0.0,81.31,11.13,6,6,1.0,0.75,0.05,0.7,medium
test_2026_q2,naive_lag_24h,2026-04-16,3,2026-04-16 13:00:00+00:00,2026-04-16 14:00:00+00:00,1,0.11,flat,9.06,288500.0,2,5,24,5,0.13,0.01,0.43,81.3,10.7,6,6,1.0,0.5,0.02,0.58,medium
test_2026_q2,naive_lag_24h,2026-04-16,4,2026-04-16 10:00:00+00:00,2026-04-16 11:00:00+00:00,1,0.13,flat,7.58,257485.0,6,2,24,4,0.13,10.38,0.01,70.94,11.12,6,6,1.0,0.25,0.02,0.47,low
test_2026_q2,naive_lag_24h,2026-04-16,5,2026-04-16 09:00:00+00:00,2026-04-16 10:00:00+00:00,1,0.15,flat,8.24,275687.5,5,4,24,3,0.13,8.3,0.17,73.01,10.96,1,6,0.17,0.0,0.02,0.06,low
test_2026_q2,naive_lag_24h,2026-04-17,1,2026-04-17 11:00:00+00:00,2026-04-17 12:00:00+00:00,1,0.0,flat,7.29,250515.0,1,1,24,1,0.0,0.0,0.0,112.53,3.56,6,6,1.0,1.0,0.09,0.82,high
test_2026_q2,naive_lag_24h,2026-04-17,2,2026-04-17 12:00:00+00:00,2026-04-17 13:00:00+00:00,1,0.09,flat,7.53,255990.0,2,4,24,2,0.04,0.0,0.07,112.53,3.49,6,6,1.0,0.75,0.04,0.7,medium
test_2026_q2,naive_lag_24h,2026-04-17,3,2026-04-17 09:00:00+00:00,2026-04-17 10:00:00+00:00,1,0.13,flat,7.47,250205.0,5,3,24,6,0.2,5.0,0.88,107.53,2.68,1,6,0.17,0.5,0.0,0.28,low
test_2026_q2,naive_lag_24h,2026-04-17,4,2026-04-17 10:00:00+00:00,2026-04-17 11:00:00+00:00,1,0.13,flat,7.3,249060.0,6,2,24,4,0.15,5.52,0.11,107.01,3.45,6,6,1.0,0.25,0.0,0.46,low
test_2026_q2,naive_lag_24h,2026-04-17,5,2026-04-17 13:00:00+00:00,2026-04-17 14:00:00+00:00,1,0.13,flat,7.72,256630.0,3,5,24,3,0.11,0.0,0.38,112.53,3.18,6,6,1.0,0.0,0.04,0.36,low
test_2026_q2,naive_lag_24h,2026-04-18,1,2026-04-18 11:00:00+00:00,2026-04-18 12:00:00+00:00,1,0.0,flat,7.31,247367.5,1,1,24,4,0.09,0.02,1.38,85.34,0.21,2,6,0.33,1.0,0.05,0.58,medium
test_2026_q2,naive_lag_24h,2026-04-18,2,2026-04-18 12:00:00+00:00,2026-04-18 13:00:00+00:00,1,0.04,flat,7.38,247545.0,2,2,24,1,0.0,0.0,1.26,85.36,0.33,4,6,0.67,0.75,0.07,0.58,medium
test_2026_q2,naive_lag_24h,2026-04-18,3,2026-04-18 13:00:00+00:00,2026-04-18 14:00:00+00:00,1,0.11,flat,7.69,251970.0,3,4,24,2,0.07,0.97,1.37,84.39,0.21,2,6,0.33,0.5,0.05,0.35,low
test_2026_q2,naive_lag_24h,2026-04-18,4,2026-04-18 10:00:00+00:00,2026-04-18 11:00:00+00:00,1,0.15,flat,7.43,248527.5,6,3,24,11,0.24,1.04,1.61,84.32,-0.03,6,6,1.0,0.25,0.0,0.46,low
test_2026_q2,naive_lag_24h,2026-04-18,5,2026-04-18 14:00:00+00:00,2026-04-18 15:00:00+00:00,1,0.15,flat,7.98,253810.0,4,5,24,10,0.22,2.07,1.54,83.29,0.04,1,6,0.17,0.0,0.05,0.07,low
test_2026_q2,naive_lag_24h,2026-04-19,1,2026-04-19 12:00:00+00:00,2026-04-19 13:00:00+00:00,1,0.2,flat,8.89,250767.5,1,10,24,7,0.07,1.27,1.06,54.52,-0.34,2,6,0.33,1.0,0.09,0.58,medium
test_2026_q2,naive_lag_24h,2026-04-19,2,2026-04-19 13:00:00+00:00,2026-04-19 14:00:00+00:00,1,0.26,flat,9.0,250877.5,3,11,24,10,0.15,2.02,1.13,53.76,-0.41,1,6,0.17,0.75,0.0,0.4,low
test_2026_q2,naive_lag_24h,2026-04-19,3,2026-04-19 23:00:00+00:00,2026-04-20 00:00:00+00:00,1,0.26,flat,7.71,227655.0,12,2,24,5,0.04,28.51,0.4,27.28,0.32,3,6,0.5,0.5,0.03,0.41,low
test_2026_q2,naive_lag_24h,2026-04-19,4,2026-04-19 11:00:00+00:00,2026-04-19 12:00:00+00:00,1,0.28,flat,9.01,255997.5,2,13,24,6,0.07,3.43,0.98,52.36,-0.26,4,6,0.67,0.25,0.0,0.35,low
test_2026_q2,naive_lag_24h,2026-04-19,5,2026-04-19 22:00:00+00:00,2026-04-19 23:00:00+00:00,1,0.28,flat,7.63,231097.5,14,1,24,4,0.04,30.74,0.27,25.05,0.45,1,6,0.17,0.0,0.03,0.06,low
test_2026_q2,naive_lag_24h,2026-04-20,1,2026-04-20 08:00:00+00:00,2026-04-20 09:00:00+00:00,1,0.28,flat,8.09,226345.0,5,10,24,7,0.13,4.41,0.31,20.82,0.64,6,6,1.0,1.0,0.04,0.81,high
test_2026_q2,naive_lag_24h,2026-04-20,2,2026-04-20 09:00:00+00:00,2026-04-20 10:00:00+00:00,1,0.3,flat,8.01,227667.5,7,9,24,1,0.0,0.14,0.0,25.09,0.94,5,6,0.83,0.75,0.0,0.63,medium
test_2026_q2,naive_lag_24h,2026-04-20,3,2026-04-20 10:00:00+00:00,2026-04-20 11:00:00+00:00,1,0.3,flat,7.98,229432.5,8,8,24,2,0.04,0.15,0.05,25.08,0.89,6,6,1.0,0.5,0.04,0.58,medium
test_2026_q2,naive_lag_24h,2026-04-20,4,2026-04-20 22:00:00+00:00,2026-04-20 23:00:00+00:00,1,0.33,flat,7.46,228462.5,13,4,24,18,0.59,22.79,1.2,2.44,-0.25,1,6,0.17,0.25,0.0,0.17,low
test_2026_q2,naive_lag_24h,2026-04-20,5,2026-04-20 23:00:00+00:00,2026-04-21 00:00:00+00:00,1,0.33,flat,7.58,227007.5,12,5,24,22,0.7,19.52,1.51,5.71,-0.56,1,6,0.17,0.0,0.04,0.07,low
test_2026_q2,naive_lag_24h,2026-04-21,1,2026-04-21 09:00:00+00:00,2026-04-21 10:00:00+00:00,1,0.09,flat,6.73,231447.5,5,1,24,4,0.07,0.1,0.26,19.24,0.21,6,6,1.0,1.0,0.06,0.81,high
test_2026_q2,naive_lag_24h,2026-04-21,2,2026-04-21 10:00:00+00:00,2026-04-21 11:00:00+00:00,1,0.13,flat,6.78,233730.0,6,2,24,1,0.0,0.1,0.12,19.24,0.36,6,6,1.0,0.75,0.0,0.69,medium
test_2026_q2,naive_lag_24h,2026-04-21,3,2026-04-21 12:00:00+00:00,2026-04-21 13:00:00+00:00,1,0.13,flat,7.28,248060.0,1,7,24,6,0.15,0.0,0.75,19.34,-0.28,5,6,0.83,0.5,0.03,0.52,medium
test_2026_q2,naive_lag_24h,2026-04-21,4,2026-04-21 11:00:00+00:00,2026-04-21 12:00:00+00:00,1,0.15,flat,7.1,244142.5,3,6,24,5,0.07,0.04,0.63,19.3,-0.16,6,6,1.0,0.25,0.06,0.47,low
test_2026_q2,naive_lag_24h,2026-04-21,5,2026-04-21 13:00:00+00:00,2026-04-21 14:00:00+00:00,1,0.2,flat,7.31,246545.0,2,9,24,3,0.02,0.0,0.66,19.34,-0.19,2,6,0.33,0.0,0.03,0.12,low
test_2026_q2,naive_lag_24h,2026-04-22,1,2026-04-22 10:00:00+00:00,2026-04-22 11:00:00+00:00,1,0.15,flat,7.83,268947.5,5,4,24,2,0.0,13.76,0.41,14.68,0.21,6,6,1.0,1.0,0.03,0.81,high
test_2026_q2,naive_lag_24h,2026-04-22,2,2026-04-22 08:00:00+00:00,2026-04-22 09:00:00+00:00,1,0.17,flat,7.77,272507.5,8,2,24,1,0.0,17.46,0.12,10.98,0.5,6,6,1.0,0.75,0.0,0.69,medium
test_2026_q2,naive_lag_24h,2026-04-22,3,2026-04-22 13:00:00+00:00,2026-04-22 14:00:00+00:00,1,0.17,flat,8.37,270127.5,1,9,24,7,0.2,14.08,0.91,14.36,-0.29,1,6,0.17,0.5,0.06,0.3,low
test_2026_q2,naive_lag_24h,2026-04-22,4,2026-04-22 09:00:00+00:00,2026-04-22 10:00:00+00:00,1,0.22,flat,7.97,274437.5,7,5,24,3,0.02,17.45,0.23,10.99,0.39,6,6,1.0,0.25,0.0,0.46,low
test_2026_q2,naive_lag_24h,2026-04-22,5,2026-04-22 11:00:00+00:00,2026-04-22 12:00:00+00:00,1,0.22,flat,8.34,282080.0,4,8,24,4,0.04,0.0,0.75,28.44,-0.13,6,6,1.0,0.0,0.12,0.37,low
test_2026_q2,naive_lag_24h,2026-04-23,1,2026-04-23 08:00:00+00:00,2026-04-23 09:00:00+00:00,1,0.15,flat,7.28,239657.5,7,2,24,1,0.0,51.33,0.0,27.87,0.79,6,6,1.0,1.0,0.0,0.8,high
test_2026_q2,naive_lag_24h,2026-04-23,2,2026-04-23 10:00:00+00:00,2026-04-23 11:00:00+00:00,1,0.15,flat,7.57,238142.5,3,6,24,3,0.17,21.13,0.8,58.07,-0.01,6,6,1.0,0.75,0.03,0.69,medium
test_2026_q2,naive_lag_24h,2026-04-23,3,2026-04-23 09:00:00+00:00,2026-04-23 10:00:00+00:00,1,0.17,flat,7.39,241145.0,6,4,24,2,0.13,45.33,0.66,33.87,0.13,6,6,1.0,0.5,0.03,0.58,medium
test_2026_q2,naive_lag_24h,2026-04-23,4,2026-04-23 11:00:00+00:00,2026-04-23 12:00:00+00:00,1,0.2,flat,7.91,240397.5,1,10,24,8,0.24,0.0,0.9,79.2,-0.11,6,6,1.0,0.25,0.06,0.47,low
test_2026_q2,naive_lag_24h,2026-04-23,5,2026-04-23 12:00:00+00:00,2026-04-23 13:00:00+00:00,1,0.24,flat,7.95,239335.0,2,11,24,10,0.28,0.93,0.93,78.27,-0.15,4,6,0.67,0.0,0.03,0.24,low
test_2026_q2,naive_lag_24h,2026-04-24,1,2026-04-24 08:00:00+00:00,2026-04-24 09:00:00+00:00,1,0.15,flat,7.33,245110.0,8,1,24,1,0.0,38.61,0.01,7.48,0.75,6,6,1.0,1.0,0.19,0.84,high
test_2026_q2,naive_lag_24h,2026-04-24,2,2026-04-24 09:00:00+00:00,2026-04-24 10:00:00+00:00,1,0.28,flat,7.99,250112.5,5,10,24,3,0.13,29.78,0.27,16.32,0.49,6,6,1.0,0.75,0.06,0.7,medium
test_2026_q2,naive_lag_24h,2026-04-24,3,2026-04-24 10:00:00+00:00,2026-04-24 11:00:00+00:00,1,0.33,flat,8.13,245887.5,3,14,24,6,0.17,22.9,0.39,23.19,0.37,6,6,1.0,0.5,0.0,0.57,medium
test_2026_q2,naive_lag_24h,2026-04-24,4,2026-04-24 16:00:00+00:00,2026-04-24 17:00:00+00:00,1,0.33,flat,7.93,252847.5,9,8,24,10,0.33,56.46,0.28,-10.37,0.48,1,6,0.17,0.25,0.06,0.18,low
test_2026_q2,naive_lag_24h,2026-04-24,5,2026-04-24 07:00:00+00:00,2026-04-24 08:00:00+00:00,1,0.37,flat,7.53,251862.5,17,2,24,2,0.11,52.66,0.0,-6.56,0.76,1,6,0.17,0.0,0.0,0.06,low
test_2026_q2,naive_lag_24h,2026-04-25,1,2026-04-25 08:00:00+00:00,2026-04-25 09:00:00+00:00,1,0.15,flat,7.64,258710.0,7,2,24,12,0.15,183.22,1.08,56.22,-1.08,6,6,1.0,1.0,0.17,0.83,high
test_2026_q2,naive_lag_24h,2026-04-25,2,2026-04-25 07:00:00+00:00,2026-04-25 08:00:00+00:00,1,0.26,flat,7.64,256382.5,13,1,24,5,0.02,195.96,0.46,43.48,-0.46,5,6,0.83,0.75,0.03,0.64,medium
test_2026_q2,naive_lag_24h,2026-04-25,3,2026-04-25 09:00:00+00:00,2026-04-25 10:00:00+00:00,1,0.28,flat,7.91,257990.0,6,9,24,8,0.07,146.94,0.91,92.5,-0.91,2,6,0.33,0.5,0.03,0.35,low
test_2026_q2,naive_lag_24h,2026-04-25,4,2026-04-25 11:00:00+00:00,2026-04-25 12:00:00+00:00,1,0.3,flat,8.03,245785.0,2,14,24,3,0.0,14.13,0.91,225.31,-0.91,6,6,1.0,0.25,0.0,0.46,low
test_2026_q2,naive_lag_24h,2026-04-25,5,2026-04-25 12:00:00+00:00,2026-04-25 13:00:00+00:00,1,0.3,flat,8.07,246050.0,1,15,24,4,0.0,0.0,1.04,239.44,-1.04,5,6,0.83,0.0,0.03,0.3,low
test_2026_q2,naive_lag_24h,2026-04-26,1,2026-04-26 06:00:00+00:00,2026-04-26 07:00:00+00:00,1,0.26,flat,8.81,244805.0,11,3,24,12,0.41,425.17,1.24,10.81,-0.81,1,6,0.17,1.0,0.0,0.51,medium
test_2026_q2,naive_lag_24h,2026-04-26,2,2026-04-26 10:00:00+00:00,2026-04-26 11:00:00+00:00,1,0.26,flat,9.35,240962.5,4,10,24,4,0.13,153.21,0.68,282.77,-0.24,2,6,0.33,0.75,0.0,0.45,low
test_2026_q2,naive_lag_24h,2026-04-26,3,2026-04-26 11:00:00+00:00,2026-04-26 12:00:00+00:00,1,0.26,flat,9.44,243760.0,2,12,24,1,0.0,0.0,0.43,435.98,0.01,6,6,1.0,0.5,0.0,0.57,medium
test_2026_q2,naive_lag_24h,2026-04-26,4,2026-04-26 12:00:00+00:00,2026-04-26 13:00:00+00:00,1,0.26,flat,9.56,243637.5,1,13,24,2,0.09,0.3,0.49,435.68,-0.05,6,6,1.0,0.25,0.03,0.47,low
test_2026_q2,naive_lag_24h,2026-04-26,5,2026-04-26 07:00:00+00:00,2026-04-26 08:00:00+00:00,1,0.28,flat,8.99,250027.5,9,6,24,6,0.33,412.65,1.04,23.32,-0.61,2,6,0.33,0.0,0.0,0.12,low
test_2026_q2,naive_lag_24h,2026-04-27,1,2026-04-27 11:00:00+00:00,2026-04-27 12:00:00+00:00,1,0.02,flat,8.98,239710.0,1,2,24,3,0.02,0.0,0.78,35.03,1.0,6,6,1.0,1.0,0.09,0.82,high
test_2026_q2,naive_lag_24h,2026-04-27,2,2026-04-27 12:00:00+00:00,2026-04-27 13:00:00+00:00,1,0.11,flat,9.05,238065.0,2,5,24,4,0.02,0.67,0.69,34.36,1.1,6,6,1.0,0.75,0.02,0.69,medium
test_2026_q2,naive_lag_24h,2026-04-27,3,2026-04-27 13:00:00+00:00,2026-04-27 14:00:00+00:00,1,0.13,flat,9.03,234805.0,4,4,24,5,0.15,0.82,1.11,34.2,0.68,6,6,1.0,0.5,0.02,0.58,medium
test_2026_q2,naive_lag_24h,2026-04-27,4,2026-04-27 10:00:00+00:00,2026-04-27 11:00:00+00:00,1,0.15,flat,9.24,243232.5,3,6,24,2,0.02,0.73,0.61,34.29,1.17,6,6,1.0,0.25,0.09,0.48,low
test_2026_q2,naive_lag_24h,2026-04-27,5,2026-04-27 14:00:00+00:00,2026-04-27 15:00:00+00:00,1,0.24,flat,9.25,237840.0,6,7,24,8,0.28,0.83,1.76,34.2,0.03,1,6,0.17,0.0,0.12,0.08,low
test_2026_q2,naive_lag_24h,2026-04-28,1,2026-04-28 09:00:00+00:00,2026-04-28 10:00:00+00:00,1,0.09,flat,7.63,250112.5,4,2,24,1,0.0,21.49,0.14,27.36,0.75,5,6,0.83,1.0,0.02,0.75,medium
test_2026_q2,naive_lag_24h,2026-04-28,2,2026-04-28 10:00:00+00:00,2026-04-28 11:00:00+00:00,1,0.11,flat,7.7,251860.0,3,4,24,3,0.02,20.46,0.31,28.39,0.59,6,6,1.0,0.75,0.0,0.69,medium
test_2026_q2,naive_lag_24h,2026-04-28,3,2026-04-28 11:00:00+00:00,2026-04-28 12:00:00+00:00,1,0.11,flat,7.87,251980.0,1,6,24,2,0.0,0.0,0.48,48.85,0.42,6,6,1.0,0.5,0.0,0.57,medium
test_2026_q2,naive_lag_24h,2026-04-28,4,2026-04-28 12:00:00+00:00,2026-04-28 13:00:00+00:00,1,0.11,flat,7.77,244040.0,2,5,24,5,0.09,11.2,0.5,37.65,0.4,6,6,1.0,0.25,0.14,0.49,low
test_2026_q2,naive_lag_24h,2026-04-28,5,2026-04-28 13:00:00+00:00,2026-04-28 14:00:00+00:00,1,0.24,flat,8.19,259645.0,5,8,24,7,0.15,19.08,0.59,29.76,0.3,3,6,0.5,0.0,0.02,0.18,low
test_2026_q2,naive_lag_24h,2026-04-29,1,2026-04-29 09:00:00+00:00,2026-04-29 10:00:00+00:00,1,0.13,flat,6.71,218672.5,6,2,24,14,0.3,43.99,1.02,9.12,-0.19,1,6,0.17,1.0,0.0,0.51,medium
test_2026_q2,naive_lag_24h,2026-04-29,2,2026-04-29 11:00:00+00:00,2026-04-29 12:00:00+00:00,1,0.13,flat,7.04,216672.5,1,7,24,3,0.02,0.0,0.5,53.11,0.33,2,6,0.33,0.75,0.03,0.46,low
test_2026_q2,naive_lag_24h,2026-04-29,3,2026-04-29 10:00:00+00:00,2026-04-29 11:00:00+00:00,1,0.15,flat,6.87,215157.5,5,4,24,15,0.3,23.14,1.1,29.97,-0.27,2,6,0.33,0.5,0.03,0.35,low
test_2026_q2,naive_lag_24h,2026-04-29,4,2026-04-29 08:00:00+00:00,2026-04-29 09:00:00+00:00,1,0.17,flat,6.57,218822.5,9,1,24,13,0.3,48.62,0.85,4.49,-0.02,2,6,0.33,0.25,0.06,0.24,low
test_2026_q2,naive_lag_24h,2026-04-29,5,2026-04-29 12:00:00+00:00,2026-04-29 13:00:00+00:00,1,0.22,flat,7.06,214247.5,2,10,24,1,0.0,4.03,0.43,49.08,0.4,6,6,1.0,0.0,0.03,0.36,low
test_2026_q2,naive_lag_24h,2026-04-30,1,2026-04-30 12:00:00+00:00,2026-04-30 13:00:00+00:00,1,0.24,flat,7.01,227802.5,2,10,22,10,0.33,4.75,0.83,39.66,-0.17,1,6,0.17,1.0,0.05,0.52,medium
test_2026_q2,naive_lag_24h,2026-04-30,2,2026-04-30 15:00:00+00:00,2026-04-30 16:00:00+00:00,1,0.26,flat,6.87,214145.0,7,6,22,17,0.48,33.76,0.79,10.65,-0.13,1,6,0.17,0.75,0.0,0.4,low
test_2026_q2,naive_lag_24h,2026-04-30,3,2026-04-30 11:00:00+00:00,2026-04-30 12:00:00+00:00,1,0.26,flat,7.07,228652.5,1,12,22,6,0.21,0.0,0.75,44.42,-0.09,6,6,1.0,0.5,0.05,0.58,medium
test_2026_q2,naive_lag_24h,2026-04-30,4,2026-04-30 14:00:00+00:00,2026-04-30 15:00:00+00:00,1,0.29,flat,6.97,218905.0,5,9,22,16,0.48,29.62,1.2,14.8,-0.54,1,6,0.17,0.25,0.09,0.19,low
test_2026_q2,naive_lag_24h,2026-04-30,5,2026-04-30 13:00:00+00:00,2026-04-30 14:00:00+00:00,1,0.33,flat,7.1,227035.0,3,13,22,12,0.4,20.03,1.01,24.39,-0.35,1,6,0.17,0.0,0.14,0.09,low
test_2026_q2,naive_lag_24h,2026-05-22,1,2026-05-22 09:00:00+00:00,2026-05-22 10:00:00+00:00,1,0.02,decrease,6.58,410097.5,1,2,24,3,0.09,0.01,0.01,84.43,0.87,6,6,1.0,1.0,0.05,0.81,high
test_2026_q2,naive_lag_24h,2026-05-22,2,2026-05-22 11:00:00+00:00,2026-05-22 12:00:00+00:00,1,0.07,increase,6.61,413910.0,2,3,24,1,0.0,0.0,0.17,84.44,0.7,6,6,1.0,0.75,0.08,0.7,medium
test_2026_q2,naive_lag_24h,2026-05-22,3,2026-05-22 10:00:00+00:00,2026-05-22 11:00:00+00:00,1,0.13,decrease,6.3,414387.5,7,1,24,2,0.04,0.01,0.0,84.43,0.87,6,6,1.0,0.5,0.0,0.57,medium
test_2026_q2,naive_lag_24h,2026-05-22,4,2026-05-22 13:00:00+00:00,2026-05-22 14:00:00+00:00,1,0.13,increase,6.63,412340.0,4,4,24,4,0.09,0.0,0.28,84.44,0.59,1,6,0.17,0.25,0.03,0.18,low
test_2026_q2,naive_lag_24h,2026-05-22,5,2026-05-22 12:00:00+00:00,2026-05-22 13:00:00+00:00,1,0.15,increase,6.67,416362.5,3,6,24,5,0.11,0.0,0.39,84.44,0.49,6,6,1.0,0.0,0.08,0.37,low
test_2026_q2,naive_lag_24h,2026-05-23,1,2026-05-23 11:00:00+00:00,2026-05-23 12:00:00+00:00,1,0.04,flat,6.95,431557.5,1,3,24,7,0.15,0.0,2.29,92.61,-0.53,5,6,0.83,1.0,0.06,0.75,high
test_2026_q2,naive_lag_24h,2026-05-23,2,2026-05-23 10:00:00+00:00,2026-05-23 11:00:00+00:00,1,0.09,flat,6.77,437632.5,5,1,24,16,0.26,19.26,2.35,73.34,-0.59,6,6,1.0,0.75,0.06,0.7,medium
test_2026_q2,naive_lag_24h,2026-05-23,3,2026-05-23 09:00:00+00:00,2026-05-23 10:00:00+00:00,1,0.13,flat,6.78,433120.0,6,2,24,9,0.2,27.68,2.27,64.92,-0.5,5,6,0.83,0.5,0.0,0.52,medium
test_2026_q2,naive_lag_24h,2026-05-23,4,2026-05-23 13:00:00+00:00,2026-05-23 14:00:00+00:00,1,0.13,flat,7.05,430910.0,3,5,24,14,0.24,27.55,2.3,65.06,-0.53,3,6,0.5,0.25,0.03,0.29,low
test_2026_q2,naive_lag_24h,2026-05-23,5,2026-05-23 12:00:00+00:00,2026-05-23 13:00:00+00:00,1,0.15,flat,7.16,444087.5,2,7,24,10,0.22,13.29,2.34,79.32,-0.58,4,6,0.67,0.0,0.08,0.25,low
test_2026_q2,naive_lag_24h,2026-05-24,1,2026-05-24 23:00:00+00:00,2026-05-25 00:00:00+00:00,1,0.28,flat,6.38,354835.0,13,2,24,17,0.13,109.94,0.61,0.45,-0.06,2,6,0.33,1.0,0.05,0.58,medium
test_2026_q2,naive_lag_24h,2026-05-24,2,2026-05-24 16:00:00+00:00,2026-05-24 17:00:00+00:00,1,0.3,flat,7.54,414745.0,10,6,24,2,0.0,89.12,0.75,21.27,-0.2,2,6,0.33,0.75,0.05,0.46,low
test_2026_q2,naive_lag_24h,2026-05-24,3,2026-05-24 15:00:00+00:00,2026-05-24 16:00:00+00:00,1,0.33,flat,8.03,420120.0,8,9,24,5,0.07,75.37,1.12,35.03,-0.57,1,6,0.17,0.5,0.15,0.31,low
test_2026_q2,naive_lag_24h,2026-05-24,4,2026-05-24 17:00:00+00:00,2026-05-24 18:00:00+00:00,1,0.39,flat,7.76,412002.5,12,8,24,3,0.0,101.9,0.57,8.49,-0.02,1,6,0.17,0.25,0.1,0.19,low
test_2026_q2,naive_lag_24h,2026-05-24,5,2026-05-24 06:00:00+00:00,2026-05-24 07:00:00+00:00,1,0.43,flat,8.11,431227.5,11,11,24,14,0.13,84.06,1.2,26.33,-0.65,1,6,0.17,0.0,0.0,0.06,low
test_2026_q2,naive_lag_24h,2026-05-25,1,2026-05-25 12:00:00+00:00,2026-05-25 13:00:00+00:00,1,0.39,flat,7.5,344002.5,2,18,24,5,0.09,6.15,0.81,34.11,-0.17,6,6,1.0,1.0,0.0,0.8,high
test_2026_q2,naive_lag_24h,2026-05-25,2,2026-05-25 16:00:00+00:00,2026-05-25 17:00:00+00:00,1,0.39,flat,6.93,355137.5,11,9,24,9,0.15,47.59,0.14,-7.33,0.5,1,6,0.17,0.75,0.0,0.4,low
test_2026_q2,naive_lag_24h,2026-05-25,3,2026-05-25 17:00:00+00:00,2026-05-25 18:00:00+00:00,1,0.39,flat,6.75,355292.5,13,7,24,8,0.15,69.3,0.05,-29.04,0.59,1,6,0.17,0.5,0.0,0.28,low
test_2026_q2,naive_lag_24h,2026-05-25,4,2026-05-25 11:00:00+00:00,2026-05-25 12:00:00+00:00,1,0.39,flat,7.53,344542.5,1,19,24,7,0.15,0.0,0.91,40.26,-0.27,5,6,0.83,0.25,0.3,0.46,low
test_2026_q2,naive_lag_24h,2026-05-25,5,2026-05-25 15:00:00+00:00,2026-05-25 16:00:00+00:00,1,0.46,flat,7.29,349452.5,9,14,24,1,0.0,26.91,0.12,13.35,0.52,2,6,0.33,0.0,0.0,0.12,low
test_2026_q2,naive_lag_24h,2026-05-26,1,2026-05-26 15:00:00+00:00,2026-05-26 16:00:00+00:00,1,0.28,flat,6.32,348415.0,9,6,24,3,0.11,20.8,0.23,52.77,-0.15,1,6,0.17,1.0,0.16,0.54,medium
test_2026_q2,naive_lag_24h,2026-05-26,2,2026-05-26 07:00:00+00:00,2026-05-26 08:00:00+00:00,1,0.35,flat,6.63,353552.5,8,10,24,1,0.0,27.25,0.0,46.32,0.08,5,6,0.83,0.75,0.0,0.63,medium
test_2026_q2,naive_lag_24h,2026-05-26,3,2026-05-26 08:00:00+00:00,2026-05-26 09:00:00+00:00,1,0.35,flat,6.83,347332.5,6,12,24,10,0.2,1.14,1.04,72.43,-0.96,6,6,1.0,0.5,0.0,0.57,medium
test_2026_q2,naive_lag_24h,2026-05-26,4,2026-05-26 14:00:00+00:00,2026-05-26 15:00:00+00:00,1,0.35,flat,6.79,335455.0,7,11,24,7,0.15,0.17,0.45,73.4,-0.37,1,6,0.17,0.25,0.05,0.18,low
test_2026_q2,naive_lag_24h,2026-05-26,5,2026-05-26 12:00:00+00:00,2026-05-26 13:00:00+00:00,1,0.37,flat,7.01,337300.0,2,17,24,12,0.2,0.0,1.96,73.57,-1.88,1,6,0.17,0.0,0.11,0.08,low
test_2026_q2,naive_lag_24h,2026-05-27,1,2026-05-27 07:00:00+00:00,2026-05-27 08:00:00+00:00,1,0.17,flat,6.69,402807.5,9,1,24,8,0.22,42.55,0.21,71.49,0.74,1,6,0.17,1.0,0.11,0.53,medium
test_2026_q2,naive_lag_24h,2026-05-27,2,2026-05-27 00:00:00+00:00,2026-05-27 01:00:00+00:00,1,0.26,flat,6.77,363600.0,11,3,24,15,0.54,114.04,0.95,0.0,0.0,1,6,0.17,0.75,0.03,0.4,low
test_2026_q2,naive_lag_24h,2026-05-27,3,2026-05-27 15:00:00+00:00,2026-05-27 16:00:00+00:00,1,0.28,flat,6.92,437767.5,8,7,24,9,0.3,29.27,0.72,84.77,0.23,1,6,0.17,0.5,0.03,0.29,low
test_2026_q2,naive_lag_24h,2026-05-27,4,2026-05-27 13:00:00+00:00,2026-05-27 14:00:00+00:00,1,0.3,flat,7.96,490260.0,3,13,24,3,0.04,0.24,0.09,113.8,0.86,3,6,0.5,0.25,0.03,0.29,low
test_2026_q2,naive_lag_24h,2026-05-27,5,2026-05-27 03:00:00+00:00,2026-05-27 04:00:00+00:00,1,0.33,flat,6.69,353387.5,15,2,24,14,0.52,107.94,1.0,6.1,-0.06,1,6,0.17,0.0,0.0,0.06,low
test_2026_q2,naive_lag_24h,2026-05-28,1,2026-05-28 10:00:00+00:00,2026-05-28 11:00:00+00:00,1,0.07,flat,6.36,401695.0,3,2,24,3,0.09,0.0,0.07,95.76,4.05,6,6,1.0,1.0,0.05,0.81,high
test_2026_q2,naive_lag_24h,2026-05-28,2,2026-05-28 08:00:00+00:00,2026-05-28 09:00:00+00:00,1,0.11,flat,6.29,387892.5,6,1,24,5,0.17,17.75,0.08,78.01,4.05,2,6,0.33,0.75,0.0,0.45,low
test_2026_q2,naive_lag_24h,2026-05-28,3,2026-05-28 13:00:00+00:00,2026-05-28 14:00:00+00:00,1,0.11,flat,6.38,395645.0,4,3,24,6,0.2,1.3,0.29,94.47,3.83,5,6,0.83,0.5,0.05,0.53,medium
test_2026_q2,naive_lag_24h,2026-05-28,4,2026-05-28 09:00:00+00:00,2026-05-28 10:00:00+00:00,1,0.15,flat,6.4,399717.5,5,4,24,4,0.15,0.56,0.11,95.2,4.02,6,6,1.0,0.25,0.0,0.46,low
test_2026_q2,naive_lag_24h,2026-05-28,5,2026-05-28 11:00:00+00:00,2026-05-28 12:00:00+00:00,1,0.15,flat,6.53,394512.5,2,7,24,1,0.0,0.0,0.0,95.77,4.13,6,6,1.0,0.0,0.0,0.35,low
test_2026_q2,naive_lag_24h,2026-05-29,1,2026-05-29 11:00:00+00:00,2026-05-29 12:00:00+00:00,1,0.0,flat,5.94,377410.0,1,1,24,4,0.07,0.0,0.41,120.48,3.6,6,6,1.0,1.0,0.05,0.81,high
test_2026_q2,naive_lag_24h,2026-05-29,2,2026-05-29 12:00:00+00:00,2026-05-29 13:00:00+00:00,1,0.04,flat,5.99,376957.5,2,2,24,1,0.0,0.64,0.0,119.83,4.01,6,6,1.0,0.75,0.05,0.7,medium
test_2026_q2,naive_lag_24h,2026-05-29,3,2026-05-29 10:00:00+00:00,2026-05-29 11:00:00+00:00,1,0.09,flat,6.01,377017.5,3,3,24,2,0.04,0.35,0.27,120.13,3.74,6,6,1.0,0.5,0.07,0.59,medium
test_2026_q2,naive_lag_24h,2026-05-29,4,2026-05-29 09:00:00+00:00,2026-05-29 10:00:00+00:00,1,0.15,flat,6.05,375352.5,4,5,24,5,0.09,2.05,0.26,118.42,3.75,5,6,0.83,0.25,0.02,0.41,low
test_2026_q2,naive_lag_24h,2026-05-29,5,2026-05-29 08:00:00+00:00,2026-05-29 09:00:00+00:00,1,0.17,flat,6.01,372162.5,6,4,24,7,0.22,15.72,0.71,104.76,3.3,1,6,0.17,0.0,0.02,0.06,low
test_2026_q2,naive_lag_24h,2026-05-30,1,2026-05-30 12:00:00+00:00,2026-05-30 13:00:00+00:00,1,0.04,flat,5.96,377397.5,3,1,24,1,0.0,0.0,1.39,99.16,2.63,5,6,0.83,1.0,0.05,0.75,high
test_2026_q2,naive_lag_24h,2026-05-30,2,2026-05-30 10:00:00+00:00,2026-05-30 11:00:00+00:00,1,0.09,flat,6.23,391055.0,2,4,24,11,0.17,0.1,1.58,99.07,2.44,6,6,1.0,0.75,0.0,0.69,medium
test_2026_q2,naive_lag_24h,2026-05-30,3,2026-05-30 13:00:00+00:00,2026-05-30 14:00:00+00:00,1,0.09,flat,6.18,384047.5,4,2,24,5,0.02,0.1,1.28,99.07,2.74,2,6,0.33,0.5,0.02,0.35,low
test_2026_q2,naive_lag_24h,2026-05-30,4,2026-05-30 11:00:00+00:00,2026-05-30 12:00:00+00:00,1,0.11,flat,6.37,400570.0,1,6,24,8,0.11,0.02,1.54,99.14,2.48,6,6,1.0,0.25,0.02,0.47,low
test_2026_q2,naive_lag_24h,2026-05-30,5,2026-05-30 09:00:00+00:00,2026-05-30 10:00:00+00:00,1,0.13,flat,6.21,387682.5,5,3,24,6,0.07,0.1,1.36,99.06,2.66,6,6,1.0,0.0,0.07,0.36,low
test_2026_q2,naive_lag_24h,2026-05-31,1,2026-05-31 12:00:00+00:00,2026-05-31 13:00:00+00:00,1,0.2,flat,7.1,363465.0,1,10,24,6,0.11,0.0,0.65,65.5,-0.08,6,6,1.0,1.0,0.0,0.8,high
test_2026_q2,naive_lag_24h,2026-05-31,2,2026-05-31 15:00:00+00:00,2026-05-31 16:00:00+00:00,1,0.2,flat,6.21,354995.0,8,3,24,5,0.09,0.0,0.57,65.49,-0.0,1,6,0.17,0.75,0.0,0.4,low
test_2026_q2,naive_lag_24h,2026-05-31,3,2026-05-31 16:00:00+00:00,2026-05-31 17:00:00+00:00,1,0.2,flat,5.71,323710.0,10,1,24,4,0.07,3.98,0.32,61.52,0.25,1,6,0.17,0.5,0.03,0.29,low
test_2026_q2,naive_lag_24h,2026-05-31,4,2026-05-31 14:00:00+00:00,2026-05-31 15:00:00+00:00,1,0.22,flat,6.4,357472.5,7,5,24,7,0.11,0.0,0.64,65.5,-0.08,2,6,0.33,0.25,0.0,0.23,low
test_2026_q2,naive_lag_24h,2026-05-31,5,2026-05-31 13:00:00+00:00,2026-05-31 14:00:00+00:00,1,0.22,flat,6.99,359855.0,4,8,24,1,0.0,0.01,0.34,65.49,0.23,1,6,0.17,0.0,0.06,0.07,low
test_2026_q2,naive_lag_24h,2026-06-01,1,2026-06-01 13:00:00+00:00,2026-06-01 14:00:00+00:00,1,0.26,flat,6.37,351417.5,6,8,24,1,0.0,0.0,0.0,38.58,1.08,5,6,0.83,1.0,0.04,0.75,medium
test_2026_q2,naive_lag_24h,2026-06-01,2,2026-06-01 10:00:00+00:00,2026-06-01 11:00:00+00:00,1,0.28,flat,6.56,349315.0,4,11,24,5,0.2,7.86,0.1,30.73,0.98,6,6,1.0,0.75,0.08,0.7,medium
test_2026_q2,naive_lag_24h,2026-06-01,3,2026-06-01 09:00:00+00:00,2026-06-01 10:00:00+00:00,1,0.33,flat,6.46,349312.5,7,10,24,4,0.2,9.75,0.08,28.83,1.0,6,6,1.0,0.5,0.0,0.57,medium
test_2026_q2,naive_lag_24h,2026-06-01,4,2026-06-01 16:00:00+00:00,2026-06-01 17:00:00+00:00,1,0.33,flat,6.35,353600.0,10,7,24,16,0.63,43.82,2.17,-5.23,-1.1,1,6,0.17,0.25,0.04,0.18,low
test_2026_q2,naive_lag_24h,2026-06-01,5,2026-06-01 15:00:00+00:00,2026-06-01 16:00:00+00:00,1,0.35,flat,6.61,348940.0,5,13,24,11,0.46,12.6,1.6,25.99,-0.52,1,6,0.17,0.0,0.04,0.07,low
test_2026_q2,naive_lag_24h,2026-06-02,1,2026-06-02 13:00:00+00:00,2026-06-02 14:00:00+00:00,1,0.0,flat,5.65,355347.5,1,1,24,2,0.09,0.06,2.11,30.42,1.48,1,6,0.17,1.0,0.09,0.53,medium
test_2026_q2,naive_lag_24h,2026-06-02,2,2026-06-02 11:00:00+00:00,2026-06-02 12:00:00+00:00,1,0.09,flat,5.72,369582.5,2,4,24,10,0.24,0.07,2.36,30.41,1.23,6,6,1.0,0.75,0.0,0.69,medium
test_2026_q2,naive_lag_24h,2026-06-02,3,2026-06-02 12:00:00+00:00,2026-06-02 13:00:00+00:00,1,0.09,flat,5.71,366607.5,4,2,24,4,0.11,0.07,2.08,30.41,1.51,4,6,0.67,0.5,0.11,0.48,low
test_2026_q2,naive_lag_24h,2026-06-02,4,2026-06-02 09:00:00+00:00,2026-06-02 10:00:00+00:00,1,0.2,flat,5.73,363440.0,6,5,24,3,0.11,0.21,1.3,30.27,2.29,6,6,1.0,0.25,0.0,0.46,low
test_2026_q2,naive_lag_24h,2026-06-02,5,2026-06-02 10:00:00+00:00,2026-06-02 11:00:00+00:00,1,0.2,flat,5.75,370392.5,5,6,24,8,0.2,0.08,2.11,30.4,1.48,6,6,1.0,0.0,0.0,0.35,low
test_2026_q2,naive_lag_24h,2026-06-03,1,2026-06-03 22:00:00+00:00,2026-06-03 23:00:00+00:00,1,0.13,flat,5.85,339065.0,7,1,24,16,0.57,8.49,0.56,12.3,0.23,2,6,0.33,1.0,0.11,0.59,medium
test_2026_q2,naive_lag_24h,2026-06-03,2,2026-06-03 13:00:00+00:00,2026-06-03 14:00:00+00:00,1,0.22,flat,7.96,512907.5,2,10,24,2,0.02,0.0,0.15,20.79,0.64,5,6,0.83,0.75,0.03,0.63,medium
test_2026_q2,naive_lag_24h,2026-06-03,3,2026-06-03 09:00:00+00:00,2026-06-03 10:00:00+00:00,1,0.24,flat,7.15,460275.0,8,5,24,10,0.37,0.09,0.59,20.7,0.2,4,6,0.67,0.5,0.0,0.46,low
test_2026_q2,naive_lag_24h,2026-06-03,4,2026-06-03 12:00:00+00:00,2026-06-03 13:00:00+00:00,1,0.24,flat,7.93,510902.5,4,9,24,3,0.04,0.09,0.0,20.7,0.79,6,6,1.0,0.25,0.03,0.47,low
test_2026_q2,naive_lag_24h,2026-06-03,5,2026-06-03 08:00:00+00:00,2026-06-03 09:00:00+00:00,1,0.26,flat,6.52,402027.5,10,4,24,11,0.39,0.1,0.39,20.7,0.4,3,6,0.5,0.0,0.0,0.18,low
test_2026_q2,naive_lag_24h,2026-06-04,1,2026-06-04 11:00:00+00:00,2026-06-04 12:00:00+00:00,1,0.07,flat,5.7,357522.5,3,2,24,1,0.0,0.0,0.39,3.8,1.48,6,6,1.0,1.0,0.03,0.81,high
test_2026_q2,naive_lag_24h,2026-06-04,2,2026-06-04 13:00:00+00:00,2026-06-04 14:00:00+00:00,1,0.09,flat,5.82,354842.5,1,5,24,6,0.22,0.0,0.85,3.8,1.02,5,6,0.83,0.75,0.03,0.63,medium
test_2026_q2,naive_lag_24h,2026-06-04,3,2026-06-04 12:00:00+00:00,2026-06-04 13:00:00+00:00,1,0.11,flat,5.68,352622.5,6,1,24,5,0.13,0.0,0.78,3.8,1.09,6,6,1.0,0.5,0.17,0.61,medium
test_2026_q2,naive_lag_24h,2026-06-04,4,2026-06-04 14:00:00+00:00,2026-06-04 15:00:00+00:00,1,0.24,flat,5.96,357442.5,2,11,24,4,0.11,0.0,0.82,3.8,1.06,2,6,0.33,0.25,0.0,0.23,low
test_2026_q2,naive_lag_24h,2026-06-04,5,2026-06-04 16:00:00+00:00,2026-06-04 17:00:00+00:00,1,0.24,flat,5.76,370325.0,10,3,24,8,0.24,0.14,0.73,3.66,1.15,1,6,0.17,0.0,0.06,0.07,low
test_2026_q2,naive_lag_24h,2026-06-05,1,2026-06-05 11:00:00+00:00,2026-06-05 12:00:00+00:00,1,0.07,flat,4.93,300910.0,2,3,24,5,0.13,1.2,0.06,9.5,1.19,6,6,1.0,1.0,0.09,0.82,high
test_2026_q2,naive_lag_24h,2026-06-05,2,2026-06-05 09:00:00+00:00,2026-06-05 10:00:00+00:00,1,0.13,flat,4.65,296907.5,6,2,24,1,0.0,0.62,0.01,10.08,1.23,6,6,1.0,0.75,0.0,0.69,medium
test_2026_q2,naive_lag_24h,2026-06-05,3,2026-06-05 10:00:00+00:00,2026-06-05 11:00:00+00:00,1,0.13,flat,4.53,286617.5,7,1,24,2,0.09,2.08,0.0,8.62,1.25,6,6,1.0,0.5,0.06,0.59,medium
test_2026_q2,naive_lag_24h,2026-06-05,4,2026-06-05 14:00:00+00:00,2026-06-05 15:00:00+00:00,1,0.17,flat,5.35,322650.0,1,9,24,6,0.13,0.72,0.31,9.98,0.94,1,6,0.17,0.25,0.03,0.18,low
test_2026_q2,naive_lag_24h,2026-06-05,5,2026-06-05 12:00:00+00:00,2026-06-05 13:00:00+00:00,1,0.2,flat,5.32,323875.0,3,8,24,3,0.09,1.0,0.03,9.7,1.22,6,6,1.0,0.0,0.12,0.37,low
test_2026_q2,naive_lag_24h,2026-06-06,1,2026-06-06 09:00:00+00:00,2026-06-06 10:00:00+00:00,1,0.04,flat,4.88,312062.5,2,2,24,2,0.07,0.0,0.22,13.65,0.22,5,6,0.83,1.0,0.11,0.76,high
test_2026_q2,naive_lag_24h,2026-06-06,2,2026-06-06 10:00:00+00:00,2026-06-06 11:00:00+00:00,1,0.13,flat,4.87,311775.0,7,1,24,1,0.0,0.04,0.0,13.61,0.45,6,6,1.0,0.75,0.0,0.69,medium
test_2026_q2,naive_lag_24h,2026-06-06,3,2026-06-06 12:00:00+00:00,2026-06-06 13:00:00+00:00,1,0.13,flat,4.9,309515.0,5,3,24,6,0.24,0.01,0.34,13.64,0.1,6,6,1.0,0.5,0.0,0.57,medium
test_2026_q2,naive_lag_24h,2026-06-06,4,2026-06-06 13:00:00+00:00,2026-06-06 14:00:00+00:00,1,0.13,flat,5.01,312175.0,3,5,24,10,0.39,0.0,0.66,13.65,-0.21,2,6,0.33,0.25,0.06,0.24,low
test_2026_q2,naive_lag_24h,2026-06-06,5,2026-06-06 11:00:00+00:00,2026-06-06 12:00:00+00:00,1,0.17,flat,4.92,311752.5,6,4,24,3,0.07,0.06,0.09,13.59,0.36,6,6,1.0,0.0,0.0,0.35,low
test_2026_q2,naive_lag_24h,2026-06-07,1,2026-06-07 10:00:00+00:00,2026-06-07 11:00:00+00:00,1,0.09,flat,5.52,310112.5,5,1,24,6,0.13,26.4,0.66,35.33,-0.52,5,6,0.83,1.0,0.09,0.76,high
test_2026_q2,naive_lag_24h,2026-06-07,2,2026-06-07 09:00:00+00:00,2026-06-07 10:00:00+00:00,1,0.15,flat,5.74,309432.5,2,7,24,8,0.2,30.62,0.72,31.11,-0.58,2,6,0.33,0.75,0.0,0.45,low
test_2026_q2,naive_lag_24h,2026-06-07,3,2026-06-07 11:00:00+00:00,2026-06-07 12:00:00+00:00,1,0.15,flat,5.61,315002.5,6,3,24,2,0.07,8.8,0.63,52.92,-0.49,6,6,1.0,0.5,0.06,0.59,medium
test_2026_q2,naive_lag_24h,2026-06-07,4,2026-06-07 07:00:00+00:00,2026-06-07 08:00:00+00:00,1,0.2,flat,5.58,312585.0,9,2,24,14,0.35,39.61,1.0,22.11,-0.86,1,6,0.17,0.25,0.11,0.19,low
test_2026_q2,naive_lag_24h,2026-06-07,5,2026-06-07 08:00:00+00:00,2026-06-07 09:00:00+00:00,1,0.28,flat,5.76,310485.0,7,8,24,12,0.26,36.66,0.82,25.06,-0.68,2,6,0.33,0.0,0.06,0.13,low
test_2026_q2,naive_lag_24h,2026-06-08,1,2026-06-08 12:00:00+00:00,2026-06-08 13:00:00+00:00,1,0.15,flat,6.9,329025.0,1,8,24,3,0.09,1.12,0.14,22.55,1.05,6,6,1.0,1.0,0.08,0.82,high
test_2026_q2,naive_lag_24h,2026-06-08,2,2026-06-08 11:00:00+00:00,2026-06-08 12:00:00+00:00,1,0.22,flat,6.91,328545.0,3,9,24,5,0.2,2.62,0.21,21.05,0.99,6,6,1.0,0.75,0.0,0.69,medium
test_2026_q2,naive_lag_24h,2026-06-08,3,2026-06-08 14:00:00+00:00,2026-06-08 15:00:00+00:00,1,0.22,flat,6.86,329020.0,5,7,24,2,0.0,0.0,0.05,23.67,1.14,5,6,0.83,0.5,0.0,0.52,medium
test_2026_q2,naive_lag_24h,2026-06-08,4,2026-06-08 13:00:00+00:00,2026-06-08 14:00:00+00:00,1,0.22,flat,6.93,329300.0,2,10,24,1,0.0,0.13,0.0,23.54,1.19,6,6,1.0,0.25,0.03,0.47,low
test_2026_q2,naive_lag_24h,2026-06-08,5,2026-06-08 16:00:00+00:00,2026-06-08 17:00:00+00:00,1,0.24,flat,6.28,330095.0,12,1,24,7,0.28,7.58,0.33,16.09,0.87,2,6,0.33,0.0,0.05,0.13,low
test_2026_q2,naive_lag_24h,2026-06-09,1,2026-06-09 13:00:00+00:00,2026-06-09 14:00:00+00:00,1,0.02,flat,5.01,321590.0,2,1,24,7,0.22,0.02,0.18,33.26,0.48,3,6,0.5,1.0,0.0,0.62,medium
test_2026_q2,naive_lag_24h,2026-06-09,2,2026-06-09 14:00:00+00:00,2026-06-09 15:00:00+00:00,1,0.02,flat,5.06,322767.5,1,2,24,6,0.2,0.01,0.23,33.27,0.44,5,6,0.83,0.75,0.11,0.65,medium
test_2026_q2,naive_lag_24h,2026-06-09,3,2026-06-09 12:00:00+00:00,2026-06-09 13:00:00+00:00,1,0.11,flat,5.15,325227.5,4,3,24,4,0.13,0.02,0.11,33.26,0.55,6,6,1.0,0.5,0.03,0.58,medium
test_2026_q2,naive_lag_24h,2026-06-09,4,2026-06-09 15:00:00+00:00,2026-06-09 16:00:00+00:00,1,0.13,flat,5.19,325715.0,3,5,24,9,0.3,0.02,0.21,33.26,0.45,1,6,0.17,0.25,0.11,0.19,low
test_2026_q2,naive_lag_24h,2026-06-09,5,2026-06-09 11:00:00+00:00,2026-06-09 12:00:00+00:00,1,0.22,flat,5.21,324742.5,5,7,24,3,0.09,0.02,0.07,33.26,0.6,5,6,0.83,0.0,0.03,0.3,low
test_2026_q2,naive_lag_24h,2026-06-10,1,2026-06-10 09:00:00+00:00,2026-06-10 10:00:00+00:00,1,0.02,flat,5.27,324990.0,1,2,24,4,0.04,0.1,0.07,58.6,0.73,5,6,0.83,1.0,0.03,0.75,medium
test_2026_q2,naive_lag_24h,2026-06-10,2,2026-06-10 10:00:00+00:00,2026-06-10 11:00:00+00:00,1,0.04,flat,5.26,325900.0,3,1,24,3,0.02,0.1,0.0,58.6,0.8,4,6,0.67,0.75,0.08,0.59,medium
test_2026_q2,naive_lag_24h,2026-06-10,3,2026-06-10 11:00:00+00:00,2026-06-10 12:00:00+00:00,1,0.11,flat,5.33,326452.5,4,3,24,1,0.0,0.1,0.04,58.6,0.76,6,6,1.0,0.5,0.05,0.59,medium
test_2026_q2,naive_lag_24h,2026-06-10,4,2026-06-10 12:00:00+00:00,2026-06-10 13:00:00+00:00,1,0.15,flat,5.38,328125.0,5,4,24,2,0.0,0.08,0.07,58.62,0.73,6,6,1.0,0.25,0.08,0.48,low
test_2026_q2,naive_lag_24h,2026-06-10,5,2026-06-10 08:00:00+00:00,2026-06-10 09:00:00+00:00,1,0.22,flat,5.4,328545.0,7,5,24,6,0.13,0.11,0.08,58.59,0.72,3,6,0.5,0.0,0.0,0.18,low
test_2026_q2,naive_lag_24h,2026-06-11,1,2026-06-11 11:00:00+00:00,2026-06-11 12:00:00+00:00,1,0.11,flat,5.39,327322.5,5,2,24,3,0.09,0.0,0.31,22.21,0.29,4,6,0.67,1.0,0.0,0.68,medium
test_2026_q2,naive_lag_24h,2026-06-11,2,2026-06-11 12:00:00+00:00,2026-06-11 13:00:00+00:00,1,0.11,flat,5.42,328297.5,3,4,24,7,0.13,0.0,0.35,22.21,0.25,3,6,0.5,0.75,0.03,0.52,medium
test_2026_q2,naive_lag_24h,2026-06-11,3,2026-06-11 10:00:00+00:00,2026-06-11 11:00:00+00:00,1,0.13,flat,5.35,323555.0,7,1,24,6,0.13,0.0,0.38,22.21,0.22,2,6,0.33,0.5,0.03,0.35,low
test_2026_q2,naive_lag_24h,2026-06-11,4,2026-06-11 09:00:00+00:00,2026-06-11 10:00:00+00:00,1,0.15,flat,5.41,324787.5,6,3,24,12,0.33,0.0,0.54,22.21,0.05,6,6,1.0,0.25,0.0,0.46,low
test_2026_q2,naive_lag_24h,2026-06-11,5,2026-06-11 13:00:00+00:00,2026-06-11 14:00:00+00:00,1,0.15,flat,5.45,326945.0,2,7,24,9,0.26,0.0,0.46,22.21,0.13,1,6,0.17,0.0,0.12,0.08,low
test_2026_q2,naive_lag_24h,2026-06-12,1,2026-06-12 14:00:00+00:00,2026-06-12 15:00:00+00:00,1,0.15,flat,5.55,332337.5,5,4,24,7,0.13,0.0,0.32,13.64,0.18,1,6,0.17,1.0,0.0,0.51,medium
test_2026_q2,naive_lag_24h,2026-06-12,2,2026-06-12 15:00:00+00:00,2026-06-12 16:00:00+00:00,1,0.15,flat,5.37,333497.5,8,1,24,10,0.3,0.05,0.35,13.59,0.15,1,6,0.17,0.75,0.12,0.42,low
test_2026_q2,naive_lag_24h,2026-06-12,3,2026-06-12 11:00:00+00:00,2026-06-12 12:00:00+00:00,1,0.24,flat,5.68,355072.5,2,11,24,5,0.09,0.04,0.06,13.6,0.44,6,6,1.0,0.5,0.03,0.58,medium
test_2026_q2,naive_lag_24h,2026-06-12,4,2026-06-12 08:00:00+00:00,2026-06-12 09:00:00+00:00,1,0.26,flat,5.58,344332.5,7,7,24,4,0.09,0.05,0.03,13.59,0.47,6,6,1.0,0.25,0.0,0.46,low
test_2026_q2,naive_lag_24h,2026-06-12,5,2026-06-12 16:00:00+00:00,2026-06-12 17:00:00+00:00,1,0.26,flat,5.48,335392.5,12,2,24,11,0.37,5.13,0.35,8.51,0.14,1,6,0.17,0.0,0.03,0.06,low
test_2026_q2,naive_lag_24h,2026-06-13,1,2026-06-13 10:00:00+00:00,2026-06-13 11:00:00+00:00,1,0.09,flat,5.75,358375.0,4,2,24,4,0.11,18.44,1.4,76.32,-0.78,4,6,0.67,1.0,0.07,0.7,medium
test_2026_q2,naive_lag_24h,2026-06-13,2,2026-06-13 09:00:00+00:00,2026-06-13 10:00:00+00:00,1,0.15,flat,5.84,356837.5,3,6,24,16,0.24,30.22,1.57,64.54,-0.94,3,6,0.5,0.75,0.02,0.52,medium
test_2026_q2,naive_lag_24h,2026-06-13,3,2026-06-13 07:00:00+00:00,2026-06-13 08:00:00+00:00,1,0.17,flat,5.75,354167.5,9,1,24,24,0.37,44.76,1.96,50.0,-1.34,1,6,0.17,0.5,0.0,0.28,low
test_2026_q2,naive_lag_24h,2026-06-13,4,2026-06-13 08:00:00+00:00,2026-06-13 09:00:00+00:00,1,0.17,flat,5.78,355520.0,7,3,24,19,0.28,40.95,1.72,53.81,-1.1,2,6,0.33,0.25,0.0,0.23,low
test_2026_q2,naive_lag_24h,2026-06-13,5,2026-06-13 11:00:00+00:00,2026-06-13 12:00:00+00:00,1,0.17,flat,5.81,357580.0,5,5,24,1,0.0,0.0,1.36,94.76,-0.74,6,6,1.0,0.0,0.0,0.35,low
test_2026_q2,naive_lag_24h,2026-06-14,1,2026-06-14 11:00:00+00:00,2026-06-14 12:00:00+00:00,1,0.3,flat,7.27,349955.0,1,15,24,3,0.04,1.44,0.94,61.01,-0.6,6,6,1.0,1.0,0.0,0.8,high
test_2026_q2,naive_lag_24h,2026-06-14,2,2026-06-14 16:00:00+00:00,2026-06-14 17:00:00+00:00,1,0.3,flat,6.27,326775.0,11,5,24,6,0.09,31.16,0.23,31.29,0.11,1,6,0.17,0.75,0.12,0.42,low
test_2026_q2,naive_lag_24h,2026-06-14,3,2026-06-14 17:00:00+00:00,2026-06-14 18:00:00+00:00,1,0.35,flat,5.91,306330.0,17,1,24,13,0.26,89.29,0.61,-26.83,-0.27,1,6,0.17,0.5,0.18,0.32,low
test_2026_q2,naive_lag_24h,2026-06-14,4,2026-06-14 10:00:00+00:00,2026-06-14 11:00:00+00:00,1,0.41,flat,7.31,351502.5,4,17,24,7,0.13,9.87,1.03,52.58,-0.69,4,6,0.67,0.25,0.0,0.35,low
test_2026_q2,naive_lag_24h,2026-06-14,5,2026-06-14 12:00:00+00:00,2026-06-14 13:00:00+00:00,1,0.41,flat,7.38,351047.5,2,19,24,1,0.0,0.0,0.91,62.46,-0.57,6,6,1.0,0.0,0.0,0.35,low
test_2026_q2,naive_lag_24h,2026-06-15,1,2026-06-15 12:00:00+00:00,2026-06-15 13:00:00+00:00,1,0.17,flat,7.49,346437.5,1,9,24,2,0.02,0.54,0.0,80.7,1.36,6,6,1.0,1.0,0.03,0.81,high
test_2026_q2,naive_lag_24h,2026-06-15,2,2026-06-15 13:00:00+00:00,2026-06-15 14:00:00+00:00,1,0.2,flat,7.41,342310.0,3,8,24,4,0.11,0.34,0.31,80.91,1.05,3,6,0.5,0.75,0.03,0.52,medium
test_2026_q2,naive_lag_24h,2026-06-15,3,2026-06-15 11:00:00+00:00,2026-06-15 12:00:00+00:00,1,0.22,flat,7.53,351330.0,2,10,24,1,0.0,0.0,0.02,81.24,1.34,6,6,1.0,0.5,0.03,0.58,medium
test_2026_q2,naive_lag_24h,2026-06-15,4,2026-06-15 14:00:00+00:00,2026-06-15 15:00:00+00:00,1,0.24,flat,7.4,340147.5,6,7,24,7,0.24,8.49,0.45,72.75,0.91,1,6,0.17,0.25,0.03,0.18,low
test_2026_q2,naive_lag_24h,2026-06-15,5,2026-06-15 15:00:00+00:00,2026-06-15 16:00:00+00:00,1,0.26,flat,7.31,340192.5,9,5,24,9,0.43,47.88,1.64,33.36,-0.28,1,6,0.17,0.0,0.0,0.06,low
test_2026_q2,naive_lag_24h,2026-06-16,1,2026-06-16 11:00:00+00:00,2026-06-16 12:00:00+00:00,1,0.02,flat,5.06,313247.5,1,2,24,1,0.0,0.0,0.08,85.5,5.91,6,6,1.0,1.0,0.02,0.8,high
test_2026_q2,naive_lag_24h,2026-06-16,2,2026-06-16 12:00:00+00:00,2026-06-16 13:00:00+00:00,1,0.04,flat,5.04,309787.5,3,1,24,2,0.0,1.04,0.0,84.45,5.99,6,6,1.0,0.75,0.07,0.7,medium
test_2026_q2,naive_lag_24h,2026-06-16,3,2026-06-16 10:00:00+00:00,2026-06-16 11:00:00+00:00,1,0.11,flat,5.1,313175.0,4,3,24,4,0.13,19.87,0.6,65.63,5.39,6,6,1.0,0.5,0.02,0.58,medium
test_2026_q2,naive_lag_24h,2026-06-16,4,2026-06-16 13:00:00+00:00,2026-06-16 14:00:00+00:00,1,0.13,flat,5.35,321845.0,2,6,24,3,0.07,9.4,0.11,76.09,5.88,6,6,1.0,0.25,0.02,0.47,low
test_2026_q2,naive_lag_24h,2026-06-16,5,2026-06-16 09:00:00+00:00,2026-06-16 10:00:00+00:00,1,0.15,flat,5.14,311930.0,5,4,24,6,0.22,25.63,1.7,59.86,4.29,1,6,0.17,0.0,0.07,0.07,low
test_2026_q2,naive_lag_24h,2026-06-17,1,2026-06-17 11:00:00+00:00,2026-06-17 12:00:00+00:00,1,0.02,flat,4.76,304285.0,1,2,24,1,0.0,0.0,0.01,114.93,7.72,6,6,1.0,1.0,0.0,0.8,high
test_2026_q2,naive_lag_24h,2026-06-17,2,2026-06-17 12:00:00+00:00,2026-06-17 13:00:00+00:00,1,0.02,flat,4.68,302082.5,2,1,24,2,0.0,21.01,0.0,93.92,7.73,6,6,1.0,0.75,0.07,0.7,medium
test_2026_q2,naive_lag_24h,2026-06-17,3,2026-06-17 13:00:00+00:00,2026-06-17 14:00:00+00:00,1,0.09,flat,4.79,306962.5,3,3,24,4,0.09,31.38,0.05,83.54,7.68,6,6,1.0,0.5,0.07,0.59,medium
test_2026_q2,naive_lag_24h,2026-06-17,4,2026-06-17 10:00:00+00:00,2026-06-17 11:00:00+00:00,1,0.15,flat,5.28,331812.5,4,5,24,3,0.09,32.71,0.04,82.22,7.68,5,6,0.83,0.25,0.0,0.4,low
test_2026_q2,naive_lag_24h,2026-06-17,5,2026-06-17 14:00:00+00:00,2026-06-17 15:00:00+00:00,1,0.15,flat,5.16,330025.0,5,4,24,7,0.22,43.94,0.29,70.99,7.44,3,6,0.5,0.0,0.09,0.19,low
test_2026_q2,naive_lag_24h,2026-06-18,1,2026-06-18 11:00:00+00:00,2026-06-18 12:00:00+00:00,1,0.02,flat,4.75,308687.5,1,2,24,1,0.0,0.0,0.04,93.58,16.43,6,6,1.0,1.0,0.0,0.8,high
test_2026_q2,naive_lag_24h,2026-06-18,2,2026-06-18 12:00:00+00:00,2026-06-18 13:00:00+00:00,1,0.02,flat,4.75,309455.0,2,1,24,2,0.0,7.61,0.0,85.97,16.48,6,6,1.0,0.75,0.09,0.71,medium
test_2026_q2,naive_lag_24h,2026-06-18,3,2026-06-18 10:00:00+00:00,2026-06-18 11:00:00+00:00,1,0.11,flat,4.79,309600.0,4,3,24,3,0.09,9.96,0.09,83.62,16.39,6,6,1.0,0.5,0.0,0.57,medium
test_2026_q2,naive_lag_24h,2026-06-18,4,2026-06-18 13:00:00+00:00,2026-06-18 14:00:00+00:00,1,0.11,flat,4.79,308290.0,3,4,24,5,0.13,29.81,0.09,63.77,16.38,6,6,1.0,0.25,0.07,0.48,low
test_2026_q2,naive_lag_24h,2026-06-18,5,2026-06-18 09:00:00+00:00,2026-06-18 10:00:00+00:00,1,0.17,flat,4.88,312457.5,5,5,24,4,0.11,9.03,0.14,84.55,16.34,6,6,1.0,0.0,0.07,0.36,low
test_2026_q2,naive_lag_24h,2026-06-19,1,2026-06-19 11:00:00+00:00,2026-06-19 12:00:00+00:00,1,0.02,flat,4.7,308832.5,1,2,24,1,0.0,0.0,0.05,98.31,4.25,6,6,1.0,1.0,0.0,0.8,high
test_2026_q2,naive_lag_24h,2026-06-19,2,2026-06-19 12:00:00+00:00,2026-06-19 13:00:00+00:00,1,0.02,flat,4.66,307615.0,2,1,24,2,0.0,5.4,0.0,92.9,4.29,6,6,1.0,0.75,0.1,0.71,medium
test_2026_q2,naive_lag_24h,2026-06-19,3,2026-06-19 10:00:00+00:00,2026-06-19 11:00:00+00:00,1,0.11,flat,4.75,309350.0,4,3,24,3,0.07,8.3,0.06,90.02,4.23,6,6,1.0,0.5,0.02,0.58,medium
test_2026_q2,naive_lag_24h,2026-06-19,4,2026-06-19 09:00:00+00:00,2026-06-19 10:00:00+00:00,1,0.13,flat,4.8,307772.5,3,5,24,5,0.15,19.7,0.08,78.61,4.21,5,6,0.83,0.25,0.02,0.41,low
test_2026_q2,naive_lag_24h,2026-06-19,5,2026-06-19 13:00:00+00:00,2026-06-19 14:00:00+00:00,1,0.15,flat,4.75,311605.0,5,4,24,4,0.13,10.68,0.12,87.63,4.18,6,6,1.0,0.0,0.07,0.36,low
test_2026_q2,naive_lag_24h,2026-06-20,1,2026-06-20 11:00:00+00:00,2026-06-20 12:00:00+00:00,1,0.02,flat,5.01,318585.0,1,2,24,2,0.07,0.0,0.62,118.62,5.98,6,6,1.0,1.0,0.0,0.8,high
test_2026_q2,naive_lag_24h,2026-06-20,2,2026-06-20 12:00:00+00:00,2026-06-20 13:00:00+00:00,1,0.02,flat,4.96,318652.5,2,1,24,3,0.07,0.01,0.54,118.61,6.05,5,6,0.83,0.75,0.07,0.64,medium
test_2026_q2,naive_lag_24h,2026-06-20,3,2026-06-20 10:00:00+00:00,2026-06-20 11:00:00+00:00,1,0.09,flat,5.03,319180.0,3,3,24,9,0.11,0.01,0.71,118.61,5.89,5,6,0.83,0.5,0.07,0.53,medium
test_2026_q2,naive_lag_24h,2026-06-20,4,2026-06-20 13:00:00+00:00,2026-06-20 14:00:00+00:00,1,0.15,flat,5.08,323807.5,4,5,24,4,0.07,0.27,0.28,118.35,6.31,2,6,0.33,0.25,0.02,0.23,low
test_2026_q2,naive_lag_24h,2026-06-20,5,2026-06-20 09:00:00+00:00,2026-06-20 10:00:00+00:00,1,0.17,flat,5.04,320127.5,6,4,24,8,0.07,0.02,0.51,118.6,6.08,5,6,0.83,0.0,0.05,0.3,low
test_2026_q2,naive_lag_24h,2026-06-21,1,2026-06-21 07:00:00+00:00,2026-06-21 08:00:00+00:00,1,0.15,flat,5.83,326815.0,8,1,24,9,0.2,0.22,0.86,107.18,6.17,1,6,0.17,1.0,0.08,0.52,medium
test_2026_q2,naive_lag_24h,2026-06-21,2,2026-06-21 11:00:00+00:00,2026-06-21 12:00:00+00:00,1,0.22,flat,6.45,346855.0,1,11,24,5,0.02,0.0,0.7,107.4,6.33,6,6,1.0,0.75,0.0,0.69,medium
test_2026_q2,naive_lag_24h,2026-06-21,3,2026-06-21 12:00:00+00:00,2026-06-21 13:00:00+00:00,1,0.22,flat,6.37,347365.0,3,9,24,2,0.0,0.0,0.53,107.39,6.51,6,6,1.0,0.5,0.0,0.57,medium
test_2026_q2,naive_lag_24h,2026-06-21,4,2026-06-21 13:00:00+00:00,2026-06-21 14:00:00+00:00,1,0.22,flat,6.11,348745.0,5,7,24,3,0.0,0.02,0.16,107.38,6.87,2,6,0.33,0.25,0.0,0.23,low
test_2026_q2,naive_lag_24h,2026-06-21,5,2026-06-21 14:00:00+00:00,2026-06-21 15:00:00+00:00,1,0.22,flat,6.02,350280.0,7,5,24,6,0.04,8.2,0.12,99.2,6.91,1,6,0.17,0.0,0.0,0.06,low
test_2026_q2,naive_lag_24h,2026-06-22,1,2026-06-22 09:00:00+00:00,2026-06-22 10:00:00+00:00,1,0.13,flat,6.5,345835.0,4,4,24,3,0.07,24.94,0.02,37.06,7.29,6,6,1.0,1.0,0.0,0.8,high
test_2026_q2,naive_lag_24h,2026-06-22,2,2026-06-22 12:00:00+00:00,2026-06-22 13:00:00+00:00,1,0.13,flat,6.55,347705.0,3,5,24,4,0.09,15.58,0.37,46.42,6.93,6,6,1.0,0.75,0.0,0.69,medium
test_2026_q2,naive_lag_24h,2026-06-22,3,2026-06-22 13:00:00+00:00,2026-06-22 14:00:00+00:00,1,0.13,flat,6.19,347720.0,5,3,24,5,0.15,31.7,0.99,30.3,6.32,6,6,1.0,0.5,0.03,0.58,medium
test_2026_q2,naive_lag_24h,2026-06-22,4,2026-06-22 10:00:00+00:00,2026-06-22 11:00:00+00:00,1,0.15,flat,6.71,344665.0,2,7,24,1,0.0,7.16,0.0,54.84,7.31,6,6,1.0,0.25,0.0,0.46,low
test_2026_q2,naive_lag_24h,2026-06-22,5,2026-06-22 11:00:00+00:00,2026-06-22 12:00:00+00:00,1,0.15,flat,6.72,347780.0,1,8,24,2,0.02,0.0,0.29,62.0,7.01,6,6,1.0,0.0,0.03,0.36,low
test_2026_q2,naive_lag_24h,2026-06-23,1,2026-06-23 10:00:00+00:00,2026-06-23 11:00:00+00:00,1,0.02,flat,7.43,487210.0,2,1,24,1,0.0,1.71,0.0,46.22,25.35,6,6,1.0,1.0,0.02,0.8,high
test_2026_q2,naive_lag_24h,2026-06-23,2,2026-06-23 11:00:00+00:00,2026-06-23 12:00:00+00:00,1,0.04,flat,7.72,514717.5,1,3,24,2,0.02,0.0,0.7,47.93,24.65,6,6,1.0,0.75,0.05,0.7,medium
test_2026_q2,naive_lag_24h,2026-06-23,3,2026-06-23 09:00:00+00:00,2026-06-23 10:00:00+00:00,1,0.09,flat,7.45,474312.5,4,2,24,3,0.04,7.34,0.22,40.6,25.13,6,6,1.0,0.5,0.02,0.58,medium
test_2026_q2,naive_lag_24h,2026-06-23,4,2026-06-23 12:00:00+00:00,2026-06-23 13:00:00+00:00,1,0.11,flat,7.8,520047.5,3,4,24,4,0.11,12.56,3.13,35.37,22.22,6,6,1.0,0.25,0.07,0.48,low
test_2026_q2,naive_lag_24h,2026-06-23,5,2026-06-23 13:00:00+00:00,2026-06-23 14:00:00+00:00,1,0.17,flat,8.41,553580.0,5,5,24,6,0.2,26.89,4.12,21.04,21.23,6,6,1.0,0.0,0.05,0.36,low
test_2026_q2,naive_lag_24h,2026-06-24,1,2026-06-24 10:00:00+00:00,2026-06-24 11:00:00+00:00,1,0.02,flat,10.71,687117.5,2,1,24,4,0.11,7.98,2.37,32.69,32.37,6,6,1.0,1.0,0.02,0.8,high
test_2026_q2,naive_lag_24h,2026-06-24,2,2026-06-24 11:00:00+00:00,2026-06-24 12:00:00+00:00,1,0.04,flat,11.4,725760.0,1,3,24,1,0.0,0.0,0.86,40.67,33.88,6,6,1.0,0.75,0.02,0.69,medium
test_2026_q2,naive_lag_24h,2026-06-24,3,2026-06-24 09:00:00+00:00,2026-06-24 10:00:00+00:00,1,0.07,flat,10.92,694785.0,3,2,24,3,0.11,6.71,3.58,33.96,31.16,3,6,0.5,0.5,0.07,0.41,low
test_2026_q2,naive_lag_24h,2026-06-24,4,2026-06-24 12:00:00+00:00,2026-06-24 13:00:00+00:00,1,0.13,flat,13.84,880617.5,4,4,24,2,0.0,4.15,0.0,36.52,34.74,6,6,1.0,0.25,0.05,0.47,low
test_2026_q2,naive_lag_24h,2026-06-24,5,2026-06-24 08:00:00+00:00,2026-06-24 09:00:00+00:00,1,0.17,flat,14.75,919950.0,5,5,24,7,0.24,18.7,10.66,21.97,24.08,1,6,0.17,0.0,0.05,0.07,low
test_2026_q2,naive_lag_24h,2026-06-25,1,2026-06-25 11:00:00+00:00,2026-06-25 12:00:00+00:00,1,0.02,flat,9.14,579945.0,1,2,24,2,0.0,0.0,0.25,65.36,27.88,6,6,1.0,1.0,0.0,0.8,high
test_2026_q2,naive_lag_24h,2026-06-25,2,2026-06-25 12:00:00+00:00,2026-06-25 13:00:00+00:00,1,0.02,flat,8.28,525162.5,2,1,24,3,0.0,5.27,0.23,60.09,27.91,6,6,1.0,0.75,0.14,0.72,medium
test_2026_q2,naive_lag_24h,2026-06-25,3,2026-06-25 09:00:00+00:00,2026-06-25 10:00:00+00:00,1,0.13,flat,11.86,745720.0,3,5,24,4,0.11,26.35,2.74,39.01,25.39,1,6,0.17,0.5,0.0,0.28,low
test_2026_q2,naive_lag_24h,2026-06-25,4,2026-06-25 10:00:00+00:00,2026-06-25 11:00:00+00:00,1,0.13,flat,10.65,675840.0,4,4,24,1,0.0,7.18,0.0,58.18,28.13,6,6,1.0,0.25,0.0,0.46,low
test_2026_q2,naive_lag_24h,2026-06-25,5,2026-06-25 13:00:00+00:00,2026-06-25 14:00:00+00:00,1,0.13,flat,9.58,602177.5,5,3,24,5,0.11,27.66,1.48,37.7,26.66,6,6,1.0,0.0,0.11,0.37,low
test_2026_q2,naive_lag_24h,2026-06-26,1,2026-06-26 10:00:00+00:00,2026-06-26 11:00:00+00:00,1,0.04,flat,11.97,773832.5,3,1,24,2,0.02,14.13,0.0,28.79,26.26,6,6,1.0,1.0,0.0,0.8,high
test_2026_q2,naive_lag_24h,2026-06-26,2,2026-06-26 11:00:00+00:00,2026-06-26 12:00:00+00:00,1,0.04,flat,12.22,799677.5,1,3,24,1,0.0,0.0,0.15,42.92,26.11,6,6,1.0,0.75,0.0,0.69,medium
test_2026_q2,naive_lag_24h,2026-06-26,3,2026-06-26 12:00:00+00:00,2026-06-26 13:00:00+00:00,1,0.04,flat,12.2,801942.5,2,2,24,3,0.04,6.36,0.73,36.56,25.53,6,6,1.0,0.5,0.15,0.6,medium
test_2026_q2,naive_lag_24h,2026-06-26,4,2026-06-26 09:00:00+00:00,2026-06-26 10:00:00+00:00,1,0.15,flat,14.71,931820.0,4,5,24,5,0.15,23.96,3.16,18.96,23.1,1,6,0.17,0.25,0.0,0.17,low
test_2026_q2,naive_lag_24h,2026-06-26,5,2026-06-26 13:00:00+00:00,2026-06-26 14:00:00+00:00,1,0.15,flat,13.45,877767.5,5,4,24,4,0.11,21.76,1.43,21.15,24.84,6,6,1.0,0.0,0.12,0.37,low
test_2026_q2,naive_lag_24h,2026-06-27,1,2026-06-27 11:00:00+00:00,2026-06-27 12:00:00+00:00,1,0.02,flat,5.86,376895.0,1,2,24,2,0.02,0.0,0.23,118.17,33.81,6,6,1.0,1.0,0.02,0.8,high
test_2026_q2,naive_lag_24h,2026-06-27,2,2026-06-27 10:00:00+00:00,2026-06-27 11:00:00+00:00,1,0.04,flat,5.71,365642.5,3,1,24,4,0.11,15.18,0.26,102.98,33.77,5,6,0.83,0.75,0.02,0.63,medium
test_2026_q2,naive_lag_24h,2026-06-27,3,2026-06-27 12:00:00+00:00,2026-06-27 13:00:00+00:00,1,0.07,flat,6.44,410247.5,2,3,24,1,0.0,3.34,0.0,114.83,34.03,6,6,1.0,0.5,0.07,0.59,medium
test_2026_q2,naive_lag_24h,2026-06-27,4,2026-06-27 13:00:00+00:00,2026-06-27 14:00:00+00:00,1,0.13,flat,7.13,450035.0,4,4,24,3,0.04,12.72,0.09,105.45,33.94,6,6,1.0,0.25,0.05,0.47,low
test_2026_q2,naive_lag_24h,2026-06-27,5,2026-06-27 09:00:00+00:00,2026-06-27 10:00:00+00:00,1,0.17,flat,8.87,556620.0,5,5,24,5,0.15,25.51,1.14,92.66,32.89,4,6,0.67,0.0,0.07,0.25,low
test_2026_q2,naive_lag_24h,2026-06-28,1,2026-06-28 12:00:00+00:00,2026-06-28 13:00:00+00:00,1,0.02,flat,6.02,365742.5,2,1,24,1,0.0,0.0,0.03,119.68,34.32,6,6,1.0,1.0,0.02,0.8,high
test_2026_q2,naive_lag_24h,2026-06-28,2,2026-06-28 11:00:00+00:00,2026-06-28 12:00:00+00:00,1,0.04,flat,6.25,378355.0,1,3,24,2,0.02,0.0,0.06,119.68,34.29,6,6,1.0,0.75,0.02,0.69,medium
test_2026_q2,naive_lag_24h,2026-06-28,3,2026-06-28 13:00:00+00:00,2026-06-28 14:00:00+00:00,1,0.07,flat,6.11,370550.0,3,2,24,3,0.04,1.62,0.0,118.06,34.35,5,6,0.83,0.5,0.07,0.53,medium
test_2026_q2,naive_lag_24h,2026-06-28,4,2026-06-28 10:00:00+00:00,2026-06-28 11:00:00+00:00,1,0.13,flat,6.28,378045.0,4,4,24,4,0.09,0.01,0.2,119.67,34.15,6,6,1.0,0.25,0.05,0.47,low
test_2026_q2,naive_lag_24h,2026-06-28,5,2026-06-28 09:00:00+00:00,2026-06-28 10:00:00+00:00,1,0.17,flat,7.16,424315.0,5,5,24,5,0.13,0.32,0.42,119.36,33.93,6,6,1.0,0.0,0.05,0.36,low
test_2026_q2,naive_lag_24h,2026-06-29,1,2026-06-29 12:00:00+00:00,2026-06-29 13:00:00+00:00,1,0.04,flat,7.04,376987.5,2,2,24,2,0.0,4.36,0.0,25.98,13.23,6,6,1.0,1.0,0.02,0.8,high
test_2026_q2,naive_lag_24h,2026-06-29,2,2026-06-29 11:00:00+00:00,2026-06-29 12:00:00+00:00,1,0.07,flat,7.06,379482.5,1,4,24,1,0.0,0.0,0.75,30.34,12.48,6,6,1.0,0.75,0.02,0.69,medium
test_2026_q2,naive_lag_24h,2026-06-29,3,2026-06-29 13:00:00+00:00,2026-06-29 14:00:00+00:00,1,0.09,flat,7.0,373887.5,5,1,24,4,0.09,14.79,2.26,15.55,10.97,6,6,1.0,0.5,0.05,0.58,medium
test_2026_q2,naive_lag_24h,2026-06-29,4,2026-06-29 10:00:00+00:00,2026-06-29 11:00:00+00:00,1,0.13,flat,7.2,381030.0,3,5,24,3,0.09,7.48,2.95,22.86,10.28,6,6,1.0,0.25,0.05,0.47,low
test_2026_q2,naive_lag_24h,2026-06-29,5,2026-06-29 09:00:00+00:00,2026-06-29 10:00:00+00:00,1,0.17,flat,7.42,383837.5,4,6,24,5,0.15,17.07,4.9,13.27,8.33,5,6,0.83,0.0,0.0,0.29,low
test_2026_q2,naive_lag_24h,2026-06-30,1,2026-06-30 11:00:00+00:00,2026-06-30 12:00:00+00:00,1,0.02,flat,15.95,979812.5,1,2,22,1,0.0,0.0,2.39,46.51,22.53,6,6,1.0,1.0,0.0,0.8,high
test_2026_q2,naive_lag_24h,2026-06-30,2,2026-06-30 12:00:00+00:00,2026-06-30 13:00:00+00:00,1,0.02,flat,15.2,932605.0,2,1,22,4,0.07,12.82,4.94,33.69,19.98,6,6,1.0,0.75,0.11,0.71,medium
test_2026_q2,naive_lag_24h,2026-06-30,3,2026-06-30 10:00:00+00:00,2026-06-30 11:00:00+00:00,1,0.12,flat,18.14,1107635.0,3,4,22,3,0.05,23.12,0.59,23.39,24.33,6,6,1.0,0.5,0.0,0.57,medium
test_2026_q2,naive_lag_24h,2026-06-30,4,2026-06-30 13:00:00+00:00,2026-06-30 14:00:00+00:00,1,0.12,flat,17.46,1070617.5,4,3,22,5,0.07,20.04,4.92,26.47,20.01,6,6,1.0,0.25,0.08,0.48,low
test_2026_q2,naive_lag_24h,2026-06-30,5,2026-06-30 09:00:00+00:00,2026-06-30 10:00:00+00:00,1,0.19,flat,20.1,1206837.5,5,5,22,2,0.05,23.41,0.35,23.1,24.57,6,6,1.0,0.0,0.08,0.37,low
test_2026_q2,random_forest,2026-04-01,1,2026-04-01 13:00:00+00:00,2026-04-01 14:00:00+00:00,1,0.0,unknown,12.48,440344.9,1,1,24,3,0.07,4.08,0.88,14.53,3.46,6,6,1.0,1.0,0.15,0.83,high
test_2026_q2,random_forest,2026-04-01,2,2026-04-01 12:00:00+00:00,2026-04-01 13:00:00+00:00,1,0.13,unknown,14.27,511409.9,2,6,24,1,0.0,0.0,0.44,18.61,3.89,6,6,1.0,0.75,0.0,0.69,medium
test_2026_q2,random_forest,2026-04-01,3,2026-04-01 14:00:00+00:00,2026-04-01 15:00:00+00:00,1,0.13,unknown,13.39,464831.0,3,5,24,2,0.02,12.33,0.0,6.27,4.33,5,6,0.83,0.5,0.0,0.52,medium
test_2026_q2,random_forest,2026-04-01,4,2026-04-01 15:00:00+00:00,2026-04-01 16:00:00+00:00,1,0.13,unknown,13.16,450655.0,4,4,24,11,0.35,35.76,0.99,-17.15,3.35,5,6,0.83,0.25,0.1,0.42,low
test_2026_q2,random_forest,2026-04-01,5,2026-04-01 03:00:00+00:00,2026-04-01 04:00:00+00:00,1,0.22,unknown,12.86,378627.1,9,3,24,4,0.09,9.52,0.62,9.08,3.72,1,6,0.17,0.0,0.05,0.07,low
test_2026_q2,random_forest,2026-04-02,1,2026-04-02 13:00:00+00:00,2026-04-02 14:00:00+00:00,1,0.02,decrease,10.2,380302.5,1,2,24,4,0.13,8.63,1.29,44.39,7.35,6,6,1.0,1.0,0.05,0.81,high
test_2026_q2,random_forest,2026-04-02,2,2026-04-02 12:00:00+00:00,2026-04-02 13:00:00+00:00,1,0.07,decrease,10.11,379052.2,4,1,24,2,0.07,8.35,0.36,44.67,8.28,6,6,1.0,0.75,0.05,0.7,medium
test_2026_q2,random_forest,2026-04-02,3,2026-04-02 14:00:00+00:00,2026-04-02 15:00:00+00:00,1,0.11,decrease,10.59,401769.9,3,4,24,1,0.0,0.0,0.0,53.02,8.64,6,6,1.0,0.5,0.02,0.58,medium
test_2026_q2,random_forest,2026-04-02,4,2026-04-02 11:00:00+00:00,2026-04-02 12:00:00+00:00,1,0.13,decrease,10.42,394674.9,5,3,24,3,0.09,13.25,0.22,39.76,8.42,6,6,1.0,0.25,0.0,0.46,low
test_2026_q2,random_forest,2026-04-02,5,2026-04-02 15:00:00+00:00,2026-04-02 16:00:00+00:00,1,0.13,decrease,11.32,399994.8,2,6,24,5,0.15,16.98,0.84,36.04,7.8,5,6,0.83,0.0,0.07,0.31,low
test_2026_q2,random_forest,2026-04-03,1,2026-04-03 12:00:00+00:00,2026-04-03 13:00:00+00:00,1,0.0,decrease,6.94,249359.4,1,1,24,2,0.0,0.0,0.39,111.76,8.02,6,6,1.0,1.0,0.07,0.81,high
test_2026_q2,random_forest,2026-04-03,2,2026-04-03 14:00:00+00:00,2026-04-03 15:00:00+00:00,1,0.07,decrease,7.44,258845.7,3,2,24,3,0.0,2.65,0.34,109.11,8.07,4,6,0.67,0.75,0.09,0.59,medium
test_2026_q2,random_forest,2026-04-03,3,2026-04-03 13:00:00+00:00,2026-04-03 14:00:00+00:00,1,0.15,decrease,7.78,268938.8,2,7,24,4,0.04,2.43,0.41,109.32,8.0,6,6,1.0,0.5,0.0,0.57,medium
test_2026_q2,random_forest,2026-04-03,4,2026-04-03 15:00:00+00:00,2026-04-03 16:00:00+00:00,1,0.15,decrease,7.48,259896.2,6,3,24,5,0.13,24.58,0.38,87.18,8.04,4,6,0.67,0.25,0.05,0.36,low
test_2026_q2,random_forest,2026-04-03,5,2026-04-03 11:00:00+00:00,2026-04-03 12:00:00+00:00,1,0.2,decrease,7.67,287557.3,5,6,24,1,0.0,7.66,0.0,104.1,8.42,6,6,1.0,0.0,0.05,0.36,low
test_2026_q2,random_forest,2026-04-04,1,2026-04-04 23:00:00+00:00,2026-04-05 00:00:00+00:00,1,0.2,decrease,8.84,261060.9,7,4,24,2,0.02,4.66,0.0,23.87,0.36,5,6,0.83,1.0,0.03,0.75,medium
test_2026_q2,random_forest,2026-04-04,2,2026-04-04 08:00:00+00:00,2026-04-04 09:00:00+00:00,1,0.22,decrease,8.46,268448.9,11,1,24,6,0.26,13.08,0.87,15.46,-0.5,5,6,0.83,0.75,0.08,0.65,medium
test_2026_q2,random_forest,2026-04-04,3,2026-04-04 00:00:00+00:00,2026-04-04 01:00:00+00:00,1,0.28,decrease,8.88,261471.3,10,5,24,4,0.2,28.53,0.36,0.0,0.0,4,6,0.67,0.5,0.03,0.46,low
test_2026_q2,random_forest,2026-04-04,4,2026-04-04 07:00:00+00:00,2026-04-04 08:00:00+00:00,1,0.3,decrease,8.63,260598.7,13,3,24,3,0.13,27.17,0.17,1.36,0.19,4,6,0.67,0.25,0.08,0.36,low
test_2026_q2,random_forest,2026-04-04,5,2026-04-04 12:00:00+00:00,2026-04-04 13:00:00+00:00,1,0.37,decrease,14.53,432614.2,2,17,24,13,0.28,0.99,8.45,27.54,-8.09,3,6,0.5,0.0,0.0,0.18,low
test_2026_q2,random_forest,2026-04-05,1,2026-04-05 01:00:00+00:00,2026-04-05 02:00:00+00:00,1,0.26,decrease,8.99,243757.9,12,2,24,2,0.02,82.32,0.34,0.02,-0.34,4,6,0.67,1.0,0.04,0.69,medium
test_2026_q2,random_forest,2026-04-05,2,2026-04-05 00:00:00+00:00,2026-04-05 01:00:00+00:00,1,0.28,decrease,8.41,241894.4,14,1,24,3,0.04,82.35,0.0,0.0,0.0,5,6,0.83,0.75,0.07,0.64,medium
test_2026_q2,random_forest,2026-04-05,3,2026-04-05 02:00:00+00:00,2026-04-05 03:00:00+00:00,1,0.33,decrease,9.27,235606.4,11,6,24,6,0.09,82.32,0.66,0.02,-0.66,5,6,0.83,0.5,0.0,0.52,medium
test_2026_q2,random_forest,2026-04-05,4,2026-04-05 03:00:00+00:00,2026-04-05 04:00:00+00:00,1,0.33,decrease,9.35,235431.5,10,7,24,8,0.15,82.32,0.77,0.02,-0.77,3,6,0.5,0.25,0.0,0.29,low
test_2026_q2,random_forest,2026-04-05,5,2026-04-05 11:00:00+00:00,2026-04-05 12:00:00+00:00,1,0.33,decrease,10.22,271320.2,2,15,24,4,0.07,6.0,1.83,76.35,-1.83,5,6,0.83,0.0,0.07,0.31,low
test_2026_q2,random_forest,2026-04-06,1,2026-04-06 09:00:00+00:00,2026-04-06 10:00:00+00:00,1,0.13,increase,8.3,237031.7,6,2,24,4,0.04,65.43,0.18,78.81,0.97,5,6,0.83,1.0,0.0,0.74,medium
test_2026_q2,random_forest,2026-04-06,2,2026-04-06 11:00:00+00:00,2026-04-06 12:00:00+00:00,1,0.13,decrease,8.74,243187.4,2,6,24,2,0.02,0.0,0.34,144.24,0.81,6,6,1.0,0.75,0.0,0.69,medium
test_2026_q2,random_forest,2026-04-06,3,2026-04-06 12:00:00+00:00,2026-04-06 13:00:00+00:00,1,0.13,decrease,8.91,242755.1,1,7,24,5,0.07,3.16,0.38,141.08,0.78,6,6,1.0,0.5,0.05,0.59,medium
test_2026_q2,random_forest,2026-04-06,4,2026-04-06 10:00:00+00:00,2026-04-06 11:00:00+00:00,1,0.17,increase,8.67,242673.1,5,5,24,1,0.0,42.96,0.12,101.28,1.03,5,6,0.83,0.25,0.03,0.41,low
test_2026_q2,random_forest,2026-04-06,5,2026-04-06 07:00:00+00:00,2026-04-06 08:00:00+00:00,1,0.2,increase,8.19,239893.2,10,1,24,6,0.15,114.39,0.23,29.85,0.92,1,6,0.17,0.0,0.0,0.06,low
test_2026_q2,random_forest,2026-04-07,1,2026-04-07 10:00:00+00:00,2026-04-07 11:00:00+00:00,1,0.09,increase,7.03,237726.2,5,1,24,4,0.04,7.84,0.42,26.56,0.94,6,6,1.0,1.0,0.05,0.81,high
test_2026_q2,random_forest,2026-04-07,2,2026-04-07 12:00:00+00:00,2026-04-07 13:00:00+00:00,1,0.13,increase,7.88,240227.1,1,7,24,5,0.15,0.04,1.04,34.36,0.32,6,6,1.0,0.75,0.03,0.69,medium
test_2026_q2,random_forest,2026-04-07,3,2026-04-07 09:00:00+00:00,2026-04-07 10:00:00+00:00,1,0.15,increase,7.05,243774.2,6,3,24,1,0.0,10.84,0.04,23.56,1.33,6,6,1.0,0.5,0.0,0.57,medium
test_2026_q2,random_forest,2026-04-07,4,2026-04-07 11:00:00+00:00,2026-04-07 12:00:00+00:00,1,0.15,increase,7.68,236730.5,3,6,24,2,0.0,0.0,0.47,34.4,0.89,6,6,1.0,0.25,0.03,0.47,low
test_2026_q2,random_forest,2026-04-07,5,2026-04-07 08:00:00+00:00,2026-04-07 09:00:00+00:00,1,0.17,increase,7.04,242924.6,8,2,24,3,0.04,15.77,0.0,18.63,1.37,6,6,1.0,0.0,0.13,0.38,low
test_2026_q2,random_forest,2026-04-08,1,2026-04-08 11:00:00+00:00,2026-04-08 12:00:00+00:00,1,0.09,decrease,7.44,240248.9,2,4,24,2,0.02,0.0,0.12,90.54,0.75,6,6,1.0,1.0,0.03,0.81,high
test_2026_q2,random_forest,2026-04-08,2,2026-04-08 12:00:00+00:00,2026-04-08 13:00:00+00:00,1,0.11,decrease,7.47,242624.6,1,6,24,1,0.0,2.81,0.0,87.73,0.87,6,6,1.0,0.75,0.03,0.69,medium
test_2026_q2,random_forest,2026-04-08,3,2026-04-08 09:00:00+00:00,2026-04-08 10:00:00+00:00,1,0.13,increase,7.25,248744.2,7,1,24,5,0.17,29.78,0.24,60.75,0.62,5,6,0.83,0.5,0.05,0.53,medium
test_2026_q2,random_forest,2026-04-08,4,2026-04-08 13:00:00+00:00,2026-04-08 14:00:00+00:00,1,0.17,decrease,7.54,240324.9,3,7,24,6,0.22,17.77,0.76,72.76,0.11,5,6,0.83,0.25,0.03,0.41,low
test_2026_q2,random_forest,2026-04-08,5,2026-04-08 10:00:00+00:00,2026-04-08 11:00:00+00:00,1,0.2,increase,7.45,246748.7,6,5,24,3,0.09,13.16,0.18,77.38,0.69,6,6,1.0,0.0,0.03,0.36,low
test_2026_q2,random_forest,2026-04-09,1,2026-04-09 10:00:00+00:00,2026-04-09 11:00:00+00:00,1,0.09,increase,7.23,242187.8,5,1,24,1,0.0,6.73,0.14,81.59,1.29,6,6,1.0,1.0,0.0,0.8,high
test_2026_q2,random_forest,2026-04-09,2,2026-04-09 11:00:00+00:00,2026-04-09 12:00:00+00:00,1,0.09,increase,7.36,239572.9,3,3,24,4,0.09,0.27,0.6,88.05,0.84,6,6,1.0,0.75,0.08,0.7,medium
test_2026_q2,random_forest,2026-04-09,3,2026-04-09 09:00:00+00:00,2026-04-09 10:00:00+00:00,1,0.15,increase,7.27,245452.1,7,2,24,2,0.02,8.24,0.0,80.07,1.44,6,6,1.0,0.5,0.03,0.58,medium
test_2026_q2,random_forest,2026-04-09,4,2026-04-09 12:00:00+00:00,2026-04-09 13:00:00+00:00,1,0.17,increase,7.83,243764.4,1,9,24,3,0.04,0.0,0.48,88.32,0.96,6,6,1.0,0.25,0.0,0.46,low
test_2026_q2,random_forest,2026-04-09,5,2026-04-09 13:00:00+00:00,2026-04-09 14:00:00+00:00,1,0.17,increase,7.76,240153.8,2,8,24,6,0.24,6.46,1.09,81.86,0.35,4,6,0.67,0.0,0.16,0.27,low
test_2026_q2,random_forest,2026-04-10,1,2026-04-10 12:00:00+00:00,2026-04-10 13:00:00+00:00,1,0.0,increase,7.45,248364.1,1,1,24,2,0.13,1.67,0.25,15.31,0.64,6,6,1.0,1.0,0.09,0.82,high
test_2026_q2,random_forest,2026-04-10,2,2026-04-10 10:00:00+00:00,2026-04-10 11:00:00+00:00,1,0.09,increase,7.55,244437.3,4,2,24,6,0.22,18.49,0.16,-1.51,0.74,6,6,1.0,0.75,0.05,0.7,medium
test_2026_q2,random_forest,2026-04-10,3,2026-04-10 13:00:00+00:00,2026-04-10 14:00:00+00:00,1,0.13,increase,7.95,252520.2,3,5,24,3,0.13,0.01,0.6,16.97,0.29,5,6,0.83,0.5,0.02,0.52,medium
test_2026_q2,random_forest,2026-04-10,4,2026-04-10 11:00:00+00:00,2026-04-10 12:00:00+00:00,1,0.15,increase,7.57,250434.7,6,3,24,1,0.0,0.0,0.0,16.98,0.89,6,6,1.0,0.25,0.12,0.49,low
test_2026_q2,random_forest,2026-04-10,5,2026-04-10 14:00:00+00:00,2026-04-10 15:00:00+00:00,1,0.26,increase,8.48,263938.0,2,12,24,5,0.2,0.21,0.73,16.77,0.16,4,6,0.67,0.0,0.02,0.24,low
test_2026_q2,random_forest,2026-04-11,1,2026-04-11 08:00:00+00:00,2026-04-11 09:00:00+00:00,1,0.15,decrease,8.13,247687.9,8,1,24,2,0.02,33.74,0.25,20.49,-0.05,5,6,0.83,1.0,0.15,0.77,high
test_2026_q2,random_forest,2026-04-11,2,2026-04-11 09:00:00+00:00,2026-04-11 10:00:00+00:00,1,0.26,decrease,9.02,251192.9,6,8,24,16,0.28,30.65,1.33,23.58,-1.14,6,6,1.0,0.75,0.06,0.7,medium
test_2026_q2,random_forest,2026-04-11,3,2026-04-11 07:00:00+00:00,2026-04-11 08:00:00+00:00,1,0.3,decrease,8.2,250075.8,14,2,24,1,0.0,48.45,0.02,5.78,0.18,4,6,0.67,0.5,0.15,0.49,low
test_2026_q2,random_forest,2026-04-11,4,2026-04-11 06:00:00+00:00,2026-04-11 07:00:00+00:00,1,0.41,decrease,8.61,245251.8,18,3,24,5,0.15,55.48,0.0,-1.25,0.19,3,6,0.5,0.25,0.0,0.29,low
test_2026_q2,random_forest,2026-04-11,5,2026-04-11 12:00:00+00:00,2026-04-11 13:00:00+00:00,1,0.41,decrease,10.23,241004.9,1,20,24,7,0.17,4.97,1.3,49.26,-1.1,5,6,0.83,0.0,0.0,0.29,low
test_2026_q2,random_forest,2026-04-12,1,2026-04-12 07:00:00+00:00,2026-04-12 08:00:00+00:00,1,0.09,decrease,9.3,243846.8,3,3,24,7,0.2,13.47,0.75,-5.29,0.44,3,6,0.5,1.0,0.02,0.63,medium
test_2026_q2,random_forest,2026-04-12,2,2026-04-12 08:00:00+00:00,2026-04-12 09:00:00+00:00,1,0.11,increase,9.39,242969.6,2,5,24,8,0.2,13.89,0.58,-5.71,0.6,6,6,1.0,0.75,0.02,0.69,medium
test_2026_q2,random_forest,2026-04-12,3,2026-04-12 10:00:00+00:00,2026-04-12 11:00:00+00:00,1,0.13,increase,9.09,244032.5,7,1,24,9,0.2,12.91,0.86,-4.73,0.33,5,6,0.83,0.5,0.0,0.52,medium
test_2026_q2,random_forest,2026-04-12,4,2026-04-12 12:00:00+00:00,2026-04-12 13:00:00+00:00,1,0.13,increase,9.76,250297.0,1,7,24,2,0.07,4.14,1.02,4.04,0.16,3,6,0.5,0.25,0.05,0.3,low
test_2026_q2,random_forest,2026-04-12,5,2026-04-12 09:00:00+00:00,2026-04-12 10:00:00+00:00,1,0.17,increase,9.38,243678.8,6,4,24,3,0.09,12.78,0.38,-4.6,0.81,4,6,0.67,0.0,0.1,0.25,low
test_2026_q2,random_forest,2026-04-13,1,2026-04-13 02:00:00+00:00,2026-04-13 03:00:00+00:00,1,0.02,increase,9.29,245581.3,2,1,24,7,0.17,37.94,1.1,-2.24,-1.03,5,6,0.83,1.0,0.05,0.75,high
test_2026_q2,random_forest,2026-04-13,2,2026-04-13 01:00:00+00:00,2026-04-13 02:00:00+00:00,1,0.07,increase,9.34,246869.1,3,2,24,3,0.02,30.58,0.15,5.12,-0.09,5,6,0.83,0.75,0.09,0.65,medium
test_2026_q2,random_forest,2026-04-13,3,2026-04-13 14:00:00+00:00,2026-04-13 15:00:00+00:00,1,0.15,increase,9.71,316071.6,4,5,24,1,0.0,0.0,0.83,35.7,-0.76,5,6,0.83,0.5,0.0,0.52,medium
test_2026_q2,random_forest,2026-04-13,4,2026-04-13 15:00:00+00:00,2026-04-13 16:00:00+00:00,1,0.15,increase,10.87,354215.5,1,8,24,6,0.07,23.86,0.95,11.84,-0.88,5,6,0.83,0.25,0.05,0.41,low
test_2026_q2,random_forest,2026-04-13,5,2026-04-13 00:00:00+00:00,2026-04-13 01:00:00+00:00,1,0.2,increase,9.57,254908.9,7,4,24,2,0.02,35.7,0.07,0.0,0.0,6,6,1.0,0.0,0.02,0.35,low
test_2026_q2,random_forest,2026-04-14,1,2026-04-14 14:00:00+00:00,2026-04-14 15:00:00+00:00,1,0.07,decrease,9.64,320118.7,4,1,24,2,0.0,0.0,0.5,116.43,12.92,6,6,1.0,1.0,0.05,0.81,high
test_2026_q2,random_forest,2026-04-14,2,2026-04-14 10:00:00+00:00,2026-04-14 11:00:00+00:00,1,0.11,decrease,12.62,450070.6,1,6,24,6,0.2,22.32,3.43,94.12,9.99,5,6,0.83,0.75,0.0,0.63,medium
test_2026_q2,random_forest,2026-04-14,3,2026-04-14 11:00:00+00:00,2026-04-14 12:00:00+00:00,1,0.11,decrease,11.9,421834.3,3,4,24,4,0.15,12.05,3.87,104.38,9.55,2,6,0.33,0.5,0.0,0.34,low
test_2026_q2,random_forest,2026-04-14,4,2026-04-14 12:00:00+00:00,2026-04-14 13:00:00+00:00,1,0.11,decrease,11.96,411428.5,2,5,24,3,0.13,15.0,0.94,101.44,12.48,5,6,0.83,0.25,0.02,0.41,low
test_2026_q2,random_forest,2026-04-14,5,2026-04-14 13:00:00+00:00,2026-04-14 14:00:00+00:00,1,0.13,decrease,10.22,347518.2,6,2,24,1,0.0,11.9,0.0,104.54,13.42,5,6,0.83,0.0,0.0,0.29,low
test_2026_q2,random_forest,2026-04-15,1,2026-04-15 12:00:00+00:00,2026-04-15 13:00:00+00:00,1,0.02,decrease,7.83,266283.3,1,2,24,1,0.0,0.0,0.56,84.15,8.53,6,6,1.0,1.0,0.05,0.81,high
test_2026_q2,random_forest,2026-04-15,2,2026-04-15 11:00:00+00:00,2026-04-15 12:00:00+00:00,1,0.07,decrease,7.75,260471.2,4,1,24,2,0.02,0.0,0.0,84.14,9.09,6,6,1.0,0.75,0.02,0.69,medium
test_2026_q2,random_forest,2026-04-15,3,2026-04-15 13:00:00+00:00,2026-04-15 14:00:00+00:00,1,0.09,decrease,8.48,274001.9,2,4,24,3,0.07,0.0,1.48,84.15,7.61,6,6,1.0,0.5,0.05,0.58,medium
test_2026_q2,random_forest,2026-04-15,4,2026-04-15 10:00:00+00:00,2026-04-15 11:00:00+00:00,1,0.13,decrease,7.86,270443.4,5,3,24,4,0.09,6.7,0.01,77.44,9.08,5,6,0.83,0.25,0.02,0.41,low
test_2026_q2,random_forest,2026-04-15,5,2026-04-15 14:00:00+00:00,2026-04-15 15:00:00+00:00,1,0.15,increase,9.21,290947.7,3,6,24,6,0.13,0.0,3.52,84.15,5.58,6,6,1.0,0.0,0.07,0.36,low
test_2026_q2,random_forest,2026-04-16,1,2026-04-16 12:00:00+00:00,2026-04-16 13:00:00+00:00,1,0.04,increase,7.54,254902.0,1,3,24,2,0.09,0.0,0.24,81.31,10.89,6,6,1.0,1.0,0.02,0.8,high
test_2026_q2,random_forest,2026-04-16,2,2026-04-16 10:00:00+00:00,2026-04-16 11:00:00+00:00,1,0.07,decrease,7.46,252868.8,4,1,24,4,0.13,10.38,0.01,70.94,11.12,6,6,1.0,0.75,0.02,0.69,medium
test_2026_q2,random_forest,2026-04-16,3,2026-04-16 13:00:00+00:00,2026-04-16 14:00:00+00:00,1,0.09,increase,7.99,266762.0,2,4,24,5,0.13,0.01,0.43,81.3,10.7,6,6,1.0,0.5,0.02,0.58,medium
test_2026_q2,random_forest,2026-04-16,4,2026-04-16 11:00:00+00:00,2026-04-16 12:00:00+00:00,1,0.11,increase,7.48,252361.9,5,2,24,1,0.0,0.0,0.0,81.31,11.13,6,6,1.0,0.25,0.02,0.47,low
test_2026_q2,random_forest,2026-04-16,5,2026-04-16 14:00:00+00:00,2026-04-16 15:00:00+00:00,1,0.13,increase,8.48,273730.9,3,5,24,6,0.17,0.01,1.49,81.3,9.64,5,6,0.83,0.0,0.1,0.31,low
test_2026_q2,random_forest,2026-04-17,1,2026-04-17 12:00:00+00:00,2026-04-17 13:00:00+00:00,1,0.0,increase,7.63,252625.7,1,1,24,2,0.04,0.0,0.07,112.53,3.49,6,6,1.0,1.0,0.07,0.81,high
test_2026_q2,random_forest,2026-04-17,2,2026-04-17 13:00:00+00:00,2026-04-17 14:00:00+00:00,1,0.07,increase,7.66,252675.4,2,3,24,3,0.11,0.0,0.38,112.53,3.18,6,6,1.0,0.75,0.05,0.7,medium
test_2026_q2,random_forest,2026-04-17,3,2026-04-17 11:00:00+00:00,2026-04-17 12:00:00+00:00,1,0.11,increase,7.64,253657.3,5,2,24,1,0.0,0.0,0.0,112.53,3.56,6,6,1.0,0.5,0.0,0.57,medium
test_2026_q2,random_forest,2026-04-17,4,2026-04-17 14:00:00+00:00,2026-04-17 15:00:00+00:00,1,0.11,increase,8.04,258353.7,3,4,24,5,0.15,0.0,0.67,112.53,2.89,5,6,0.83,0.25,0.05,0.41,low
test_2026_q2,random_forest,2026-04-17,5,2026-04-17 10:00:00+00:00,2026-04-17 11:00:00+00:00,1,0.15,decrease,8.21,275030.9,4,5,24,4,0.15,5.52,0.11,107.01,3.45,6,6,1.0,0.0,0.07,0.36,low
test_2026_q2,random_forest,2026-04-18,1,2026-04-18 23:00:00+00:00,2026-04-19 00:00:00+00:00,1,0.22,decrease,7.97,237490.5,11,1,24,3,0.07,62.54,0.07,22.82,1.51,5,6,0.83,1.0,0.0,0.74,medium
test_2026_q2,random_forest,2026-04-18,2,2026-04-18 08:00:00+00:00,2026-04-18 09:00:00+00:00,1,0.22,decrease,8.46,260289.8,8,4,24,6,0.11,3.86,1.13,81.5,0.45,5,6,0.83,0.75,0.03,0.64,medium
test_2026_q2,random_forest,2026-04-18,3,2026-04-18 09:00:00+00:00,2026-04-18 10:00:00+00:00,1,0.24,decrease,8.8,261606.2,6,7,24,9,0.17,1.38,1.52,83.98,0.07,5,6,0.83,0.5,0.0,0.52,medium
test_2026_q2,random_forest,2026-04-18,4,2026-04-18 10:00:00+00:00,2026-04-18 11:00:00+00:00,1,0.24,decrease,9.18,263578.2,3,10,24,11,0.24,1.04,1.61,84.32,-0.03,6,6,1.0,0.25,0.03,0.47,low
test_2026_q2,random_forest,2026-04-18,5,2026-04-18 12:00:00+00:00,2026-04-18 13:00:00+00:00,1,0.26,decrease,9.38,261585.1,1,13,24,1,0.0,0.0,1.26,85.36,0.33,4,6,0.67,0.0,0.06,0.25,low
test_2026_q2,random_forest,2026-04-19,1,2026-04-19 09:00:00+00:00,2026-04-19 10:00:00+00:00,1,0.2,decrease,7.98,228001.4,2,9,24,2,0.02,4.27,0.82,51.52,-0.1,5,6,0.83,1.0,0.09,0.76,high
test_2026_q2,random_forest,2026-04-19,2,2026-04-19 08:00:00+00:00,2026-04-19 09:00:00+00:00,1,0.26,decrease,7.95,229187.5,7,7,24,1,0.0,4.27,0.91,51.52,-0.19,5,6,0.83,0.75,0.0,0.63,medium
test_2026_q2,random_forest,2026-04-19,3,2026-04-19 10:00:00+00:00,2026-04-19 11:00:00+00:00,1,0.26,increase,7.98,230495.0,6,8,24,3,0.02,4.27,0.79,51.52,-0.07,5,6,0.83,0.5,0.03,0.52,medium
test_2026_q2,random_forest,2026-04-19,4,2026-04-19 07:00:00+00:00,2026-04-19 08:00:00+00:00,1,0.28,decrease,7.89,228807.3,10,5,24,8,0.13,6.66,0.95,49.13,-0.23,4,6,0.67,0.25,0.03,0.35,low
test_2026_q2,random_forest,2026-04-19,5,2026-04-19 12:00:00+00:00,2026-04-19 13:00:00+00:00,1,0.3,decrease,8.34,231757.4,1,15,24,7,0.07,1.27,1.06,54.52,-0.34,2,6,0.33,0.0,0.0,0.12,low
test_2026_q2,random_forest,2026-04-20,1,2026-04-20 10:00:00+00:00,2026-04-20 11:00:00+00:00,1,0.04,increase,6.89,236220.1,3,1,24,2,0.04,0.15,0.05,25.08,0.89,6,6,1.0,1.0,0.1,0.82,high
test_2026_q2,random_forest,2026-04-20,2,2026-04-20 08:00:00+00:00,2026-04-20 09:00:00+00:00,1,0.13,increase,7.04,236963.5,5,3,24,7,0.13,4.41,0.31,20.82,0.64,6,6,1.0,0.75,0.0,0.69,medium
test_2026_q2,random_forest,2026-04-20,3,2026-04-20 11:00:00+00:00,2026-04-20 12:00:00+00:00,1,0.13,increase,7.06,239767.4,4,4,24,4,0.07,0.0,0.37,25.23,0.57,5,6,0.83,0.5,0.07,0.53,medium
test_2026_q2,random_forest,2026-04-20,4,2026-04-20 14:00:00+00:00,2026-04-20 15:00:00+00:00,1,0.2,increase,7.71,253010.6,2,9,24,8,0.17,0.0,0.68,25.23,0.26,1,6,0.17,0.25,0.02,0.18,low
test_2026_q2,random_forest,2026-04-20,5,2026-04-20 09:00:00+00:00,2026-04-20 10:00:00+00:00,1,0.22,increase,7.23,244091.9,6,6,24,1,0.0,0.14,0.0,25.09,0.94,5,6,0.83,0.0,0.05,0.3,low
test_2026_q2,random_forest,2026-04-21,1,2026-04-21 09:00:00+00:00,2026-04-21 10:00:00+00:00,1,0.11,increase,7.79,277916.3,6,1,24,4,0.07,0.1,0.26,19.24,0.21,6,6,1.0,1.0,0.03,0.81,high
test_2026_q2,random_forest,2026-04-21,2,2026-04-21 10:00:00+00:00,2026-04-21 11:00:00+00:00,1,0.13,increase,7.88,275974.6,5,3,24,1,0.0,0.1,0.12,19.24,0.36,6,6,1.0,0.75,0.0,0.69,medium
test_2026_q2,random_forest,2026-04-21,3,2026-04-21 11:00:00+00:00,2026-04-21 12:00:00+00:00,1,0.13,increase,7.94,269715.8,4,4,24,5,0.07,0.04,0.63,19.3,-0.16,6,6,1.0,0.5,0.08,0.59,medium
test_2026_q2,random_forest,2026-04-21,4,2026-04-21 13:00:00+00:00,2026-04-21 14:00:00+00:00,1,0.2,decrease,8.48,278444.4,2,9,24,3,0.02,0.0,0.66,19.34,-0.19,2,6,0.33,0.25,0.0,0.23,low
test_2026_q2,random_forest,2026-04-21,5,2026-04-21 12:00:00+00:00,2026-04-21 13:00:00+00:00,1,0.2,decrease,8.53,288475.7,1,10,24,6,0.15,0.0,0.75,19.34,-0.28,5,6,0.83,0.0,0.05,0.3,low
test_2026_q2,random_forest,2026-04-22,1,2026-04-22 10:00:00+00:00,2026-04-22 11:00:00+00:00,1,0.15,increase,7.5,248337.1,5,4,24,2,0.0,13.76,0.41,14.68,0.21,6,6,1.0,1.0,0.03,0.81,high
test_2026_q2,random_forest,2026-04-22,2,2026-04-22 11:00:00+00:00,2026-04-22 12:00:00+00:00,1,0.17,decrease,7.72,245759.8,3,7,24,4,0.04,0.0,0.75,28.44,-0.13,6,6,1.0,0.75,0.03,0.69,medium
test_2026_q2,random_forest,2026-04-22,3,2026-04-22 09:00:00+00:00,2026-04-22 10:00:00+00:00,1,0.2,increase,7.56,254320.5,6,5,24,3,0.02,17.45,0.23,10.99,0.39,6,6,1.0,0.5,0.06,0.59,medium
test_2026_q2,random_forest,2026-04-22,4,2026-04-22 08:00:00+00:00,2026-04-22 09:00:00+00:00,1,0.24,increase,7.13,244217.0,11,2,24,1,0.0,17.46,0.12,10.98,0.5,6,6,1.0,0.25,0.03,0.47,low
test_2026_q2,random_forest,2026-04-22,5,2026-04-22 12:00:00+00:00,2026-04-22 13:00:00+00:00,1,0.26,decrease,8.21,247209.7,1,13,24,5,0.09,0.93,0.79,27.51,-0.17,5,6,0.83,0.0,0.06,0.3,low
test_2026_q2,random_forest,2026-04-23,1,2026-04-23 09:00:00+00:00,2026-04-23 10:00:00+00:00,1,0.11,increase,7.29,245727.0,6,1,24,2,0.13,45.33,0.66,33.87,0.13,6,6,1.0,1.0,0.05,0.81,high
test_2026_q2,random_forest,2026-04-23,2,2026-04-23 10:00:00+00:00,2026-04-23 11:00:00+00:00,1,0.15,decrease,7.9,251662.6,4,5,24,3,0.17,21.13,0.8,58.07,-0.01,6,6,1.0,0.75,0.13,0.71,medium
test_2026_q2,random_forest,2026-04-23,3,2026-04-23 08:00:00+00:00,2026-04-23 09:00:00+00:00,1,0.26,increase,7.49,257398.1,11,3,24,1,0.0,51.33,0.0,27.87,0.79,6,6,1.0,0.5,0.03,0.58,medium
test_2026_q2,random_forest,2026-04-23,4,2026-04-23 12:00:00+00:00,2026-04-23 13:00:00+00:00,1,0.28,decrease,8.27,252465.8,1,14,24,10,0.28,0.93,0.93,78.27,-0.15,4,6,0.67,0.25,0.03,0.35,low
test_2026_q2,random_forest,2026-04-23,5,2026-04-23 11:00:00+00:00,2026-04-23 12:00:00+00:00,1,0.3,decrease,8.24,247531.5,3,13,24,8,0.24,0.0,0.9,79.2,-0.11,6,6,1.0,0.0,0.03,0.36,low
test_2026_q2,random_forest,2026-04-24,1,2026-04-24 08:00:00+00:00,2026-04-24 09:00:00+00:00,1,0.15,increase,7.51,262124.5,8,1,24,1,0.0,38.61,0.01,7.48,0.75,6,6,1.0,1.0,0.03,0.81,high
test_2026_q2,random_forest,2026-04-24,2,2026-04-24 09:00:00+00:00,2026-04-24 10:00:00+00:00,1,0.17,increase,7.69,261230.2,7,3,24,3,0.13,29.78,0.27,16.32,0.49,6,6,1.0,0.75,0.07,0.7,medium
test_2026_q2,random_forest,2026-04-24,3,2026-04-24 12:00:00+00:00,2026-04-24 13:00:00+00:00,1,0.22,increase,8.11,247500.7,1,11,24,5,0.15,0.0,0.43,46.1,0.33,4,6,0.67,0.5,0.03,0.47,low
test_2026_q2,random_forest,2026-04-24,4,2026-04-24 10:00:00+00:00,2026-04-24 11:00:00+00:00,1,0.24,increase,8.05,259968.7,5,8,24,6,0.17,22.9,0.39,23.19,0.37,6,6,1.0,0.25,0.03,0.47,low
test_2026_q2,random_forest,2026-04-24,5,2026-04-24 13:00:00+00:00,2026-04-24 14:00:00+00:00,1,0.26,decrease,8.14,245801.9,2,12,24,8,0.28,13.33,0.7,32.77,0.06,2,6,0.33,0.0,0.1,0.14,low
test_2026_q2,random_forest,2026-04-25,1,2026-04-25 07:00:00+00:00,2026-04-25 08:00:00+00:00,1,0.2,decrease,8.32,246488.0,10,1,24,5,0.02,195.96,0.46,43.48,-0.46,5,6,0.83,1.0,0.03,0.75,medium
test_2026_q2,random_forest,2026-04-25,2,2026-04-25 08:00:00+00:00,2026-04-25 09:00:00+00:00,1,0.22,decrease,8.7,250491.9,8,4,24,12,0.15,183.22,1.08,56.22,-1.08,6,6,1.0,0.75,0.03,0.69,medium
test_2026_q2,random_forest,2026-04-25,3,2026-04-25 11:00:00+00:00,2026-04-25 12:00:00+00:00,1,0.24,decrease,9.41,242779.3,2,11,24,3,0.0,14.13,0.91,225.31,-0.91,6,6,1.0,0.5,0.05,0.59,medium
test_2026_q2,random_forest,2026-04-25,4,2026-04-25 06:00:00+00:00,2026-04-25 07:00:00+00:00,1,0.28,decrease,8.54,245578.7,13,2,24,1,0.0,207.64,0.28,31.8,-0.28,2,6,0.33,0.25,0.05,0.24,low
test_2026_q2,random_forest,2026-04-25,5,2026-04-25 09:00:00+00:00,2026-04-25 10:00:00+00:00,1,0.33,decrease,9.38,248054.3,7,10,24,8,0.07,146.94,0.91,92.5,-0.91,2,6,0.33,0.0,0.0,0.12,low
test_2026_q2,random_forest,2026-04-26,1,2026-04-26 12:00:00+00:00,2026-04-26 13:00:00+00:00,1,0.02,increase,9.17,242785.0,1,2,24,2,0.09,0.3,0.49,435.68,-0.05,6,6,1.0,1.0,0.12,0.82,high
test_2026_q2,random_forest,2026-04-26,2,2026-04-26 11:00:00+00:00,2026-04-26 12:00:00+00:00,1,0.13,increase,9.37,246951.1,2,6,24,1,0.0,0.0,0.43,435.98,0.01,6,6,1.0,0.75,0.02,0.69,medium
test_2026_q2,random_forest,2026-04-26,3,2026-04-26 13:00:00+00:00,2026-04-26 14:00:00+00:00,1,0.15,increase,9.35,240697.4,4,5,24,3,0.11,177.98,0.48,258.0,-0.04,5,6,0.83,0.5,0.02,0.52,medium
test_2026_q2,random_forest,2026-04-26,4,2026-04-26 15:00:00+00:00,2026-04-26 16:00:00+00:00,1,0.17,decrease,9.29,241782.4,7,3,24,7,0.33,412.55,1.05,23.43,-0.61,3,6,0.5,0.25,0.05,0.3,low
test_2026_q2,random_forest,2026-04-26,5,2026-04-26 14:00:00+00:00,2026-04-26 15:00:00+00:00,1,0.22,decrease,9.41,241225.0,5,7,24,5,0.22,375.47,0.7,60.51,-0.26,4,6,0.67,0.0,0.09,0.25,low
test_2026_q2,random_forest,2026-04-27,1,2026-04-27 11:00:00+00:00,2026-04-27 12:00:00+00:00,1,0.04,increase,7.84,255646.3,2,2,24,3,0.02,0.0,0.78,35.03,1.0,6,6,1.0,1.0,0.05,0.81,high
test_2026_q2,random_forest,2026-04-27,2,2026-04-27 10:00:00+00:00,2026-04-27 11:00:00+00:00,1,0.09,increase,7.69,252545.0,5,1,24,2,0.02,0.73,0.61,34.29,1.17,6,6,1.0,0.75,0.0,0.69,medium
test_2026_q2,random_forest,2026-04-27,3,2026-04-27 12:00:00+00:00,2026-04-27 13:00:00+00:00,1,0.09,increase,7.96,250915.0,1,5,24,4,0.02,0.67,0.69,34.36,1.1,6,6,1.0,0.5,0.07,0.59,medium
test_2026_q2,random_forest,2026-04-27,4,2026-04-27 09:00:00+00:00,2026-04-27 10:00:00+00:00,1,0.15,increase,7.85,259624.3,6,3,24,1,0.0,0.82,0.55,34.2,1.24,5,6,0.83,0.25,0.0,0.4,low
test_2026_q2,random_forest,2026-04-27,5,2026-04-27 13:00:00+00:00,2026-04-27 14:00:00+00:00,1,0.15,increase,8.07,247246.1,3,6,24,5,0.15,0.82,1.11,34.2,0.68,6,6,1.0,0.0,0.09,0.37,low
test_2026_q2,random_forest,2026-04-28,1,2026-04-28 10:00:00+00:00,2026-04-28 11:00:00+00:00,1,0.13,increase,6.68,221703.3,5,3,24,3,0.02,20.46,0.31,28.39,0.59,6,6,1.0,1.0,0.0,0.8,high
test_2026_q2,random_forest,2026-04-28,2,2026-04-28 11:00:00+00:00,2026-04-28 12:00:00+00:00,1,0.13,decrease,6.94,218514.6,3,5,24,2,0.0,0.0,0.48,48.85,0.42,6,6,1.0,0.75,0.03,0.69,medium
test_2026_q2,random_forest,2026-04-28,3,2026-04-28 09:00:00+00:00,2026-04-28 10:00:00+00:00,1,0.15,increase,6.5,220244.1,8,1,24,1,0.0,21.49,0.14,27.36,0.75,5,6,0.83,0.5,0.08,0.53,medium
test_2026_q2,random_forest,2026-04-28,4,2026-04-28 12:00:00+00:00,2026-04-28 13:00:00+00:00,1,0.22,decrease,7.3,219583.2,1,11,24,5,0.09,11.2,0.5,37.65,0.4,6,6,1.0,0.25,0.08,0.48,low
test_2026_q2,random_forest,2026-04-28,5,2026-04-28 08:00:00+00:00,2026-04-28 09:00:00+00:00,1,0.28,increase,6.64,222484.4,13,2,24,4,0.04,31.0,0.0,17.85,0.89,2,6,0.33,0.0,0.03,0.12,low
test_2026_q2,random_forest,2026-04-29,1,2026-04-29 07:00:00+00:00,2026-04-29 08:00:00+00:00,1,0.28,decrease,6.68,227458.6,14,1,24,16,0.33,49.37,0.7,3.75,0.13,4,6,0.67,1.0,0.05,0.69,medium
test_2026_q2,random_forest,2026-04-29,2,2026-04-29 13:00:00+00:00,2026-04-29 14:00:00+00:00,1,0.3,decrease,7.4,234378.3,2,14,24,5,0.09,19.06,0.53,34.06,0.3,4,6,0.67,0.75,0.0,0.57,medium
test_2026_q2,random_forest,2026-04-29,3,2026-04-29 15:00:00+00:00,2026-04-29 16:00:00+00:00,1,0.3,decrease,7.12,221321.1,6,10,24,2,0.0,48.62,0.3,4.49,0.53,4,6,0.67,0.5,0.05,0.47,low
test_2026_q2,random_forest,2026-04-29,4,2026-04-29 12:00:00+00:00,2026-04-29 13:00:00+00:00,1,0.33,decrease,7.44,235295.0,1,16,24,1,0.0,4.03,0.43,49.08,0.4,6,6,1.0,0.25,0.14,0.49,low
test_2026_q2,random_forest,2026-04-29,5,2026-04-29 05:00:00+00:00,2026-04-29 06:00:00+00:00,1,0.39,decrease,7.0,218673.0,13,7,24,24,0.5,84.62,0.49,-31.5,0.34,1,6,0.17,0.0,0.0,0.06,low
test_2026_q2,random_forest,2026-04-30,1,2026-04-30 09:00:00+00:00,2026-04-30 10:00:00+00:00,1,0.17,increase,6.81,230524.7,6,3,22,2,0.12,27.7,0.39,16.72,0.27,5,6,0.83,1.0,0.0,0.74,medium
test_2026_q2,random_forest,2026-04-30,2,2026-04-30 10:00:00+00:00,2026-04-30 11:00:00+00:00,1,0.17,increase,7.21,222168.3,4,5,22,5,0.21,17.12,0.69,27.3,-0.04,5,6,0.83,0.75,0.08,0.65,medium
test_2026_q2,random_forest,2026-04-30,3,2026-04-30 08:00:00+00:00,2026-04-30 09:00:00+00:00,1,0.21,increase,6.71,231442.3,9,2,22,1,0.0,30.62,0.0,13.8,0.66,5,6,0.83,0.5,0.04,0.52,medium
test_2026_q2,random_forest,2026-04-30,4,2026-04-30 07:00:00+00:00,2026-04-30 08:00:00+00:00,1,0.24,increase,6.68,226628.4,11,1,22,4,0.17,40.48,0.03,3.94,0.63,4,6,0.67,0.25,0.08,0.36,low
test_2026_q2,random_forest,2026-04-30,5,2026-04-30 11:00:00+00:00,2026-04-30 12:00:00+00:00,1,0.29,increase,7.62,218247.2,2,12,22,6,0.21,0.0,0.75,44.42,-0.09,6,6,1.0,0.0,0.24,0.4,low
test_2026_q2,random_forest,2026-05-22,1,2026-05-22 12:00:00+00:00,2026-05-22 13:00:00+00:00,1,0.07,increase,7.23,322171.8,1,4,24,5,0.11,0.0,0.39,84.44,0.49,6,6,1.0,1.0,0.02,0.8,high
test_2026_q2,random_forest,2026-05-22,2,2026-05-22 10:00:00+00:00,2026-05-22 11:00:00+00:00,1,0.09,increase,7.16,319912.8,3,3,24,2,0.04,0.01,0.0,84.43,0.87,6,6,1.0,0.75,0.02,0.69,medium
test_2026_q2,random_forest,2026-05-22,3,2026-05-22 11:00:00+00:00,2026-05-22 12:00:00+00:00,1,0.11,increase,7.24,322994.2,2,5,24,1,0.0,0.0,0.17,84.44,0.7,6,6,1.0,0.5,0.05,0.58,medium
test_2026_q2,random_forest,2026-05-22,4,2026-05-22 08:00:00+00:00,2026-05-22 09:00:00+00:00,1,0.15,increase,6.96,316992.2,8,1,24,6,0.17,0.77,0.19,83.66,0.68,5,6,0.83,0.25,0.0,0.4,low
test_2026_q2,random_forest,2026-05-22,5,2026-05-22 09:00:00+00:00,2026-05-22 10:00:00+00:00,1,0.15,decrease,7.08,315810.9,7,2,24,3,0.09,0.01,0.01,84.43,0.87,6,6,1.0,0.0,0.07,0.36,low
test_2026_q2,random_forest,2026-05-23,1,2026-05-23 11:00:00+00:00,2026-05-23 12:00:00+00:00,1,0.11,decrease,7.37,319144.2,2,5,24,7,0.15,0.0,2.29,92.61,-0.53,5,6,0.83,1.0,0.0,0.74,medium
test_2026_q2,random_forest,2026-05-23,2,2026-05-23 12:00:00+00:00,2026-05-23 13:00:00+00:00,1,0.11,decrease,7.41,319911.8,1,6,24,10,0.22,13.29,2.34,79.32,-0.58,4,6,0.67,0.75,0.03,0.58,medium
test_2026_q2,random_forest,2026-05-23,3,2026-05-23 09:00:00+00:00,2026-05-23 10:00:00+00:00,1,0.13,decrease,7.21,315535.0,5,3,24,9,0.2,27.68,2.27,64.92,-0.5,5,6,0.83,0.5,0.0,0.52,medium
test_2026_q2,random_forest,2026-05-23,4,2026-05-23 10:00:00+00:00,2026-05-23 11:00:00+00:00,1,0.13,decrease,7.33,317759.7,4,4,24,16,0.26,19.26,2.35,73.34,-0.59,6,6,1.0,0.25,0.03,0.47,low
test_2026_q2,random_forest,2026-05-23,5,2026-05-23 08:00:00+00:00,2026-05-23 09:00:00+00:00,1,0.15,increase,7.0,315975.3,8,1,24,13,0.24,31.22,2.27,61.39,-0.51,5,6,0.83,0.0,0.05,0.3,low
test_2026_q2,random_forest,2026-05-24,1,2026-05-24 12:00:00+00:00,2026-05-24 13:00:00+00:00,1,0.07,decrease,6.48,277967.8,1,4,24,1,0.0,14.08,1.32,96.31,-0.78,5,6,0.83,1.0,0.05,0.75,high
test_2026_q2,random_forest,2026-05-24,2,2026-05-24 10:00:00+00:00,2026-05-24 11:00:00+00:00,1,0.11,decrease,6.43,278959.4,4,3,24,9,0.09,38.02,1.39,72.38,-0.84,5,6,0.83,0.75,0.03,0.63,medium
test_2026_q2,random_forest,2026-05-24,3,2026-05-24 11:00:00+00:00,2026-05-24 12:00:00+00:00,1,0.13,decrease,6.48,278247.7,3,5,24,4,0.0,0.0,1.35,110.39,-0.8,4,6,0.67,0.5,0.0,0.46,low
test_2026_q2,random_forest,2026-05-24,4,2026-05-24 13:00:00+00:00,2026-05-24 14:00:00+00:00,1,0.13,decrease,6.49,278209.8,2,6,24,10,0.09,52.04,1.37,58.36,-0.82,4,6,0.67,0.25,0.11,0.37,low
test_2026_q2,random_forest,2026-05-24,5,2026-05-24 16:00:00+00:00,2026-05-24 17:00:00+00:00,1,0.22,decrease,6.41,288782.9,10,2,24,2,0.0,89.12,0.75,21.27,-0.2,2,6,0.33,0.0,0.03,0.12,low
test_2026_q2,random_forest,2026-05-25,1,2026-05-25 13:00:00+00:00,2026-05-25 14:00:00+00:00,1,0.07,increase,6.54,284804.3,2,3,24,12,0.17,13.98,0.87,26.28,-0.23,4,6,0.67,1.0,0.02,0.69,medium
test_2026_q2,random_forest,2026-05-25,2,2026-05-25 12:00:00+00:00,2026-05-25 13:00:00+00:00,1,0.09,increase,6.55,286263.7,1,5,24,5,0.09,6.15,0.81,34.11,-0.17,6,6,1.0,0.75,0.07,0.7,medium
test_2026_q2,random_forest,2026-05-25,3,2026-05-25 09:00:00+00:00,2026-05-25 10:00:00+00:00,1,0.15,increase,6.54,287539.2,5,4,24,18,0.3,14.15,1.11,26.11,-0.47,5,6,0.83,0.5,0.0,0.52,medium
test_2026_q2,random_forest,2026-05-25,4,2026-05-25 11:00:00+00:00,2026-05-25 12:00:00+00:00,1,0.15,increase,6.6,285536.6,3,6,24,7,0.15,0.0,0.91,40.26,-0.27,5,6,0.83,0.25,0.05,0.41,low
test_2026_q2,random_forest,2026-05-25,5,2026-05-25 15:00:00+00:00,2026-05-25 16:00:00+00:00,1,0.2,increase,6.5,284438.5,9,2,24,1,0.0,26.91,0.12,13.35,0.52,2,6,0.33,0.0,0.02,0.12,low
test_2026_q2,random_forest,2026-05-26,1,2026-05-26 08:00:00+00:00,2026-05-26 09:00:00+00:00,1,0.2,increase,7.56,339862.1,8,3,24,10,0.2,1.14,1.04,72.43,-0.96,6,6,1.0,1.0,0.08,0.82,high
test_2026_q2,random_forest,2026-05-26,2,2026-05-26 00:00:00+00:00,2026-05-26 01:00:00+00:00,1,0.26,increase,7.28,291575.9,13,1,24,2,0.09,73.57,0.08,0.0,0.0,5,6,0.83,0.75,0.0,0.63,medium
test_2026_q2,random_forest,2026-05-26,3,2026-05-26 01:00:00+00:00,2026-05-26 02:00:00+00:00,1,0.26,increase,7.47,292884.3,12,2,24,9,0.2,70.17,0.29,3.4,-0.21,5,6,0.83,0.5,0.06,0.53,medium
test_2026_q2,random_forest,2026-05-26,4,2026-05-26 02:00:00+00:00,2026-05-26 03:00:00+00:00,1,0.3,increase,7.74,294655.8,11,5,24,14,0.22,77.38,0.26,-3.81,-0.18,3,6,0.5,0.25,0.0,0.29,low
test_2026_q2,random_forest,2026-05-26,5,2026-05-26 07:00:00+00:00,2026-05-26 08:00:00+00:00,1,0.3,increase,7.82,336668.7,10,6,24,1,0.0,27.25,0.0,46.32,0.08,5,6,0.83,0.0,0.06,0.3,low
test_2026_q2,random_forest,2026-05-27,1,2026-05-27 12:00:00+00:00,2026-05-27 13:00:00+00:00,1,0.04,increase,6.43,289387.3,1,3,24,6,0.09,0.0,0.48,114.04,0.46,5,6,0.83,1.0,0.05,0.75,high
test_2026_q2,random_forest,2026-05-27,2,2026-05-27 09:00:00+00:00,2026-05-27 10:00:00+00:00,1,0.09,increase,6.2,281284.1,5,1,24,4,0.09,0.29,0.11,113.75,0.84,5,6,0.83,0.75,0.02,0.63,medium
test_2026_q2,random_forest,2026-05-27,3,2026-05-27 11:00:00+00:00,2026-05-27 12:00:00+00:00,1,0.11,increase,6.57,296925.5,2,5,24,5,0.09,0.0,0.24,114.04,0.71,4,6,0.67,0.5,0.02,0.46,low
test_2026_q2,random_forest,2026-05-27,4,2026-05-27 10:00:00+00:00,2026-05-27 11:00:00+00:00,1,0.13,increase,6.56,295261.8,4,4,24,1,0.0,0.01,0.07,114.03,0.88,5,6,0.83,0.25,0.02,0.41,low
test_2026_q2,random_forest,2026-05-27,5,2026-05-27 13:00:00+00:00,2026-05-27 14:00:00+00:00,1,0.15,increase,6.59,291114.6,3,6,24,3,0.04,0.24,0.09,113.8,0.86,3,6,0.5,0.0,0.02,0.18,low
test_2026_q2,random_forest,2026-05-28,1,2026-05-28 11:00:00+00:00,2026-05-28 12:00:00+00:00,1,0.04,increase,6.19,275028.4,2,2,24,1,0.0,0.0,0.0,95.77,4.13,6,6,1.0,1.0,0.05,0.81,high
test_2026_q2,random_forest,2026-05-28,2,2026-05-28 09:00:00+00:00,2026-05-28 10:00:00+00:00,1,0.09,increase,6.13,274943.4,5,1,24,4,0.15,0.56,0.11,95.2,4.02,6,6,1.0,0.75,0.0,0.69,medium
test_2026_q2,random_forest,2026-05-28,3,2026-05-28 12:00:00+00:00,2026-05-28 13:00:00+00:00,1,0.09,increase,6.23,276610.4,1,5,24,2,0.04,0.0,0.05,95.76,4.07,5,6,0.83,0.5,0.02,0.52,medium
test_2026_q2,random_forest,2026-05-28,4,2026-05-28 10:00:00+00:00,2026-05-28 11:00:00+00:00,1,0.11,increase,6.21,276640.7,4,3,24,3,0.09,0.0,0.07,95.76,4.05,6,6,1.0,0.25,0.0,0.46,low
test_2026_q2,random_forest,2026-05-28,5,2026-05-28 13:00:00+00:00,2026-05-28 14:00:00+00:00,1,0.11,increase,6.22,276194.9,3,4,24,6,0.2,1.3,0.29,94.47,3.83,5,6,0.83,0.0,0.14,0.32,low
test_2026_q2,random_forest,2026-05-29,1,2026-05-29 10:00:00+00:00,2026-05-29 11:00:00+00:00,1,0.04,increase,6.46,287381.3,3,1,24,2,0.04,0.35,0.27,120.13,3.74,6,6,1.0,1.0,0.0,0.8,high
test_2026_q2,random_forest,2026-05-29,2,2026-05-29 11:00:00+00:00,2026-05-29 12:00:00+00:00,1,0.04,increase,6.61,293843.0,1,3,24,4,0.07,0.0,0.41,120.48,3.6,6,6,1.0,0.75,0.05,0.7,medium
test_2026_q2,random_forest,2026-05-29,3,2026-05-29 13:00:00+00:00,2026-05-29 14:00:00+00:00,1,0.09,increase,6.48,287783.8,4,2,24,3,0.04,1.35,0.22,119.12,3.79,5,6,0.83,0.5,0.02,0.52,medium
test_2026_q2,random_forest,2026-05-29,4,2026-05-29 12:00:00+00:00,2026-05-29 13:00:00+00:00,1,0.11,increase,6.7,298281.6,2,5,24,1,0.0,0.64,0.0,119.83,4.01,6,6,1.0,0.25,0.07,0.48,low
test_2026_q2,random_forest,2026-05-29,5,2026-05-29 14:00:00+00:00,2026-05-29 15:00:00+00:00,1,0.17,decrease,6.7,293146.7,6,4,24,6,0.15,7.51,0.39,112.96,3.62,1,6,0.17,0.0,0.02,0.06,low
test_2026_q2,random_forest,2026-05-30,1,2026-05-30 10:00:00+00:00,2026-05-30 11:00:00+00:00,1,0.09,decrease,6.62,292389.8,4,2,24,11,0.17,0.1,1.58,99.07,2.44,6,6,1.0,1.0,0.0,0.8,high
test_2026_q2,random_forest,2026-05-30,2,2026-05-30 11:00:00+00:00,2026-05-30 12:00:00+00:00,1,0.09,decrease,6.66,292202.9,3,3,24,8,0.11,0.02,1.54,99.14,2.48,6,6,1.0,0.75,0.0,0.69,medium
test_2026_q2,random_forest,2026-05-30,3,2026-05-30 13:00:00+00:00,2026-05-30 14:00:00+00:00,1,0.09,decrease,6.83,300929.4,1,5,24,5,0.02,0.1,1.28,99.07,2.74,2,6,0.33,0.5,0.07,0.36,low
test_2026_q2,random_forest,2026-05-30,4,2026-05-30 12:00:00+00:00,2026-05-30 13:00:00+00:00,1,0.15,decrease,6.88,302100.1,2,7,24,1,0.0,0.0,1.39,99.16,2.63,5,6,0.83,0.25,0.02,0.41,low
test_2026_q2,random_forest,2026-05-30,5,2026-05-30 09:00:00+00:00,2026-05-30 10:00:00+00:00,1,0.17,increase,6.69,294694.2,6,4,24,6,0.07,0.1,1.36,99.06,2.66,6,6,1.0,0.0,0.05,0.36,low
test_2026_q2,random_forest,2026-05-31,1,2026-05-31 10:00:00+00:00,2026-05-31 11:00:00+00:00,1,0.04,increase,5.9,281236.6,3,1,24,2,0.02,0.0,0.52,65.49,0.04,5,6,0.83,1.0,0.05,0.75,high
test_2026_q2,random_forest,2026-05-31,2,2026-05-31 11:00:00+00:00,2026-05-31 12:00:00+00:00,1,0.09,increase,6.06,284572.8,2,4,24,8,0.13,0.0,0.7,65.5,-0.13,5,6,0.83,0.75,0.0,0.63,medium
test_2026_q2,random_forest,2026-05-31,3,2026-05-31 12:00:00+00:00,2026-05-31 13:00:00+00:00,1,0.09,increase,6.11,281914.9,1,5,24,6,0.11,0.0,0.65,65.5,-0.08,6,6,1.0,0.5,0.05,0.58,medium
test_2026_q2,random_forest,2026-05-31,4,2026-05-31 14:00:00+00:00,2026-05-31 15:00:00+00:00,1,0.13,decrease,5.99,284948.8,5,3,24,7,0.11,0.0,0.64,65.5,-0.08,2,6,0.33,0.25,0.02,0.23,low
test_2026_q2,random_forest,2026-05-31,5,2026-05-31 09:00:00+00:00,2026-05-31 10:00:00+00:00,1,0.15,increase,5.94,278651.0,7,2,24,3,0.07,0.01,0.43,65.48,0.14,5,6,0.83,0.0,0.02,0.3,low
test_2026_q2,random_forest,2026-06-01,1,2026-06-01 10:00:00+00:00,2026-06-01 11:00:00+00:00,1,0.09,increase,6.87,301248.6,4,2,24,5,0.2,7.86,0.1,30.73,0.98,6,6,1.0,1.0,0.02,0.8,high
test_2026_q2,random_forest,2026-06-01,2,2026-06-01 09:00:00+00:00,2026-06-01 10:00:00+00:00,1,0.11,increase,6.8,298887.6,6,1,24,4,0.2,9.75,0.08,28.83,1.0,6,6,1.0,0.75,0.0,0.69,medium
test_2026_q2,random_forest,2026-06-01,3,2026-06-01 12:00:00+00:00,2026-06-01 13:00:00+00:00,1,0.11,increase,7.03,310254.2,1,6,24,3,0.09,3.01,0.06,35.58,1.02,5,6,0.83,0.5,0.0,0.52,medium
test_2026_q2,random_forest,2026-06-01,4,2026-06-01 13:00:00+00:00,2026-06-01 14:00:00+00:00,1,0.11,increase,6.89,302382.6,3,4,24,1,0.0,0.0,0.0,38.58,1.08,5,6,0.83,0.25,0.02,0.41,low
test_2026_q2,random_forest,2026-06-01,5,2026-06-01 14:00:00+00:00,2026-06-01 15:00:00+00:00,1,0.13,increase,6.87,298807.5,5,3,24,6,0.2,0.81,0.44,37.77,0.64,2,6,0.33,0.0,0.02,0.12,low
test_2026_q2,random_forest,2026-06-02,1,2026-06-02 09:00:00+00:00,2026-06-02 10:00:00+00:00,1,0.15,decrease,6.61,336700.8,7,2,24,3,0.11,0.21,1.3,30.27,2.29,6,6,1.0,1.0,0.0,0.8,high
test_2026_q2,random_forest,2026-06-02,2,2026-06-02 10:00:00+00:00,2026-06-02 11:00:00+00:00,1,0.15,decrease,7.18,382737.6,5,4,24,8,0.2,0.08,2.11,30.4,1.48,6,6,1.0,0.75,0.0,0.69,medium
test_2026_q2,random_forest,2026-06-02,3,2026-06-02 11:00:00+00:00,2026-06-02 12:00:00+00:00,1,0.15,decrease,8.48,451114.0,2,7,24,10,0.24,0.07,2.36,30.41,1.23,6,6,1.0,0.5,0.0,0.57,medium
test_2026_q2,random_forest,2026-06-02,4,2026-06-02 23:00:00+00:00,2026-06-03 00:00:00+00:00,1,0.15,decrease,6.22,277623.3,8,1,24,9,0.22,22.64,0.62,7.85,2.97,5,6,0.83,0.25,0.03,0.41,low
test_2026_q2,random_forest,2026-06-02,5,2026-06-02 12:00:00+00:00,2026-06-02 13:00:00+00:00,1,0.17,decrease,8.74,450031.1,1,9,24,4,0.11,0.07,2.08,30.41,1.51,4,6,0.67,0.0,0.03,0.24,low
test_2026_q2,random_forest,2026-06-03,1,2026-06-03 14:00:00+00:00,2026-06-03 15:00:00+00:00,1,0.04,decrease,5.79,290506.6,1,3,24,4,0.17,0.0,0.29,20.79,0.5,4,6,0.67,1.0,0.02,0.69,medium
test_2026_q2,random_forest,2026-06-03,2,2026-06-03 12:00:00+00:00,2026-06-03 13:00:00+00:00,1,0.07,increase,5.71,294888.3,3,2,24,3,0.04,0.09,0.0,20.7,0.79,6,6,1.0,0.75,0.07,0.7,medium
test_2026_q2,random_forest,2026-06-03,3,2026-06-03 13:00:00+00:00,2026-06-03 14:00:00+00:00,1,0.13,increase,5.57,286373.6,7,1,24,2,0.02,0.0,0.15,20.79,0.64,5,6,0.83,0.5,0.02,0.52,medium
test_2026_q2,random_forest,2026-06-03,4,2026-06-03 09:00:00+00:00,2026-06-03 10:00:00+00:00,1,0.15,increase,5.87,298157.3,4,5,24,10,0.37,0.09,0.59,20.7,0.2,4,6,0.67,0.25,0.05,0.35,low
test_2026_q2,random_forest,2026-06-03,5,2026-06-03 10:00:00+00:00,2026-06-03 11:00:00+00:00,1,0.2,increase,6.24,306180.2,2,9,24,6,0.22,0.09,0.27,20.7,0.52,2,6,0.33,0.0,0.0,0.12,low
test_2026_q2,random_forest,2026-06-04,1,2026-06-04 10:00:00+00:00,2026-06-04 11:00:00+00:00,1,0.02,increase,4.64,241233.9,1,2,24,3,0.07,0.01,0.0,3.79,1.87,5,6,0.83,1.0,0.03,0.75,medium
test_2026_q2,random_forest,2026-06-04,2,2026-06-04 11:00:00+00:00,2026-06-04 12:00:00+00:00,1,0.04,increase,4.57,235744.3,3,1,24,1,0.0,0.0,0.39,3.8,1.48,6,6,1.0,0.75,0.03,0.69,medium
test_2026_q2,random_forest,2026-06-04,3,2026-06-04 12:00:00+00:00,2026-06-04 13:00:00+00:00,1,0.07,increase,4.68,242842.1,2,3,24,5,0.13,0.0,0.78,3.8,1.09,6,6,1.0,0.5,0.11,0.6,medium
test_2026_q2,random_forest,2026-06-04,4,2026-06-04 14:00:00+00:00,2026-06-04 15:00:00+00:00,1,0.15,increase,5.31,269352.6,5,4,24,4,0.11,0.0,0.82,3.8,1.06,2,6,0.33,0.25,0.03,0.23,low
test_2026_q2,random_forest,2026-06-04,5,2026-06-04 13:00:00+00:00,2026-06-04 14:00:00+00:00,1,0.17,increase,5.35,272154.6,4,6,24,6,0.22,0.0,0.85,3.8,1.02,5,6,0.83,0.0,0.08,0.31,low
test_2026_q2,random_forest,2026-06-05,1,2026-06-05 12:00:00+00:00,2026-06-05 13:00:00+00:00,1,0.0,increase,5.31,250447.3,1,1,24,3,0.09,1.0,0.03,9.7,1.22,6,6,1.0,1.0,0.07,0.81,high
test_2026_q2,random_forest,2026-06-05,2,2026-06-05 10:00:00+00:00,2026-06-05 11:00:00+00:00,1,0.07,increase,5.34,252268.7,2,3,24,2,0.09,2.08,0.0,8.62,1.25,6,6,1.0,0.75,0.0,0.69,medium
test_2026_q2,random_forest,2026-06-05,3,2026-06-05 11:00:00+00:00,2026-06-05 12:00:00+00:00,1,0.07,increase,5.32,251639.1,3,2,24,5,0.13,1.2,0.06,9.5,1.19,6,6,1.0,0.5,0.09,0.59,medium
test_2026_q2,random_forest,2026-06-05,4,2026-06-05 13:00:00+00:00,2026-06-05 14:00:00+00:00,1,0.15,increase,5.38,249976.7,5,4,24,4,0.09,0.62,0.14,10.08,1.1,5,6,0.83,0.25,0.07,0.42,low
test_2026_q2,random_forest,2026-06-05,5,2026-06-05 09:00:00+00:00,2026-06-05 10:00:00+00:00,1,0.22,increase,5.67,267826.9,4,8,24,1,0.0,0.62,0.01,10.08,1.23,6,6,1.0,0.0,0.02,0.35,low
test_2026_q2,random_forest,2026-06-06,1,2026-06-06 11:00:00+00:00,2026-06-06 12:00:00+00:00,1,0.02,decrease,4.98,246180.7,2,1,24,3,0.07,0.06,0.09,13.59,0.36,6,6,1.0,1.0,0.02,0.8,high
test_2026_q2,random_forest,2026-06-06,2,2026-06-06 10:00:00+00:00,2026-06-06 11:00:00+00:00,1,0.04,decrease,5.1,245390.4,1,3,24,1,0.0,0.04,0.0,13.61,0.45,6,6,1.0,0.75,0.1,0.71,medium
test_2026_q2,random_forest,2026-06-06,3,2026-06-06 12:00:00+00:00,2026-06-06 13:00:00+00:00,1,0.13,decrease,5.05,251533.5,6,2,24,6,0.24,0.01,0.34,13.64,0.1,6,6,1.0,0.5,0.02,0.58,medium
test_2026_q2,random_forest,2026-06-06,4,2026-06-06 09:00:00+00:00,2026-06-06 10:00:00+00:00,1,0.15,decrease,5.12,248373.3,5,4,24,2,0.07,0.0,0.22,13.65,0.22,5,6,0.83,0.25,0.0,0.4,low
test_2026_q2,random_forest,2026-06-06,5,2026-06-06 13:00:00+00:00,2026-06-06 14:00:00+00:00,1,0.15,decrease,5.32,263927.5,3,6,24,10,0.39,0.0,0.66,13.65,-0.21,2,6,0.33,0.0,0.07,0.13,low
test_2026_q2,random_forest,2026-06-07,1,2026-06-07 12:00:00+00:00,2026-06-07 13:00:00+00:00,1,0.02,decrease,6.23,266744.0,1,2,24,1,0.0,0.0,0.63,61.72,-0.48,5,6,0.83,1.0,0.07,0.76,high
test_2026_q2,random_forest,2026-06-07,2,2026-06-07 11:00:00+00:00,2026-06-07 12:00:00+00:00,1,0.09,decrease,6.31,270545.4,3,3,24,2,0.07,8.8,0.63,52.92,-0.49,6,6,1.0,0.75,0.0,0.69,medium
test_2026_q2,random_forest,2026-06-07,3,2026-06-07 13:00:00+00:00,2026-06-07 14:00:00+00:00,1,0.09,decrease,6.33,269117.1,2,4,24,4,0.07,8.35,0.65,53.37,-0.51,5,6,0.83,0.5,0.09,0.53,medium
test_2026_q2,random_forest,2026-06-07,4,2026-06-07 10:00:00+00:00,2026-06-07 11:00:00+00:00,1,0.17,decrease,6.41,269655.1,4,6,24,6,0.13,26.4,0.66,35.33,-0.52,5,6,0.83,0.25,0.05,0.41,low
test_2026_q2,random_forest,2026-06-07,5,2026-06-07 14:00:00+00:00,2026-06-07 15:00:00+00:00,1,0.22,decrease,6.45,270432.0,5,7,24,3,0.07,28.73,0.58,32.99,-0.44,4,6,0.67,0.0,0.11,0.26,low
test_2026_q2,random_forest,2026-06-08,1,2026-06-08 15:00:00+00:00,2026-06-08 16:00:00+00:00,1,0.04,increase,5.37,267650.0,3,1,24,4,0.11,1.03,0.18,22.64,1.01,4,6,0.67,1.0,0.05,0.69,medium
test_2026_q2,random_forest,2026-06-08,2,2026-06-08 13:00:00+00:00,2026-06-08 14:00:00+00:00,1,0.09,increase,5.67,267096.9,2,4,24,1,0.0,0.13,0.0,23.54,1.19,6,6,1.0,0.75,0.03,0.69,medium
test_2026_q2,random_forest,2026-06-08,3,2026-06-08 12:00:00+00:00,2026-06-08 13:00:00+00:00,1,0.11,increase,5.79,266776.7,1,6,24,3,0.09,1.12,0.14,22.55,1.05,6,6,1.0,0.5,0.03,0.58,medium
test_2026_q2,random_forest,2026-06-08,4,2026-06-08 14:00:00+00:00,2026-06-08 15:00:00+00:00,1,0.13,increase,5.53,266900.9,5,3,24,2,0.0,0.0,0.05,23.67,1.14,5,6,0.83,0.25,0.08,0.42,low
test_2026_q2,random_forest,2026-06-08,5,2026-06-08 11:00:00+00:00,2026-06-08 12:00:00+00:00,1,0.2,increase,5.86,266599.3,4,7,24,5,0.2,2.62,0.21,21.05,0.99,6,6,1.0,0.0,0.0,0.35,low
test_2026_q2,random_forest,2026-06-09,1,2026-06-09 12:00:00+00:00,2026-06-09 13:00:00+00:00,1,0.02,decrease,5.6,266169.0,2,1,24,4,0.13,0.02,0.11,33.26,0.55,6,6,1.0,1.0,0.07,0.81,high
test_2026_q2,random_forest,2026-06-09,2,2026-06-09 11:00:00+00:00,2026-06-09 12:00:00+00:00,1,0.09,decrease,5.61,265256.2,3,3,24,3,0.09,0.02,0.07,33.26,0.6,5,6,0.83,0.75,0.05,0.64,medium
test_2026_q2,random_forest,2026-06-09,3,2026-06-09 14:00:00+00:00,2026-06-09 15:00:00+00:00,1,0.13,increase,5.61,266157.2,6,2,24,6,0.2,0.01,0.23,33.27,0.44,5,6,0.83,0.5,0.02,0.52,medium
test_2026_q2,random_forest,2026-06-09,4,2026-06-09 09:00:00+00:00,2026-06-09 10:00:00+00:00,1,0.15,decrease,5.79,267627.0,1,8,24,1,0.0,0.0,0.0,33.28,0.66,2,6,0.33,0.25,0.02,0.23,low
test_2026_q2,random_forest,2026-06-09,5,2026-06-09 10:00:00+00:00,2026-06-09 11:00:00+00:00,1,0.17,decrease,5.65,265492.3,4,6,24,2,0.02,0.02,0.0,33.26,0.66,5,6,0.83,0.0,0.0,0.29,low
test_2026_q2,random_forest,2026-06-10,1,2026-06-10 14:00:00+00:00,2026-06-10 15:00:00+00:00,1,0.07,decrease,5.83,265051.7,1,4,24,7,0.17,0.0,0.29,58.7,0.51,2,6,0.33,1.0,0.08,0.58,medium
test_2026_q2,random_forest,2026-06-10,2,2026-06-10 11:00:00+00:00,2026-06-10 12:00:00+00:00,1,0.13,increase,5.8,265812.5,5,3,24,1,0.0,0.1,0.04,58.6,0.76,6,6,1.0,0.75,0.0,0.69,medium
test_2026_q2,random_forest,2026-06-10,3,2026-06-10 13:00:00+00:00,2026-06-10 14:00:00+00:00,1,0.13,increase,5.77,265337.7,6,2,24,5,0.04,0.01,0.11,58.69,0.69,4,6,0.67,0.5,0.03,0.46,low
test_2026_q2,random_forest,2026-06-10,4,2026-06-10 10:00:00+00:00,2026-06-10 11:00:00+00:00,1,0.15,increase,5.91,265599.7,3,6,24,3,0.02,0.1,0.0,58.6,0.8,4,6,0.67,0.25,0.0,0.35,low
test_2026_q2,random_forest,2026-06-10,5,2026-06-10 12:00:00+00:00,2026-06-10 13:00:00+00:00,1,0.15,increase,5.83,267180.5,4,5,24,2,0.0,0.08,0.07,58.62,0.73,6,6,1.0,0.0,0.03,0.36,low
test_2026_q2,random_forest,2026-06-11,1,2026-06-11 15:00:00+00:00,2026-06-11 16:00:00+00:00,1,0.17,increase,5.87,272079.2,7,3,24,2,0.0,0.01,0.0,22.2,0.6,4,6,0.67,1.0,0.0,0.68,medium
test_2026_q2,random_forest,2026-06-11,2,2026-06-11 16:00:00+00:00,2026-06-11 17:00:00+00:00,1,0.17,increase,5.52,274255.1,9,1,24,5,0.11,5.32,0.11,16.89,0.48,4,6,0.67,0.75,0.06,0.58,medium
test_2026_q2,random_forest,2026-06-11,3,2026-06-11 09:00:00+00:00,2026-06-11 10:00:00+00:00,1,0.22,increase,6.23,286220.0,1,11,24,12,0.33,0.0,0.54,22.21,0.05,6,6,1.0,0.5,0.06,0.59,medium
test_2026_q2,random_forest,2026-06-11,4,2026-06-11 08:00:00+00:00,2026-06-11 09:00:00+00:00,1,0.26,increase,6.13,277712.6,8,6,24,4,0.11,0.01,0.22,22.2,0.38,5,6,0.83,0.25,0.0,0.4,low
test_2026_q2,random_forest,2026-06-11,5,2026-06-11 12:00:00+00:00,2026-06-11 13:00:00+00:00,1,0.26,increase,6.23,290518.9,2,12,24,7,0.13,0.0,0.35,22.21,0.25,3,6,0.5,0.0,0.03,0.18,low
test_2026_q2,random_forest,2026-06-12,1,2026-06-12 09:00:00+00:00,2026-06-12 10:00:00+00:00,1,0.07,increase,5.77,287251.5,4,1,24,2,0.07,0.04,0.09,13.6,0.4,5,6,0.83,1.0,0.0,0.74,medium
test_2026_q2,random_forest,2026-06-12,2,2026-06-12 11:00:00+00:00,2026-06-12 12:00:00+00:00,1,0.07,increase,5.92,286940.5,2,3,24,5,0.09,0.04,0.06,13.6,0.44,6,6,1.0,0.75,0.05,0.7,medium
test_2026_q2,random_forest,2026-06-12,3,2026-06-12 10:00:00+00:00,2026-06-12 11:00:00+00:00,1,0.11,increase,5.93,287464.8,3,4,24,1,0.0,0.04,0.0,13.6,0.49,5,6,0.83,0.5,0.05,0.53,medium
test_2026_q2,random_forest,2026-06-12,4,2026-06-12 12:00:00+00:00,2026-06-12 13:00:00+00:00,1,0.15,increase,6.05,291934.1,1,8,24,8,0.15,0.04,0.1,13.6,0.39,5,6,0.83,0.25,0.05,0.41,low
test_2026_q2,random_forest,2026-06-12,5,2026-06-12 08:00:00+00:00,2026-06-12 09:00:00+00:00,1,0.2,increase,5.84,294131.5,9,2,24,4,0.09,0.05,0.03,13.59,0.47,6,6,1.0,0.0,0.0,0.35,low
test_2026_q2,random_forest,2026-06-13,1,2026-06-13 12:00:00+00:00,2026-06-13 13:00:00+00:00,1,0.13,decrease,6.56,282255.6,1,7,24,5,0.11,0.87,1.47,93.89,-0.85,5,6,0.83,1.0,0.0,0.74,medium
test_2026_q2,random_forest,2026-06-13,2,2026-06-13 13:00:00+00:00,2026-06-13 14:00:00+00:00,1,0.13,decrease,6.55,281345.6,2,6,24,8,0.15,14.39,1.47,80.37,-0.85,4,6,0.67,0.75,0.09,0.59,medium
test_2026_q2,random_forest,2026-06-13,3,2026-06-13 11:00:00+00:00,2026-06-13 12:00:00+00:00,1,0.2,decrease,6.57,281009.7,3,8,24,1,0.0,0.0,1.36,94.76,-0.74,6,6,1.0,0.5,0.06,0.59,medium
test_2026_q2,random_forest,2026-06-13,4,2026-06-13 10:00:00+00:00,2026-06-13 11:00:00+00:00,1,0.24,decrease,6.62,282395.7,4,9,24,4,0.11,18.44,1.4,76.32,-0.78,4,6,0.67,0.25,0.0,0.35,low
test_2026_q2,random_forest,2026-06-13,5,2026-06-13 17:00:00+00:00,2026-06-13 18:00:00+00:00,1,0.24,decrease,5.78,268921.5,12,1,24,3,0.04,87.31,0.0,7.45,0.62,4,6,0.67,0.0,0.09,0.25,low
test_2026_q2,random_forest,2026-06-14,1,2026-06-14 12:00:00+00:00,2026-06-14 13:00:00+00:00,1,0.04,increase,6.56,281854.5,1,3,24,1,0.0,0.0,0.91,62.46,-0.57,6,6,1.0,1.0,0.02,0.8,high
test_2026_q2,random_forest,2026-06-14,2,2026-06-14 13:00:00+00:00,2026-06-14 14:00:00+00:00,1,0.07,increase,6.55,280180.4,3,2,24,2,0.02,5.54,0.82,56.91,-0.48,5,6,0.83,0.75,0.02,0.63,medium
test_2026_q2,random_forest,2026-06-14,3,2026-06-14 11:00:00+00:00,2026-06-14 12:00:00+00:00,1,0.09,increase,6.6,283013.2,2,4,24,3,0.04,1.44,0.94,61.01,-0.6,6,6,1.0,0.5,0.09,0.59,medium
test_2026_q2,random_forest,2026-06-14,4,2026-06-14 10:00:00+00:00,2026-06-14 11:00:00+00:00,1,0.17,increase,6.67,285467.2,4,6,24,7,0.13,9.87,1.03,52.58,-0.69,4,6,0.67,0.25,0.05,0.35,low
test_2026_q2,random_forest,2026-06-14,5,2026-06-14 09:00:00+00:00,2026-06-14 10:00:00+00:00,1,0.22,increase,6.76,282482.1,5,7,24,9,0.17,15.58,1.07,46.88,-0.72,4,6,0.67,0.0,0.0,0.23,low
test_2026_q2,random_forest,2026-06-15,1,2026-06-15 12:00:00+00:00,2026-06-15 13:00:00+00:00,1,0.0,increase,5.78,250539.3,1,1,24,2,0.02,0.54,0.0,80.7,1.36,6,6,1.0,1.0,0.09,0.82,high
test_2026_q2,random_forest,2026-06-15,2,2026-06-15 11:00:00+00:00,2026-06-15 12:00:00+00:00,1,0.09,increase,5.81,251413.1,2,4,24,1,0.0,0.0,0.02,81.24,1.34,6,6,1.0,0.75,0.04,0.7,medium
test_2026_q2,random_forest,2026-06-15,3,2026-06-15 10:00:00+00:00,2026-06-15 11:00:00+00:00,1,0.13,increase,5.81,251113.9,3,5,24,3,0.09,0.57,0.06,80.67,1.3,5,6,0.83,0.5,0.04,0.53,medium
test_2026_q2,random_forest,2026-06-15,4,2026-06-15 13:00:00+00:00,2026-06-15 14:00:00+00:00,1,0.17,increase,5.84,250824.7,4,6,24,4,0.11,0.34,0.31,80.91,1.05,3,6,0.5,0.25,0.02,0.29,low
test_2026_q2,random_forest,2026-06-15,5,2026-06-15 08:00:00+00:00,2026-06-15 09:00:00+00:00,1,0.2,increase,5.8,253864.5,8,3,24,6,0.2,18.58,0.16,62.66,1.2,4,6,0.67,0.0,0.04,0.24,low
test_2026_q2,random_forest,2026-06-16,1,2026-06-16 12:00:00+00:00,2026-06-16 13:00:00+00:00,1,0.02,increase,5.59,253696.4,1,2,24,2,0.0,1.04,0.0,84.45,5.99,6,6,1.0,1.0,0.0,0.8,high
test_2026_q2,random_forest,2026-06-16,2,2026-06-16 13:00:00+00:00,2026-06-16 14:00:00+00:00,1,0.02,increase,5.41,251424.4,2,1,24,3,0.07,9.4,0.11,76.09,5.88,6,6,1.0,0.75,0.1,0.71,medium
test_2026_q2,random_forest,2026-06-16,3,2026-06-16 14:00:00+00:00,2026-06-16 15:00:00+00:00,1,0.11,increase,5.67,260951.1,4,3,24,5,0.13,23.47,0.48,62.03,5.51,5,6,0.83,0.5,0.02,0.52,medium
test_2026_q2,random_forest,2026-06-16,4,2026-06-16 11:00:00+00:00,2026-06-16 12:00:00+00:00,1,0.13,increase,6.39,282499.3,3,5,24,1,0.0,0.0,0.08,85.5,5.91,6,6,1.0,0.25,0.07,0.48,low
test_2026_q2,random_forest,2026-06-16,5,2026-06-16 10:00:00+00:00,2026-06-16 11:00:00+00:00,1,0.2,increase,7.29,322082.5,5,6,24,4,0.13,19.87,0.6,65.63,5.39,6,6,1.0,0.0,0.0,0.35,low
test_2026_q2,random_forest,2026-06-17,1,2026-06-17 12:00:00+00:00,2026-06-17 13:00:00+00:00,1,0.02,decrease,5.68,250778.3,1,2,24,2,0.0,21.01,0.0,93.92,7.73,6,6,1.0,1.0,0.02,0.8,high
test_2026_q2,random_forest,2026-06-17,2,2026-06-17 11:00:00+00:00,2026-06-17 12:00:00+00:00,1,0.04,increase,5.68,250359.9,3,1,24,1,0.0,0.0,0.01,114.93,7.72,6,6,1.0,0.75,0.02,0.69,medium
test_2026_q2,random_forest,2026-06-17,3,2026-06-17 13:00:00+00:00,2026-06-17 14:00:00+00:00,1,0.07,decrease,5.73,253488.0,2,3,24,4,0.09,31.38,0.05,83.54,7.68,6,6,1.0,0.5,0.09,0.59,medium
test_2026_q2,random_forest,2026-06-17,4,2026-06-17 14:00:00+00:00,2026-06-17 15:00:00+00:00,1,0.15,decrease,5.79,253562.9,4,5,24,7,0.22,43.94,0.29,70.99,7.44,3,6,0.5,0.25,0.02,0.29,low
test_2026_q2,random_forest,2026-06-17,5,2026-06-17 09:00:00+00:00,2026-06-17 10:00:00+00:00,1,0.17,decrease,5.74,254889.0,6,4,24,5,0.15,40.99,0.13,73.94,7.59,4,6,0.67,0.0,0.02,0.24,low
test_2026_q2,random_forest,2026-06-18,1,2026-06-18 12:00:00+00:00,2026-06-18 13:00:00+00:00,1,0.0,decrease,5.62,249747.3,1,1,24,2,0.0,7.61,0.0,85.97,16.48,6,6,1.0,1.0,0.07,0.81,high
test_2026_q2,random_forest,2026-06-18,2,2026-06-18 10:00:00+00:00,2026-06-18 11:00:00+00:00,1,0.07,decrease,5.66,249421.6,3,2,24,3,0.09,9.96,0.09,83.62,16.39,6,6,1.0,0.75,0.0,0.69,medium
test_2026_q2,random_forest,2026-06-18,3,2026-06-18 11:00:00+00:00,2026-06-18 12:00:00+00:00,1,0.07,increase,5.67,250518.5,2,3,24,1,0.0,0.0,0.04,93.58,16.43,6,6,1.0,0.5,0.09,0.59,medium
test_2026_q2,random_forest,2026-06-18,4,2026-06-18 09:00:00+00:00,2026-06-18 10:00:00+00:00,1,0.15,decrease,5.69,251020.7,5,4,24,4,0.11,9.03,0.14,84.55,16.34,6,6,1.0,0.25,0.0,0.46,low
test_2026_q2,random_forest,2026-06-18,5,2026-06-18 13:00:00+00:00,2026-06-18 14:00:00+00:00,1,0.15,decrease,5.69,252515.2,4,5,24,5,0.13,29.81,0.09,63.77,16.38,6,6,1.0,0.0,0.07,0.36,low
test_2026_q2,random_forest,2026-06-19,1,2026-06-19 13:00:00+00:00,2026-06-19 14:00:00+00:00,1,0.04,decrease,6.18,275736.7,3,1,24,4,0.13,10.68,0.12,87.63,4.18,6,6,1.0,1.0,0.02,0.8,high
test_2026_q2,random_forest,2026-06-19,2,2026-06-19 11:00:00+00:00,2026-06-19 12:00:00+00:00,1,0.07,decrease,6.22,280609.3,2,3,24,1,0.0,0.0,0.05,98.31,4.25,6,6,1.0,0.75,0.02,0.69,medium
test_2026_q2,random_forest,2026-06-19,3,2026-06-19 10:00:00+00:00,2026-06-19 11:00:00+00:00,1,0.09,decrease,6.21,281165.7,4,2,24,3,0.07,8.3,0.06,90.02,4.23,6,6,1.0,0.5,0.0,0.57,medium
test_2026_q2,random_forest,2026-06-19,4,2026-06-19 12:00:00+00:00,2026-06-19 13:00:00+00:00,1,0.09,decrease,6.24,280665.1,1,5,24,2,0.0,5.4,0.0,92.9,4.29,6,6,1.0,0.25,0.1,0.48,low
test_2026_q2,random_forest,2026-06-19,5,2026-06-19 14:00:00+00:00,2026-06-19 15:00:00+00:00,1,0.17,decrease,6.23,277018.2,6,4,24,6,0.2,18.45,0.51,79.86,3.78,1,6,0.17,0.0,0.02,0.06,low
test_2026_q2,random_forest,2026-06-20,1,2026-06-20 12:00:00+00:00,2026-06-20 13:00:00+00:00,1,0.07,decrease,6.74,288561.7,1,4,24,3,0.07,0.01,0.54,118.61,6.05,5,6,0.83,1.0,0.05,0.75,high
test_2026_q2,random_forest,2026-06-20,2,2026-06-20 11:00:00+00:00,2026-06-20 12:00:00+00:00,1,0.11,decrease,6.75,289664.0,2,5,24,2,0.07,0.0,0.62,118.62,5.98,6,6,1.0,0.75,0.0,0.69,medium
test_2026_q2,random_forest,2026-06-20,3,2026-06-20 13:00:00+00:00,2026-06-20 14:00:00+00:00,1,0.11,decrease,6.71,287441.2,4,3,24,4,0.07,0.27,0.28,118.35,6.31,2,6,0.33,0.5,0.05,0.35,low
test_2026_q2,random_forest,2026-06-20,4,2026-06-20 08:00:00+00:00,2026-06-20 09:00:00+00:00,1,0.15,decrease,6.43,280517.8,7,2,24,10,0.15,4.14,0.56,114.48,6.04,5,6,0.83,0.25,0.02,0.41,low
test_2026_q2,random_forest,2026-06-20,5,2026-06-20 07:00:00+00:00,2026-06-20 08:00:00+00:00,1,0.17,decrease,6.41,265448.4,9,1,24,1,0.0,26.49,0.0,92.12,6.59,2,6,0.33,0.0,0.02,0.12,low
test_2026_q2,random_forest,2026-06-21,1,2026-06-21 10:00:00+00:00,2026-06-21 11:00:00+00:00,1,0.07,increase,6.67,285984.0,3,2,24,4,0.02,0.0,0.69,107.4,6.35,5,6,0.83,1.0,0.0,0.74,medium
test_2026_q2,random_forest,2026-06-21,2,2026-06-21 11:00:00+00:00,2026-06-21 12:00:00+00:00,1,0.07,increase,6.69,285254.5,2,3,24,5,0.02,0.0,0.7,107.4,6.33,6,6,1.0,0.75,0.0,0.69,medium
test_2026_q2,random_forest,2026-06-21,3,2026-06-21 12:00:00+00:00,2026-06-21 13:00:00+00:00,1,0.07,increase,6.8,290713.1,1,4,24,2,0.0,0.0,0.53,107.39,6.51,6,6,1.0,0.5,0.07,0.59,medium
test_2026_q2,random_forest,2026-06-21,4,2026-06-21 09:00:00+00:00,2026-06-21 10:00:00+00:00,1,0.13,increase,6.58,283056.2,7,1,24,1,0.0,0.01,0.48,107.39,6.55,5,6,0.83,0.25,0.05,0.41,low
test_2026_q2,random_forest,2026-06-21,5,2026-06-21 13:00:00+00:00,2026-06-21 14:00:00+00:00,1,0.17,increase,7.01,299175.0,4,6,24,3,0.0,0.02,0.16,107.38,6.87,2,6,0.33,0.0,0.02,0.12,low
test_2026_q2,random_forest,2026-06-22,1,2026-06-22 11:00:00+00:00,2026-06-22 12:00:00+00:00,1,0.02,increase,9.78,423801.7,1,2,24,2,0.02,0.0,0.29,62.0,7.01,6,6,1.0,1.0,0.02,0.8,high
test_2026_q2,random_forest,2026-06-22,2,2026-06-22 10:00:00+00:00,2026-06-22 11:00:00+00:00,1,0.04,increase,9.33,401015.5,3,1,24,1,0.0,7.16,0.0,54.84,7.31,6,6,1.0,0.75,0.02,0.69,medium
test_2026_q2,random_forest,2026-06-22,3,2026-06-22 12:00:00+00:00,2026-06-22 13:00:00+00:00,1,0.07,increase,10.18,444920.7,2,3,24,4,0.09,15.58,0.37,46.42,6.93,6,6,1.0,0.5,0.09,0.59,medium
test_2026_q2,random_forest,2026-06-22,4,2026-06-22 09:00:00+00:00,2026-06-22 10:00:00+00:00,1,0.15,increase,10.39,454952.5,4,5,24,3,0.07,24.94,0.02,37.06,7.29,6,6,1.0,0.25,0.0,0.46,low
test_2026_q2,random_forest,2026-06-22,5,2026-06-22 13:00:00+00:00,2026-06-22 14:00:00+00:00,1,0.15,increase,10.26,447150.5,5,4,24,5,0.15,31.7,0.99,30.3,6.32,6,6,1.0,0.0,0.07,0.36,low
test_2026_q2,random_forest,2026-06-23,1,2026-06-23 11:00:00+00:00,2026-06-23 12:00:00+00:00,1,0.02,increase,12.91,608719.2,1,2,24,2,0.02,0.0,0.7,47.93,24.65,6,6,1.0,1.0,0.02,0.8,high
test_2026_q2,random_forest,2026-06-23,2,2026-06-23 10:00:00+00:00,2026-06-23 11:00:00+00:00,1,0.04,increase,12.09,572051.8,3,1,24,1,0.0,1.71,0.0,46.22,25.35,6,6,1.0,0.75,0.02,0.69,medium
test_2026_q2,random_forest,2026-06-23,3,2026-06-23 12:00:00+00:00,2026-06-23 13:00:00+00:00,1,0.07,increase,13.6,633028.3,2,3,24,4,0.11,12.56,3.13,35.37,22.22,6,6,1.0,0.5,0.1,0.59,medium
test_2026_q2,random_forest,2026-06-23,4,2026-06-23 09:00:00+00:00,2026-06-23 10:00:00+00:00,1,0.15,increase,16.22,781840.0,5,4,24,3,0.04,7.34,0.22,40.6,25.13,6,6,1.0,0.25,0.0,0.46,low
test_2026_q2,random_forest,2026-06-23,5,2026-06-23 13:00:00+00:00,2026-06-23 14:00:00+00:00,1,0.15,increase,16.57,768993.7,4,5,24,6,0.2,26.89,4.12,21.04,21.23,6,6,1.0,0.0,0.1,0.37,low
test_2026_q2,random_forest,2026-06-24,1,2026-06-24 12:00:00+00:00,2026-06-24 13:00:00+00:00,1,0.02,increase,11.3,505048.5,1,2,24,2,0.0,4.15,0.0,36.52,34.74,6,6,1.0,1.0,0.02,0.8,high
test_2026_q2,random_forest,2026-06-24,2,2026-06-24 13:00:00+00:00,2026-06-24 14:00:00+00:00,1,0.04,decrease,10.72,478251.5,3,1,24,5,0.11,10.25,1.3,30.42,33.44,5,6,0.83,0.75,0.07,0.64,medium
test_2026_q2,random_forest,2026-06-24,3,2026-06-24 10:00:00+00:00,2026-06-24 11:00:00+00:00,1,0.11,increase,14.26,654759.1,2,5,24,4,0.11,7.98,2.37,32.69,32.37,6,6,1.0,0.5,0.02,0.58,medium
test_2026_q2,random_forest,2026-06-24,4,2026-06-24 11:00:00+00:00,2026-06-24 12:00:00+00:00,1,0.13,increase,12.82,582300.0,4,4,24,1,0.0,0.0,0.86,40.67,33.88,6,6,1.0,0.25,0.02,0.47,low
test_2026_q2,random_forest,2026-06-24,5,2026-06-24 14:00:00+00:00,2026-06-24 15:00:00+00:00,1,0.15,increase,12.15,545395.1,6,3,24,6,0.2,16.88,4.51,23.79,30.23,3,6,0.5,0.0,0.07,0.19,low
test_2026_q2,random_forest,2026-06-25,1,2026-06-25 11:00:00+00:00,2026-06-25 12:00:00+00:00,1,0.02,decrease,14.14,662496.0,2,1,24,2,0.0,0.0,0.25,65.36,27.88,6,6,1.0,1.0,0.0,0.8,high
test_2026_q2,random_forest,2026-06-25,2,2026-06-25 12:00:00+00:00,2026-06-25 13:00:00+00:00,1,0.02,decrease,15.01,716679.9,1,2,24,3,0.0,5.27,0.23,60.09,27.91,6,6,1.0,0.75,0.08,0.7,medium
test_2026_q2,random_forest,2026-06-25,3,2026-06-25 13:00:00+00:00,2026-06-25 14:00:00+00:00,1,0.09,decrease,15.42,742828.1,3,3,24,5,0.11,27.66,1.48,37.7,26.66,6,6,1.0,0.5,0.08,0.59,medium
test_2026_q2,random_forest,2026-06-25,4,2026-06-25 10:00:00+00:00,2026-06-25 11:00:00+00:00,1,0.15,decrease,17.48,824944.7,4,5,24,1,0.0,7.18,0.0,58.18,28.13,6,6,1.0,0.25,0.02,0.47,low
test_2026_q2,random_forest,2026-06-25,5,2026-06-25 14:00:00+00:00,2026-06-25 15:00:00+00:00,1,0.17,decrease,17.44,853868.0,6,4,24,6,0.2,40.52,3.4,24.84,24.73,5,6,0.83,0.0,0.08,0.31,low
test_2026_q2,random_forest,2026-06-26,1,2026-06-26 12:00:00+00:00,2026-06-26 13:00:00+00:00,1,0.02,decrease,7.23,328659.8,1,2,24,3,0.04,6.36,0.73,36.56,25.53,6,6,1.0,1.0,0.02,0.8,high
test_2026_q2,random_forest,2026-06-26,2,2026-06-26 11:00:00+00:00,2026-06-26 12:00:00+00:00,1,0.04,increase,6.68,305120.4,3,1,24,1,0.0,0.0,0.15,42.92,26.11,6,6,1.0,0.75,0.02,0.69,medium
test_2026_q2,random_forest,2026-06-26,3,2026-06-26 13:00:00+00:00,2026-06-26 14:00:00+00:00,1,0.07,decrease,8.36,377147.5,2,3,24,4,0.11,21.76,1.43,21.15,24.84,6,6,1.0,0.5,0.09,0.59,medium
test_2026_q2,random_forest,2026-06-26,4,2026-06-26 10:00:00+00:00,2026-06-26 11:00:00+00:00,1,0.15,increase,10.56,485007.5,4,5,24,2,0.02,14.13,0.0,28.79,26.26,6,6,1.0,0.25,0.02,0.47,low
test_2026_q2,random_forest,2026-06-26,5,2026-06-26 14:00:00+00:00,2026-06-26 15:00:00+00:00,1,0.17,decrease,8.75,394836.2,6,4,24,7,0.22,30.44,3.68,12.48,22.58,5,6,0.83,0.0,0.04,0.3,low
test_2026_q2,random_forest,2026-06-27,1,2026-06-27 13:00:00+00:00,2026-06-27 14:00:00+00:00,1,0.02,decrease,6.58,300586.9,2,1,24,3,0.04,12.72,0.09,105.45,33.94,6,6,1.0,1.0,0.05,0.81,high
test_2026_q2,random_forest,2026-06-27,2,2026-06-27 12:00:00+00:00,2026-06-27 13:00:00+00:00,1,0.07,decrease,7.15,325570.5,1,4,24,1,0.0,3.34,0.0,114.83,34.03,6,6,1.0,0.75,0.02,0.69,medium
test_2026_q2,random_forest,2026-06-27,3,2026-06-27 11:00:00+00:00,2026-06-27 12:00:00+00:00,1,0.09,decrease,7.08,324580.9,3,3,24,2,0.02,0.0,0.23,118.17,33.81,6,6,1.0,0.5,0.02,0.58,medium
test_2026_q2,random_forest,2026-06-27,4,2026-06-27 14:00:00+00:00,2026-06-27 15:00:00+00:00,1,0.11,decrease,6.79,306784.9,5,2,24,7,0.24,40.92,3.94,77.25,30.1,3,6,0.5,0.25,0.07,0.3,low
test_2026_q2,random_forest,2026-06-27,5,2026-06-27 09:00:00+00:00,2026-06-27 10:00:00+00:00,1,0.17,decrease,8.05,373025.8,4,6,24,5,0.15,25.51,1.14,92.66,32.89,4,6,0.67,0.0,0.02,0.24,low
test_2026_q2,random_forest,2026-06-28,1,2026-06-28 12:00:00+00:00,2026-06-28 13:00:00+00:00,1,0.07,decrease,7.34,332118.2,1,4,24,1,0.0,0.0,0.03,119.68,34.32,6,6,1.0,1.0,0.02,0.8,high
test_2026_q2,random_forest,2026-06-28,2,2026-06-28 09:00:00+00:00,2026-06-28 10:00:00+00:00,1,0.09,decrease,7.15,326978.9,4,2,24,5,0.13,0.32,0.42,119.36,33.93,6,6,1.0,0.75,0.02,0.69,medium
test_2026_q2,random_forest,2026-06-28,3,2026-06-28 11:00:00+00:00,2026-06-28 12:00:00+00:00,1,0.11,increase,7.36,330168.7,2,5,24,2,0.02,0.0,0.06,119.68,34.29,6,6,1.0,0.5,0.0,0.57,medium
test_2026_q2,random_forest,2026-06-28,4,2026-06-28 14:00:00+00:00,2026-06-28 15:00:00+00:00,1,0.11,decrease,7.12,316400.6,6,1,24,6,0.13,10.78,0.06,108.9,34.3,1,6,0.17,0.25,0.02,0.18,low
test_2026_q2,random_forest,2026-06-28,5,2026-06-28 10:00:00+00:00,2026-06-28 11:00:00+00:00,1,0.13,decrease,7.31,330355.8,5,3,24,4,0.09,0.01,0.2,119.67,34.15,6,6,1.0,0.0,0.03,0.36,low
test_2026_q2,random_forest,2026-06-29,1,2026-06-29 12:00:00+00:00,2026-06-29 13:00:00+00:00,1,0.02,increase,19.43,886479.7,1,2,24,2,0.0,4.36,0.0,25.98,13.23,6,6,1.0,1.0,0.02,0.8,high
test_2026_q2,random_forest,2026-06-29,2,2026-06-29 13:00:00+00:00,2026-06-29 14:00:00+00:00,1,0.04,increase,18.01,823424.4,3,1,24,4,0.09,14.79,2.26,15.55,10.97,6,6,1.0,0.75,0.02,0.69,medium
test_2026_q2,random_forest,2026-06-29,3,2026-06-29 11:00:00+00:00,2026-06-29 12:00:00+00:00,1,0.07,increase,21.13,975391.9,2,3,24,1,0.0,0.0,0.75,30.34,12.48,6,6,1.0,0.5,0.1,0.59,medium
test_2026_q2,random_forest,2026-06-29,4,2026-06-29 10:00:00+00:00,2026-06-29 11:00:00+00:00,1,0.15,increase,23.03,1080582.1,4,5,24,3,0.09,7.48,2.95,22.86,10.28,6,6,1.0,0.25,0.05,0.47,low
test_2026_q2,random_forest,2026-06-29,5,2026-06-29 09:00:00+00:00,2026-06-29 10:00:00+00:00,1,0.2,increase,26.09,1243303.8,5,6,24,5,0.15,17.07,4.9,13.27,8.33,5,6,0.83,0.0,0.0,0.29,low
test_2026_q2,random_forest,2026-06-30,1,2026-06-30 12:00:00+00:00,2026-06-30 13:00:00+00:00,1,0.07,decrease,24.58,1157976.7,1,4,22,4,0.07,12.82,4.94,33.69,19.98,6,6,1.0,1.0,0.03,0.81,high
test_2026_q2,random_forest,2026-06-30,2,2026-06-30 10:00:00+00:00,2026-06-30 11:00:00+00:00,1,0.1,decrease,21.34,982027.1,4,2,22,3,0.05,23.12,0.59,23.39,24.33,6,6,1.0,0.75,0.0,0.69,medium
test_2026_q2,random_forest,2026-06-30,3,2026-06-30 11:00:00+00:00,2026-06-30 12:00:00+00:00,1,0.1,increase,21.64,1004237.9,3,3,22,1,0.0,0.0,2.39,46.51,22.53,6,6,1.0,0.5,0.03,0.58,medium
test_2026_q2,random_forest,2026-06-30,4,2026-06-30 09:00:00+00:00,2026-06-30 10:00:00+00:00,1,0.12,decrease,20.18,944662.6,6,1,22,2,0.05,23.41,0.35,23.1,24.57,6,6,1.0,0.25,0.03,0.47,low
test_2026_q2,random_forest,2026-06-30,5,2026-06-30 13:00:00+00:00,2026-06-30 14:00:00+00:00,1,0.14,decrease,28.33,1354467.9,2,6,22,5,0.07,20.04,4.92,26.47,20.01,6,6,1.0,0.0,0.13,0.38,low
test_2026_q2,ridge,2026-04-01,1,2026-04-01 13:00:00+00:00,2026-04-01 14:00:00+00:00,1,0.07,unknown,12.38,437648.0,1,4,24,3,0.07,4.08,0.88,14.53,3.46,6,6,1.0,1.0,0.1,0.82,high
test_2026_q2,ridge,2026-04-01,2,2026-04-01 15:00:00+00:00,2026-04-01 16:00:00+00:00,1,0.15,unknown,12.14,413470.8,6,3,24,11,0.35,35.76,0.99,-17.15,3.35,5,6,0.83,0.75,0.05,0.64,medium
test_2026_q2,ridge,2026-04-01,3,2026-04-01 14:00:00+00:00,2026-04-01 15:00:00+00:00,1,0.2,unknown,12.96,451884.5,4,7,24,2,0.02,12.33,0.0,6.27,4.33,5,6,0.83,0.5,0.0,0.52,medium
test_2026_q2,ridge,2026-04-01,4,2026-04-01 12:00:00+00:00,2026-04-01 13:00:00+00:00,1,0.2,unknown,13.87,495949.6,3,8,24,1,0.0,0.0,0.44,18.61,3.89,6,6,1.0,0.25,0.05,0.47,low
test_2026_q2,ridge,2026-04-01,5,2026-04-01 01:00:00+00:00,2026-04-01 02:00:00+00:00,1,0.24,unknown,15.04,463351.6,2,11,24,7,0.24,35.09,0.33,-16.48,4.0,2,6,0.33,0.0,0.0,0.12,low
test_2026_q2,ridge,2026-04-02,1,2026-04-02 12:00:00+00:00,2026-04-02 13:00:00+00:00,1,0.0,decrease,9.74,354820.9,1,1,24,2,0.07,8.35,0.36,44.67,8.28,6,6,1.0,1.0,0.07,0.81,high
test_2026_q2,ridge,2026-04-02,2,2026-04-02 13:00:00+00:00,2026-04-02 14:00:00+00:00,1,0.07,decrease,10.17,368698.3,2,3,24,4,0.13,8.63,1.29,44.39,7.35,6,6,1.0,0.75,0.0,0.69,medium
test_2026_q2,ridge,2026-04-02,3,2026-04-02 15:00:00+00:00,2026-04-02 16:00:00+00:00,1,0.07,decrease,9.92,345802.3,3,2,24,5,0.15,16.98,0.84,36.04,7.8,5,6,0.83,0.5,0.09,0.53,medium
test_2026_q2,ridge,2026-04-02,4,2026-04-02 11:00:00+00:00,2026-04-02 12:00:00+00:00,1,0.15,decrease,10.24,371552.9,5,4,24,3,0.09,13.25,0.22,39.76,8.42,6,6,1.0,0.25,0.04,0.47,low
test_2026_q2,ridge,2026-04-02,5,2026-04-02 14:00:00+00:00,2026-04-02 15:00:00+00:00,1,0.2,decrease,11.22,401800.8,4,7,24,1,0.0,0.0,0.0,53.02,8.64,6,6,1.0,0.0,0.02,0.35,low
test_2026_q2,ridge,2026-04-03,1,2026-04-03 12:00:00+00:00,2026-04-03 13:00:00+00:00,1,0.04,decrease,6.87,252761.3,2,2,24,2,0.0,0.0,0.39,111.76,8.02,6,6,1.0,1.0,0.07,0.81,high
test_2026_q2,ridge,2026-04-03,2,2026-04-03 11:00:00+00:00,2026-04-03 12:00:00+00:00,1,0.11,decrease,7.28,273324.5,4,3,24,1,0.0,7.66,0.0,104.1,8.42,6,6,1.0,0.75,0.0,0.69,medium
test_2026_q2,ridge,2026-04-03,3,2026-04-03 23:00:00+00:00,2026-04-04 00:00:00+00:00,1,0.11,decrease,6.75,210500.8,6,1,24,9,0.3,20.03,1.47,91.73,6.94,2,6,0.33,0.5,0.02,0.35,low
test_2026_q2,ridge,2026-04-03,4,2026-04-03 13:00:00+00:00,2026-04-03 14:00:00+00:00,1,0.13,decrease,7.54,267033.9,1,7,24,4,0.04,2.43,0.41,109.32,8.0,6,6,1.0,0.25,0.07,0.48,low
test_2026_q2,ridge,2026-04-03,5,2026-04-03 15:00:00+00:00,2026-04-03 16:00:00+00:00,1,0.2,decrease,7.47,257070.0,5,6,24,5,0.13,24.58,0.38,87.18,8.04,4,6,0.67,0.0,0.02,0.24,low
test_2026_q2,ridge,2026-04-04,1,2026-04-04 23:00:00+00:00,2026-04-05 00:00:00+00:00,1,0.07,decrease,6.53,197148.9,4,1,24,2,0.02,4.66,0.0,23.87,0.36,5,6,0.83,1.0,0.21,0.78,high
test_2026_q2,ridge,2026-04-04,2,2026-04-04 08:00:00+00:00,2026-04-04 09:00:00+00:00,1,0.24,decrease,7.78,236066.5,9,4,24,6,0.26,13.08,0.87,15.46,-0.5,5,6,0.83,0.75,0.05,0.64,medium
test_2026_q2,ridge,2026-04-04,3,2026-04-04 09:00:00+00:00,2026-04-04 10:00:00+00:00,1,0.28,decrease,9.09,281040.1,6,9,24,11,0.28,4.02,7.24,24.51,-6.87,1,6,0.17,0.5,0.0,0.28,low
test_2026_q2,ridge,2026-04-04,4,2026-04-04 10:00:00+00:00,2026-04-04 11:00:00+00:00,1,0.28,decrease,13.04,407368.6,1,14,24,5,0.24,2.0,7.34,26.53,-6.98,1,6,0.17,0.25,0.08,0.19,low
test_2026_q2,ridge,2026-04-04,5,2026-04-04 00:00:00+00:00,2026-04-04 01:00:00+00:00,1,0.35,decrease,7.69,230283.8,16,2,24,4,0.2,28.53,0.36,0.0,0.0,4,6,0.67,0.0,0.0,0.23,low
test_2026_q2,ridge,2026-04-05,1,2026-04-05 01:00:00+00:00,2026-04-05 02:00:00+00:00,1,0.2,decrease,7.21,212806.0,9,2,24,2,0.02,82.32,0.34,0.02,-0.34,4,6,0.67,1.0,0.06,0.7,medium
test_2026_q2,ridge,2026-04-05,2,2026-04-05 10:00:00+00:00,2026-04-05 11:00:00+00:00,1,0.24,decrease,8.77,232475.8,4,9,24,7,0.13,24.49,1.86,57.86,-1.86,2,6,0.33,0.75,0.06,0.47,low
test_2026_q2,ridge,2026-04-05,3,2026-04-05 02:00:00+00:00,2026-04-05 03:00:00+00:00,1,0.28,decrease,7.75,206237.2,10,5,24,6,0.09,82.32,0.66,0.02,-0.66,5,6,0.83,0.5,0.0,0.52,medium
test_2026_q2,ridge,2026-04-05,4,2026-04-05 11:00:00+00:00,2026-04-05 12:00:00+00:00,1,0.28,decrease,9.44,253890.8,3,12,24,4,0.07,6.0,1.83,76.35,-1.83,5,6,0.83,0.25,0.06,0.42,low
test_2026_q2,ridge,2026-04-05,5,2026-04-05 12:00:00+00:00,2026-04-05 13:00:00+00:00,1,0.33,decrease,10.12,274194.5,2,15,24,1,0.0,0.0,1.78,82.35,-1.78,2,6,0.33,0.0,0.03,0.12,low
test_2026_q2,ridge,2026-04-06,1,2026-04-06 10:00:00+00:00,2026-04-06 11:00:00+00:00,1,0.09,increase,7.44,208996.2,5,1,24,1,0.0,42.96,0.12,101.28,1.03,5,6,0.83,1.0,0.02,0.75,medium
test_2026_q2,ridge,2026-04-06,2,2026-04-06 11:00:00+00:00,2026-04-06 12:00:00+00:00,1,0.11,increase,8.21,231890.1,3,4,24,2,0.02,0.0,0.34,144.24,0.81,6,6,1.0,0.75,0.08,0.7,medium
test_2026_q2,ridge,2026-04-06,3,2026-04-06 08:00:00+00:00,2026-04-06 09:00:00+00:00,1,0.17,increase,7.93,229385.9,8,2,24,3,0.04,93.17,0.0,51.07,1.15,4,6,0.67,0.5,0.0,0.46,low
test_2026_q2,ridge,2026-04-06,4,2026-04-06 12:00:00+00:00,2026-04-06 13:00:00+00:00,1,0.17,decrease,9.01,249814.3,1,9,24,5,0.07,3.16,0.38,141.08,0.78,6,6,1.0,0.25,0.05,0.47,low
test_2026_q2,ridge,2026-04-06,5,2026-04-06 09:00:00+00:00,2026-04-06 10:00:00+00:00,1,0.22,increase,8.88,256528.7,6,6,24,4,0.04,65.43,0.18,78.81,0.97,5,6,0.83,0.0,0.03,0.3,low
test_2026_q2,ridge,2026-04-07,1,2026-04-07 10:00:00+00:00,2026-04-07 11:00:00+00:00,1,0.04,increase,6.27,208637.4,3,1,24,4,0.04,7.84,0.42,26.56,0.94,6,6,1.0,1.0,0.08,0.82,high
test_2026_q2,ridge,2026-04-07,2,2026-04-07 11:00:00+00:00,2026-04-07 12:00:00+00:00,1,0.11,increase,7.33,230778.7,2,5,24,2,0.0,0.0,0.47,34.4,0.89,6,6,1.0,0.75,0.1,0.71,medium
test_2026_q2,ridge,2026-04-07,3,2026-04-07 09:00:00+00:00,2026-04-07 10:00:00+00:00,1,0.2,increase,7.52,257941.8,5,6,24,1,0.0,10.84,0.04,23.56,1.33,6,6,1.0,0.5,0.0,0.57,medium
test_2026_q2,ridge,2026-04-07,4,2026-04-07 08:00:00+00:00,2026-04-07 09:00:00+00:00,1,0.2,increase,6.68,224788.9,8,3,24,3,0.04,15.77,0.0,18.63,1.37,6,6,1.0,0.25,0.0,0.46,low
test_2026_q2,ridge,2026-04-07,5,2026-04-07 12:00:00+00:00,2026-04-07 13:00:00+00:00,1,0.2,increase,7.93,244795.2,1,10,24,5,0.15,0.04,1.04,34.36,0.32,6,6,1.0,0.0,0.15,0.38,low
test_2026_q2,ridge,2026-04-08,1,2026-04-08 10:00:00+00:00,2026-04-08 11:00:00+00:00,1,0.07,decrease,6.53,212065.2,4,1,24,3,0.09,13.16,0.18,77.38,0.69,6,6,1.0,1.0,0.0,0.8,high
test_2026_q2,ridge,2026-04-08,2,2026-04-08 11:00:00+00:00,2026-04-08 12:00:00+00:00,1,0.07,decrease,7.1,229292.5,2,3,24,2,0.02,0.0,0.12,90.54,0.75,6,6,1.0,0.75,0.05,0.7,medium
test_2026_q2,ridge,2026-04-08,3,2026-04-08 12:00:00+00:00,2026-04-08 13:00:00+00:00,1,0.11,decrease,7.6,248649.6,1,6,24,1,0.0,2.81,0.0,87.73,0.87,6,6,1.0,0.5,0.15,0.6,medium
test_2026_q2,ridge,2026-04-08,4,2026-04-08 08:00:00+00:00,2026-04-08 09:00:00+00:00,1,0.24,increase,6.97,231060.9,11,2,24,4,0.15,59.16,0.08,31.37,0.79,2,6,0.33,0.25,0.0,0.23,low
test_2026_q2,ridge,2026-04-08,5,2026-04-08 13:00:00+00:00,2026-04-08 14:00:00+00:00,1,0.24,decrease,7.88,254888.8,3,10,24,6,0.22,17.77,0.76,72.76,0.11,5,6,0.83,0.0,0.07,0.31,low
test_2026_q2,ridge,2026-04-09,1,2026-04-09 10:00:00+00:00,2026-04-09 11:00:00+00:00,1,0.04,increase,6.2,207539.7,3,1,24,1,0.0,6.73,0.14,81.59,1.29,6,6,1.0,1.0,0.05,0.81,high
test_2026_q2,ridge,2026-04-09,2,2026-04-09 11:00:00+00:00,2026-04-09 12:00:00+00:00,1,0.09,increase,6.94,228235.7,2,4,24,4,0.09,0.27,0.6,88.05,0.84,6,6,1.0,0.75,0.1,0.71,medium
test_2026_q2,ridge,2026-04-09,3,2026-04-09 12:00:00+00:00,2026-04-09 13:00:00+00:00,1,0.17,increase,7.82,250464.5,1,9,24,3,0.04,0.0,0.48,88.32,0.96,6,6,1.0,0.5,0.02,0.58,medium
test_2026_q2,ridge,2026-04-09,4,2026-04-09 23:00:00+00:00,2026-04-10 00:00:00+00:00,1,0.2,decrease,6.45,198523.4,9,2,24,10,0.28,22.58,0.96,65.74,0.48,1,6,0.17,0.25,0.1,0.19,low
test_2026_q2,ridge,2026-04-09,5,2026-04-09 09:00:00+00:00,2026-04-09 10:00:00+00:00,1,0.28,increase,7.67,258521.7,7,8,24,2,0.02,8.24,0.0,80.07,1.44,6,6,1.0,0.0,0.0,0.35,low
test_2026_q2,ridge,2026-04-10,1,2026-04-10 10:00:00+00:00,2026-04-10 11:00:00+00:00,1,0.04,increase,6.43,207646.7,3,1,24,6,0.22,18.49,0.16,-1.51,0.74,6,6,1.0,1.0,0.07,0.81,high
test_2026_q2,ridge,2026-04-10,2,2026-04-10 11:00:00+00:00,2026-04-10 12:00:00+00:00,1,0.11,increase,7.17,234611.6,5,2,24,1,0.0,0.0,0.0,16.98,0.89,6,6,1.0,0.75,0.0,0.69,medium
test_2026_q2,ridge,2026-04-10,3,2026-04-10 12:00:00+00:00,2026-04-10 13:00:00+00:00,1,0.11,increase,7.61,251110.4,1,6,24,2,0.13,1.67,0.25,15.31,0.64,6,6,1.0,0.5,0.09,0.59,medium
test_2026_q2,ridge,2026-04-10,4,2026-04-10 13:00:00+00:00,2026-04-10 14:00:00+00:00,1,0.2,increase,8.25,263798.1,2,9,24,3,0.13,0.01,0.6,16.97,0.29,5,6,0.83,0.25,0.07,0.42,low
test_2026_q2,ridge,2026-04-10,5,2026-04-10 09:00:00+00:00,2026-04-10 10:00:00+00:00,1,0.26,increase,7.82,257586.8,7,7,24,4,0.2,16.83,0.22,0.15,0.67,2,6,0.33,0.0,0.02,0.12,low
test_2026_q2,ridge,2026-04-11,1,2026-04-11 08:00:00+00:00,2026-04-11 09:00:00+00:00,1,0.15,decrease,7.47,223479.7,8,1,24,2,0.02,33.74,0.25,20.49,-0.05,5,6,0.83,1.0,0.03,0.75,medium
test_2026_q2,ridge,2026-04-11,2,2026-04-11 10:00:00+00:00,2026-04-11 11:00:00+00:00,1,0.17,decrease,8.12,209009.0,5,5,24,13,0.26,24.27,1.4,29.96,-1.2,2,6,0.33,0.75,0.03,0.46,low
test_2026_q2,ridge,2026-04-11,3,2026-04-11 23:00:00+00:00,2026-04-12 00:00:00+00:00,1,0.2,decrease,7.57,202145.5,9,2,24,10,0.22,44.75,0.71,9.48,-0.52,1,6,0.17,0.5,0.08,0.3,low
test_2026_q2,ridge,2026-04-11,4,2026-04-11 22:00:00+00:00,2026-04-11 23:00:00+00:00,1,0.26,decrease,7.97,223491.4,11,3,24,15,0.26,48.86,0.55,5.36,-0.36,1,6,0.17,0.25,0.03,0.18,low
test_2026_q2,ridge,2026-04-11,5,2026-04-11 09:00:00+00:00,2026-04-11 10:00:00+00:00,1,0.28,decrease,8.72,255158.3,6,9,24,16,0.28,30.65,1.33,23.58,-1.14,6,6,1.0,0.0,0.0,0.35,low
test_2026_q2,ridge,2026-04-12,1,2026-04-12 10:00:00+00:00,2026-04-12 11:00:00+00:00,1,0.07,increase,7.45,201557.0,3,2,24,9,0.2,12.91,0.86,-4.73,0.33,5,6,0.83,1.0,0.05,0.75,high
test_2026_q2,ridge,2026-04-12,2,2026-04-12 08:00:00+00:00,2026-04-12 09:00:00+00:00,1,0.11,increase,8.08,215113.4,4,3,24,8,0.2,13.89,0.58,-5.71,0.6,6,6,1.0,0.75,0.02,0.69,medium
test_2026_q2,ridge,2026-04-12,3,2026-04-12 11:00:00+00:00,2026-04-12 12:00:00+00:00,1,0.13,increase,8.74,233835.3,2,6,24,1,0.0,0.0,0.94,8.18,0.24,5,6,0.83,0.5,0.05,0.53,medium
test_2026_q2,ridge,2026-04-12,4,2026-04-12 12:00:00+00:00,2026-04-12 13:00:00+00:00,1,0.17,increase,9.48,247929.0,1,9,24,2,0.07,4.14,1.02,4.04,0.16,3,6,0.5,0.25,0.05,0.3,low
test_2026_q2,ridge,2026-04-12,5,2026-04-12 01:00:00+00:00,2026-04-12 02:00:00+00:00,1,0.22,decrease,8.71,224046.4,7,5,24,10,0.24,9.68,1.48,-1.5,-0.3,1,6,0.17,0.0,0.0,0.06,low
test_2026_q2,ridge,2026-04-13,1,2026-04-13 01:00:00+00:00,2026-04-13 02:00:00+00:00,1,0.04,increase,8.8,235509.0,3,1,24,3,0.02,30.58,0.15,5.12,-0.09,5,6,0.83,1.0,0.02,0.75,medium
test_2026_q2,ridge,2026-04-13,2,2026-04-13 02:00:00+00:00,2026-04-13 03:00:00+00:00,1,0.07,increase,9.01,238447.8,2,3,24,7,0.17,37.94,1.1,-2.24,-1.03,5,6,0.83,0.75,0.05,0.64,medium
test_2026_q2,ridge,2026-04-13,3,2026-04-13 00:00:00+00:00,2026-04-13 01:00:00+00:00,1,0.11,increase,8.97,243219.0,5,2,24,2,0.02,35.7,0.07,0.0,0.0,6,6,1.0,0.5,0.07,0.59,medium
test_2026_q2,ridge,2026-04-13,4,2026-04-13 14:00:00+00:00,2026-04-13 15:00:00+00:00,1,0.17,increase,10.31,338551.3,4,6,24,1,0.0,0.0,0.83,35.7,-0.76,5,6,0.83,0.25,0.0,0.4,low
test_2026_q2,ridge,2026-04-13,5,2026-04-13 15:00:00+00:00,2026-04-13 16:00:00+00:00,1,0.17,increase,10.65,345309.0,1,9,24,6,0.07,23.86,0.95,11.84,-0.88,5,6,0.83,0.0,0.02,0.3,low
test_2026_q2,ridge,2026-04-14,1,2026-04-14 14:00:00+00:00,2026-04-14 15:00:00+00:00,1,0.07,decrease,9.93,328106.5,4,1,24,2,0.0,0.0,0.5,116.43,12.92,6,6,1.0,1.0,0.0,0.8,high
test_2026_q2,ridge,2026-04-14,2,2026-04-14 15:00:00+00:00,2026-04-14 16:00:00+00:00,1,0.07,decrease,10.28,328254.2,2,3,24,5,0.15,46.9,0.64,69.53,12.79,4,6,0.67,0.75,0.07,0.59,medium
test_2026_q2,ridge,2026-04-14,3,2026-04-14 10:00:00+00:00,2026-04-14 11:00:00+00:00,1,0.13,decrease,13.19,456371.8,1,7,24,6,0.2,22.32,3.43,94.12,9.99,5,6,0.83,0.5,0.02,0.52,medium
test_2026_q2,ridge,2026-04-14,4,2026-04-14 16:00:00+00:00,2026-04-14 17:00:00+00:00,1,0.15,decrease,10.18,313989.4,7,2,24,8,0.26,102.31,1.33,14.12,12.09,1,6,0.17,0.25,0.02,0.18,low
test_2026_q2,ridge,2026-04-14,5,2026-04-14 11:00:00+00:00,2026-04-14 12:00:00+00:00,1,0.17,decrease,12.36,428526.1,5,5,24,4,0.15,12.05,3.87,104.38,9.55,2,6,0.33,0.0,0.0,0.12,low
test_2026_q2,ridge,2026-04-15,1,2026-04-15 10:00:00+00:00,2026-04-15 11:00:00+00:00,1,0.0,decrease,7.48,251162.1,1,1,24,4,0.09,6.7,0.01,77.44,9.08,5,6,0.83,1.0,0.07,0.76,high
test_2026_q2,ridge,2026-04-15,2,2026-04-15 11:00:00+00:00,2026-04-15 12:00:00+00:00,1,0.07,decrease,7.48,255394.7,3,2,24,2,0.02,0.0,0.0,84.14,9.09,6,6,1.0,0.75,0.0,0.69,medium
test_2026_q2,ridge,2026-04-15,3,2026-04-15 12:00:00+00:00,2026-04-15 13:00:00+00:00,1,0.07,decrease,7.89,272410.7,2,3,24,1,0.0,0.0,0.56,84.15,8.53,6,6,1.0,0.5,0.07,0.59,medium
test_2026_q2,ridge,2026-04-15,4,2026-04-15 13:00:00+00:00,2026-04-15 14:00:00+00:00,1,0.13,decrease,8.69,288328.0,4,4,24,3,0.07,0.0,1.48,84.15,7.61,6,6,1.0,0.25,0.04,0.47,low
test_2026_q2,ridge,2026-04-15,5,2026-04-15 14:00:00+00:00,2026-04-15 15:00:00+00:00,1,0.17,increase,9.69,310931.4,5,5,24,6,0.13,0.0,3.52,84.15,5.58,6,6,1.0,0.0,0.07,0.36,low
test_2026_q2,ridge,2026-04-16,1,2026-04-16 10:00:00+00:00,2026-04-16 11:00:00+00:00,1,0.0,decrease,6.45,216764.4,1,1,24,4,0.13,10.38,0.01,70.94,11.12,6,6,1.0,1.0,0.07,0.81,high
test_2026_q2,ridge,2026-04-16,2,2026-04-16 12:00:00+00:00,2026-04-16 13:00:00+00:00,1,0.07,increase,7.51,255071.3,2,3,24,2,0.09,0.0,0.24,81.31,10.89,6,6,1.0,0.75,0.05,0.7,medium
test_2026_q2,ridge,2026-04-16,3,2026-04-16 11:00:00+00:00,2026-04-16 12:00:00+00:00,1,0.11,increase,6.98,237617.3,5,2,24,1,0.0,0.0,0.0,81.31,11.13,6,6,1.0,0.5,0.0,0.57,medium
test_2026_q2,ridge,2026-04-16,4,2026-04-16 13:00:00+00:00,2026-04-16 14:00:00+00:00,1,0.11,increase,8.12,270991.5,3,4,24,5,0.13,0.01,0.43,81.3,10.7,6,6,1.0,0.25,0.05,0.47,low
test_2026_q2,ridge,2026-04-16,5,2026-04-16 14:00:00+00:00,2026-04-16 15:00:00+00:00,1,0.15,increase,8.5,275909.3,4,5,24,6,0.17,0.01,1.49,81.3,9.64,5,6,0.83,0.0,0.07,0.31,low
test_2026_q2,ridge,2026-04-17,1,2026-04-17 10:00:00+00:00,2026-04-17 11:00:00+00:00,1,0.02,decrease,6.94,233202.3,1,2,24,4,0.15,5.52,0.11,107.01,3.45,6,6,1.0,1.0,0.0,0.8,high
test_2026_q2,ridge,2026-04-17,2,2026-04-17 11:00:00+00:00,2026-04-17 12:00:00+00:00,1,0.02,decrease,6.93,234015.9,2,1,24,1,0.0,0.0,0.0,112.53,3.56,6,6,1.0,0.75,0.08,0.7,medium
test_2026_q2,ridge,2026-04-17,3,2026-04-17 12:00:00+00:00,2026-04-17 13:00:00+00:00,1,0.09,decrease,7.36,249783.3,3,3,24,2,0.04,0.0,0.07,112.53,3.49,6,6,1.0,0.5,0.05,0.58,medium
test_2026_q2,ridge,2026-04-17,4,2026-04-17 13:00:00+00:00,2026-04-17 14:00:00+00:00,1,0.13,decrease,7.73,259529.2,4,4,24,3,0.11,0.0,0.38,112.53,3.18,6,6,1.0,0.25,0.05,0.47,low
test_2026_q2,ridge,2026-04-17,5,2026-04-17 14:00:00+00:00,2026-04-17 15:00:00+00:00,1,0.17,decrease,8.19,267582.0,5,5,24,5,0.15,0.0,0.67,112.53,2.89,5,6,0.83,0.0,0.08,0.31,low
test_2026_q2,ridge,2026-04-18,1,2026-04-18 10:00:00+00:00,2026-04-18 11:00:00+00:00,1,0.04,decrease,7.53,215935.7,1,3,24,11,0.24,1.04,1.61,84.32,-0.03,6,6,1.0,1.0,0.12,0.82,high
test_2026_q2,ridge,2026-04-18,2,2026-04-18 11:00:00+00:00,2026-04-18 12:00:00+00:00,1,0.15,decrease,8.38,238675.1,2,7,24,4,0.09,0.02,1.38,85.34,0.21,2,6,0.33,0.75,0.05,0.46,low
test_2026_q2,ridge,2026-04-18,3,2026-04-18 08:00:00+00:00,2026-04-18 09:00:00+00:00,1,0.2,decrease,7.75,233843.0,7,4,24,6,0.11,3.86,1.13,81.5,0.45,5,6,0.83,0.5,0.02,0.52,medium
test_2026_q2,ridge,2026-04-18,4,2026-04-18 09:00:00+00:00,2026-04-18 10:00:00+00:00,1,0.22,decrease,8.62,261418.8,3,9,24,9,0.17,1.38,1.52,83.98,0.07,5,6,0.83,0.25,0.0,0.4,low
test_2026_q2,ridge,2026-04-18,5,2026-04-18 23:00:00+00:00,2026-04-19 00:00:00+00:00,1,0.22,decrease,6.11,179942.8,11,1,24,3,0.07,62.54,0.07,22.82,1.51,5,6,0.83,0.0,0.07,0.31,low
test_2026_q2,ridge,2026-04-19,1,2026-04-19 10:00:00+00:00,2026-04-19 11:00:00+00:00,1,0.07,decrease,6.4,182180.1,2,3,24,3,0.02,4.27,0.79,51.52,-0.07,5,6,0.83,1.0,0.11,0.76,high
test_2026_q2,ridge,2026-04-19,2,2026-04-19 08:00:00+00:00,2026-04-19 09:00:00+00:00,1,0.15,decrease,6.94,197714.6,3,6,24,1,0.0,4.27,0.91,51.52,-0.19,5,6,0.83,0.75,0.08,0.65,medium
test_2026_q2,ridge,2026-04-19,3,2026-04-19 09:00:00+00:00,2026-04-19 10:00:00+00:00,1,0.22,decrease,7.89,227038.7,1,11,24,2,0.02,4.27,0.82,51.52,-0.1,5,6,0.83,0.5,0.0,0.52,medium
test_2026_q2,ridge,2026-04-19,4,2026-04-19 23:00:00+00:00,2026-04-20 00:00:00+00:00,1,0.22,decrease,5.69,170698.9,11,1,24,5,0.04,28.51,0.4,27.28,0.32,3,6,0.5,0.25,0.03,0.29,low
test_2026_q2,ridge,2026-04-19,5,2026-04-19 11:00:00+00:00,2026-04-19 12:00:00+00:00,1,0.24,decrease,7.18,207453.9,4,9,24,6,0.07,3.43,0.98,52.36,-0.26,4,6,0.67,0.0,0.16,0.27,low
test_2026_q2,ridge,2026-04-20,1,2026-04-20 10:00:00+00:00,2026-04-20 11:00:00+00:00,1,0.02,decrease,5.98,204688.8,2,1,24,2,0.04,0.15,0.05,25.08,0.89,6,6,1.0,1.0,0.05,0.81,high
test_2026_q2,ridge,2026-04-20,2,2026-04-20 08:00:00+00:00,2026-04-20 09:00:00+00:00,1,0.07,decrease,6.76,224259.9,1,4,24,7,0.13,4.41,0.31,20.82,0.64,6,6,1.0,0.75,0.0,0.69,medium
test_2026_q2,ridge,2026-04-20,3,2026-04-20 11:00:00+00:00,2026-04-20 12:00:00+00:00,1,0.07,decrease,6.64,228019.7,3,2,24,4,0.07,0.0,0.37,25.23,0.57,5,6,0.83,0.5,0.19,0.55,medium
test_2026_q2,ridge,2026-04-20,4,2026-04-20 12:00:00+00:00,2026-04-20 13:00:00+00:00,1,0.24,decrease,7.47,254995.5,5,8,24,3,0.04,0.0,0.54,25.23,0.4,3,6,0.5,0.25,0.02,0.29,low
test_2026_q2,ridge,2026-04-20,5,2026-04-20 09:00:00+00:00,2026-04-20 10:00:00+00:00,1,0.26,decrease,7.56,255023.1,4,10,24,1,0.0,0.14,0.0,25.09,0.94,5,6,0.83,0.0,0.0,0.29,low
test_2026_q2,ridge,2026-04-21,1,2026-04-21 10:00:00+00:00,2026-04-21 11:00:00+00:00,1,0.02,decrease,7.04,243922.5,1,2,24,1,0.0,0.1,0.12,19.24,0.36,6,6,1.0,1.0,0.07,0.81,high
test_2026_q2,ridge,2026-04-21,2,2026-04-21 11:00:00+00:00,2026-04-21 12:00:00+00:00,1,0.09,decrease,7.55,262954.0,3,3,24,5,0.07,0.04,0.63,19.3,-0.16,6,6,1.0,0.75,0.09,0.71,medium
test_2026_q2,ridge,2026-04-21,3,2026-04-21 09:00:00+00:00,2026-04-21 10:00:00+00:00,1,0.17,decrease,8.04,288349.6,2,8,24,4,0.07,0.1,0.26,19.24,0.21,6,6,1.0,0.5,0.02,0.58,medium
test_2026_q2,ridge,2026-04-21,4,2026-04-21 08:00:00+00:00,2026-04-21 09:00:00+00:00,1,0.2,decrease,7.62,265419.4,7,4,24,2,0.02,2.33,0.06,17.01,0.42,4,6,0.67,0.25,0.0,0.35,low
test_2026_q2,ridge,2026-04-21,5,2026-04-21 23:00:00+00:00,2026-04-22 00:00:00+00:00,1,0.2,decrease,6.46,208526.7,10,1,24,7,0.17,18.31,0.0,1.03,0.47,1,6,0.17,0.0,0.09,0.08,low
test_2026_q2,ridge,2026-04-22,1,2026-04-22 10:00:00+00:00,2026-04-22 11:00:00+00:00,1,0.07,decrease,6.29,208377.5,4,1,24,2,0.0,13.76,0.41,14.68,0.21,6,6,1.0,1.0,0.08,0.82,high
test_2026_q2,ridge,2026-04-22,2,2026-04-22 08:00:00+00:00,2026-04-22 09:00:00+00:00,1,0.13,decrease,6.44,223312.2,6,2,24,1,0.0,17.46,0.12,10.98,0.5,6,6,1.0,0.75,0.03,0.69,medium
test_2026_q2,ridge,2026-04-22,3,2026-04-22 09:00:00+00:00,2026-04-22 10:00:00+00:00,1,0.15,decrease,7.41,253374.5,2,7,24,3,0.02,17.45,0.23,10.99,0.39,6,6,1.0,0.5,0.0,0.57,medium
test_2026_q2,ridge,2026-04-22,4,2026-04-22 11:00:00+00:00,2026-04-22 12:00:00+00:00,1,0.15,decrease,7.17,230630.6,5,4,24,4,0.04,0.0,0.75,28.44,-0.13,6,6,1.0,0.25,0.05,0.47,low
test_2026_q2,ridge,2026-04-22,5,2026-04-22 12:00:00+00:00,2026-04-22 13:00:00+00:00,1,0.2,decrease,8.05,249820.0,1,10,24,5,0.09,0.93,0.79,27.51,-0.17,5,6,0.83,0.0,0.1,0.31,low
test_2026_q2,ridge,2026-04-23,1,2026-04-23 10:00:00+00:00,2026-04-23 11:00:00+00:00,1,0.11,decrease,6.82,213909.3,5,2,24,3,0.17,21.13,0.8,58.07,-0.01,6,6,1.0,1.0,0.11,0.82,high
test_2026_q2,ridge,2026-04-23,2,2026-04-23 09:00:00+00:00,2026-04-23 10:00:00+00:00,1,0.2,decrease,7.51,255013.5,6,5,24,2,0.13,45.33,0.66,33.87,0.13,6,6,1.0,0.75,0.0,0.69,medium
test_2026_q2,ridge,2026-04-23,3,2026-04-23 08:00:00+00:00,2026-04-23 09:00:00+00:00,1,0.2,increase,6.88,231495.9,8,3,24,1,0.0,51.33,0.0,27.87,0.79,6,6,1.0,0.5,0.0,0.57,medium
test_2026_q2,ridge,2026-04-23,4,2026-04-23 23:00:00+00:00,2026-04-24 00:00:00+00:00,1,0.2,decrease,6.64,208710.4,10,1,24,18,0.41,69.76,0.83,9.43,-0.04,1,6,0.17,0.25,0.03,0.18,low
test_2026_q2,ridge,2026-04-23,5,2026-04-23 11:00:00+00:00,2026-04-23 12:00:00+00:00,1,0.22,decrease,7.65,233871.6,3,9,24,8,0.24,0.0,0.9,79.2,-0.11,6,6,1.0,0.0,0.08,0.37,low
test_2026_q2,ridge,2026-04-24,1,2026-04-24 10:00:00+00:00,2026-04-24 11:00:00+00:00,1,0.09,increase,6.84,220551.4,4,2,24,6,0.17,22.9,0.39,23.19,0.37,6,6,1.0,1.0,0.11,0.82,high
test_2026_q2,ridge,2026-04-24,2,2026-04-24 11:00:00+00:00,2026-04-24 12:00:00+00:00,1,0.17,increase,7.54,231593.5,3,7,24,4,0.15,3.78,0.39,42.32,0.36,4,6,0.67,0.75,0.03,0.58,medium
test_2026_q2,ridge,2026-04-24,3,2026-04-24 08:00:00+00:00,2026-04-24 09:00:00+00:00,1,0.2,decrease,6.95,234487.5,7,4,24,1,0.0,38.61,0.01,7.48,0.75,6,6,1.0,0.5,0.05,0.59,medium
test_2026_q2,ridge,2026-04-24,4,2026-04-24 12:00:00+00:00,2026-04-24 13:00:00+00:00,1,0.24,increase,8.11,250015.0,1,12,24,5,0.15,0.0,0.43,46.1,0.33,4,6,0.67,0.25,0.08,0.36,low
test_2026_q2,ridge,2026-04-24,5,2026-04-24 09:00:00+00:00,2026-04-24 10:00:00+00:00,1,0.3,decrease,7.87,267650.3,6,10,24,3,0.13,29.78,0.27,16.32,0.49,6,6,1.0,0.0,0.03,0.36,low
test_2026_q2,ridge,2026-04-25,1,2026-04-25 10:00:00+00:00,2026-04-25 11:00:00+00:00,1,0.11,decrease,7.73,199063.1,5,2,24,2,0.0,89.18,0.82,150.26,-0.82,3,6,0.5,1.0,0.08,0.64,medium
test_2026_q2,ridge,2026-04-25,2,2026-04-25 11:00:00+00:00,2026-04-25 12:00:00+00:00,1,0.17,decrease,8.56,224238.3,4,6,24,3,0.0,14.13,0.91,225.31,-0.91,6,6,1.0,0.75,0.02,0.69,medium
test_2026_q2,ridge,2026-04-25,3,2026-04-25 12:00:00+00:00,2026-04-25 13:00:00+00:00,1,0.2,decrease,9.32,244489.9,2,9,24,4,0.0,0.0,1.04,239.44,-1.04,5,6,0.83,0.5,0.0,0.52,medium
test_2026_q2,ridge,2026-04-25,4,2026-04-25 08:00:00+00:00,2026-04-25 09:00:00+00:00,1,0.2,decrease,7.76,223783.2,8,3,24,12,0.15,183.22,1.08,56.22,-1.08,6,6,1.0,0.25,0.07,0.48,low
test_2026_q2,ridge,2026-04-25,5,2026-04-25 13:00:00+00:00,2026-04-25 14:00:00+00:00,1,0.26,decrease,9.87,254971.2,1,13,24,10,0.11,56.08,1.37,183.36,-1.37,1,6,0.17,0.0,0.08,0.07,low
test_2026_q2,ridge,2026-04-26,1,2026-04-26 10:00:00+00:00,2026-04-26 11:00:00+00:00,1,0.13,decrease,8.19,209928.8,5,3,24,4,0.13,153.21,0.68,282.77,-0.24,2,6,0.33,1.0,0.0,0.57,medium
test_2026_q2,ridge,2026-04-26,2,2026-04-26 11:00:00+00:00,2026-04-26 12:00:00+00:00,1,0.13,decrease,8.48,223630.4,3,5,24,1,0.0,0.0,0.43,435.98,0.01,6,6,1.0,0.75,0.03,0.69,medium
test_2026_q2,ridge,2026-04-26,3,2026-04-26 12:00:00+00:00,2026-04-26 13:00:00+00:00,1,0.15,decrease,8.93,237999.3,1,8,24,2,0.09,0.3,0.49,435.68,-0.05,6,6,1.0,0.5,0.08,0.59,medium
test_2026_q2,ridge,2026-04-26,4,2026-04-26 08:00:00+00:00,2026-04-26 09:00:00+00:00,1,0.22,decrease,8.22,220385.1,8,4,24,9,0.37,384.36,1.29,51.61,-0.85,1,6,0.17,0.25,0.0,0.17,low
test_2026_q2,ridge,2026-04-26,5,2026-04-26 13:00:00+00:00,2026-04-26 14:00:00+00:00,1,0.22,decrease,9.43,247356.3,2,10,24,3,0.11,177.98,0.48,258.0,-0.04,5,6,0.83,0.0,0.08,0.31,low
test_2026_q2,ridge,2026-04-27,1,2026-04-27 11:00:00+00:00,2026-04-27 12:00:00+00:00,1,0.04,increase,7.62,248956.9,1,3,24,3,0.02,0.0,0.78,35.03,1.0,6,6,1.0,1.0,0.02,0.8,high
test_2026_q2,ridge,2026-04-27,2,2026-04-27 10:00:00+00:00,2026-04-27 11:00:00+00:00,1,0.07,increase,6.93,224991.6,3,2,24,2,0.02,0.73,0.61,34.29,1.17,6,6,1.0,0.75,0.05,0.7,medium
test_2026_q2,ridge,2026-04-27,3,2026-04-27 12:00:00+00:00,2026-04-27 13:00:00+00:00,1,0.11,increase,8.29,266060.9,2,5,24,4,0.02,0.67,0.69,34.36,1.1,6,6,1.0,0.5,0.14,0.6,medium
test_2026_q2,ridge,2026-04-27,4,2026-04-27 09:00:00+00:00,2026-04-27 10:00:00+00:00,1,0.24,increase,8.52,279633.2,5,8,24,1,0.0,0.82,0.55,34.2,1.24,5,6,0.83,0.25,0.0,0.4,low
test_2026_q2,ridge,2026-04-27,5,2026-04-27 13:00:00+00:00,2026-04-27 14:00:00+00:00,1,0.24,increase,8.56,268997.0,4,9,24,5,0.15,0.82,1.11,34.2,0.68,6,6,1.0,0.0,0.1,0.37,low
test_2026_q2,ridge,2026-04-28,1,2026-04-28 10:00:00+00:00,2026-04-28 11:00:00+00:00,1,0.04,decrease,5.75,189815.3,3,1,24,3,0.02,20.46,0.31,28.39,0.59,6,6,1.0,1.0,0.07,0.81,high
test_2026_q2,ridge,2026-04-28,2,2026-04-28 11:00:00+00:00,2026-04-28 12:00:00+00:00,1,0.11,decrease,6.59,210464.2,2,5,24,2,0.0,0.0,0.48,48.85,0.42,6,6,1.0,0.75,0.07,0.7,medium
test_2026_q2,ridge,2026-04-28,3,2026-04-28 22:00:00+00:00,2026-04-28 23:00:00+00:00,1,0.17,decrease,6.16,198967.3,7,3,24,13,0.43,45.24,0.56,3.6,0.33,1,6,0.17,0.5,0.05,0.29,low
test_2026_q2,ridge,2026-04-28,4,2026-04-28 12:00:00+00:00,2026-04-28 13:00:00+00:00,1,0.22,decrease,7.31,228463.6,1,11,24,5,0.09,11.2,0.5,37.65,0.4,6,6,1.0,0.25,0.0,0.46,low
test_2026_q2,ridge,2026-04-28,5,2026-04-28 23:00:00+00:00,2026-04-29 00:00:00+00:00,1,0.22,decrease,5.8,181992.9,10,2,24,15,0.46,41.96,0.74,6.89,0.15,1,6,0.17,0.0,0.02,0.06,low
test_2026_q2,ridge,2026-04-29,1,2026-04-29 10:00:00+00:00,2026-04-29 11:00:00+00:00,1,0.15,decrease,6.47,203585.8,4,5,24,15,0.3,23.14,1.1,29.97,-0.27,2,6,0.33,1.0,0.11,0.59,medium
test_2026_q2,ridge,2026-04-29,2,2026-04-29 08:00:00+00:00,2026-04-29 09:00:00+00:00,1,0.24,decrease,6.52,220265.8,7,6,24,13,0.3,48.62,0.85,4.49,-0.02,2,6,0.33,0.75,0.03,0.46,low
test_2026_q2,ridge,2026-04-29,3,2026-04-29 11:00:00+00:00,2026-04-29 12:00:00+00:00,1,0.26,decrease,7.3,228374.8,2,12,24,3,0.02,0.0,0.5,53.11,0.33,2,6,0.33,0.5,0.0,0.34,low
test_2026_q2,ridge,2026-04-29,4,2026-04-29 12:00:00+00:00,2026-04-29 13:00:00+00:00,1,0.26,decrease,7.37,235754.3,1,13,24,1,0.0,4.03,0.43,49.08,0.4,6,6,1.0,0.25,0.0,0.46,low
test_2026_q2,ridge,2026-04-29,5,2026-04-29 23:00:00+00:00,2026-04-30 00:00:00+00:00,1,0.26,decrease,5.63,179483.5,13,1,24,21,0.41,62.24,0.68,-9.13,0.16,1,6,0.17,0.0,0.08,0.07,low
test_2026_q2,ridge,2026-04-30,1,2026-04-30 10:00:00+00:00,2026-04-30 11:00:00+00:00,1,0.07,increase,6.07,186818.1,4,1,22,5,0.21,17.12,0.69,27.3,-0.04,5,6,0.83,1.0,0.08,0.76,high
test_2026_q2,ridge,2026-04-30,2,2026-04-30 08:00:00+00:00,2026-04-30 09:00:00+00:00,1,0.14,decrease,6.13,207262.3,6,2,22,1,0.0,30.62,0.0,13.8,0.66,5,6,0.83,0.75,0.06,0.64,medium
test_2026_q2,ridge,2026-04-30,3,2026-04-30 11:00:00+00:00,2026-04-30 12:00:00+00:00,1,0.19,increase,7.06,205954.1,2,8,22,6,0.21,0.0,0.75,44.42,-0.09,6,6,1.0,0.5,0.06,0.59,medium
test_2026_q2,ridge,2026-04-30,4,2026-04-30 09:00:00+00:00,2026-04-30 10:00:00+00:00,1,0.24,decrease,7.01,237191.8,5,7,22,2,0.12,27.7,0.39,16.72,0.27,5,6,0.83,0.25,0.06,0.42,low
test_2026_q2,ridge,2026-04-30,5,2026-04-30 02:00:00+00:00,2026-04-30 03:00:00+00:00,1,0.29,increase,6.96,205366.1,8,6,22,11,0.4,33.81,0.74,10.61,-0.08,1,6,0.17,0.0,0.0,0.06,low
test_2026_q2,ridge,2026-05-22,1,2026-05-22 10:00:00+00:00,2026-05-22 11:00:00+00:00,1,0.0,decrease,6.15,391402.3,1,1,24,2,0.04,0.01,0.0,84.43,0.87,6,6,1.0,1.0,0.09,0.82,high
test_2026_q2,ridge,2026-05-22,2,2026-05-22 11:00:00+00:00,2026-05-22 12:00:00+00:00,1,0.09,decrease,6.55,419285.6,3,3,24,1,0.0,0.0,0.17,84.44,0.7,6,6,1.0,0.75,0.07,0.7,medium
test_2026_q2,ridge,2026-05-22,3,2026-05-22 08:00:00+00:00,2026-05-22 09:00:00+00:00,1,0.15,decrease,6.53,403296.5,7,2,24,6,0.17,0.77,0.19,83.66,0.68,5,6,0.83,0.5,0.0,0.52,medium
test_2026_q2,ridge,2026-05-22,4,2026-05-22 09:00:00+00:00,2026-05-22 10:00:00+00:00,1,0.15,decrease,6.96,434640.9,2,7,24,3,0.09,0.01,0.01,84.43,0.87,6,6,1.0,0.25,0.02,0.47,low
test_2026_q2,ridge,2026-05-22,5,2026-05-22 12:00:00+00:00,2026-05-22 13:00:00+00:00,1,0.17,decrease,6.91,430852.9,4,6,24,5,0.11,0.0,0.39,84.44,0.49,6,6,1.0,0.0,0.16,0.38,low
test_2026_q2,ridge,2026-05-23,1,2026-05-23 08:00:00+00:00,2026-05-23 09:00:00+00:00,1,0.15,decrease,7.39,400729.1,4,5,24,13,0.24,31.22,2.27,61.39,-0.51,5,6,0.83,1.0,0.0,0.74,medium
test_2026_q2,ridge,2026-05-23,2,2026-05-23 10:00:00+00:00,2026-05-23 11:00:00+00:00,1,0.15,decrease,7.51,383268.3,3,6,24,16,0.26,19.26,2.35,73.34,-0.59,6,6,1.0,0.75,0.23,0.73,medium
test_2026_q2,ridge,2026-05-23,3,2026-05-23 11:00:00+00:00,2026-05-23 12:00:00+00:00,1,0.3,decrease,8.15,405271.3,2,14,24,7,0.15,0.0,2.29,92.61,-0.53,5,6,0.83,0.5,0.1,0.54,medium
test_2026_q2,ridge,2026-05-23,4,2026-05-23 23:00:00+00:00,2026-05-24 00:00:00+00:00,1,0.37,decrease,5.67,314095.3,18,1,24,1,0.0,75.18,0.03,17.43,1.74,1,6,0.17,0.25,0.03,0.18,low
test_2026_q2,ridge,2026-05-23,5,2026-05-23 16:00:00+00:00,2026-05-23 17:00:00+00:00,1,0.39,decrease,7.97,418087.3,9,11,24,2,0.02,42.56,1.18,50.05,0.58,1,6,0.17,0.0,0.0,0.06,low
test_2026_q2,ridge,2026-05-24,1,2026-05-24 10:00:00+00:00,2026-05-24 11:00:00+00:00,1,0.22,decrease,6.6,307082.8,4,8,24,9,0.09,38.02,1.39,72.38,-0.84,5,6,0.83,1.0,0.07,0.76,high
test_2026_q2,ridge,2026-05-24,2,2026-05-24 23:00:00+00:00,2026-05-25 00:00:00+00:00,1,0.26,decrease,5.4,301266.3,13,1,24,17,0.13,109.94,0.61,0.45,-0.06,2,6,0.33,0.75,0.03,0.46,low
test_2026_q2,ridge,2026-05-24,3,2026-05-24 11:00:00+00:00,2026-05-24 12:00:00+00:00,1,0.28,decrease,7.04,329245.2,3,12,24,4,0.0,0.0,1.35,110.39,-0.8,4,6,0.67,0.5,0.03,0.46,low
test_2026_q2,ridge,2026-05-24,4,2026-05-24 08:00:00+00:00,2026-05-24 09:00:00+00:00,1,0.3,decrease,6.87,331955.6,6,10,24,24,0.22,72.87,1.65,37.52,-1.1,2,6,0.33,0.25,0.03,0.24,low
test_2026_q2,ridge,2026-05-24,5,2026-05-24 12:00:00+00:00,2026-05-24 13:00:00+00:00,1,0.33,decrease,7.36,346283.1,1,16,24,1,0.0,14.08,1.32,96.31,-0.78,5,6,0.83,0.0,0.13,0.32,low
test_2026_q2,ridge,2026-05-25,1,2026-05-25 10:00:00+00:00,2026-05-25 11:00:00+00:00,1,0.15,increase,6.51,319859.7,3,6,24,13,0.22,13.68,0.96,26.58,-0.32,2,6,0.33,1.0,0.03,0.57,medium
test_2026_q2,ridge,2026-05-25,2,2026-05-25 08:00:00+00:00,2026-05-25 09:00:00+00:00,1,0.17,decrease,6.26,338377.4,5,5,24,3,0.07,15.75,0.63,24.51,0.01,4,6,0.67,0.75,0.12,0.6,medium
test_2026_q2,ridge,2026-05-25,3,2026-05-25 11:00:00+00:00,2026-05-25 12:00:00+00:00,1,0.26,increase,6.91,335438.9,2,12,24,7,0.15,0.0,0.91,40.26,-0.27,5,6,0.83,0.5,0.09,0.54,medium
test_2026_q2,ridge,2026-05-25,4,2026-05-25 09:00:00+00:00,2026-05-25 10:00:00+00:00,1,0.33,increase,6.98,364286.1,4,13,24,18,0.3,14.15,1.11,26.11,-0.47,5,6,0.83,0.25,0.06,0.42,low
test_2026_q2,ridge,2026-05-25,5,2026-05-25 12:00:00+00:00,2026-05-25 13:00:00+00:00,1,0.37,increase,7.25,353033.1,1,18,24,5,0.09,6.15,0.81,34.11,-0.17,6,6,1.0,0.0,0.0,0.35,low
test_2026_q2,ridge,2026-05-26,1,2026-05-26 08:00:00+00:00,2026-05-26 09:00:00+00:00,1,0.15,increase,6.39,383500.5,8,1,24,10,0.2,1.14,1.04,72.43,-0.96,6,6,1.0,1.0,0.13,0.83,high
test_2026_q2,ridge,2026-05-26,2,2026-05-26 01:00:00+00:00,2026-05-26 02:00:00+00:00,1,0.26,increase,6.52,346325.7,11,3,24,9,0.2,70.17,0.29,3.4,-0.21,5,6,0.83,0.75,0.0,0.63,medium
test_2026_q2,ridge,2026-05-26,3,2026-05-26 10:00:00+00:00,2026-05-26 11:00:00+00:00,1,0.26,decrease,7.75,473574.2,2,12,24,13,0.2,0.16,1.65,73.41,-1.57,1,6,0.17,0.5,0.05,0.29,low
test_2026_q2,ridge,2026-05-26,4,2026-05-26 00:00:00+00:00,2026-05-26 01:00:00+00:00,1,0.3,increase,6.42,350035.9,14,2,24,2,0.09,73.57,0.08,0.0,0.0,5,6,0.83,0.25,0.0,0.4,low
test_2026_q2,ridge,2026-05-26,5,2026-05-26 02:00:00+00:00,2026-05-26 03:00:00+00:00,1,0.3,increase,6.77,352961.2,12,4,24,14,0.22,77.38,0.26,-3.81,-0.18,3,6,0.5,0.0,0.0,0.18,low
test_2026_q2,ridge,2026-05-27,1,2026-05-27 10:00:00+00:00,2026-05-27 11:00:00+00:00,1,0.0,decrease,6.0,366165.0,1,1,24,1,0.0,0.01,0.07,114.03,0.88,5,6,0.83,1.0,0.07,0.76,high
test_2026_q2,ridge,2026-05-27,2,2026-05-27 11:00:00+00:00,2026-05-27 12:00:00+00:00,1,0.07,decrease,6.37,391020.9,2,3,24,5,0.09,0.0,0.24,114.04,0.71,4,6,0.67,0.75,0.04,0.58,medium
test_2026_q2,ridge,2026-05-27,3,2026-05-27 09:00:00+00:00,2026-05-27 10:00:00+00:00,1,0.11,decrease,6.5,400522.9,3,4,24,4,0.09,0.29,0.11,113.75,0.84,5,6,0.83,0.5,0.04,0.53,medium
test_2026_q2,ridge,2026-05-27,4,2026-05-27 12:00:00+00:00,2026-05-27 13:00:00+00:00,1,0.15,decrease,6.78,402104.7,4,5,24,6,0.09,0.0,0.48,114.04,0.46,5,6,0.83,0.25,0.02,0.41,low
test_2026_q2,ridge,2026-05-27,5,2026-05-27 08:00:00+00:00,2026-05-27 09:00:00+00:00,1,0.17,increase,6.11,371636.7,8,2,24,2,0.04,3.97,0.0,110.07,0.95,4,6,0.67,0.0,0.04,0.24,low
test_2026_q2,ridge,2026-05-28,1,2026-05-28 10:00:00+00:00,2026-05-28 11:00:00+00:00,1,0.0,decrease,5.44,338549.5,1,1,24,3,0.09,0.0,0.07,95.76,4.05,6,6,1.0,1.0,0.05,0.81,high
test_2026_q2,ridge,2026-05-28,2,2026-05-28 11:00:00+00:00,2026-05-28 12:00:00+00:00,1,0.04,decrease,5.84,362902.4,2,2,24,1,0.0,0.0,0.0,95.77,4.13,6,6,1.0,0.75,0.11,0.71,medium
test_2026_q2,ridge,2026-05-28,3,2026-05-28 12:00:00+00:00,2026-05-28 13:00:00+00:00,1,0.15,decrease,6.12,380774.0,4,5,24,2,0.04,0.0,0.05,95.76,4.07,5,6,0.83,0.5,0.0,0.52,medium
test_2026_q2,ridge,2026-05-28,4,2026-05-28 13:00:00+00:00,2026-05-28 14:00:00+00:00,1,0.15,decrease,6.27,390752.8,3,6,24,6,0.2,1.3,0.29,94.47,3.83,5,6,0.83,0.25,0.02,0.41,low
test_2026_q2,ridge,2026-05-28,5,2026-05-28 09:00:00+00:00,2026-05-28 10:00:00+00:00,1,0.17,decrease,6.07,380811.6,6,4,24,4,0.15,0.56,0.11,95.2,4.02,6,6,1.0,0.0,0.02,0.35,low
test_2026_q2,ridge,2026-05-29,1,2026-05-29 10:00:00+00:00,2026-05-29 11:00:00+00:00,1,0.0,decrease,5.49,346334.6,1,1,24,2,0.04,0.35,0.27,120.13,3.74,6,6,1.0,1.0,0.04,0.81,high
test_2026_q2,ridge,2026-05-29,2,2026-05-29 11:00:00+00:00,2026-05-29 12:00:00+00:00,1,0.04,decrease,5.91,372534.1,2,2,24,4,0.07,0.0,0.41,120.48,3.6,6,6,1.0,0.75,0.07,0.7,medium
test_2026_q2,ridge,2026-05-29,3,2026-05-29 12:00:00+00:00,2026-05-29 13:00:00+00:00,1,0.11,decrease,6.35,399094.3,3,4,24,1,0.0,0.64,0.0,119.83,4.01,6,6,1.0,0.5,0.0,0.57,medium
test_2026_q2,ridge,2026-05-29,4,2026-05-29 13:00:00+00:00,2026-05-29 14:00:00+00:00,1,0.11,decrease,6.12,387844.0,4,3,24,3,0.04,1.35,0.22,119.12,3.79,5,6,0.83,0.25,0.09,0.42,low
test_2026_q2,ridge,2026-05-29,5,2026-05-29 09:00:00+00:00,2026-05-29 10:00:00+00:00,1,0.2,decrease,6.53,413425.3,5,6,24,5,0.09,2.05,0.26,118.42,3.75,5,6,0.83,0.0,0.0,0.29,low
test_2026_q2,ridge,2026-05-30,1,2026-05-30 10:00:00+00:00,2026-05-30 11:00:00+00:00,1,0.02,decrease,6.06,339596.4,1,2,24,11,0.17,0.1,1.58,99.07,2.44,6,6,1.0,1.0,0.11,0.82,high
test_2026_q2,ridge,2026-05-30,2,2026-05-30 11:00:00+00:00,2026-05-30 12:00:00+00:00,1,0.13,decrease,6.63,360935.2,3,5,24,8,0.11,0.02,1.54,99.14,2.48,6,6,1.0,0.75,0.02,0.69,medium
test_2026_q2,ridge,2026-05-30,3,2026-05-30 08:00:00+00:00,2026-05-30 09:00:00+00:00,1,0.15,decrease,6.2,355063.4,6,3,24,10,0.13,3.06,1.44,96.1,2.58,4,6,0.67,0.5,0.02,0.46,low
test_2026_q2,ridge,2026-05-30,4,2026-05-30 09:00:00+00:00,2026-05-30 10:00:00+00:00,1,0.17,decrease,6.86,387880.2,2,8,24,6,0.07,0.1,1.36,99.06,2.66,6,6,1.0,0.25,0.07,0.48,low
test_2026_q2,ridge,2026-05-30,5,2026-05-30 16:00:00+00:00,2026-05-30 17:00:00+00:00,1,0.24,decrease,6.46,367917.2,9,4,24,3,0.0,44.36,0.0,54.8,4.02,1,6,0.17,0.0,0.02,0.06,low
test_2026_q2,ridge,2026-05-31,1,2026-05-31 10:00:00+00:00,2026-05-31 11:00:00+00:00,1,0.02,decrease,5.53,302099.4,1,2,24,2,0.02,0.0,0.52,65.49,0.04,5,6,0.83,1.0,0.11,0.76,high
test_2026_q2,ridge,2026-05-31,2,2026-05-31 08:00:00+00:00,2026-05-31 09:00:00+00:00,1,0.11,decrease,5.96,316352.3,3,4,24,10,0.2,2.15,0.59,63.34,-0.02,4,6,0.67,0.75,0.03,0.58,medium
test_2026_q2,ridge,2026-05-31,3,2026-05-31 11:00:00+00:00,2026-05-31 12:00:00+00:00,1,0.13,decrease,6.02,326714.5,2,6,24,8,0.13,0.0,0.7,65.5,-0.13,5,6,0.83,0.5,0.17,0.55,medium
test_2026_q2,ridge,2026-05-31,4,2026-05-31 09:00:00+00:00,2026-05-31 10:00:00+00:00,1,0.26,decrease,6.38,346723.8,4,10,24,3,0.07,0.01,0.43,65.48,0.14,5,6,0.83,0.25,0.09,0.42,low
test_2026_q2,ridge,2026-05-31,5,2026-05-31 12:00:00+00:00,2026-05-31 13:00:00+00:00,1,0.33,decrease,6.49,341978.6,5,12,24,6,0.11,0.0,0.65,65.5,-0.08,6,6,1.0,0.0,0.0,0.35,low
test_2026_q2,ridge,2026-06-01,1,2026-06-01 10:00:00+00:00,2026-06-01 11:00:00+00:00,1,0.02,decrease,5.34,331671.0,2,1,24,5,0.2,7.86,0.1,30.73,0.98,6,6,1.0,1.0,0.07,0.81,high
test_2026_q2,ridge,2026-06-01,2,2026-06-01 11:00:00+00:00,2026-06-01 12:00:00+00:00,1,0.09,decrease,5.79,362724.2,3,3,24,2,0.09,0.77,0.07,37.81,1.01,1,6,0.17,0.75,0.0,0.4,low
test_2026_q2,ridge,2026-06-01,3,2026-06-01 12:00:00+00:00,2026-06-01 13:00:00+00:00,1,0.09,decrease,6.05,379432.2,1,5,24,3,0.09,3.01,0.06,35.58,1.02,5,6,0.83,0.5,0.09,0.53,medium
test_2026_q2,ridge,2026-06-01,4,2026-06-01 09:00:00+00:00,2026-06-01 10:00:00+00:00,1,0.17,decrease,5.94,372650.6,6,4,24,4,0.2,9.75,0.08,28.83,1.0,6,6,1.0,0.25,0.0,0.46,low
test_2026_q2,ridge,2026-06-01,5,2026-06-01 13:00:00+00:00,2026-06-01 14:00:00+00:00,1,0.17,decrease,6.2,386913.6,4,6,24,1,0.0,0.0,0.0,38.58,1.08,5,6,0.83,0.0,0.02,0.3,low
test_2026_q2,ridge,2026-06-02,1,2026-06-02 10:00:00+00:00,2026-06-02 11:00:00+00:00,1,0.04,decrease,6.42,424382.7,1,3,24,8,0.2,0.08,2.11,30.4,1.48,6,6,1.0,1.0,0.07,0.81,high
test_2026_q2,ridge,2026-06-02,2,2026-06-02 09:00:00+00:00,2026-06-02 10:00:00+00:00,1,0.11,decrease,6.44,414368.7,3,4,24,3,0.11,0.21,1.3,30.27,2.29,6,6,1.0,0.75,0.02,0.69,medium
test_2026_q2,ridge,2026-06-02,3,2026-06-02 11:00:00+00:00,2026-06-02 12:00:00+00:00,1,0.13,decrease,7.56,505422.0,2,6,24,10,0.24,0.07,2.36,30.41,1.23,6,6,1.0,0.5,0.05,0.58,medium
test_2026_q2,ridge,2026-06-02,4,2026-06-02 08:00:00+00:00,2026-06-02 09:00:00+00:00,1,0.17,decrease,5.86,366024.7,8,2,24,5,0.13,2.68,0.67,27.8,2.92,2,6,0.33,0.25,0.02,0.23,low
test_2026_q2,ridge,2026-06-02,5,2026-06-02 23:00:00+00:00,2026-06-03 00:00:00+00:00,1,0.2,decrease,5.15,297573.6,10,1,24,9,0.22,22.64,0.62,7.85,2.97,5,6,0.83,0.0,0.02,0.3,low
test_2026_q2,ridge,2026-06-03,1,2026-06-03 08:00:00+00:00,2026-06-03 09:00:00+00:00,1,0.04,decrease,5.57,345232.8,1,3,24,11,0.39,0.1,0.39,20.7,0.4,3,6,0.5,1.0,0.07,0.64,medium
test_2026_q2,ridge,2026-06-03,2,2026-06-03 10:00:00+00:00,2026-06-03 11:00:00+00:00,1,0.11,decrease,5.67,339711.1,3,4,24,6,0.22,0.09,0.27,20.7,0.52,2,6,0.33,0.75,0.05,0.46,low
test_2026_q2,ridge,2026-06-03,3,2026-06-03 11:00:00+00:00,2026-06-03 12:00:00+00:00,1,0.15,decrease,5.8,356567.9,4,5,24,1,0.0,0.07,0.02,20.72,0.77,4,6,0.67,0.5,0.05,0.47,low
test_2026_q2,ridge,2026-06-03,4,2026-06-03 12:00:00+00:00,2026-06-03 13:00:00+00:00,1,0.2,decrease,5.83,365611.9,5,6,24,3,0.04,0.09,0.0,20.7,0.79,6,6,1.0,0.25,0.05,0.47,low
test_2026_q2,ridge,2026-06-03,5,2026-06-03 22:00:00+00:00,2026-06-03 23:00:00+00:00,1,0.24,increase,5.39,324534.8,12,1,24,16,0.57,8.49,0.56,12.3,0.23,2,6,0.33,0.0,0.02,0.12,low
test_2026_q2,ridge,2026-06-04,1,2026-06-04 10:00:00+00:00,2026-06-04 11:00:00+00:00,1,0.0,decrease,4.05,263674.5,1,1,24,3,0.07,0.01,0.0,3.79,1.87,5,6,0.83,1.0,0.07,0.76,high
test_2026_q2,ridge,2026-06-04,2,2026-06-04 11:00:00+00:00,2026-06-04 12:00:00+00:00,1,0.07,decrease,4.29,276801.6,3,2,24,1,0.0,0.0,0.39,3.8,1.48,6,6,1.0,0.75,0.05,0.7,medium
test_2026_q2,ridge,2026-06-04,3,2026-06-04 12:00:00+00:00,2026-06-04 13:00:00+00:00,1,0.11,decrease,4.94,307354.0,4,3,24,5,0.13,0.0,0.78,3.8,1.09,6,6,1.0,0.5,0.07,0.59,medium
test_2026_q2,ridge,2026-06-04,4,2026-06-04 09:00:00+00:00,2026-06-04 10:00:00+00:00,1,0.17,decrease,5.3,344519.3,2,8,24,2,0.07,0.01,0.11,3.79,1.76,4,6,0.67,0.25,0.05,0.35,low
test_2026_q2,ridge,2026-06-04,5,2026-06-04 08:00:00+00:00,2026-06-04 09:00:00+00:00,1,0.22,decrease,5.28,332405.7,5,7,24,10,0.28,0.14,0.75,3.66,1.13,1,6,0.17,0.0,0.14,0.09,low
test_2026_q2,ridge,2026-06-05,1,2026-06-05 10:00:00+00:00,2026-06-05 11:00:00+00:00,1,0.0,decrease,4.36,273604.3,1,1,24,2,0.09,2.08,0.0,8.62,1.25,6,6,1.0,1.0,0.08,0.82,high
test_2026_q2,ridge,2026-06-05,2,2026-06-05 11:00:00+00:00,2026-06-05 12:00:00+00:00,1,0.07,decrease,4.75,297291.9,3,2,24,5,0.13,1.2,0.06,9.5,1.19,6,6,1.0,0.75,0.08,0.7,medium
test_2026_q2,ridge,2026-06-05,3,2026-06-05 12:00:00+00:00,2026-06-05 13:00:00+00:00,1,0.13,decrease,5.09,315024.1,4,4,24,3,0.09,1.0,0.03,9.7,1.22,6,6,1.0,0.5,0.03,0.58,medium
test_2026_q2,ridge,2026-06-05,4,2026-06-05 09:00:00+00:00,2026-06-05 10:00:00+00:00,1,0.15,decrease,5.35,334231.9,2,7,24,1,0.0,0.62,0.01,10.08,1.23,6,6,1.0,0.25,0.02,0.47,low
test_2026_q2,ridge,2026-06-05,5,2026-06-05 13:00:00+00:00,2026-06-05 14:00:00+00:00,1,0.17,decrease,5.25,323513.8,5,5,24,4,0.09,0.62,0.14,10.08,1.1,5,6,0.83,0.0,0.05,0.3,low
test_2026_q2,ridge,2026-06-06,1,2026-06-06 10:00:00+00:00,2026-06-06 11:00:00+00:00,1,0.02,decrease,4.89,270330.1,2,1,24,1,0.0,0.04,0.0,13.61,0.45,6,6,1.0,1.0,0.03,0.81,high
test_2026_q2,ridge,2026-06-06,2,2026-06-06 08:00:00+00:00,2026-06-06 09:00:00+00:00,1,0.04,decrease,4.98,287765.8,1,3,24,5,0.2,0.08,0.25,13.57,0.2,4,6,0.67,0.75,0.13,0.6,medium
test_2026_q2,ridge,2026-06-06,3,2026-06-06 11:00:00+00:00,2026-06-06 12:00:00+00:00,1,0.15,decrease,5.12,293943.8,4,5,24,3,0.07,0.06,0.09,13.59,0.36,6,6,1.0,0.5,0.13,0.6,medium
test_2026_q2,ridge,2026-06-06,4,2026-06-06 12:00:00+00:00,2026-06-06 13:00:00+00:00,1,0.26,decrease,5.49,315799.7,5,9,24,6,0.24,0.01,0.34,13.64,0.1,6,6,1.0,0.25,0.0,0.46,low
test_2026_q2,ridge,2026-06-06,5,2026-06-06 23:00:00+00:00,2026-06-07 00:00:00+00:00,1,0.26,decrease,4.91,272534.3,12,2,24,21,0.65,16.56,0.55,-2.91,-0.1,1,6,0.17,0.0,0.03,0.06,low
test_2026_q2,ridge,2026-06-07,1,2026-06-07 10:00:00+00:00,2026-06-07 11:00:00+00:00,1,0.09,decrease,6.01,284677.1,3,3,24,6,0.13,26.4,0.66,35.33,-0.52,5,6,0.83,1.0,0.1,0.76,high
test_2026_q2,ridge,2026-06-07,2,2026-06-07 12:00:00+00:00,2026-06-07 13:00:00+00:00,1,0.17,decrease,6.83,325600.6,2,8,24,1,0.0,0.0,0.63,61.72,-0.48,5,6,0.83,0.75,0.02,0.63,medium
test_2026_q2,ridge,2026-06-07,3,2026-06-07 08:00:00+00:00,2026-06-07 09:00:00+00:00,1,0.2,decrease,6.45,297276.8,6,5,24,12,0.26,36.66,0.82,25.06,-0.68,2,6,0.33,0.5,0.0,0.34,low
test_2026_q2,ridge,2026-06-07,4,2026-06-07 11:00:00+00:00,2026-06-07 12:00:00+00:00,1,0.2,decrease,6.47,309056.0,5,6,24,2,0.07,8.8,0.63,52.92,-0.49,6,6,1.0,0.25,0.03,0.47,low
test_2026_q2,ridge,2026-06-07,5,2026-06-07 13:00:00+00:00,2026-06-07 14:00:00+00:00,1,0.22,decrease,7.08,336859.0,1,11,24,4,0.07,8.35,0.65,53.37,-0.51,5,6,0.83,0.0,0.07,0.31,low
test_2026_q2,ridge,2026-06-08,1,2026-06-08 10:00:00+00:00,2026-06-08 11:00:00+00:00,1,0.09,increase,4.83,295458.0,5,1,24,6,0.22,9.85,0.21,13.82,0.99,1,6,0.17,1.0,0.03,0.51,medium
test_2026_q2,ridge,2026-06-08,2,2026-06-08 11:00:00+00:00,2026-06-08 12:00:00+00:00,1,0.11,increase,5.11,319562.8,3,4,24,5,0.2,2.62,0.21,21.05,0.99,6,6,1.0,0.75,0.05,0.7,medium
test_2026_q2,ridge,2026-06-08,3,2026-06-08 12:00:00+00:00,2026-06-08 13:00:00+00:00,1,0.15,increase,5.4,337489.8,1,8,24,3,0.09,1.12,0.14,22.55,1.05,6,6,1.0,0.5,0.11,0.6,medium
test_2026_q2,ridge,2026-06-08,4,2026-06-08 16:00:00+00:00,2026-06-08 17:00:00+00:00,1,0.24,decrease,5.3,336023.7,6,7,24,7,0.28,7.58,0.33,16.09,0.87,2,6,0.33,0.25,0.03,0.23,low
test_2026_q2,ridge,2026-06-08,5,2026-06-08 13:00:00+00:00,2026-06-08 14:00:00+00:00,1,0.26,increase,5.5,348127.4,2,12,24,1,0.0,0.13,0.0,23.54,1.19,6,6,1.0,0.0,0.0,0.35,low
test_2026_q2,ridge,2026-06-09,1,2026-06-09 10:00:00+00:00,2026-06-09 11:00:00+00:00,1,0.0,decrease,4.8,296353.9,1,1,24,2,0.02,0.02,0.0,33.26,0.66,5,6,0.83,1.0,0.1,0.76,high
test_2026_q2,ridge,2026-06-09,2,2026-06-09 11:00:00+00:00,2026-06-09 12:00:00+00:00,1,0.09,decrease,5.18,320470.8,2,4,24,3,0.09,0.02,0.07,33.26,0.6,5,6,0.83,0.75,0.02,0.63,medium
test_2026_q2,ridge,2026-06-09,3,2026-06-09 08:00:00+00:00,2026-06-09 09:00:00+00:00,1,0.11,decrease,5.12,312144.6,4,3,24,5,0.2,0.02,0.13,33.26,0.53,3,6,0.5,0.5,0.1,0.42,low
test_2026_q2,ridge,2026-06-09,4,2026-06-09 09:00:00+00:00,2026-06-09 10:00:00+00:00,1,0.2,decrease,5.58,344389.6,3,8,24,1,0.0,0.0,0.0,33.28,0.66,2,6,0.33,0.25,0.02,0.23,low
test_2026_q2,ridge,2026-06-09,5,2026-06-09 12:00:00+00:00,2026-06-09 13:00:00+00:00,1,0.22,decrease,5.52,338662.5,5,7,24,4,0.13,0.02,0.11,33.26,0.55,6,6,1.0,0.0,0.13,0.38,low
test_2026_q2,ridge,2026-06-10,1,2026-06-10 10:00:00+00:00,2026-06-10 11:00:00+00:00,1,0.02,decrease,4.83,292642.6,2,1,24,3,0.02,0.1,0.0,58.6,0.8,4,6,0.67,1.0,0.12,0.71,medium
test_2026_q2,ridge,2026-06-10,2,2026-06-10 08:00:00+00:00,2026-06-10 09:00:00+00:00,1,0.13,decrease,5.18,313702.7,3,5,24,6,0.13,0.11,0.08,58.59,0.72,3,6,0.5,0.75,0.0,0.51,medium
test_2026_q2,ridge,2026-06-10,3,2026-06-10 11:00:00+00:00,2026-06-10 12:00:00+00:00,1,0.13,decrease,5.15,314598.2,4,4,24,1,0.0,0.1,0.04,58.6,0.76,6,6,1.0,0.5,0.05,0.58,medium
test_2026_q2,ridge,2026-06-10,4,2026-06-10 09:00:00+00:00,2026-06-10 10:00:00+00:00,1,0.17,decrease,5.57,347618.5,1,9,24,4,0.04,0.1,0.07,58.6,0.73,5,6,0.83,0.25,0.07,0.42,low
test_2026_q2,ridge,2026-06-10,5,2026-06-10 12:00:00+00:00,2026-06-10 13:00:00+00:00,1,0.24,decrease,5.48,335091.3,5,8,24,2,0.0,0.08,0.07,58.62,0.73,6,6,1.0,0.0,0.02,0.35,low
test_2026_q2,ridge,2026-06-11,1,2026-06-11 08:00:00+00:00,2026-06-11 09:00:00+00:00,1,0.04,decrease,5.22,314083.6,1,3,24,4,0.11,0.01,0.22,22.2,0.38,5,6,0.83,1.0,0.07,0.76,high
test_2026_q2,ridge,2026-06-11,2,2026-06-11 10:00:00+00:00,2026-06-11 11:00:00+00:00,1,0.11,decrease,5.27,314766.8,3,4,24,6,0.13,0.0,0.38,22.21,0.22,2,6,0.33,0.75,0.12,0.48,low
test_2026_q2,ridge,2026-06-11,3,2026-06-11 11:00:00+00:00,2026-06-11 12:00:00+00:00,1,0.22,decrease,5.52,339565.6,4,8,24,3,0.09,0.0,0.31,22.21,0.29,4,6,0.67,0.5,0.02,0.46,low
test_2026_q2,ridge,2026-06-11,4,2026-06-11 22:00:00+00:00,2026-06-11 23:00:00+00:00,1,0.24,decrease,5.15,304945.0,11,2,24,23,0.65,33.0,0.41,-10.79,0.18,1,6,0.17,0.25,0.02,0.18,low
test_2026_q2,ridge,2026-06-11,5,2026-06-11 09:00:00+00:00,2026-06-11 10:00:00+00:00,1,0.26,decrease,5.71,352718.6,2,12,24,12,0.33,0.0,0.54,22.21,0.05,6,6,1.0,0.0,0.0,0.35,low
test_2026_q2,ridge,2026-06-12,1,2026-06-12 08:00:00+00:00,2026-06-12 09:00:00+00:00,1,0.02,decrease,5.19,328024.9,1,2,24,4,0.09,0.05,0.03,13.59,0.47,6,6,1.0,1.0,0.0,0.8,high
test_2026_q2,ridge,2026-06-12,2,2026-06-12 10:00:00+00:00,2026-06-12 11:00:00+00:00,1,0.02,decrease,5.12,316350.8,2,1,24,1,0.0,0.04,0.0,13.6,0.49,5,6,0.83,0.75,0.09,0.65,medium
test_2026_q2,ridge,2026-06-12,3,2026-06-12 11:00:00+00:00,2026-06-12 12:00:00+00:00,1,0.11,decrease,5.42,340966.7,4,3,24,5,0.09,0.04,0.06,13.6,0.44,6,6,1.0,0.5,0.07,0.59,medium
test_2026_q2,ridge,2026-06-12,4,2026-06-12 09:00:00+00:00,2026-06-12 10:00:00+00:00,1,0.17,decrease,5.74,360406.8,3,7,24,2,0.07,0.04,0.09,13.6,0.4,5,6,0.83,0.25,0.07,0.42,low
test_2026_q2,ridge,2026-06-12,5,2026-06-12 12:00:00+00:00,2026-06-12 13:00:00+00:00,1,0.24,decrease,5.77,357362.8,5,8,24,8,0.15,0.04,0.1,13.6,0.39,5,6,0.83,0.0,0.07,0.31,low
test_2026_q2,ridge,2026-06-13,1,2026-06-13 10:00:00+00:00,2026-06-13 11:00:00+00:00,1,0.26,decrease,6.55,312768.1,4,10,24,4,0.11,18.44,1.4,76.32,-0.78,4,6,0.67,1.0,0.05,0.69,medium
test_2026_q2,ridge,2026-06-13,2,2026-06-13 11:00:00+00:00,2026-06-13 12:00:00+00:00,1,0.28,decrease,6.92,336018.7,3,12,24,1,0.0,0.0,1.36,94.76,-0.74,6,6,1.0,0.75,0.09,0.71,medium
test_2026_q2,ridge,2026-06-13,3,2026-06-13 12:00:00+00:00,2026-06-13 13:00:00+00:00,1,0.33,decrease,7.24,352053.8,1,16,24,5,0.11,0.87,1.47,93.89,-0.85,5,6,0.83,0.5,0.09,0.53,medium
test_2026_q2,ridge,2026-06-13,4,2026-06-13 08:00:00+00:00,2026-06-13 09:00:00+00:00,1,0.37,decrease,7.0,325530.6,6,13,24,19,0.28,40.95,1.72,53.81,-1.1,2,6,0.33,0.25,0.09,0.25,low
test_2026_q2,ridge,2026-06-13,5,2026-06-13 23:00:00+00:00,2026-06-14 00:00:00+00:00,1,0.41,decrease,5.64,291282.3,19,2,24,21,0.28,98.56,0.79,-3.8,-0.17,1,6,0.17,0.0,0.09,0.08,low
test_2026_q2,ridge,2026-06-14,1,2026-06-14 10:00:00+00:00,2026-06-14 11:00:00+00:00,1,0.11,increase,6.59,305351.8,4,3,24,7,0.13,9.87,1.03,52.58,-0.69,4,6,0.67,1.0,0.06,0.69,medium
test_2026_q2,ridge,2026-06-14,2,2026-06-14 11:00:00+00:00,2026-06-14 12:00:00+00:00,1,0.15,increase,7.08,330809.7,2,7,24,3,0.04,1.44,0.94,61.01,-0.6,6,6,1.0,0.75,0.03,0.69,medium
test_2026_q2,ridge,2026-06-14,3,2026-06-14 12:00:00+00:00,2026-06-14 13:00:00+00:00,1,0.17,increase,7.38,347049.5,1,9,24,1,0.0,0.0,0.91,62.46,-0.57,6,6,1.0,0.5,0.08,0.59,medium
test_2026_q2,ridge,2026-06-14,4,2026-06-14 08:00:00+00:00,2026-06-14 09:00:00+00:00,1,0.24,decrease,7.01,314381.2,7,6,24,8,0.17,18.49,1.03,43.96,-0.69,1,6,0.17,0.25,0.06,0.18,low
test_2026_q2,ridge,2026-06-14,5,2026-06-14 13:00:00+00:00,2026-06-14 14:00:00+00:00,1,0.28,increase,7.57,352793.0,3,12,24,2,0.02,5.54,0.82,56.91,-0.48,5,6,0.83,0.0,0.03,0.3,low
test_2026_q2,ridge,2026-06-15,1,2026-06-15 10:00:00+00:00,2026-06-15 11:00:00+00:00,1,0.02,increase,4.8,286571.6,2,1,24,3,0.09,0.57,0.06,80.67,1.3,5,6,0.83,1.0,0.0,0.74,medium
test_2026_q2,ridge,2026-06-15,2,2026-06-15 11:00:00+00:00,2026-06-15 12:00:00+00:00,1,0.02,increase,5.17,311231.5,1,2,24,1,0.0,0.0,0.02,81.24,1.34,6,6,1.0,0.75,0.09,0.71,medium
test_2026_q2,ridge,2026-06-15,3,2026-06-15 12:00:00+00:00,2026-06-15 13:00:00+00:00,1,0.11,increase,5.44,328568.4,3,4,24,2,0.02,0.54,0.0,80.7,1.36,6,6,1.0,0.5,0.07,0.59,medium
test_2026_q2,ridge,2026-06-15,4,2026-06-15 13:00:00+00:00,2026-06-15 14:00:00+00:00,1,0.17,increase,5.62,335834.7,4,6,24,4,0.11,0.34,0.31,80.91,1.05,3,6,0.5,0.25,0.02,0.29,low
test_2026_q2,ridge,2026-06-15,5,2026-06-15 09:00:00+00:00,2026-06-15 10:00:00+00:00,1,0.2,increase,5.54,331792.7,6,5,24,5,0.13,3.05,0.1,78.19,1.26,4,6,0.67,0.0,0.02,0.24,low
test_2026_q2,ridge,2026-06-16,1,2026-06-16 12:00:00+00:00,2026-06-16 13:00:00+00:00,1,0.0,increase,4.96,315932.2,1,1,24,2,0.0,1.04,0.0,84.45,5.99,6,6,1.0,1.0,0.04,0.81,high
test_2026_q2,ridge,2026-06-16,2,2026-06-16 13:00:00+00:00,2026-06-16 14:00:00+00:00,1,0.04,increase,5.08,324270.1,2,2,24,3,0.07,9.4,0.11,76.09,5.88,6,6,1.0,0.75,0.04,0.7,medium
test_2026_q2,ridge,2026-06-16,3,2026-06-16 11:00:00+00:00,2026-06-16 12:00:00+00:00,1,0.09,increase,5.15,324988.7,3,3,24,1,0.0,0.0,0.08,85.5,5.91,6,6,1.0,0.5,0.07,0.59,medium
test_2026_q2,ridge,2026-06-16,4,2026-06-16 14:00:00+00:00,2026-06-16 15:00:00+00:00,1,0.15,increase,5.26,331781.4,5,4,24,5,0.13,23.47,0.48,62.03,5.51,5,6,0.83,0.25,0.02,0.41,low
test_2026_q2,ridge,2026-06-16,5,2026-06-16 10:00:00+00:00,2026-06-16 11:00:00+00:00,1,0.17,increase,5.77,354757.2,4,6,24,4,0.13,19.87,0.6,65.63,5.39,6,6,1.0,0.0,0.02,0.35,low
test_2026_q2,ridge,2026-06-17,1,2026-06-17 12:00:00+00:00,2026-06-17 13:00:00+00:00,1,0.04,decrease,4.86,312166.7,1,3,24,2,0.0,21.01,0.0,93.92,7.73,6,6,1.0,1.0,0.02,0.8,high
test_2026_q2,ridge,2026-06-17,2,2026-06-17 10:00:00+00:00,2026-06-17 11:00:00+00:00,1,0.07,decrease,4.36,275751.9,4,1,24,3,0.09,32.71,0.04,82.22,7.68,5,6,0.83,0.75,0.0,0.63,medium
test_2026_q2,ridge,2026-06-17,3,2026-06-17 11:00:00+00:00,2026-06-17 12:00:00+00:00,1,0.07,decrease,4.62,295493.3,3,2,24,1,0.0,0.0,0.01,114.93,7.72,6,6,1.0,0.5,0.02,0.58,medium
test_2026_q2,ridge,2026-06-17,4,2026-06-17 13:00:00+00:00,2026-06-17 14:00:00+00:00,1,0.09,decrease,5.03,323154.4,2,4,24,4,0.09,31.38,0.05,83.54,7.68,6,6,1.0,0.25,0.09,0.48,low
test_2026_q2,ridge,2026-06-17,5,2026-06-17 14:00:00+00:00,2026-06-17 15:00:00+00:00,1,0.17,decrease,5.15,325866.1,5,5,24,7,0.22,43.94,0.29,70.99,7.44,3,6,0.5,0.0,0.05,0.18,low
test_2026_q2,ridge,2026-06-18,1,2026-06-18 10:00:00+00:00,2026-06-18 11:00:00+00:00,1,0.04,decrease,4.09,262708.1,3,1,24,3,0.09,9.96,0.09,83.62,16.39,6,6,1.0,1.0,0.0,0.8,high
test_2026_q2,ridge,2026-06-18,2,2026-06-18 11:00:00+00:00,2026-06-18 12:00:00+00:00,1,0.04,decrease,4.4,286988.5,2,2,24,1,0.0,0.0,0.04,93.58,16.43,6,6,1.0,0.75,0.0,0.69,medium
test_2026_q2,ridge,2026-06-18,3,2026-06-18 12:00:00+00:00,2026-06-18 13:00:00+00:00,1,0.04,decrease,4.64,304037.9,1,3,24,2,0.0,7.61,0.0,85.97,16.48,6,6,1.0,0.5,0.1,0.6,medium
test_2026_q2,ridge,2026-06-18,4,2026-06-18 13:00:00+00:00,2026-06-18 14:00:00+00:00,1,0.13,decrease,4.79,313912.8,4,4,24,5,0.13,29.81,0.09,63.77,16.38,6,6,1.0,0.25,0.07,0.48,low
test_2026_q2,ridge,2026-06-18,5,2026-06-18 09:00:00+00:00,2026-06-18 10:00:00+00:00,1,0.2,decrease,4.87,307502.4,6,5,24,4,0.11,9.03,0.14,84.55,16.34,6,6,1.0,0.0,0.0,0.35,low
test_2026_q2,ridge,2026-06-19,1,2026-06-19 11:00:00+00:00,2026-06-19 12:00:00+00:00,1,0.04,decrease,4.73,299930.5,2,2,24,1,0.0,0.0,0.05,98.31,4.25,6,6,1.0,1.0,0.0,0.8,high
test_2026_q2,ridge,2026-06-19,2,2026-06-19 12:00:00+00:00,2026-06-19 13:00:00+00:00,1,0.04,decrease,4.99,316587.6,1,3,24,2,0.0,5.4,0.0,92.9,4.29,6,6,1.0,0.75,0.02,0.69,medium
test_2026_q2,ridge,2026-06-19,3,2026-06-19 10:00:00+00:00,2026-06-19 11:00:00+00:00,1,0.07,decrease,4.36,277580.4,4,1,24,3,0.07,8.3,0.06,90.02,4.23,6,6,1.0,0.5,0.1,0.59,medium
test_2026_q2,ridge,2026-06-19,4,2026-06-19 13:00:00+00:00,2026-06-19 14:00:00+00:00,1,0.15,decrease,5.12,327480.6,3,6,24,4,0.13,10.68,0.12,87.63,4.18,6,6,1.0,0.25,0.02,0.47,low
test_2026_q2,ridge,2026-06-19,5,2026-06-19 09:00:00+00:00,2026-06-19 10:00:00+00:00,1,0.17,decrease,5.05,325394.4,6,4,24,5,0.15,19.7,0.08,78.61,4.21,5,6,0.83,0.0,0.05,0.3,low
test_2026_q2,ridge,2026-06-20,1,2026-06-20 10:00:00+00:00,2026-06-20 11:00:00+00:00,1,0.02,decrease,5.4,299051.6,1,2,24,9,0.11,0.01,0.71,118.61,5.89,5,6,0.83,1.0,0.05,0.75,high
test_2026_q2,ridge,2026-06-20,2,2026-06-20 11:00:00+00:00,2026-06-20 12:00:00+00:00,1,0.07,decrease,5.91,321394.1,2,3,24,2,0.07,0.0,0.62,118.62,5.98,6,6,1.0,0.75,0.07,0.7,medium
test_2026_q2,ridge,2026-06-20,3,2026-06-20 08:00:00+00:00,2026-06-20 09:00:00+00:00,1,0.13,decrease,5.12,291819.2,7,1,24,10,0.15,4.14,0.56,114.48,6.04,5,6,0.83,0.5,0.0,0.52,medium
test_2026_q2,ridge,2026-06-20,4,2026-06-20 12:00:00+00:00,2026-06-20 13:00:00+00:00,1,0.13,decrease,6.15,338873.2,3,5,24,3,0.07,0.01,0.54,118.61,6.05,5,6,0.83,0.25,0.05,0.41,low
test_2026_q2,ridge,2026-06-20,5,2026-06-20 09:00:00+00:00,2026-06-20 10:00:00+00:00,1,0.17,decrease,6.17,349842.6,4,6,24,8,0.07,0.02,0.51,118.6,6.08,5,6,0.83,0.0,0.07,0.31,low
test_2026_q2,ridge,2026-06-21,1,2026-06-21 10:00:00+00:00,2026-06-21 11:00:00+00:00,1,0.0,decrease,5.62,297014.4,1,1,24,4,0.02,0.0,0.69,107.4,6.35,5,6,0.83,1.0,0.04,0.75,high
test_2026_q2,ridge,2026-06-21,2,2026-06-21 08:00:00+00:00,2026-06-21 09:00:00+00:00,1,0.04,decrease,6.04,317466.8,2,2,24,8,0.11,1.37,0.53,106.02,6.5,4,6,0.67,0.75,0.07,0.58,medium
test_2026_q2,ridge,2026-06-21,3,2026-06-21 11:00:00+00:00,2026-06-21 12:00:00+00:00,1,0.11,decrease,6.15,319562.6,3,4,24,5,0.02,0.0,0.7,107.4,6.33,6,6,1.0,0.5,0.07,0.59,medium
test_2026_q2,ridge,2026-06-21,4,2026-06-21 09:00:00+00:00,2026-06-21 10:00:00+00:00,1,0.17,decrease,6.34,338826.7,4,6,24,1,0.0,0.01,0.48,107.39,6.55,5,6,0.83,0.25,0.07,0.42,low
test_2026_q2,ridge,2026-06-21,5,2026-06-21 12:00:00+00:00,2026-06-21 13:00:00+00:00,1,0.24,decrease,6.49,339802.2,5,8,24,2,0.0,0.0,0.53,107.39,6.51,6,6,1.0,0.0,0.0,0.35,low
test_2026_q2,ridge,2026-06-22,1,2026-06-22 11:00:00+00:00,2026-06-22 12:00:00+00:00,1,0.04,increase,7.15,460924.6,2,2,24,2,0.02,0.0,0.29,62.0,7.01,6,6,1.0,1.0,0.0,0.8,high
test_2026_q2,ridge,2026-06-22,2,2026-06-22 12:00:00+00:00,2026-06-22 13:00:00+00:00,1,0.04,increase,7.72,504941.2,1,3,24,4,0.09,15.58,0.37,46.42,6.93,6,6,1.0,0.75,0.02,0.69,medium
test_2026_q2,ridge,2026-06-22,3,2026-06-22 10:00:00+00:00,2026-06-22 11:00:00+00:00,1,0.07,increase,6.75,424255.6,4,1,24,1,0.0,7.16,0.0,54.84,7.31,6,6,1.0,0.5,0.05,0.58,medium
test_2026_q2,ridge,2026-06-22,4,2026-06-22 13:00:00+00:00,2026-06-22 14:00:00+00:00,1,0.11,increase,7.94,520934.6,3,4,24,5,0.15,31.7,0.99,30.3,6.32,6,6,1.0,0.25,0.09,0.48,low
test_2026_q2,ridge,2026-06-22,5,2026-06-22 09:00:00+00:00,2026-06-22 10:00:00+00:00,1,0.2,increase,8.53,532687.4,6,5,24,3,0.07,24.94,0.02,37.06,7.29,6,6,1.0,0.0,0.0,0.35,low
test_2026_q2,ridge,2026-06-23,1,2026-06-23 11:00:00+00:00,2026-06-23 12:00:00+00:00,1,0.02,increase,10.09,641653.3,1,2,24,2,0.02,0.0,0.7,47.93,24.65,6,6,1.0,1.0,0.02,0.8,high
test_2026_q2,ridge,2026-06-23,2,2026-06-23 10:00:00+00:00,2026-06-23 11:00:00+00:00,1,0.04,increase,9.9,624139.3,3,1,24,1,0.0,1.71,0.0,46.22,25.35,6,6,1.0,0.75,0.02,0.69,medium
test_2026_q2,ridge,2026-06-23,3,2026-06-23 12:00:00+00:00,2026-06-23 13:00:00+00:00,1,0.07,increase,11.05,696841.2,2,3,24,4,0.11,12.56,3.13,35.37,22.22,6,6,1.0,0.5,0.07,0.59,medium
test_2026_q2,ridge,2026-06-23,4,2026-06-23 13:00:00+00:00,2026-06-23 14:00:00+00:00,1,0.13,decrease,13.57,856582.9,4,4,24,6,0.2,26.89,4.12,21.04,21.23,6,6,1.0,0.25,0.05,0.47,low
test_2026_q2,ridge,2026-06-23,5,2026-06-23 09:00:00+00:00,2026-06-23 10:00:00+00:00,1,0.17,increase,14.0,883179.8,5,5,24,3,0.04,7.34,0.22,40.6,25.13,6,6,1.0,0.0,0.05,0.36,low
test_2026_q2,ridge,2026-06-24,1,2026-06-24 12:00:00+00:00,2026-06-24 13:00:00+00:00,1,0.02,decrease,8.92,563495.4,1,2,24,2,0.0,4.15,0.0,36.52,34.74,6,6,1.0,1.0,0.05,0.81,high
test_2026_q2,ridge,2026-06-24,2,2026-06-24 13:00:00+00:00,2026-06-24 14:00:00+00:00,1,0.07,decrease,8.28,521806.8,4,1,24,5,0.11,10.25,1.3,30.42,33.44,5,6,0.83,0.75,0.05,0.64,medium
test_2026_q2,ridge,2026-06-24,3,2026-06-24 10:00:00+00:00,2026-06-24 11:00:00+00:00,1,0.11,decrease,10.81,675311.0,2,5,24,4,0.11,7.98,2.37,32.69,32.37,6,6,1.0,0.5,0.0,0.57,medium
test_2026_q2,ridge,2026-06-24,4,2026-06-24 11:00:00+00:00,2026-06-24 12:00:00+00:00,1,0.11,increase,10.05,633711.3,3,4,24,1,0.0,0.0,0.86,40.67,33.88,6,6,1.0,0.25,0.05,0.47,low
test_2026_q2,ridge,2026-06-24,5,2026-06-24 14:00:00+00:00,2026-06-24 15:00:00+00:00,1,0.15,decrease,9.65,600162.5,6,3,24,6,0.2,16.88,4.51,23.79,30.23,3,6,0.5,0.0,0.08,0.19,low
test_2026_q2,ridge,2026-06-25,1,2026-06-25 11:00:00+00:00,2026-06-25 12:00:00+00:00,1,0.02,decrease,11.14,724892.1,2,1,24,2,0.0,0.0,0.25,65.36,27.88,6,6,1.0,1.0,0.0,0.8,high
test_2026_q2,ridge,2026-06-25,2,2026-06-25 12:00:00+00:00,2026-06-25 13:00:00+00:00,1,0.02,decrease,11.68,767125.7,1,2,24,3,0.0,5.27,0.23,60.09,27.91,6,6,1.0,0.75,0.08,0.7,medium
test_2026_q2,ridge,2026-06-25,3,2026-06-25 13:00:00+00:00,2026-06-25 14:00:00+00:00,1,0.09,decrease,11.92,783958.3,3,3,24,5,0.11,27.66,1.48,37.7,26.66,6,6,1.0,0.5,0.08,0.59,medium
test_2026_q2,ridge,2026-06-25,4,2026-06-25 10:00:00+00:00,2026-06-25 11:00:00+00:00,1,0.15,decrease,13.37,853698.7,4,5,24,1,0.0,7.18,0.0,58.18,28.13,6,6,1.0,0.25,0.03,0.47,low
test_2026_q2,ridge,2026-06-25,5,2026-06-25 14:00:00+00:00,2026-06-25 15:00:00+00:00,1,0.17,decrease,13.34,869882.7,6,4,24,6,0.2,40.52,3.4,24.84,24.73,5,6,0.83,0.0,0.08,0.31,low
test_2026_q2,ridge,2026-06-26,1,2026-06-26 11:00:00+00:00,2026-06-26 12:00:00+00:00,1,0.02,decrease,5.27,337429.1,2,1,24,1,0.0,0.0,0.15,42.92,26.11,6,6,1.0,1.0,0.0,0.8,high
test_2026_q2,ridge,2026-06-26,2,2026-06-26 12:00:00+00:00,2026-06-26 13:00:00+00:00,1,0.02,decrease,5.7,365756.1,1,2,24,3,0.04,6.36,0.73,36.56,25.53,6,6,1.0,0.75,0.1,0.71,medium
test_2026_q2,ridge,2026-06-26,3,2026-06-26 13:00:00+00:00,2026-06-26 14:00:00+00:00,1,0.11,decrease,6.48,410340.8,4,3,24,4,0.11,21.76,1.43,21.15,24.84,6,6,1.0,0.5,0.02,0.58,medium
test_2026_q2,ridge,2026-06-26,4,2026-06-26 10:00:00+00:00,2026-06-26 11:00:00+00:00,1,0.13,decrease,7.92,498187.8,3,5,24,2,0.02,14.13,0.0,28.79,26.26,6,6,1.0,0.25,0.05,0.47,low
test_2026_q2,ridge,2026-06-26,5,2026-06-26 14:00:00+00:00,2026-06-26 15:00:00+00:00,1,0.17,decrease,7.3,456597.0,6,4,24,7,0.22,30.44,3.68,12.48,22.58,5,6,0.83,0.0,0.05,0.3,low
test_2026_q2,ridge,2026-06-27,1,2026-06-27 11:00:00+00:00,2026-06-27 12:00:00+00:00,1,0.02,decrease,5.43,325753.3,2,1,24,2,0.02,0.0,0.23,118.17,33.81,6,6,1.0,1.0,0.0,0.8,high
test_2026_q2,ridge,2026-06-27,2,2026-06-27 12:00:00+00:00,2026-06-27 13:00:00+00:00,1,0.02,decrease,5.71,343787.0,1,2,24,1,0.0,3.34,0.0,114.83,34.03,6,6,1.0,0.75,0.07,0.7,medium
test_2026_q2,ridge,2026-06-27,3,2026-06-27 13:00:00+00:00,2026-06-27 14:00:00+00:00,1,0.09,decrease,5.73,344779.3,3,3,24,3,0.04,12.72,0.09,105.45,33.94,6,6,1.0,0.5,0.05,0.58,medium
test_2026_q2,ridge,2026-06-27,4,2026-06-27 10:00:00+00:00,2026-06-27 11:00:00+00:00,1,0.13,decrease,5.84,346449.6,4,4,24,4,0.11,15.18,0.26,102.98,33.77,5,6,0.83,0.25,0.05,0.41,low
test_2026_q2,ridge,2026-06-27,5,2026-06-27 14:00:00+00:00,2026-06-27 15:00:00+00:00,1,0.17,decrease,5.97,358606.0,5,5,24,7,0.24,40.92,3.94,77.25,30.1,3,6,0.5,0.0,0.05,0.18,low
test_2026_q2,ridge,2026-06-28,1,2026-06-28 10:00:00+00:00,2026-06-28 11:00:00+00:00,1,0.02,decrease,5.85,306576.3,2,1,24,4,0.09,0.01,0.2,119.67,34.15,6,6,1.0,1.0,0.0,0.8,high
test_2026_q2,ridge,2026-06-28,2,2026-06-28 11:00:00+00:00,2026-06-28 12:00:00+00:00,1,0.02,decrease,6.14,327500.4,1,2,24,2,0.02,0.0,0.06,119.68,34.29,6,6,1.0,0.75,0.07,0.7,medium
test_2026_q2,ridge,2026-06-28,3,2026-06-28 12:00:00+00:00,2026-06-28 13:00:00+00:00,1,0.09,decrease,6.34,343164.6,3,3,24,1,0.0,0.0,0.03,119.68,34.32,6,6,1.0,0.5,0.05,0.58,medium
test_2026_q2,ridge,2026-06-28,4,2026-06-28 13:00:00+00:00,2026-06-28 14:00:00+00:00,1,0.13,decrease,6.54,352489.0,4,4,24,3,0.04,1.62,0.0,118.06,34.35,5,6,0.83,0.25,0.05,0.41,low
test_2026_q2,ridge,2026-06-28,5,2026-06-28 09:00:00+00:00,2026-06-28 10:00:00+00:00,1,0.17,decrease,6.72,358356.5,5,5,24,5,0.13,0.32,0.42,119.36,33.93,6,6,1.0,0.0,0.05,0.36,low
test_2026_q2,ridge,2026-06-29,1,2026-06-29 12:00:00+00:00,2026-06-29 13:00:00+00:00,1,0.02,increase,15.05,924693.3,1,2,24,2,0.0,4.36,0.0,25.98,13.23,6,6,1.0,1.0,0.02,0.8,high
test_2026_q2,ridge,2026-06-29,2,2026-06-29 13:00:00+00:00,2026-06-29 14:00:00+00:00,1,0.04,increase,14.64,892478.9,3,1,24,4,0.09,14.79,2.26,15.55,10.97,6,6,1.0,0.75,0.02,0.69,medium
test_2026_q2,ridge,2026-06-29,3,2026-06-29 11:00:00+00:00,2026-06-29 12:00:00+00:00,1,0.07,increase,16.76,1027349.7,2,3,24,1,0.0,0.0,0.75,30.34,12.48,6,6,1.0,0.5,0.1,0.59,medium
test_2026_q2,ridge,2026-06-29,4,2026-06-29 10:00:00+00:00,2026-06-29 11:00:00+00:00,1,0.15,increase,18.17,1096858.8,4,5,24,3,0.09,7.48,2.95,22.86,10.28,6,6,1.0,0.25,0.0,0.46,low
test_2026_q2,ridge,2026-06-29,5,2026-06-29 14:00:00+00:00,2026-06-29 15:00:00+00:00,1,0.15,increase,16.96,1034723.5,5,4,24,6,0.22,18.3,5.43,12.04,7.8,1,6,0.17,0.0,0.1,0.08,low
test_2026_q2,ridge,2026-06-30,1,2026-06-30 10:00:00+00:00,2026-06-30 11:00:00+00:00,1,0.02,decrease,16.94,1032804.6,2,1,22,3,0.05,23.12,0.59,23.39,24.33,6,6,1.0,1.0,0.06,0.81,high
test_2026_q2,ridge,2026-06-30,2,2026-06-30 12:00:00+00:00,2026-06-30 13:00:00+00:00,1,0.07,decrease,19.52,1230461.8,1,4,22,4,0.07,12.82,4.94,33.69,19.98,6,6,1.0,0.75,0.03,0.69,medium
test_2026_q2,ridge,2026-06-30,3,2026-06-30 11:00:00+00:00,2026-06-30 12:00:00+00:00,1,0.1,decrease,17.55,1107220.0,3,3,22,1,0.0,0.0,2.39,46.51,22.53,6,6,1.0,0.5,0.06,0.59,medium
test_2026_q2,ridge,2026-06-30,4,2026-06-30 09:00:00+00:00,2026-06-30 10:00:00+00:00,1,0.14,decrease,17.29,1035513.0,6,2,22,2,0.05,23.41,0.35,23.1,24.57,6,6,1.0,0.25,0.03,0.47,low
test_2026_q2,ridge,2026-06-30,5,2026-06-30 13:00:00+00:00,2026-06-30 14:00:00+00:00,1,0.17,decrease,22.24,1390008.2,4,5,22,5,0.07,20.04,4.92,26.47,20.01,6,6,1.0,0.0,0.06,0.36,low
test_2026_q2,xgboost,2026-04-01,1,2026-04-01 13:00:00+00:00,2026-04-01 14:00:00+00:00,1,0.0,unknown,12.09,413942.0,1,1,24,3,0.07,4.08,0.88,14.53,3.46,6,6,1.0,1.0,0.14,0.83,high
test_2026_q2,xgboost,2026-04-01,2,2026-04-01 12:00:00+00:00,2026-04-01 13:00:00+00:00,1,0.13,unknown,13.84,482557.89,2,6,24,1,0.0,0.0,0.44,18.61,3.89,6,6,1.0,0.75,0.0,0.69,medium
test_2026_q2,xgboost,2026-04-01,3,2026-04-01 14:00:00+00:00,2026-04-01 15:00:00+00:00,1,0.13,unknown,13.44,459115.29,3,5,24,2,0.02,12.33,0.0,6.27,4.33,5,6,0.83,0.5,0.05,0.53,medium
test_2026_q2,xgboost,2026-04-01,4,2026-04-01 15:00:00+00:00,2026-04-01 16:00:00+00:00,1,0.17,unknown,13.38,454752.39,6,4,24,11,0.35,35.76,0.99,-17.15,3.35,5,6,0.83,0.25,0.05,0.41,low
test_2026_q2,xgboost,2026-04-01,5,2026-04-01 11:00:00+00:00,2026-04-01 12:00:00+00:00,1,0.22,unknown,14.9,524483.69,4,8,24,5,0.15,7.39,2.32,11.22,2.01,3,6,0.5,0.0,0.07,0.19,low
test_2026_q2,xgboost,2026-04-02,1,2026-04-02 12:00:00+00:00,2026-04-02 13:00:00+00:00,1,0.0,decrease,9.9,363048.19,1,1,24,2,0.07,8.35,0.36,44.67,8.28,6,6,1.0,1.0,0.05,0.81,high
test_2026_q2,xgboost,2026-04-02,2,2026-04-02 13:00:00+00:00,2026-04-02 14:00:00+00:00,1,0.04,decrease,9.92,365565.8,2,2,24,4,0.13,8.63,1.29,44.39,7.35,6,6,1.0,0.75,0.07,0.7,medium
test_2026_q2,xgboost,2026-04-02,3,2026-04-02 14:00:00+00:00,2026-04-02 15:00:00+00:00,1,0.11,decrease,10.23,378125.39,3,4,24,1,0.0,0.0,0.0,53.02,8.64,6,6,1.0,0.5,0.02,0.58,medium
test_2026_q2,xgboost,2026-04-02,4,2026-04-02 11:00:00+00:00,2026-04-02 12:00:00+00:00,1,0.13,decrease,10.14,380478.8,5,3,24,3,0.09,13.25,0.22,39.76,8.42,6,6,1.0,0.25,0.02,0.47,low
test_2026_q2,xgboost,2026-04-02,5,2026-04-02 15:00:00+00:00,2026-04-02 16:00:00+00:00,1,0.15,decrease,10.44,372381.0,4,5,24,5,0.15,16.98,0.84,36.04,7.8,5,6,0.83,0.0,0.07,0.31,low
test_2026_q2,xgboost,2026-04-03,1,2026-04-03 12:00:00+00:00,2026-04-03 13:00:00+00:00,1,0.0,decrease,7.16,255869.9,1,1,24,2,0.0,0.0,0.39,111.76,8.02,6,6,1.0,1.0,0.09,0.82,high
test_2026_q2,xgboost,2026-04-03,2,2026-04-03 11:00:00+00:00,2026-04-03 12:00:00+00:00,1,0.09,decrease,7.49,283239.89,3,3,24,1,0.0,7.66,0.0,104.1,8.42,6,6,1.0,0.75,0.07,0.7,medium
test_2026_q2,xgboost,2026-04-03,3,2026-04-03 14:00:00+00:00,2026-04-03 15:00:00+00:00,1,0.15,decrease,7.55,265317.0,5,4,24,3,0.0,2.65,0.34,109.11,8.07,4,6,0.67,0.5,0.02,0.46,low
test_2026_q2,xgboost,2026-04-03,4,2026-04-03 13:00:00+00:00,2026-04-03 14:00:00+00:00,1,0.17,decrease,7.85,265247.7,2,8,24,4,0.04,2.43,0.41,109.32,8.0,6,6,1.0,0.25,0.07,0.48,low
test_2026_q2,xgboost,2026-04-03,5,2026-04-03 15:00:00+00:00,2026-04-03 16:00:00+00:00,1,0.24,decrease,7.84,275834.3,6,7,24,5,0.13,24.58,0.38,87.18,8.04,4,6,0.67,0.0,0.0,0.23,low
test_2026_q2,xgboost,2026-04-04,1,2026-04-04 23:00:00+00:00,2026-04-05 00:00:00+00:00,1,0.15,decrease,8.45,243696.5,8,1,24,2,0.02,4.66,0.0,23.87,0.36,5,6,0.83,1.0,0.13,0.77,high
test_2026_q2,xgboost,2026-04-04,2,2026-04-04 08:00:00+00:00,2026-04-04 09:00:00+00:00,1,0.26,decrease,8.87,272592.1,9,5,24,6,0.26,13.08,0.87,15.46,-0.5,5,6,0.83,0.75,0.1,0.65,medium
test_2026_q2,xgboost,2026-04-04,3,2026-04-04 02:00:00+00:00,2026-04-04 03:00:00+00:00,1,0.35,decrease,9.88,276411.2,11,7,24,14,0.33,30.72,0.59,-2.19,-0.23,3,6,0.5,0.5,0.0,0.4,low
test_2026_q2,xgboost,2026-04-04,4,2026-04-04 07:00:00+00:00,2026-04-04 08:00:00+00:00,1,0.35,decrease,8.83,260673.9,14,4,24,3,0.13,27.17,0.17,1.36,0.19,4,6,0.67,0.25,0.0,0.35,low
test_2026_q2,xgboost,2026-04-04,5,2026-04-04 12:00:00+00:00,2026-04-04 13:00:00+00:00,1,0.35,decrease,15.05,447921.6,1,17,24,13,0.28,0.99,8.45,27.54,-8.09,3,6,0.5,0.0,0.03,0.18,low
test_2026_q2,xgboost,2026-04-05,1,2026-04-05 00:00:00+00:00,2026-04-05 01:00:00+00:00,1,0.26,decrease,8.44,236701.81,13,1,24,3,0.04,82.35,0.0,0.0,0.0,5,6,0.83,1.0,0.11,0.76,high
test_2026_q2,xgboost,2026-04-05,2,2026-04-05 11:00:00+00:00,2026-04-05 12:00:00+00:00,1,0.33,decrease,10.37,279429.6,2,15,24,4,0.07,6.0,1.83,76.35,-1.83,5,6,0.83,0.75,0.04,0.64,medium
test_2026_q2,xgboost,2026-04-05,3,2026-04-05 01:00:00+00:00,2026-04-05 02:00:00+00:00,1,0.35,decrease,9.15,265988.1,12,6,24,2,0.02,82.32,0.34,0.02,-0.34,4,6,0.67,0.5,0.0,0.46,low
test_2026_q2,xgboost,2026-04-05,4,2026-04-05 02:00:00+00:00,2026-04-05 03:00:00+00:00,1,0.35,decrease,9.22,236535.09,10,8,24,6,0.09,82.32,0.66,0.02,-0.66,5,6,0.83,0.25,0.04,0.41,low
test_2026_q2,xgboost,2026-04-05,5,2026-04-05 12:00:00+00:00,2026-04-05 13:00:00+00:00,1,0.37,decrease,10.93,289727.69,1,18,24,1,0.0,0.0,1.78,82.35,-1.78,2,6,0.33,0.0,0.04,0.12,low
test_2026_q2,xgboost,2026-04-06,1,2026-04-06 11:00:00+00:00,2026-04-06 12:00:00+00:00,1,0.13,decrease,8.75,241202.49,2,6,24,2,0.02,0.0,0.34,144.24,0.81,6,6,1.0,1.0,0.0,0.8,high
test_2026_q2,xgboost,2026-04-06,2,2026-04-06 12:00:00+00:00,2026-04-06 13:00:00+00:00,1,0.13,decrease,8.87,237705.5,1,7,24,5,0.07,3.16,0.38,141.08,0.78,6,6,1.0,0.75,0.03,0.69,medium
test_2026_q2,xgboost,2026-04-06,3,2026-04-06 08:00:00+00:00,2026-04-06 09:00:00+00:00,1,0.15,increase,8.07,242360.2,8,1,24,3,0.04,93.17,0.0,51.07,1.15,4,6,0.67,0.5,0.0,0.46,low
test_2026_q2,xgboost,2026-04-06,4,2026-04-06 09:00:00+00:00,2026-04-06 10:00:00+00:00,1,0.15,increase,8.18,233843.69,6,3,24,4,0.04,65.43,0.18,78.81,0.97,5,6,0.83,0.25,0.0,0.4,low
test_2026_q2,xgboost,2026-04-06,5,2026-04-06 10:00:00+00:00,2026-04-06 11:00:00+00:00,1,0.15,increase,8.44,238454.2,4,5,24,1,0.0,42.96,0.12,101.28,1.03,5,6,0.83,0.0,0.05,0.3,low
test_2026_q2,xgboost,2026-04-07,1,2026-04-07 09:00:00+00:00,2026-04-07 10:00:00+00:00,1,0.09,increase,6.91,238925.3,5,1,24,1,0.0,10.84,0.04,23.56,1.33,6,6,1.0,1.0,0.02,0.8,high
test_2026_q2,xgboost,2026-04-07,2,2026-04-07 10:00:00+00:00,2026-04-07 11:00:00+00:00,1,0.11,increase,7.09,237582.5,4,3,24,4,0.04,7.84,0.42,26.56,0.94,6,6,1.0,0.75,0.02,0.69,medium
test_2026_q2,xgboost,2026-04-07,3,2026-04-07 11:00:00+00:00,2026-04-07 12:00:00+00:00,1,0.13,increase,7.71,238595.9,3,5,24,2,0.0,0.0,0.47,34.4,0.89,6,6,1.0,0.5,0.0,0.57,medium
test_2026_q2,xgboost,2026-04-07,4,2026-04-07 12:00:00+00:00,2026-04-07 13:00:00+00:00,1,0.13,increase,7.83,233213.3,1,7,24,5,0.15,0.04,1.04,34.36,0.32,6,6,1.0,0.25,0.05,0.47,low
test_2026_q2,xgboost,2026-04-07,5,2026-04-07 08:00:00+00:00,2026-04-07 09:00:00+00:00,1,0.17,increase,7.06,242590.4,8,2,24,3,0.04,15.77,0.0,18.63,1.37,6,6,1.0,0.0,0.17,0.38,low
test_2026_q2,xgboost,2026-04-08,1,2026-04-08 13:00:00+00:00,2026-04-08 14:00:00+00:00,1,0.07,decrease,7.29,234087.29,2,3,24,6,0.22,17.77,0.76,72.76,0.11,5,6,0.83,1.0,0.05,0.75,high
test_2026_q2,xgboost,2026-04-08,2,2026-04-08 10:00:00+00:00,2026-04-08 11:00:00+00:00,1,0.11,increase,7.29,241836.29,5,2,24,3,0.09,13.16,0.18,77.38,0.69,6,6,1.0,0.75,0.0,0.69,medium
test_2026_q2,xgboost,2026-04-08,3,2026-04-08 12:00:00+00:00,2026-04-08 13:00:00+00:00,1,0.11,decrease,7.41,239834.59,1,6,24,1,0.0,2.81,0.0,87.73,0.87,6,6,1.0,0.5,0.02,0.58,medium
test_2026_q2,xgboost,2026-04-08,4,2026-04-08 09:00:00+00:00,2026-04-08 10:00:00+00:00,1,0.13,increase,7.05,241053.0,7,1,24,5,0.17,29.78,0.24,60.75,0.62,5,6,0.83,0.25,0.0,0.4,low
test_2026_q2,xgboost,2026-04-08,5,2026-04-08 11:00:00+00:00,2026-04-08 12:00:00+00:00,1,0.13,decrease,7.36,237097.39,3,5,24,2,0.02,0.0,0.12,90.54,0.75,6,6,1.0,0.0,0.12,0.37,low
test_2026_q2,xgboost,2026-04-09,1,2026-04-09 11:00:00+00:00,2026-04-09 12:00:00+00:00,1,0.04,increase,7.28,237956.7,2,2,24,4,0.09,0.27,0.6,88.05,0.84,6,6,1.0,1.0,0.02,0.8,high
test_2026_q2,xgboost,2026-04-09,2,2026-04-09 10:00:00+00:00,2026-04-09 11:00:00+00:00,1,0.07,increase,7.1,238922.59,4,1,24,1,0.0,6.73,0.14,81.59,1.29,6,6,1.0,0.75,0.12,0.71,medium
test_2026_q2,xgboost,2026-04-09,3,2026-04-09 09:00:00+00:00,2026-04-09 10:00:00+00:00,1,0.17,increase,7.29,242994.5,6,4,24,2,0.02,8.24,0.0,80.07,1.44,6,6,1.0,0.5,0.0,0.57,medium
test_2026_q2,xgboost,2026-04-09,4,2026-04-09 13:00:00+00:00,2026-04-09 14:00:00+00:00,1,0.17,increase,7.74,240448.61,3,7,24,6,0.24,6.46,1.09,81.86,0.35,4,6,0.67,0.25,0.02,0.35,low
test_2026_q2,xgboost,2026-04-09,5,2026-04-09 12:00:00+00:00,2026-04-09 13:00:00+00:00,1,0.2,increase,7.9,245706.5,1,10,24,3,0.04,0.0,0.48,88.32,0.96,6,6,1.0,0.0,0.07,0.36,low
test_2026_q2,xgboost,2026-04-10,1,2026-04-10 12:00:00+00:00,2026-04-10 13:00:00+00:00,1,0.0,increase,7.49,245454.3,1,1,24,2,0.13,1.67,0.25,15.31,0.64,6,6,1.0,1.0,0.12,0.82,high
test_2026_q2,xgboost,2026-04-10,2,2026-04-10 10:00:00+00:00,2026-04-10 11:00:00+00:00,1,0.11,increase,7.52,242463.49,4,3,24,6,0.22,18.49,0.16,-1.51,0.74,6,6,1.0,0.75,0.02,0.69,medium
test_2026_q2,xgboost,2026-04-10,3,2026-04-10 11:00:00+00:00,2026-04-10 12:00:00+00:00,1,0.13,increase,7.52,247244.3,6,2,24,1,0.0,0.0,0.0,16.98,0.89,6,6,1.0,0.5,0.0,0.57,medium
test_2026_q2,xgboost,2026-04-10,4,2026-04-10 13:00:00+00:00,2026-04-10 14:00:00+00:00,1,0.13,increase,7.83,248465.2,3,5,24,3,0.13,0.01,0.6,16.97,0.29,5,6,0.83,0.25,0.09,0.42,low
test_2026_q2,xgboost,2026-04-10,5,2026-04-10 14:00:00+00:00,2026-04-10 15:00:00+00:00,1,0.22,increase,8.25,254957.21,2,10,24,5,0.2,0.21,0.73,16.77,0.16,4,6,0.67,0.0,0.02,0.24,low
test_2026_q2,xgboost,2026-04-11,1,2026-04-11 08:00:00+00:00,2026-04-11 09:00:00+00:00,1,0.17,decrease,8.26,245102.7,8,2,24,2,0.02,33.74,0.25,20.49,-0.05,5,6,0.83,1.0,0.03,0.75,medium
test_2026_q2,xgboost,2026-04-11,2,2026-04-11 09:00:00+00:00,2026-04-11 10:00:00+00:00,1,0.2,decrease,8.64,241243.19,6,5,24,16,0.28,30.65,1.33,23.58,-1.14,6,6,1.0,0.75,0.07,0.7,medium
test_2026_q2,xgboost,2026-04-11,3,2026-04-11 07:00:00+00:00,2026-04-11 08:00:00+00:00,1,0.24,decrease,7.99,247070.59,12,1,24,1,0.0,48.45,0.02,5.78,0.18,4,6,0.67,0.5,0.27,0.51,medium
test_2026_q2,xgboost,2026-04-11,4,2026-04-11 12:00:00+00:00,2026-04-11 13:00:00+00:00,1,0.41,decrease,10.09,236042.4,1,20,24,7,0.17,4.97,1.3,49.26,-1.1,5,6,0.83,0.25,0.03,0.41,low
test_2026_q2,xgboost,2026-04-11,5,2026-04-11 10:00:00+00:00,2026-04-11 11:00:00+00:00,1,0.43,decrease,9.81,243220.6,4,18,24,13,0.26,24.27,1.4,29.96,-1.2,2,6,0.33,0.0,0.0,0.12,low
test_2026_q2,xgboost,2026-04-12,1,2026-04-12 10:00:00+00:00,2026-04-12 11:00:00+00:00,1,0.13,increase,9.03,240798.6,6,2,24,9,0.2,12.91,0.86,-4.73,0.33,5,6,0.83,1.0,0.03,0.75,medium
test_2026_q2,xgboost,2026-04-12,2,2026-04-12 08:00:00+00:00,2026-04-12 09:00:00+00:00,1,0.15,increase,9.22,238932.69,5,4,24,8,0.2,13.89,0.58,-5.71,0.6,6,6,1.0,0.75,0.0,0.69,medium
test_2026_q2,xgboost,2026-04-12,3,2026-04-12 09:00:00+00:00,2026-04-12 10:00:00+00:00,1,0.15,increase,9.41,240189.7,3,6,24,3,0.09,12.78,0.38,-4.6,0.81,4,6,0.67,0.5,0.0,0.46,low
test_2026_q2,xgboost,2026-04-12,4,2026-04-12 11:00:00+00:00,2026-04-12 12:00:00+00:00,1,0.15,increase,9.57,252246.99,2,7,24,1,0.0,0.0,0.94,8.18,0.24,5,6,0.83,0.25,0.08,0.42,low
test_2026_q2,xgboost,2026-04-12,5,2026-04-12 00:00:00+00:00,2026-04-12 01:00:00+00:00,1,0.22,decrease,9.21,244588.41,9,3,24,4,0.11,8.18,1.18,0.0,0.0,1,6,0.17,0.0,0.0,0.06,low
test_2026_q2,xgboost,2026-04-13,1,2026-04-13 02:00:00+00:00,2026-04-13 03:00:00+00:00,1,0.07,increase,9.33,247919.9,2,3,24,7,0.17,37.94,1.1,-2.24,-1.03,5,6,0.83,1.0,0.08,0.76,high
test_2026_q2,xgboost,2026-04-13,2,2026-04-13 01:00:00+00:00,2026-04-13 02:00:00+00:00,1,0.13,increase,9.38,250599.39,4,4,24,3,0.02,30.58,0.15,5.12,-0.09,5,6,0.83,0.75,0.0,0.63,medium
test_2026_q2,xgboost,2026-04-13,3,2026-04-13 14:00:00+00:00,2026-04-13 15:00:00+00:00,1,0.13,increase,9.6,318816.0,3,5,24,1,0.0,0.0,0.83,35.7,-0.76,5,6,0.83,0.5,0.03,0.52,medium
test_2026_q2,xgboost,2026-04-13,4,2026-04-13 00:00:00+00:00,2026-04-13 01:00:00+00:00,1,0.15,increase,9.32,251740.1,7,2,24,2,0.02,35.7,0.07,0.0,0.0,6,6,1.0,0.25,0.0,0.46,low
test_2026_q2,xgboost,2026-04-13,5,2026-04-13 15:00:00+00:00,2026-04-13 16:00:00+00:00,1,0.15,increase,11.24,369008.19,1,8,24,6,0.07,23.86,0.95,11.84,-0.88,5,6,0.83,0.0,0.1,0.31,low
test_2026_q2,xgboost,2026-04-14,1,2026-04-14 13:00:00+00:00,2026-04-14 14:00:00+00:00,1,0.07,decrease,10.24,349176.5,3,2,24,1,0.0,11.9,0.0,104.54,13.42,5,6,0.83,1.0,0.02,0.75,medium
test_2026_q2,xgboost,2026-04-14,2,2026-04-14 12:00:00+00:00,2026-04-14 13:00:00+00:00,1,0.09,decrease,12.18,418529.3,1,5,24,3,0.13,15.0,0.94,101.44,12.48,5,6,0.83,0.75,0.02,0.63,medium
test_2026_q2,xgboost,2026-04-14,3,2026-04-14 14:00:00+00:00,2026-04-14 15:00:00+00:00,1,0.11,decrease,9.55,321837.5,6,1,24,2,0.0,0.0,0.5,116.43,12.92,6,6,1.0,0.5,0.0,0.57,medium
test_2026_q2,xgboost,2026-04-14,4,2026-04-14 15:00:00+00:00,2026-04-14 16:00:00+00:00,1,0.11,decrease,11.01,353769.2,4,3,24,5,0.15,46.9,0.64,69.53,12.79,4,6,0.67,0.25,0.02,0.35,low
test_2026_q2,xgboost,2026-04-14,5,2026-04-14 10:00:00+00:00,2026-04-14 11:00:00+00:00,1,0.13,decrease,12.55,446261.61,2,6,24,6,0.2,22.32,3.43,94.12,9.99,5,6,0.83,0.0,0.02,0.3,low
test_2026_q2,xgboost,2026-04-15,1,2026-04-15 12:00:00+00:00,2026-04-15 13:00:00+00:00,1,0.04,decrease,7.68,262457.3,1,3,24,1,0.0,0.0,0.56,84.15,8.53,6,6,1.0,1.0,0.02,0.8,high
test_2026_q2,xgboost,2026-04-15,2,2026-04-15 11:00:00+00:00,2026-04-15 12:00:00+00:00,1,0.07,decrease,7.39,253409.0,4,1,24,2,0.02,0.0,0.0,84.14,9.09,6,6,1.0,0.75,0.02,0.69,medium
test_2026_q2,xgboost,2026-04-15,3,2026-04-15 13:00:00+00:00,2026-04-15 14:00:00+00:00,1,0.09,decrease,8.23,267981.11,2,4,24,3,0.07,0.0,1.48,84.15,7.61,6,6,1.0,0.5,0.02,0.58,medium
test_2026_q2,xgboost,2026-04-15,4,2026-04-15 10:00:00+00:00,2026-04-15 11:00:00+00:00,1,0.11,decrease,7.65,264281.91,5,2,24,4,0.09,6.7,0.01,77.44,9.08,5,6,0.83,0.25,0.05,0.41,low
test_2026_q2,xgboost,2026-04-15,5,2026-04-15 14:00:00+00:00,2026-04-15 15:00:00+00:00,1,0.15,increase,9.19,293986.09,3,6,24,6,0.13,0.0,3.52,84.15,5.58,6,6,1.0,0.0,0.07,0.36,low
test_2026_q2,xgboost,2026-04-16,1,2026-04-16 10:00:00+00:00,2026-04-16 11:00:00+00:00,1,0.04,decrease,7.08,239554.99,3,1,24,4,0.13,10.38,0.01,70.94,11.12,6,6,1.0,1.0,0.0,0.8,high
test_2026_q2,xgboost,2026-04-16,2,2026-04-16 12:00:00+00:00,2026-04-16 13:00:00+00:00,1,0.04,increase,7.68,257631.19,1,3,24,2,0.09,0.0,0.24,81.31,10.89,6,6,1.0,0.75,0.05,0.7,medium
test_2026_q2,xgboost,2026-04-16,3,2026-04-16 13:00:00+00:00,2026-04-16 14:00:00+00:00,1,0.09,increase,8.08,264513.4,2,4,24,5,0.13,0.01,0.43,81.3,10.7,6,6,1.0,0.5,0.02,0.58,medium
test_2026_q2,xgboost,2026-04-16,4,2026-04-16 11:00:00+00:00,2026-04-16 12:00:00+00:00,1,0.11,increase,7.39,246097.39,5,2,24,1,0.0,0.0,0.0,81.31,11.13,6,6,1.0,0.25,0.05,0.47,low
test_2026_q2,xgboost,2026-04-16,5,2026-04-16 14:00:00+00:00,2026-04-16 15:00:00+00:00,1,0.15,increase,8.34,267272.11,4,5,24,6,0.17,0.01,1.49,81.3,9.64,5,6,0.83,0.0,0.09,0.31,low
test_2026_q2,xgboost,2026-04-17,1,2026-04-17 11:00:00+00:00,2026-04-17 12:00:00+00:00,1,0.02,increase,7.15,236893.19,2,1,24,1,0.0,0.0,0.0,112.53,3.56,6,6,1.0,1.0,0.0,0.8,high
test_2026_q2,xgboost,2026-04-17,2,2026-04-17 12:00:00+00:00,2026-04-17 13:00:00+00:00,1,0.02,increase,7.45,243600.4,1,2,24,2,0.04,0.0,0.07,112.53,3.49,6,6,1.0,0.75,0.07,0.7,medium
test_2026_q2,xgboost,2026-04-17,3,2026-04-17 10:00:00+00:00,2026-04-17 11:00:00+00:00,1,0.09,decrease,7.48,251145.61,3,3,24,4,0.15,5.52,0.11,107.01,3.45,6,6,1.0,0.5,0.05,0.58,medium
test_2026_q2,xgboost,2026-04-17,4,2026-04-17 13:00:00+00:00,2026-04-17 14:00:00+00:00,1,0.13,increase,7.49,244612.71,4,4,24,3,0.11,0.0,0.38,112.53,3.18,6,6,1.0,0.25,0.05,0.47,low
test_2026_q2,xgboost,2026-04-17,5,2026-04-17 14:00:00+00:00,2026-04-17 15:00:00+00:00,1,0.17,increase,7.63,250146.7,5,5,24,5,0.15,0.0,0.67,112.53,2.89,5,6,0.83,0.0,0.07,0.31,low
test_2026_q2,xgboost,2026-04-18,1,2026-04-18 09:00:00+00:00,2026-04-18 10:00:00+00:00,1,0.2,decrease,8.71,254517.99,4,7,24,9,0.17,1.38,1.52,83.98,0.07,5,6,0.83,1.0,0.03,0.75,medium
test_2026_q2,xgboost,2026-04-18,2,2026-04-18 08:00:00+00:00,2026-04-18 09:00:00+00:00,1,0.22,decrease,8.42,256659.21,7,5,24,6,0.11,3.86,1.13,81.5,0.45,5,6,0.83,0.75,0.0,0.63,medium
test_2026_q2,xgboost,2026-04-18,3,2026-04-18 23:00:00+00:00,2026-04-19 00:00:00+00:00,1,0.22,decrease,7.96,234038.1,11,1,24,3,0.07,62.54,0.07,22.82,1.51,5,6,0.83,0.5,0.03,0.52,medium
test_2026_q2,xgboost,2026-04-18,4,2026-04-18 10:00:00+00:00,2026-04-18 11:00:00+00:00,1,0.24,decrease,9.13,256447.3,3,10,24,11,0.24,1.04,1.61,84.32,-0.03,6,6,1.0,0.25,0.06,0.47,low
test_2026_q2,xgboost,2026-04-18,5,2026-04-18 12:00:00+00:00,2026-04-18 13:00:00+00:00,1,0.28,decrease,9.24,256423.6,1,14,24,1,0.0,0.0,1.26,85.36,0.33,4,6,0.67,0.0,0.03,0.24,low
test_2026_q2,xgboost,2026-04-19,1,2026-04-19 10:00:00+00:00,2026-04-19 11:00:00+00:00,1,0.2,decrease,7.99,227657.99,4,7,24,3,0.02,4.27,0.79,51.52,-0.07,5,6,0.83,1.0,0.09,0.76,high
test_2026_q2,xgboost,2026-04-19,2,2026-04-19 09:00:00+00:00,2026-04-19 10:00:00+00:00,1,0.26,decrease,8.11,226151.2,2,12,24,2,0.02,4.27,0.82,51.52,-0.1,5,6,0.83,0.75,0.0,0.63,medium
test_2026_q2,xgboost,2026-04-19,3,2026-04-19 11:00:00+00:00,2026-04-19 12:00:00+00:00,1,0.26,decrease,8.1,230674.1,3,11,24,6,0.07,3.43,0.98,52.36,-0.26,4,6,0.67,0.5,0.03,0.46,low
test_2026_q2,xgboost,2026-04-19,4,2026-04-19 07:00:00+00:00,2026-04-19 08:00:00+00:00,1,0.28,decrease,7.93,227199.0,9,6,24,8,0.13,6.66,0.95,49.13,-0.23,4,6,0.67,0.25,0.03,0.35,low
test_2026_q2,xgboost,2026-04-19,5,2026-04-19 08:00:00+00:00,2026-04-19 09:00:00+00:00,1,0.3,decrease,8.04,226145.8,7,9,24,1,0.0,4.27,0.91,51.52,-0.19,5,6,0.83,0.0,0.0,0.29,low
test_2026_q2,xgboost,2026-04-20,1,2026-04-20 10:00:00+00:00,2026-04-20 11:00:00+00:00,1,0.02,increase,6.85,234350.4,2,1,24,2,0.04,0.15,0.05,25.08,0.89,6,6,1.0,1.0,0.12,0.82,high
test_2026_q2,xgboost,2026-04-20,2,2026-04-20 11:00:00+00:00,2026-04-20 12:00:00+00:00,1,0.13,increase,6.98,236847.4,4,4,24,4,0.07,0.0,0.37,25.23,0.57,5,6,0.83,0.75,0.02,0.63,medium
test_2026_q2,xgboost,2026-04-20,3,2026-04-20 08:00:00+00:00,2026-04-20 09:00:00+00:00,1,0.15,increase,6.95,236643.8,6,3,24,7,0.13,4.41,0.31,20.82,0.64,6,6,1.0,0.5,0.0,0.57,medium
test_2026_q2,xgboost,2026-04-20,4,2026-04-20 09:00:00+00:00,2026-04-20 10:00:00+00:00,1,0.15,increase,6.93,234328.89,7,2,24,1,0.0,0.14,0.0,25.09,0.94,5,6,0.83,0.25,0.0,0.4,low
test_2026_q2,xgboost,2026-04-20,5,2026-04-20 13:00:00+00:00,2026-04-20 14:00:00+00:00,1,0.15,increase,7.6,250894.9,1,8,24,5,0.11,0.0,0.58,25.23,0.36,2,6,0.33,0.0,0.07,0.13,low
test_2026_q2,xgboost,2026-04-21,1,2026-04-21 10:00:00+00:00,2026-04-21 11:00:00+00:00,1,0.09,decrease,7.77,269180.8,3,3,24,1,0.0,0.1,0.12,19.24,0.36,6,6,1.0,1.0,0.03,0.81,high
test_2026_q2,xgboost,2026-04-21,2,2026-04-21 09:00:00+00:00,2026-04-21 10:00:00+00:00,1,0.11,decrease,7.52,267666.4,6,1,24,4,0.07,0.1,0.26,19.24,0.21,6,6,1.0,0.75,0.0,0.69,medium
test_2026_q2,xgboost,2026-04-21,3,2026-04-21 11:00:00+00:00,2026-04-21 12:00:00+00:00,1,0.11,decrease,7.96,269107.4,2,5,24,5,0.07,0.04,0.63,19.3,-0.16,6,6,1.0,0.5,0.05,0.59,medium
test_2026_q2,xgboost,2026-04-21,4,2026-04-21 12:00:00+00:00,2026-04-21 13:00:00+00:00,1,0.15,decrease,8.32,279291.8,1,8,24,6,0.15,0.0,0.75,19.34,-0.28,5,6,0.83,0.25,0.03,0.41,low
test_2026_q2,xgboost,2026-04-21,5,2026-04-21 08:00:00+00:00,2026-04-21 09:00:00+00:00,1,0.17,increase,7.71,275760.4,8,2,24,2,0.02,2.33,0.06,17.01,0.42,4,6,0.67,0.0,0.11,0.25,low
test_2026_q2,xgboost,2026-04-22,1,2026-04-22 09:00:00+00:00,2026-04-22 10:00:00+00:00,1,0.13,decrease,7.22,237363.6,5,3,24,3,0.02,17.45,0.23,10.99,0.39,6,6,1.0,1.0,0.03,0.81,high
test_2026_q2,xgboost,2026-04-22,2,2026-04-22 10:00:00+00:00,2026-04-22 11:00:00+00:00,1,0.15,decrease,7.33,240685.2,4,5,24,2,0.0,13.76,0.41,14.68,0.21,6,6,1.0,0.75,0.0,0.69,medium
test_2026_q2,xgboost,2026-04-22,3,2026-04-22 11:00:00+00:00,2026-04-22 12:00:00+00:00,1,0.15,decrease,7.64,241158.81,3,6,24,4,0.04,0.0,0.75,28.44,-0.13,6,6,1.0,0.5,0.05,0.59,medium
test_2026_q2,xgboost,2026-04-22,4,2026-04-22 08:00:00+00:00,2026-04-22 09:00:00+00:00,1,0.2,increase,6.99,242769.4,10,1,24,1,0.0,17.46,0.12,10.98,0.5,6,6,1.0,0.25,0.05,0.47,low
test_2026_q2,xgboost,2026-04-22,5,2026-04-22 12:00:00+00:00,2026-04-22 13:00:00+00:00,1,0.24,decrease,8.13,242030.61,1,12,24,5,0.09,0.93,0.79,27.51,-0.17,5,6,0.83,0.0,0.05,0.3,low
test_2026_q2,xgboost,2026-04-23,1,2026-04-23 09:00:00+00:00,2026-04-23 10:00:00+00:00,1,0.11,increase,7.22,242450.0,6,1,24,2,0.13,45.33,0.66,33.87,0.13,6,6,1.0,1.0,0.1,0.82,high
test_2026_q2,xgboost,2026-04-23,2,2026-04-23 08:00:00+00:00,2026-04-23 09:00:00+00:00,1,0.2,increase,7.33,252070.7,9,2,24,1,0.0,51.33,0.0,27.87,0.79,6,6,1.0,0.75,0.03,0.69,medium
test_2026_q2,xgboost,2026-04-23,3,2026-04-23 10:00:00+00:00,2026-04-23 11:00:00+00:00,1,0.22,decrease,7.92,248480.4,5,7,24,3,0.17,21.13,0.8,58.07,-0.01,6,6,1.0,0.5,0.05,0.59,medium
test_2026_q2,xgboost,2026-04-23,4,2026-04-23 11:00:00+00:00,2026-04-23 12:00:00+00:00,1,0.26,decrease,8.28,246811.9,3,11,24,8,0.24,0.0,0.9,79.2,-0.11,6,6,1.0,0.25,0.03,0.47,low
test_2026_q2,xgboost,2026-04-23,5,2026-04-23 12:00:00+00:00,2026-04-23 13:00:00+00:00,1,0.28,decrease,8.38,250780.79,1,14,24,10,0.28,0.93,0.93,78.27,-0.15,4,6,0.67,0.0,0.08,0.25,low
test_2026_q2,xgboost,2026-04-24,1,2026-04-24 09:00:00+00:00,2026-04-24 10:00:00+00:00,1,0.13,increase,7.67,261644.2,7,1,24,3,0.13,29.78,0.27,16.32,0.49,6,6,1.0,1.0,0.06,0.81,high
test_2026_q2,xgboost,2026-04-24,2,2026-04-24 08:00:00+00:00,2026-04-24 09:00:00+00:00,1,0.17,increase,7.72,264633.6,8,2,24,1,0.0,38.61,0.01,7.48,0.75,6,6,1.0,0.75,0.06,0.7,medium
test_2026_q2,xgboost,2026-04-24,3,2026-04-24 10:00:00+00:00,2026-04-24 11:00:00+00:00,1,0.22,increase,8.2,262758.3,5,7,24,6,0.17,22.9,0.39,23.19,0.37,6,6,1.0,0.5,0.0,0.57,medium
test_2026_q2,xgboost,2026-04-24,4,2026-04-24 11:00:00+00:00,2026-04-24 12:00:00+00:00,1,0.22,increase,8.33,250943.1,3,9,24,4,0.15,3.78,0.39,42.32,0.36,4,6,0.67,0.25,0.03,0.35,low
test_2026_q2,xgboost,2026-04-24,5,2026-04-24 12:00:00+00:00,2026-04-24 13:00:00+00:00,1,0.24,increase,8.43,252745.9,1,12,24,5,0.15,0.0,0.43,46.1,0.33,4,6,0.67,0.0,0.09,0.25,low
test_2026_q2,xgboost,2026-04-25,1,2026-04-25 11:00:00+00:00,2026-04-25 12:00:00+00:00,1,0.2,decrease,9.61,247202.4,2,9,24,3,0.0,14.13,0.91,225.31,-0.91,6,6,1.0,1.0,0.0,0.8,high
test_2026_q2,xgboost,2026-04-25,2,2026-04-25 07:00:00+00:00,2026-04-25 08:00:00+00:00,1,0.2,decrease,8.55,251321.1,10,1,24,5,0.02,195.96,0.46,43.48,-0.46,5,6,0.83,0.75,0.03,0.63,medium
test_2026_q2,xgboost,2026-04-25,3,2026-04-25 12:00:00+00:00,2026-04-25 13:00:00+00:00,1,0.22,decrease,9.8,251358.3,1,11,24,4,0.0,0.0,1.04,239.44,-1.04,5,6,0.83,0.5,0.0,0.52,medium
test_2026_q2,xgboost,2026-04-25,4,2026-04-25 08:00:00+00:00,2026-04-25 09:00:00+00:00,1,0.22,decrease,8.94,253097.5,8,4,24,12,0.15,183.22,1.08,56.22,-1.08,6,6,1.0,0.25,0.06,0.47,low
test_2026_q2,xgboost,2026-04-25,5,2026-04-25 06:00:00+00:00,2026-04-25 07:00:00+00:00,1,0.26,decrease,8.72,250983.19,11,3,24,1,0.0,207.64,0.28,31.8,-0.28,2,6,0.33,0.0,0.0,0.12,low
test_2026_q2,xgboost,2026-04-26,1,2026-04-26 12:00:00+00:00,2026-04-26 13:00:00+00:00,1,0.09,increase,9.14,241258.4,2,4,24,2,0.09,0.3,0.49,435.68,-0.05,6,6,1.0,1.0,0.02,0.8,high
test_2026_q2,xgboost,2026-04-26,2,2026-04-26 13:00:00+00:00,2026-04-26 14:00:00+00:00,1,0.11,increase,9.13,239826.09,4,3,24,3,0.11,177.98,0.48,258.0,-0.04,5,6,0.83,0.75,0.02,0.63,medium
test_2026_q2,xgboost,2026-04-26,3,2026-04-26 14:00:00+00:00,2026-04-26 15:00:00+00:00,1,0.13,increase,9.1,237627.11,6,2,24,5,0.22,375.47,0.7,60.51,-0.26,4,6,0.67,0.5,0.02,0.46,low
test_2026_q2,xgboost,2026-04-26,4,2026-04-26 11:00:00+00:00,2026-04-26 12:00:00+00:00,1,0.15,increase,9.4,244278.19,1,8,24,1,0.0,0.0,0.43,435.98,0.01,6,6,1.0,0.25,0.1,0.48,low
test_2026_q2,xgboost,2026-04-26,5,2026-04-26 15:00:00+00:00,2026-04-26 16:00:00+00:00,1,0.24,decrease,9.27,241058.6,7,6,24,7,0.33,412.55,1.05,23.43,-0.61,3,6,0.5,0.0,0.05,0.18,low
test_2026_q2,xgboost,2026-04-27,1,2026-04-27 10:00:00+00:00,2026-04-27 11:00:00+00:00,1,0.04,increase,7.79,254108.3,2,2,24,2,0.02,0.73,0.61,34.29,1.17,6,6,1.0,1.0,0.02,0.8,high
test_2026_q2,xgboost,2026-04-27,2,2026-04-27 11:00:00+00:00,2026-04-27 12:00:00+00:00,1,0.07,increase,7.95,256862.7,1,4,24,3,0.02,0.0,0.78,35.03,1.0,6,6,1.0,0.75,0.05,0.7,medium
test_2026_q2,xgboost,2026-04-27,3,2026-04-27 09:00:00+00:00,2026-04-27 10:00:00+00:00,1,0.11,increase,7.81,256873.7,4,3,24,1,0.0,0.82,0.55,34.2,1.24,5,6,0.83,0.5,0.05,0.53,medium
test_2026_q2,xgboost,2026-04-27,4,2026-04-27 12:00:00+00:00,2026-04-27 13:00:00+00:00,1,0.15,increase,8.12,255399.0,3,6,24,4,0.02,0.67,0.69,34.36,1.1,6,6,1.0,0.25,0.02,0.47,low
test_2026_q2,xgboost,2026-04-27,5,2026-04-27 13:00:00+00:00,2026-04-27 14:00:00+00:00,1,0.17,increase,8.06,248447.09,5,5,24,5,0.15,0.82,1.11,34.2,0.68,6,6,1.0,0.0,0.12,0.37,low
test_2026_q2,xgboost,2026-04-28,1,2026-04-28 10:00:00+00:00,2026-04-28 11:00:00+00:00,1,0.09,decrease,6.67,219366.99,4,2,24,3,0.02,20.46,0.31,28.39,0.59,6,6,1.0,1.0,0.02,0.8,high
test_2026_q2,xgboost,2026-04-28,2,2026-04-28 09:00:00+00:00,2026-04-28 10:00:00+00:00,1,0.11,increase,6.51,217977.0,6,1,24,1,0.0,21.49,0.14,27.36,0.75,5,6,0.83,0.75,0.0,0.63,medium
test_2026_q2,xgboost,2026-04-28,3,2026-04-28 11:00:00+00:00,2026-04-28 12:00:00+00:00,1,0.11,decrease,6.97,218002.0,3,4,24,2,0.0,0.0,0.48,48.85,0.42,6,6,1.0,0.5,0.07,0.59,medium
test_2026_q2,xgboost,2026-04-28,4,2026-04-28 12:00:00+00:00,2026-04-28 13:00:00+00:00,1,0.17,decrease,7.26,219772.3,1,9,24,5,0.09,11.2,0.5,37.65,0.4,6,6,1.0,0.25,0.07,0.48,low
test_2026_q2,xgboost,2026-04-28,5,2026-04-28 13:00:00+00:00,2026-04-28 14:00:00+00:00,1,0.24,decrease,7.38,219412.4,2,11,24,7,0.15,19.08,0.59,29.76,0.3,3,6,0.5,0.0,0.02,0.18,low
test_2026_q2,xgboost,2026-04-29,1,2026-04-29 07:00:00+00:00,2026-04-29 08:00:00+00:00,1,0.28,decrease,6.65,226848.5,13,2,24,16,0.33,49.37,0.7,3.75,0.13,4,6,0.67,1.0,0.0,0.68,medium
test_2026_q2,xgboost,2026-04-29,2,2026-04-29 12:00:00+00:00,2026-04-29 13:00:00+00:00,1,0.28,decrease,7.24,230538.5,1,14,24,1,0.0,4.03,0.43,49.08,0.4,6,6,1.0,0.75,0.04,0.7,medium
test_2026_q2,xgboost,2026-04-29,3,2026-04-29 13:00:00+00:00,2026-04-29 14:00:00+00:00,1,0.3,decrease,7.19,230854.79,3,13,24,5,0.09,19.06,0.53,34.06,0.3,4,6,0.67,0.5,0.0,0.46,low
test_2026_q2,xgboost,2026-04-29,4,2026-04-29 15:00:00+00:00,2026-04-29 16:00:00+00:00,1,0.3,decrease,7.17,222623.0,6,10,24,2,0.0,48.62,0.3,4.49,0.53,4,6,0.67,0.25,0.17,0.38,low
test_2026_q2,xgboost,2026-04-29,5,2026-04-29 20:00:00+00:00,2026-04-29 21:00:00+00:00,1,0.39,increase,6.61,217119.9,19,1,24,11,0.28,75.71,0.12,-22.6,0.71,1,6,0.17,0.0,0.04,0.07,low
test_2026_q2,xgboost,2026-04-30,1,2026-04-30 09:00:00+00:00,2026-04-30 10:00:00+00:00,1,0.14,increase,6.7,225508.81,6,2,22,2,0.12,27.7,0.39,16.72,0.27,5,6,0.83,1.0,0.04,0.75,medium
test_2026_q2,xgboost,2026-04-30,2,2026-04-30 08:00:00+00:00,2026-04-30 09:00:00+00:00,1,0.17,increase,6.68,230587.51,8,1,22,1,0.0,30.62,0.0,13.8,0.66,5,6,0.83,0.75,0.0,0.63,medium
test_2026_q2,xgboost,2026-04-30,3,2026-04-30 10:00:00+00:00,2026-04-30 11:00:00+00:00,1,0.17,increase,7.27,222736.0,4,5,22,5,0.21,17.12,0.69,27.3,-0.04,5,6,0.83,0.5,0.15,0.55,medium
test_2026_q2,xgboost,2026-04-30,4,2026-04-30 07:00:00+00:00,2026-04-30 08:00:00+00:00,1,0.26,increase,6.81,230604.29,10,3,22,4,0.17,40.48,0.03,3.94,0.63,4,6,0.67,0.25,0.12,0.37,low
test_2026_q2,xgboost,2026-04-30,5,2026-04-30 11:00:00+00:00,2026-04-30 12:00:00+00:00,1,0.33,increase,7.72,218970.81,3,13,22,6,0.21,0.0,0.75,44.42,-0.09,6,6,1.0,0.0,0.15,0.38,low
test_2026_q2,xgboost,2026-05-22,1,2026-05-22 09:00:00+00:00,2026-05-22 10:00:00+00:00,1,0.0,decrease,7.22,312243.4,1,1,24,3,0.09,0.01,0.01,84.43,0.87,6,6,1.0,1.0,0.07,0.81,high
test_2026_q2,xgboost,2026-05-22,2,2026-05-22 11:00:00+00:00,2026-05-22 12:00:00+00:00,1,0.07,increase,7.3,317825.71,2,3,24,1,0.0,0.0,0.17,84.44,0.7,6,6,1.0,0.75,0.05,0.7,medium
test_2026_q2,xgboost,2026-05-22,3,2026-05-22 10:00:00+00:00,2026-05-22 11:00:00+00:00,1,0.11,decrease,7.35,318116.41,3,4,24,2,0.04,0.01,0.0,84.43,0.87,6,6,1.0,0.5,0.05,0.58,medium
test_2026_q2,xgboost,2026-05-22,4,2026-05-22 08:00:00+00:00,2026-05-22 09:00:00+00:00,1,0.15,decrease,7.28,317380.8,7,2,24,6,0.17,0.77,0.19,83.66,0.68,5,6,0.83,0.25,0.0,0.4,low
test_2026_q2,xgboost,2026-05-22,5,2026-05-22 12:00:00+00:00,2026-05-22 13:00:00+00:00,1,0.15,increase,7.36,318893.2,4,5,24,5,0.11,0.0,0.39,84.44,0.49,6,6,1.0,0.0,0.07,0.36,low
test_2026_q2,xgboost,2026-05-23,1,2026-05-23 09:00:00+00:00,2026-05-23 10:00:00+00:00,1,0.11,decrease,7.47,308718.5,4,3,24,9,0.2,27.68,2.27,64.92,-0.5,5,6,0.83,1.0,0.03,0.75,medium
test_2026_q2,xgboost,2026-05-23,2,2026-05-23 08:00:00+00:00,2026-05-23 09:00:00+00:00,1,0.13,decrease,7.21,312823.1,6,2,24,13,0.24,31.22,2.27,61.39,-0.51,5,6,0.83,0.75,0.0,0.63,medium
test_2026_q2,xgboost,2026-05-23,3,2026-05-23 11:00:00+00:00,2026-05-23 12:00:00+00:00,1,0.13,decrease,7.63,313525.4,2,6,24,7,0.15,0.0,2.29,92.61,-0.53,5,6,0.83,0.5,0.03,0.52,medium
test_2026_q2,xgboost,2026-05-23,4,2026-05-23 12:00:00+00:00,2026-05-23 13:00:00+00:00,1,0.15,decrease,7.64,315098.5,1,8,24,10,0.22,13.29,2.34,79.32,-0.58,4,6,0.67,0.25,0.03,0.35,low
test_2026_q2,xgboost,2026-05-23,5,2026-05-23 10:00:00+00:00,2026-05-23 11:00:00+00:00,1,0.17,decrease,7.59,312005.3,5,5,24,16,0.26,19.26,2.35,73.34,-0.59,6,6,1.0,0.0,0.0,0.35,low
test_2026_q2,xgboost,2026-05-24,1,2026-05-24 11:00:00+00:00,2026-05-24 12:00:00+00:00,1,0.09,decrease,6.67,273750.9,3,3,24,4,0.0,0.0,1.35,110.39,-0.8,4,6,0.67,1.0,0.0,0.68,medium
test_2026_q2,xgboost,2026-05-24,2,2026-05-24 12:00:00+00:00,2026-05-24 13:00:00+00:00,1,0.09,decrease,6.72,275938.7,1,5,24,1,0.0,14.08,1.32,96.31,-0.78,5,6,0.83,0.75,0.0,0.63,medium
test_2026_q2,xgboost,2026-05-24,3,2026-05-24 13:00:00+00:00,2026-05-24 14:00:00+00:00,1,0.09,decrease,6.67,276024.3,2,4,24,10,0.09,52.04,1.37,58.36,-0.82,4,6,0.67,0.5,0.03,0.46,low
test_2026_q2,xgboost,2026-05-24,4,2026-05-24 14:00:00+00:00,2026-05-24 15:00:00+00:00,1,0.11,decrease,6.64,275013.7,6,1,24,11,0.09,73.41,1.29,36.98,-0.74,3,6,0.5,0.25,0.08,0.3,low
test_2026_q2,xgboost,2026-05-24,5,2026-05-24 10:00:00+00:00,2026-05-24 11:00:00+00:00,1,0.17,decrease,6.72,273678.8,4,6,24,9,0.09,38.02,1.39,72.38,-0.84,5,6,0.83,0.0,0.0,0.29,low
test_2026_q2,xgboost,2026-05-25,1,2026-05-25 12:00:00+00:00,2026-05-25 13:00:00+00:00,1,0.07,increase,6.65,281899.09,1,4,24,5,0.09,6.15,0.81,34.11,-0.17,6,6,1.0,1.0,0.03,0.81,high
test_2026_q2,xgboost,2026-05-25,2,2026-05-25 09:00:00+00:00,2026-05-25 10:00:00+00:00,1,0.09,increase,6.61,280687.5,4,2,24,18,0.3,14.15,1.11,26.11,-0.47,5,6,0.83,0.75,0.05,0.64,medium
test_2026_q2,xgboost,2026-05-25,3,2026-05-25 08:00:00+00:00,2026-05-25 09:00:00+00:00,1,0.13,increase,6.52,287373.9,7,1,24,3,0.07,15.75,0.63,24.51,0.01,4,6,0.67,0.5,0.0,0.46,low
test_2026_q2,xgboost,2026-05-25,4,2026-05-25 11:00:00+00:00,2026-05-25 12:00:00+00:00,1,0.13,increase,6.7,280888.2,3,5,24,7,0.15,0.0,0.91,40.26,-0.27,5,6,0.83,0.25,0.0,0.4,low
test_2026_q2,xgboost,2026-05-25,5,2026-05-25 13:00:00+00:00,2026-05-25 14:00:00+00:00,1,0.13,increase,6.63,281925.2,5,3,24,12,0.17,13.98,0.87,26.28,-0.23,4,6,0.67,0.0,0.08,0.25,low
test_2026_q2,xgboost,2026-05-26,1,2026-05-26 08:00:00+00:00,2026-05-26 09:00:00+00:00,1,0.13,increase,7.4,327669.0,7,1,24,10,0.2,1.14,1.04,72.43,-0.96,6,6,1.0,1.0,0.15,0.83,high
test_2026_q2,xgboost,2026-05-26,2,2026-05-26 07:00:00+00:00,2026-05-26 08:00:00+00:00,1,0.26,increase,7.63,327527.8,10,4,24,1,0.0,27.25,0.0,46.32,0.08,5,6,0.83,0.75,0.03,0.63,medium
test_2026_q2,xgboost,2026-05-26,3,2026-05-26 00:00:00+00:00,2026-05-26 01:00:00+00:00,1,0.28,increase,7.5,292925.8,13,2,24,2,0.09,73.57,0.08,0.0,0.0,5,6,0.83,0.5,0.0,0.52,medium
test_2026_q2,xgboost,2026-05-26,4,2026-05-26 09:00:00+00:00,2026-05-26 10:00:00+00:00,1,0.28,increase,9.2,395759.31,2,13,24,11,0.2,0.16,1.47,73.41,-1.4,2,6,0.33,0.25,0.0,0.23,low
test_2026_q2,xgboost,2026-05-26,5,2026-05-26 01:00:00+00:00,2026-05-26 02:00:00+00:00,1,0.28,increase,7.62,291505.0,12,3,24,9,0.2,70.17,0.29,3.4,-0.21,5,6,0.83,0.0,0.05,0.3,low
test_2026_q2,xgboost,2026-05-27,1,2026-05-27 10:00:00+00:00,2026-05-27 11:00:00+00:00,1,0.07,decrease,6.75,295447.8,1,4,24,1,0.0,0.01,0.07,114.03,0.88,5,6,0.83,1.0,0.02,0.75,medium
test_2026_q2,xgboost,2026-05-27,2,2026-05-27 09:00:00+00:00,2026-05-27 10:00:00+00:00,1,0.09,increase,6.47,281990.0,4,2,24,4,0.09,0.29,0.11,113.75,0.84,5,6,0.83,0.75,0.0,0.63,medium
test_2026_q2,xgboost,2026-05-27,3,2026-05-27 12:00:00+00:00,2026-05-27 13:00:00+00:00,1,0.09,increase,6.75,297330.4,3,3,24,6,0.09,0.0,0.48,114.04,0.46,5,6,0.83,0.5,0.02,0.52,medium
test_2026_q2,xgboost,2026-05-27,4,2026-05-27 08:00:00+00:00,2026-05-27 09:00:00+00:00,1,0.11,increase,6.44,288920.29,6,1,24,2,0.04,3.97,0.0,110.07,0.95,4,6,0.67,0.25,0.05,0.36,low
test_2026_q2,xgboost,2026-05-27,5,2026-05-27 11:00:00+00:00,2026-05-27 12:00:00+00:00,1,0.15,increase,6.89,303787.09,2,7,24,5,0.09,0.0,0.24,114.04,0.71,4,6,0.67,0.0,0.1,0.25,low
test_2026_q2,xgboost,2026-05-28,1,2026-05-28 10:00:00+00:00,2026-05-28 11:00:00+00:00,1,0.02,increase,6.14,261983.7,1,2,24,3,0.09,0.0,0.07,95.76,4.05,6,6,1.0,1.0,0.05,0.81,high
test_2026_q2,xgboost,2026-05-28,2,2026-05-28 09:00:00+00:00,2026-05-28 10:00:00+00:00,1,0.07,increase,5.97,256455.31,4,1,24,4,0.15,0.56,0.11,95.2,4.02,6,6,1.0,0.75,0.0,0.69,medium
test_2026_q2,xgboost,2026-05-28,3,2026-05-28 11:00:00+00:00,2026-05-28 12:00:00+00:00,1,0.07,increase,6.21,269056.79,2,3,24,1,0.0,0.0,0.0,95.77,4.13,6,6,1.0,0.5,0.05,0.58,medium
test_2026_q2,xgboost,2026-05-28,4,2026-05-28 12:00:00+00:00,2026-05-28 13:00:00+00:00,1,0.11,increase,6.31,274917.6,3,4,24,2,0.04,0.0,0.05,95.76,4.07,5,6,0.83,0.25,0.09,0.42,low
test_2026_q2,xgboost,2026-05-28,5,2026-05-28 13:00:00+00:00,2026-05-28 14:00:00+00:00,1,0.2,increase,6.39,277786.1,5,6,24,6,0.2,1.3,0.29,94.47,3.83,5,6,0.83,0.0,0.02,0.3,low
test_2026_q2,xgboost,2026-05-29,1,2026-05-29 10:00:00+00:00,2026-05-29 11:00:00+00:00,1,0.04,increase,6.4,274267.09,3,1,24,2,0.04,0.35,0.27,120.13,3.74,6,6,1.0,1.0,0.02,0.8,high
test_2026_q2,xgboost,2026-05-29,2,2026-05-29 11:00:00+00:00,2026-05-29 12:00:00+00:00,1,0.07,increase,6.6,284912.19,2,3,24,4,0.07,0.0,0.41,120.48,3.6,6,6,1.0,0.75,0.05,0.7,medium
test_2026_q2,xgboost,2026-05-29,3,2026-05-29 12:00:00+00:00,2026-05-29 13:00:00+00:00,1,0.11,increase,6.9,299624.3,1,6,24,1,0.0,0.64,0.0,119.83,4.01,6,6,1.0,0.5,0.0,0.57,medium
test_2026_q2,xgboost,2026-05-29,4,2026-05-29 13:00:00+00:00,2026-05-29 14:00:00+00:00,1,0.11,increase,6.56,285018.6,5,2,24,3,0.04,1.35,0.22,119.12,3.79,5,6,0.83,0.25,0.05,0.41,low
test_2026_q2,xgboost,2026-05-29,5,2026-05-29 09:00:00+00:00,2026-05-29 10:00:00+00:00,1,0.15,increase,6.8,291097.1,4,5,24,5,0.09,2.05,0.26,118.42,3.75,5,6,0.83,0.0,0.02,0.3,low
test_2026_q2,xgboost,2026-05-30,1,2026-05-30 10:00:00+00:00,2026-05-30 11:00:00+00:00,1,0.02,decrease,6.4,268880.8,2,1,24,11,0.17,0.1,1.58,99.07,2.44,6,6,1.0,1.0,0.07,0.81,high
test_2026_q2,xgboost,2026-05-30,2,2026-05-30 09:00:00+00:00,2026-05-30 10:00:00+00:00,1,0.09,decrease,6.41,268093.39,4,2,24,6,0.07,0.1,1.36,99.06,2.66,6,6,1.0,0.75,0.0,0.69,medium
test_2026_q2,xgboost,2026-05-30,3,2026-05-30 12:00:00+00:00,2026-05-30 13:00:00+00:00,1,0.09,decrease,6.81,289747.9,1,5,24,1,0.0,0.0,1.39,99.16,2.63,5,6,0.83,0.5,0.02,0.52,medium
test_2026_q2,xgboost,2026-05-30,4,2026-05-30 11:00:00+00:00,2026-05-30 12:00:00+00:00,1,0.11,decrease,6.59,278169.0,3,4,24,8,0.11,0.02,1.54,99.14,2.48,6,6,1.0,0.25,0.04,0.47,low
test_2026_q2,xgboost,2026-05-30,5,2026-05-30 08:00:00+00:00,2026-05-30 09:00:00+00:00,1,0.15,decrease,6.56,276527.9,6,3,24,10,0.13,3.06,1.44,96.1,2.58,4,6,0.67,0.0,0.07,0.25,low
test_2026_q2,xgboost,2026-05-31,1,2026-05-31 09:00:00+00:00,2026-05-31 10:00:00+00:00,1,0.09,decrease,6.06,274033.9,4,2,24,3,0.07,0.01,0.43,65.48,0.14,5,6,0.83,1.0,0.0,0.74,medium
test_2026_q2,xgboost,2026-05-31,2,2026-05-31 11:00:00+00:00,2026-05-31 12:00:00+00:00,1,0.09,decrease,6.1,279627.9,3,3,24,8,0.13,0.0,0.7,65.5,-0.13,5,6,0.83,0.75,0.03,0.63,medium
test_2026_q2,xgboost,2026-05-31,3,2026-05-31 12:00:00+00:00,2026-05-31 13:00:00+00:00,1,0.11,decrease,6.21,278801.5,2,5,24,6,0.11,0.0,0.65,65.5,-0.08,6,6,1.0,0.5,0.03,0.58,medium
test_2026_q2,xgboost,2026-05-31,4,2026-05-31 08:00:00+00:00,2026-05-31 09:00:00+00:00,1,0.13,decrease,6.35,273160.2,1,7,24,10,0.2,2.15,0.59,63.34,-0.02,4,6,0.67,0.25,0.0,0.35,low
test_2026_q2,xgboost,2026-05-31,5,2026-05-31 10:00:00+00:00,2026-05-31 11:00:00+00:00,1,0.13,decrease,6.0,277232.89,7,1,24,2,0.02,0.0,0.52,65.49,0.04,5,6,0.83,0.0,0.05,0.3,low
test_2026_q2,xgboost,2026-06-01,1,2026-06-01 09:00:00+00:00,2026-06-01 10:00:00+00:00,1,0.02,increase,6.77,293574.4,2,1,24,4,0.2,9.75,0.08,28.83,1.0,6,6,1.0,1.0,0.07,0.81,high
test_2026_q2,xgboost,2026-06-01,2,2026-06-01 12:00:00+00:00,2026-06-01 13:00:00+00:00,1,0.09,decrease,6.99,305496.3,1,5,24,3,0.09,3.01,0.06,35.58,1.02,5,6,0.83,0.75,0.07,0.64,medium
test_2026_q2,xgboost,2026-06-01,3,2026-06-01 08:00:00+00:00,2026-06-01 09:00:00+00:00,1,0.15,increase,6.83,303561.11,7,2,24,7,0.22,17.5,0.06,21.09,1.02,3,6,0.5,0.5,0.0,0.4,low
test_2026_q2,xgboost,2026-06-01,4,2026-06-01 10:00:00+00:00,2026-06-01 11:00:00+00:00,1,0.15,increase,6.87,297373.4,5,4,24,5,0.2,7.86,0.1,30.73,0.98,6,6,1.0,0.25,0.0,0.46,low
test_2026_q2,xgboost,2026-06-01,5,2026-06-01 14:00:00+00:00,2026-06-01 15:00:00+00:00,1,0.15,increase,6.83,296858.4,6,3,24,6,0.2,0.81,0.44,37.77,0.64,2,6,0.33,0.0,0.02,0.12,low
test_2026_q2,xgboost,2026-06-02,1,2026-06-02 09:00:00+00:00,2026-06-02 10:00:00+00:00,1,0.04,decrease,6.45,318301.9,2,2,24,3,0.11,0.21,1.3,30.27,2.29,6,6,1.0,1.0,0.09,0.82,high
test_2026_q2,xgboost,2026-06-02,2,2026-06-02 10:00:00+00:00,2026-06-02 11:00:00+00:00,1,0.13,decrease,7.22,370291.6,4,4,24,8,0.2,0.08,2.11,30.4,1.48,6,6,1.0,0.75,0.0,0.69,medium
test_2026_q2,xgboost,2026-06-02,3,2026-06-02 23:00:00+00:00,2026-06-03 00:00:00+00:00,1,0.13,decrease,6.24,272782.7,7,1,24,9,0.22,22.64,0.62,7.85,2.97,5,6,0.83,0.5,0.05,0.53,medium
test_2026_q2,xgboost,2026-06-02,4,2026-06-02 11:00:00+00:00,2026-06-02 12:00:00+00:00,1,0.17,decrease,8.52,437308.09,3,7,24,10,0.24,0.07,2.36,30.41,1.23,6,6,1.0,0.25,0.0,0.46,low
test_2026_q2,xgboost,2026-06-02,5,2026-06-02 12:00:00+00:00,2026-06-02 13:00:00+00:00,1,0.17,decrease,8.82,442585.11,1,9,24,4,0.11,0.07,2.08,30.41,1.51,4,6,0.67,0.0,0.02,0.24,low
test_2026_q2,xgboost,2026-06-03,1,2026-06-03 12:00:00+00:00,2026-06-03 13:00:00+00:00,1,0.07,decrease,5.82,296367.6,2,3,24,3,0.04,0.09,0.0,20.7,0.79,6,6,1.0,1.0,0.02,0.8,high
test_2026_q2,xgboost,2026-06-03,2,2026-06-03 11:00:00+00:00,2026-06-03 12:00:00+00:00,1,0.09,decrease,5.93,297073.9,1,5,24,1,0.0,0.07,0.02,20.72,0.77,4,6,0.67,0.75,0.0,0.57,medium
test_2026_q2,xgboost,2026-06-03,3,2026-06-03 13:00:00+00:00,2026-06-03 14:00:00+00:00,1,0.09,increase,5.63,286904.5,5,1,24,2,0.02,0.0,0.15,20.79,0.64,5,6,0.83,0.5,0.0,0.52,medium
test_2026_q2,xgboost,2026-06-03,4,2026-06-03 14:00:00+00:00,2026-06-03 15:00:00+00:00,1,0.09,increase,5.82,292632.2,4,2,24,4,0.17,0.0,0.29,20.79,0.5,4,6,0.67,0.25,0.07,0.36,low
test_2026_q2,xgboost,2026-06-03,5,2026-06-03 09:00:00+00:00,2026-06-03 10:00:00+00:00,1,0.15,decrease,6.01,298292.1,3,6,24,10,0.37,0.09,0.59,20.7,0.2,4,6,0.67,0.0,0.15,0.26,low
test_2026_q2,xgboost,2026-06-04,1,2026-06-04 10:00:00+00:00,2026-06-04 11:00:00+00:00,1,0.02,decrease,4.7,237374.3,1,2,24,3,0.07,0.01,0.0,3.79,1.87,5,6,0.83,1.0,0.0,0.74,medium
test_2026_q2,xgboost,2026-06-04,2,2026-06-04 11:00:00+00:00,2026-06-04 12:00:00+00:00,1,0.02,decrease,4.68,236278.61,2,1,24,1,0.0,0.0,0.39,3.8,1.48,6,6,1.0,0.75,0.08,0.7,medium
test_2026_q2,xgboost,2026-06-04,3,2026-06-04 12:00:00+00:00,2026-06-04 13:00:00+00:00,1,0.09,decrease,4.76,239291.6,3,3,24,5,0.13,0.0,0.78,3.8,1.09,6,6,1.0,0.5,0.08,0.59,medium
test_2026_q2,xgboost,2026-06-04,4,2026-06-04 13:00:00+00:00,2026-06-04 14:00:00+00:00,1,0.15,decrease,5.29,264187.51,5,4,24,6,0.22,0.0,0.85,3.8,1.02,5,6,0.83,0.25,0.08,0.42,low
test_2026_q2,xgboost,2026-06-04,5,2026-06-04 09:00:00+00:00,2026-06-04 10:00:00+00:00,1,0.22,increase,5.37,267634.6,7,5,24,2,0.07,0.01,0.11,3.79,1.76,4,6,0.67,0.0,0.03,0.24,low
test_2026_q2,xgboost,2026-06-05,1,2026-06-05 11:00:00+00:00,2026-06-05 12:00:00+00:00,1,0.04,increase,5.33,246240.7,3,1,24,5,0.13,1.2,0.06,9.5,1.19,6,6,1.0,1.0,0.02,0.8,high
test_2026_q2,xgboost,2026-06-05,2,2026-06-05 10:00:00+00:00,2026-06-05 11:00:00+00:00,1,0.07,increase,5.42,250913.9,1,4,24,2,0.09,2.08,0.0,8.62,1.25,6,6,1.0,0.75,0.02,0.69,medium
test_2026_q2,xgboost,2026-06-05,3,2026-06-05 12:00:00+00:00,2026-06-05 13:00:00+00:00,1,0.09,increase,5.37,247376.8,4,2,24,3,0.09,1.0,0.03,9.7,1.22,6,6,1.0,0.5,0.05,0.58,medium
test_2026_q2,xgboost,2026-06-05,4,2026-06-05 13:00:00+00:00,2026-06-05 14:00:00+00:00,1,0.13,increase,5.39,245513.6,5,3,24,4,0.09,0.62,0.14,10.08,1.1,5,6,0.83,0.25,0.02,0.41,low
test_2026_q2,xgboost,2026-06-05,5,2026-06-05 09:00:00+00:00,2026-06-05 10:00:00+00:00,1,0.15,increase,5.88,272300.91,2,7,24,1,0.0,0.62,0.01,10.08,1.23,6,6,1.0,0.0,0.05,0.36,low
test_2026_q2,xgboost,2026-06-06,1,2026-06-06 08:00:00+00:00,2026-06-06 09:00:00+00:00,1,0.04,decrease,5.12,244117.59,3,1,24,5,0.2,0.08,0.25,13.57,0.2,4,6,0.67,1.0,0.0,0.68,medium
test_2026_q2,xgboost,2026-06-06,2,2026-06-06 11:00:00+00:00,2026-06-06 12:00:00+00:00,1,0.04,decrease,5.2,246553.4,2,2,24,3,0.07,0.06,0.09,13.59,0.36,6,6,1.0,0.75,0.03,0.69,medium
test_2026_q2,xgboost,2026-06-06,3,2026-06-06 09:00:00+00:00,2026-06-06 10:00:00+00:00,1,0.07,decrease,5.26,245624.0,1,4,24,2,0.07,0.0,0.22,13.65,0.22,5,6,0.83,0.5,0.08,0.53,medium
test_2026_q2,xgboost,2026-06-06,4,2026-06-06 12:00:00+00:00,2026-06-06 13:00:00+00:00,1,0.13,decrease,5.21,248084.6,5,3,24,6,0.24,0.01,0.34,13.64,0.1,6,6,1.0,0.25,0.03,0.47,low
test_2026_q2,xgboost,2026-06-06,5,2026-06-06 10:00:00+00:00,2026-06-06 11:00:00+00:00,1,0.15,decrease,5.31,244583.1,4,5,24,1,0.0,0.04,0.0,13.61,0.45,6,6,1.0,0.0,0.1,0.37,low
test_2026_q2,xgboost,2026-06-07,1,2026-06-07 12:00:00+00:00,2026-06-07 13:00:00+00:00,1,0.0,decrease,6.16,259754.21,1,1,24,1,0.0,0.0,0.63,61.72,-0.48,5,6,0.83,1.0,0.07,0.76,high
test_2026_q2,xgboost,2026-06-07,2,2026-06-07 13:00:00+00:00,2026-06-07 14:00:00+00:00,1,0.07,decrease,6.21,263001.01,2,3,24,4,0.07,8.35,0.65,53.37,-0.51,5,6,0.83,0.75,0.11,0.65,medium
test_2026_q2,xgboost,2026-06-07,3,2026-06-07 11:00:00+00:00,2026-06-07 12:00:00+00:00,1,0.17,decrease,6.25,262815.2,3,7,24,2,0.07,8.8,0.63,52.92,-0.49,6,6,1.0,0.5,0.0,0.57,medium
test_2026_q2,xgboost,2026-06-07,4,2026-06-07 14:00:00+00:00,2026-06-07 15:00:00+00:00,1,0.17,decrease,6.23,261693.8,5,5,24,3,0.07,28.73,0.58,32.99,-0.44,4,6,0.67,0.25,0.04,0.35,low
test_2026_q2,xgboost,2026-06-07,5,2026-06-07 10:00:00+00:00,2026-06-07 11:00:00+00:00,1,0.22,decrease,6.34,262865.29,4,8,24,6,0.13,26.4,0.66,35.33,-0.52,5,6,0.83,0.0,0.0,0.29,low
test_2026_q2,xgboost,2026-06-08,1,2026-06-08 12:00:00+00:00,2026-06-08 13:00:00+00:00,1,0.09,increase,5.73,263122.59,1,5,24,3,0.09,1.12,0.14,22.55,1.05,6,6,1.0,1.0,0.03,0.81,high
test_2026_q2,xgboost,2026-06-08,2,2026-06-08 14:00:00+00:00,2026-06-08 15:00:00+00:00,1,0.11,increase,5.46,265317.5,6,1,24,2,0.0,0.0,0.05,23.67,1.14,5,6,0.83,0.75,0.03,0.64,medium
test_2026_q2,xgboost,2026-06-08,3,2026-06-08 11:00:00+00:00,2026-06-08 12:00:00+00:00,1,0.13,increase,5.8,262549.1,2,6,24,5,0.2,2.62,0.21,21.05,0.99,6,6,1.0,0.5,0.0,0.57,medium
test_2026_q2,xgboost,2026-06-08,4,2026-06-08 13:00:00+00:00,2026-06-08 14:00:00+00:00,1,0.13,increase,5.59,264378.0,4,4,24,1,0.0,0.13,0.0,23.54,1.19,6,6,1.0,0.25,0.0,0.46,low
test_2026_q2,xgboost,2026-06-08,5,2026-06-08 15:00:00+00:00,2026-06-08 16:00:00+00:00,1,0.13,increase,5.5,271287.8,5,3,24,4,0.11,1.03,0.18,22.64,1.01,4,6,0.67,0.0,0.12,0.26,low
test_2026_q2,xgboost,2026-06-09,1,2026-06-09 12:00:00+00:00,2026-06-09 13:00:00+00:00,1,0.0,decrease,5.6,262197.2,1,1,24,4,0.13,0.02,0.11,33.26,0.55,6,6,1.0,1.0,0.05,0.81,high
test_2026_q2,xgboost,2026-06-09,2,2026-06-09 11:00:00+00:00,2026-06-09 12:00:00+00:00,1,0.04,decrease,5.66,261484.29,2,2,24,3,0.09,0.02,0.07,33.26,0.6,5,6,0.83,0.75,0.05,0.64,medium
test_2026_q2,xgboost,2026-06-09,3,2026-06-09 14:00:00+00:00,2026-06-09 15:00:00+00:00,1,0.09,increase,5.69,266090.71,3,3,24,6,0.2,0.01,0.23,33.27,0.44,5,6,0.83,0.5,0.1,0.54,medium
test_2026_q2,xgboost,2026-06-09,4,2026-06-09 10:00:00+00:00,2026-06-09 11:00:00+00:00,1,0.17,decrease,5.7,262102.3,6,4,24,2,0.02,0.02,0.0,33.26,0.66,5,6,0.83,0.25,0.0,0.4,low
test_2026_q2,xgboost,2026-06-09,5,2026-06-09 13:00:00+00:00,2026-06-09 14:00:00+00:00,1,0.17,increase,5.71,266179.01,5,5,24,7,0.22,0.02,0.18,33.26,0.48,3,6,0.5,0.0,0.08,0.19,low
test_2026_q2,xgboost,2026-06-10,1,2026-06-10 12:00:00+00:00,2026-06-10 13:00:00+00:00,1,0.11,decrease,5.78,261698.19,2,5,24,2,0.0,0.08,0.07,58.62,0.73,6,6,1.0,1.0,0.03,0.81,high
test_2026_q2,xgboost,2026-06-10,2,2026-06-10 11:00:00+00:00,2026-06-10 12:00:00+00:00,1,0.13,increase,5.77,260059.0,5,3,24,1,0.0,0.1,0.04,58.6,0.76,6,6,1.0,0.75,0.0,0.69,medium
test_2026_q2,xgboost,2026-06-10,3,2026-06-10 13:00:00+00:00,2026-06-10 14:00:00+00:00,1,0.13,increase,5.73,261409.31,6,2,24,5,0.04,0.01,0.11,58.69,0.69,4,6,0.67,0.5,0.09,0.48,low
test_2026_q2,xgboost,2026-06-10,4,2026-06-10 14:00:00+00:00,2026-06-10 15:00:00+00:00,1,0.2,increase,5.78,262089.31,7,4,24,7,0.17,0.0,0.29,58.7,0.51,2,6,0.33,0.25,0.0,0.23,low
test_2026_q2,xgboost,2026-06-10,5,2026-06-10 09:00:00+00:00,2026-06-10 10:00:00+00:00,1,0.2,decrease,5.94,267180.5,1,10,24,4,0.04,0.1,0.07,58.6,0.73,5,6,0.83,0.0,0.06,0.3,low
test_2026_q2,xgboost,2026-06-11,1,2026-06-11 08:00:00+00:00,2026-06-11 09:00:00+00:00,1,0.22,increase,6.01,271473.11,7,5,24,4,0.11,0.01,0.22,22.2,0.38,5,6,0.83,1.0,0.0,0.74,medium
test_2026_q2,xgboost,2026-06-11,2,2026-06-11 15:00:00+00:00,2026-06-11 16:00:00+00:00,1,0.22,increase,5.92,270562.3,8,4,24,2,0.0,0.01,0.0,22.2,0.6,4,6,0.67,0.75,0.03,0.58,medium
test_2026_q2,xgboost,2026-06-11,3,2026-06-11 09:00:00+00:00,2026-06-11 10:00:00+00:00,1,0.24,decrease,6.23,281562.0,1,12,24,12,0.33,0.0,0.54,22.21,0.05,6,6,1.0,0.5,0.03,0.58,medium
test_2026_q2,xgboost,2026-06-11,4,2026-06-11 16:00:00+00:00,2026-06-11 17:00:00+00:00,1,0.26,increase,5.68,276226.5,13,1,24,5,0.11,5.32,0.11,16.89,0.48,4,6,0.67,0.25,0.07,0.36,low
test_2026_q2,xgboost,2026-06-11,5,2026-06-11 12:00:00+00:00,2026-06-11 13:00:00+00:00,1,0.3,decrease,6.26,287742.4,2,14,24,7,0.13,0.0,0.35,22.21,0.25,3,6,0.5,0.0,0.0,0.18,low
test_2026_q2,xgboost,2026-06-12,1,2026-06-12 09:00:00+00:00,2026-06-12 10:00:00+00:00,1,0.02,decrease,5.87,283780.3,1,2,24,2,0.07,0.04,0.09,13.6,0.4,5,6,0.83,1.0,0.07,0.76,high
test_2026_q2,xgboost,2026-06-12,2,2026-06-12 08:00:00+00:00,2026-06-12 09:00:00+00:00,1,0.09,increase,5.85,287880.19,5,1,24,4,0.09,0.05,0.03,13.59,0.47,6,6,1.0,0.75,0.04,0.7,medium
test_2026_q2,xgboost,2026-06-12,3,2026-06-12 10:00:00+00:00,2026-06-12 11:00:00+00:00,1,0.13,increase,6.04,284368.9,3,5,24,1,0.0,0.04,0.0,13.6,0.49,5,6,0.83,0.5,0.0,0.52,medium
test_2026_q2,xgboost,2026-06-12,4,2026-06-12 11:00:00+00:00,2026-06-12 12:00:00+00:00,1,0.13,increase,6.01,285640.0,4,4,24,5,0.09,0.04,0.06,13.6,0.44,6,6,1.0,0.25,0.0,0.46,low
test_2026_q2,xgboost,2026-06-12,5,2026-06-12 12:00:00+00:00,2026-06-12 13:00:00+00:00,1,0.13,increase,6.05,286699.91,2,6,24,8,0.15,0.04,0.1,13.6,0.39,5,6,0.83,0.0,0.11,0.31,low
test_2026_q2,xgboost,2026-06-13,1,2026-06-13 12:00:00+00:00,2026-06-13 13:00:00+00:00,1,0.11,decrease,6.74,282367.1,1,6,24,5,0.11,0.87,1.47,93.89,-0.85,5,6,0.83,1.0,0.06,0.75,high
test_2026_q2,xgboost,2026-06-13,2,2026-06-13 13:00:00+00:00,2026-06-13 14:00:00+00:00,1,0.15,decrease,6.76,283204.01,2,7,24,8,0.15,14.39,1.47,80.37,-0.85,4,6,0.67,0.75,0.06,0.58,medium
test_2026_q2,xgboost,2026-06-13,3,2026-06-13 11:00:00+00:00,2026-06-13 12:00:00+00:00,1,0.2,decrease,6.76,282233.6,3,8,24,1,0.0,0.0,1.36,94.76,-0.74,6,6,1.0,0.5,0.09,0.59,medium
test_2026_q2,xgboost,2026-06-13,4,2026-06-13 10:00:00+00:00,2026-06-13 11:00:00+00:00,1,0.26,decrease,6.79,280418.7,4,10,24,4,0.11,18.44,1.4,76.32,-0.78,4,6,0.67,0.25,0.0,0.35,low
test_2026_q2,xgboost,2026-06-13,5,2026-06-13 17:00:00+00:00,2026-06-13 18:00:00+00:00,1,0.26,increase,6.02,272951.0,13,1,24,3,0.04,87.31,0.0,7.45,0.62,4,6,0.67,0.0,0.09,0.25,low
test_2026_q2,xgboost,2026-06-14,1,2026-06-14 09:00:00+00:00,2026-06-14 10:00:00+00:00,1,0.09,increase,6.75,274930.5,3,3,24,9,0.17,15.58,1.07,46.88,-0.72,4,6,0.67,1.0,0.0,0.68,medium
test_2026_q2,xgboost,2026-06-14,2,2026-06-14 12:00:00+00:00,2026-06-14 13:00:00+00:00,1,0.09,increase,6.78,283382.2,1,5,24,1,0.0,0.0,0.91,62.46,-0.57,6,6,1.0,0.75,0.0,0.69,medium
test_2026_q2,xgboost,2026-06-14,3,2026-06-14 13:00:00+00:00,2026-06-14 14:00:00+00:00,1,0.09,increase,6.71,279797.8,5,1,24,2,0.02,5.54,0.82,56.91,-0.48,5,6,0.83,0.5,0.05,0.53,medium
test_2026_q2,xgboost,2026-06-14,4,2026-06-14 10:00:00+00:00,2026-06-14 11:00:00+00:00,1,0.13,increase,6.77,278973.71,4,4,24,7,0.13,9.87,1.03,52.58,-0.69,4,6,0.67,0.25,0.05,0.36,low
test_2026_q2,xgboost,2026-06-14,5,2026-06-14 11:00:00+00:00,2026-06-14 12:00:00+00:00,1,0.17,increase,6.82,283960.9,2,8,24,3,0.04,1.44,0.94,61.01,-0.6,6,6,1.0,0.0,0.1,0.37,low
test_2026_q2,xgboost,2026-06-15,1,2026-06-15 12:00:00+00:00,2026-06-15 13:00:00+00:00,1,0.04,increase,5.78,251814.1,2,2,24,2,0.02,0.54,0.0,80.7,1.36,6,6,1.0,1.0,0.05,0.81,high
test_2026_q2,xgboost,2026-06-15,2,2026-06-15 11:00:00+00:00,2026-06-15 12:00:00+00:00,1,0.09,increase,5.79,251763.1,3,3,24,1,0.0,0.0,0.02,81.24,1.34,6,6,1.0,0.75,0.02,0.69,medium
test_2026_q2,xgboost,2026-06-15,3,2026-06-15 10:00:00+00:00,2026-06-15 11:00:00+00:00,1,0.11,increase,5.81,251268.8,1,6,24,3,0.09,0.57,0.06,80.67,1.3,5,6,0.83,0.5,0.02,0.52,medium
test_2026_q2,xgboost,2026-06-15,4,2026-06-15 09:00:00+00:00,2026-06-15 10:00:00+00:00,1,0.13,increase,5.8,249136.99,4,4,24,5,0.13,3.05,0.1,78.19,1.26,4,6,0.67,0.25,0.02,0.35,low
test_2026_q2,xgboost,2026-06-15,5,2026-06-15 08:00:00+00:00,2026-06-15 09:00:00+00:00,1,0.15,increase,5.74,253801.3,8,1,24,6,0.2,18.58,0.16,62.66,1.2,4,6,0.67,0.0,0.07,0.25,low
test_2026_q2,xgboost,2026-06-16,1,2026-06-16 12:00:00+00:00,2026-06-16 13:00:00+00:00,1,0.02,increase,5.62,252943.6,1,2,24,2,0.0,1.04,0.0,84.45,5.99,6,6,1.0,1.0,0.02,0.8,high
test_2026_q2,xgboost,2026-06-16,2,2026-06-16 13:00:00+00:00,2026-06-16 14:00:00+00:00,1,0.04,increase,5.49,253193.39,3,1,24,3,0.07,9.4,0.11,76.09,5.88,6,6,1.0,0.75,0.05,0.7,medium
test_2026_q2,xgboost,2026-06-16,3,2026-06-16 11:00:00+00:00,2026-06-16 12:00:00+00:00,1,0.09,increase,6.16,273817.2,2,4,24,1,0.0,0.0,0.08,85.5,5.91,6,6,1.0,0.5,0.07,0.59,medium
test_2026_q2,xgboost,2026-06-16,4,2026-06-16 14:00:00+00:00,2026-06-16 15:00:00+00:00,1,0.15,increase,5.76,264470.31,6,3,24,5,0.13,23.47,0.48,62.03,5.51,5,6,0.83,0.25,0.02,0.41,low
test_2026_q2,xgboost,2026-06-16,5,2026-06-16 10:00:00+00:00,2026-06-16 11:00:00+00:00,1,0.17,increase,6.94,306073.7,4,6,24,4,0.13,19.87,0.6,65.63,5.39,6,6,1.0,0.0,0.05,0.36,low
test_2026_q2,xgboost,2026-06-17,1,2026-06-17 09:00:00+00:00,2026-06-17 10:00:00+00:00,1,0.07,decrease,5.61,246403.61,4,1,24,5,0.15,40.99,0.13,73.94,7.59,4,6,0.67,1.0,0.0,0.68,medium
test_2026_q2,xgboost,2026-06-17,2,2026-06-17 11:00:00+00:00,2026-06-17 12:00:00+00:00,1,0.07,increase,5.85,256649.31,2,3,24,1,0.0,0.0,0.01,114.93,7.72,6,6,1.0,0.75,0.0,0.69,medium
test_2026_q2,xgboost,2026-06-17,3,2026-06-17 12:00:00+00:00,2026-06-17 13:00:00+00:00,1,0.07,decrease,5.95,261909.8,1,4,24,2,0.0,21.01,0.0,93.92,7.73,6,6,1.0,0.5,0.05,0.58,medium
test_2026_q2,xgboost,2026-06-17,4,2026-06-17 10:00:00+00:00,2026-06-17 11:00:00+00:00,1,0.11,decrease,5.79,253980.2,5,2,24,3,0.09,32.71,0.04,82.22,7.68,5,6,0.83,0.25,0.02,0.41,low
test_2026_q2,xgboost,2026-06-17,5,2026-06-17 13:00:00+00:00,2026-06-17 14:00:00+00:00,1,0.13,increase,5.98,263423.51,3,5,24,4,0.09,31.38,0.05,83.54,7.68,6,6,1.0,0.0,0.09,0.37,low
test_2026_q2,xgboost,2026-06-18,1,2026-06-18 10:00:00+00:00,2026-06-18 11:00:00+00:00,1,0.04,decrease,5.54,241506.7,2,2,24,3,0.09,9.96,0.09,83.62,16.39,6,6,1.0,1.0,0.02,0.8,high
test_2026_q2,xgboost,2026-06-18,2,2026-06-18 12:00:00+00:00,2026-06-18 13:00:00+00:00,1,0.07,decrease,5.82,257262.19,1,4,24,2,0.0,7.61,0.0,85.97,16.48,6,6,1.0,0.75,0.02,0.69,medium
test_2026_q2,xgboost,2026-06-18,3,2026-06-18 09:00:00+00:00,2026-06-18 10:00:00+00:00,1,0.09,decrease,5.36,232145.4,5,1,24,4,0.11,9.03,0.14,84.55,16.34,6,6,1.0,0.5,0.0,0.57,medium
test_2026_q2,xgboost,2026-06-18,4,2026-06-18 11:00:00+00:00,2026-06-18 12:00:00+00:00,1,0.09,increase,5.73,251509.1,3,3,24,1,0.0,0.0,0.04,93.58,16.43,6,6,1.0,0.25,0.07,0.48,low
test_2026_q2,xgboost,2026-06-18,5,2026-06-18 13:00:00+00:00,2026-06-18 14:00:00+00:00,1,0.15,decrease,5.93,261576.8,4,5,24,5,0.13,29.81,0.09,63.77,16.38,6,6,1.0,0.0,0.07,0.36,low
test_2026_q2,xgboost,2026-06-19,1,2026-06-19 09:00:00+00:00,2026-06-19 10:00:00+00:00,1,0.04,decrease,5.44,243513.69,3,1,24,5,0.15,19.7,0.08,78.61,4.21,5,6,0.83,1.0,0.02,0.75,medium
test_2026_q2,xgboost,2026-06-19,2,2026-06-19 11:00:00+00:00,2026-06-19 12:00:00+00:00,1,0.07,decrease,5.62,252583.6,2,3,24,1,0.0,0.0,0.05,98.31,4.25,6,6,1.0,0.75,0.0,0.69,medium
test_2026_q2,xgboost,2026-06-19,3,2026-06-19 12:00:00+00:00,2026-06-19 13:00:00+00:00,1,0.07,decrease,5.75,257986.6,1,4,24,2,0.0,5.4,0.0,92.9,4.29,6,6,1.0,0.5,0.02,0.58,medium
test_2026_q2,xgboost,2026-06-19,4,2026-06-19 10:00:00+00:00,2026-06-19 11:00:00+00:00,1,0.09,decrease,5.53,246308.49,4,2,24,3,0.07,8.3,0.06,90.02,4.23,6,6,1.0,0.25,0.12,0.49,low
test_2026_q2,xgboost,2026-06-19,5,2026-06-19 13:00:00+00:00,2026-06-19 14:00:00+00:00,1,0.2,decrease,5.91,262448.7,5,6,24,4,0.13,10.68,0.12,87.63,4.18,6,6,1.0,0.0,0.05,0.36,low
test_2026_q2,xgboost,2026-06-20,1,2026-06-20 08:00:00+00:00,2026-06-20 09:00:00+00:00,1,0.11,decrease,5.77,249243.41,6,1,24,10,0.15,4.14,0.56,114.48,6.04,5,6,0.83,1.0,0.0,0.74,medium
test_2026_q2,xgboost,2026-06-20,2,2026-06-20 09:00:00+00:00,2026-06-20 10:00:00+00:00,1,0.11,decrease,6.4,269895.39,4,3,24,8,0.07,0.02,0.51,118.6,6.08,5,6,0.83,0.75,0.0,0.63,medium
test_2026_q2,xgboost,2026-06-20,3,2026-06-20 10:00:00+00:00,2026-06-20 11:00:00+00:00,1,0.11,decrease,6.57,274443.2,3,4,24,9,0.11,0.01,0.71,118.61,5.89,5,6,0.83,0.5,0.02,0.52,medium
test_2026_q2,xgboost,2026-06-20,4,2026-06-20 11:00:00+00:00,2026-06-20 12:00:00+00:00,1,0.13,decrease,6.74,281187.19,2,6,24,2,0.07,0.0,0.62,118.62,5.98,6,6,1.0,0.25,0.0,0.46,low
test_2026_q2,xgboost,2026-06-20,5,2026-06-20 12:00:00+00:00,2026-06-20 13:00:00+00:00,1,0.13,decrease,6.86,286383.99,1,7,24,3,0.07,0.01,0.54,118.61,6.05,5,6,0.83,0.0,0.07,0.31,low
test_2026_q2,xgboost,2026-06-21,1,2026-06-21 08:00:00+00:00,2026-06-21 09:00:00+00:00,1,0.04,decrease,6.68,282294.01,1,3,24,8,0.11,1.37,0.53,106.02,6.5,4,6,0.67,1.0,0.02,0.69,medium
test_2026_q2,xgboost,2026-06-21,2,2026-06-21 10:00:00+00:00,2026-06-21 11:00:00+00:00,1,0.07,decrease,6.53,274503.1,3,2,24,4,0.02,0.0,0.69,107.4,6.35,5,6,0.83,0.75,0.02,0.63,medium
test_2026_q2,xgboost,2026-06-21,3,2026-06-21 09:00:00+00:00,2026-06-21 10:00:00+00:00,1,0.09,decrease,6.48,268767.9,5,1,24,1,0.0,0.01,0.48,107.39,6.55,5,6,0.83,0.5,0.02,0.52,medium
test_2026_q2,xgboost,2026-06-21,4,2026-06-21 12:00:00+00:00,2026-06-21 13:00:00+00:00,1,0.11,decrease,6.78,284451.6,2,5,24,2,0.0,0.0,0.53,107.39,6.51,6,6,1.0,0.25,0.02,0.47,low
test_2026_q2,xgboost,2026-06-21,5,2026-06-21 11:00:00+00:00,2026-06-21 12:00:00+00:00,1,0.13,decrease,6.7,280530.11,4,4,24,5,0.02,0.0,0.7,107.4,6.33,6,6,1.0,0.0,0.09,0.37,low
test_2026_q2,xgboost,2026-06-22,1,2026-06-22 10:00:00+00:00,2026-06-22 11:00:00+00:00,1,0.04,increase,8.61,376547.3,3,1,24,1,0.0,7.16,0.0,54.84,7.31,6,6,1.0,1.0,0.0,0.8,high
test_2026_q2,xgboost,2026-06-22,2,2026-06-22 11:00:00+00:00,2026-06-22 12:00:00+00:00,1,0.04,increase,9.51,419507.41,2,2,24,2,0.02,0.0,0.29,62.0,7.01,6,6,1.0,0.75,0.02,0.69,medium
test_2026_q2,xgboost,2026-06-22,3,2026-06-22 12:00:00+00:00,2026-06-22 13:00:00+00:00,1,0.07,increase,10.1,450265.6,1,4,24,4,0.09,15.58,0.37,46.42,6.93,6,6,1.0,0.5,0.07,0.59,medium
test_2026_q2,xgboost,2026-06-22,4,2026-06-22 09:00:00+00:00,2026-06-22 10:00:00+00:00,1,0.13,increase,9.67,424060.61,5,3,24,3,0.07,24.94,0.02,37.06,7.29,6,6,1.0,0.25,0.02,0.47,low
test_2026_q2,xgboost,2026-06-22,5,2026-06-22 13:00:00+00:00,2026-06-22 14:00:00+00:00,1,0.15,increase,10.6,471740.29,4,5,24,5,0.15,31.7,0.99,30.3,6.32,6,6,1.0,0.0,0.07,0.36,low
test_2026_q2,xgboost,2026-06-23,1,2026-06-23 10:00:00+00:00,2026-06-23 11:00:00+00:00,1,0.04,increase,11.55,536225.41,3,1,24,1,0.0,1.71,0.0,46.22,25.35,6,6,1.0,1.0,0.0,0.8,high
test_2026_q2,xgboost,2026-06-23,2,2026-06-23 11:00:00+00:00,2026-06-23 12:00:00+00:00,1,0.04,increase,12.09,560642.6,2,2,24,2,0.02,0.0,0.7,47.93,24.65,6,6,1.0,0.75,0.0,0.69,medium
test_2026_q2,xgboost,2026-06-23,3,2026-06-23 12:00:00+00:00,2026-06-23 13:00:00+00:00,1,0.04,increase,13.69,632568.09,1,3,24,4,0.11,12.56,3.13,35.37,22.22,6,6,1.0,0.5,0.1,0.59,medium
test_2026_q2,xgboost,2026-06-23,4,2026-06-23 09:00:00+00:00,2026-06-23 10:00:00+00:00,1,0.13,increase,17.09,803392.89,4,4,24,3,0.04,7.34,0.22,40.6,25.13,6,6,1.0,0.25,0.05,0.47,low
test_2026_q2,xgboost,2026-06-23,5,2026-06-23 13:00:00+00:00,2026-06-23 14:00:00+00:00,1,0.17,increase,17.58,813032.89,5,5,24,6,0.2,26.89,4.12,21.04,21.23,6,6,1.0,0.0,0.07,0.36,low
test_2026_q2,xgboost,2026-06-24,1,2026-06-24 12:00:00+00:00,2026-06-24 13:00:00+00:00,1,0.04,increase,11.78,525048.29,2,2,24,2,0.0,4.15,0.0,36.52,34.74,6,6,1.0,1.0,0.05,0.81,high
test_2026_q2,xgboost,2026-06-24,2,2026-06-24 10:00:00+00:00,2026-06-24 11:00:00+00:00,1,0.09,increase,14.08,634149.91,1,5,24,4,0.11,7.98,2.37,32.69,32.37,6,6,1.0,0.75,0.0,0.69,medium
test_2026_q2,xgboost,2026-06-24,3,2026-06-24 11:00:00+00:00,2026-06-24 12:00:00+00:00,1,0.09,increase,12.98,582655.19,3,3,24,1,0.0,0.0,0.86,40.67,33.88,6,6,1.0,0.5,0.02,0.58,medium
test_2026_q2,xgboost,2026-06-24,4,2026-06-24 13:00:00+00:00,2026-06-24 14:00:00+00:00,1,0.11,increase,11.6,514835.89,6,1,24,5,0.11,10.25,1.3,30.42,33.44,5,6,0.83,0.25,0.1,0.42,low
test_2026_q2,xgboost,2026-06-24,5,2026-06-24 09:00:00+00:00,2026-06-24 10:00:00+00:00,1,0.2,increase,22.41,1030114.84,4,7,24,3,0.11,6.71,3.58,33.96,31.16,3,6,0.5,0.0,0.0,0.18,low
test_2026_q2,xgboost,2026-06-25,1,2026-06-25 11:00:00+00:00,2026-06-25 12:00:00+00:00,1,0.02,decrease,14.35,664493.91,2,1,24,2,0.0,0.0,0.25,65.36,27.88,6,6,1.0,1.0,0.03,0.81,high
test_2026_q2,xgboost,2026-06-25,2,2026-06-25 12:00:00+00:00,2026-06-25 13:00:00+00:00,1,0.04,decrease,16.11,765733.1,1,3,24,3,0.0,5.27,0.23,60.09,27.91,6,6,1.0,0.75,0.03,0.69,medium
test_2026_q2,xgboost,2026-06-25,3,2026-06-25 13:00:00+00:00,2026-06-25 14:00:00+00:00,1,0.07,decrease,15.21,727593.0,3,2,24,5,0.11,27.66,1.48,37.7,26.66,6,6,1.0,0.5,0.13,0.6,medium
test_2026_q2,xgboost,2026-06-25,4,2026-06-25 10:00:00+00:00,2026-06-25 11:00:00+00:00,1,0.17,decrease,17.78,825699.8,5,5,24,1,0.0,7.18,0.0,58.18,28.13,6,6,1.0,0.25,0.03,0.47,low
test_2026_q2,xgboost,2026-06-25,5,2026-06-25 14:00:00+00:00,2026-06-25 15:00:00+00:00,1,0.2,decrease,16.89,821949.29,7,4,24,6,0.2,40.52,3.4,24.84,24.73,5,6,0.83,0.0,0.03,0.3,low
test_2026_q2,xgboost,2026-06-26,1,2026-06-26 12:00:00+00:00,2026-06-26 13:00:00+00:00,1,0.02,decrease,7.47,336875.79,1,2,24,3,0.04,6.36,0.73,36.56,25.53,6,6,1.0,1.0,0.02,0.8,high
test_2026_q2,xgboost,2026-06-26,2,2026-06-26 11:00:00+00:00,2026-06-26 12:00:00+00:00,1,0.04,increase,7.46,335963.11,3,1,24,1,0.0,0.0,0.15,42.92,26.11,6,6,1.0,0.75,0.02,0.69,medium
test_2026_q2,xgboost,2026-06-26,3,2026-06-26 13:00:00+00:00,2026-06-26 14:00:00+00:00,1,0.07,decrease,8.72,390743.51,2,3,24,4,0.11,21.76,1.43,21.15,24.84,6,6,1.0,0.5,0.11,0.6,medium
test_2026_q2,xgboost,2026-06-26,4,2026-06-26 10:00:00+00:00,2026-06-26 11:00:00+00:00,1,0.17,increase,10.55,474530.49,5,5,24,2,0.02,14.13,0.0,28.79,26.26,6,6,1.0,0.25,0.0,0.46,low
test_2026_q2,xgboost,2026-06-26,5,2026-06-26 14:00:00+00:00,2026-06-26 15:00:00+00:00,1,0.17,decrease,9.13,409438.0,6,4,24,7,0.22,30.44,3.68,12.48,22.58,5,6,0.83,0.0,0.02,0.3,low
test_2026_q2,xgboost,2026-06-27,1,2026-06-27 11:00:00+00:00,2026-06-27 12:00:00+00:00,1,0.02,decrease,7.03,319114.5,2,1,24,2,0.02,0.0,0.23,118.17,33.81,6,6,1.0,1.0,0.02,0.8,high
test_2026_q2,xgboost,2026-06-27,2,2026-06-27 12:00:00+00:00,2026-06-27 13:00:00+00:00,1,0.04,decrease,7.23,326743.01,1,3,24,1,0.0,3.34,0.0,114.83,34.03,6,6,1.0,0.75,0.02,0.69,medium
test_2026_q2,xgboost,2026-06-27,3,2026-06-27 13:00:00+00:00,2026-06-27 14:00:00+00:00,1,0.07,decrease,7.23,328506.69,3,2,24,3,0.04,12.72,0.09,105.45,33.94,6,6,1.0,0.5,0.07,0.59,medium
test_2026_q2,xgboost,2026-06-27,4,2026-06-27 10:00:00+00:00,2026-06-27 11:00:00+00:00,1,0.13,decrease,7.51,340801.21,4,4,24,4,0.11,15.18,0.26,102.98,33.77,5,6,0.83,0.25,0.07,0.42,low
test_2026_q2,xgboost,2026-06-27,5,2026-06-27 09:00:00+00:00,2026-06-27 10:00:00+00:00,1,0.2,decrease,8.34,377863.89,5,6,24,5,0.15,25.51,1.14,92.66,32.89,4,6,0.67,0.0,0.0,0.23,low
test_2026_q2,xgboost,2026-06-28,1,2026-06-28 12:00:00+00:00,2026-06-28 13:00:00+00:00,1,0.04,decrease,7.53,336021.39,1,3,24,1,0.0,0.0,0.03,119.68,34.32,6,6,1.0,1.0,0.03,0.81,high
test_2026_q2,xgboost,2026-06-28,2,2026-06-28 09:00:00+00:00,2026-06-28 10:00:00+00:00,1,0.07,decrease,7.26,321564.9,4,1,24,5,0.13,0.32,0.42,119.36,33.93,6,6,1.0,0.75,0.0,0.69,medium
test_2026_q2,xgboost,2026-06-28,3,2026-06-28 10:00:00+00:00,2026-06-28 11:00:00+00:00,1,0.07,decrease,7.28,321021.1,3,2,24,4,0.09,0.01,0.2,119.67,34.15,6,6,1.0,0.5,0.03,0.58,medium
test_2026_q2,xgboost,2026-06-28,4,2026-06-28 11:00:00+00:00,2026-06-28 12:00:00+00:00,1,0.09,decrease,7.64,336376.4,2,4,24,2,0.02,0.0,0.06,119.68,34.29,6,6,1.0,0.25,0.11,0.48,low
test_2026_q2,xgboost,2026-06-28,5,2026-06-28 13:00:00+00:00,2026-06-28 14:00:00+00:00,1,0.17,decrease,7.88,349888.21,5,5,24,3,0.04,1.62,0.0,118.06,34.35,5,6,0.83,0.0,0.08,0.31,low
test_2026_q2,xgboost,2026-06-29,1,2026-06-29 12:00:00+00:00,2026-06-29 13:00:00+00:00,1,0.02,increase,19.15,889229.5,1,2,24,2,0.0,4.36,0.0,25.98,13.23,6,6,1.0,1.0,0.02,0.8,high
test_2026_q2,xgboost,2026-06-29,2,2026-06-29 13:00:00+00:00,2026-06-29 14:00:00+00:00,1,0.04,increase,18.83,866532.59,3,1,24,4,0.09,14.79,2.26,15.55,10.97,6,6,1.0,0.75,0.02,0.69,medium
test_2026_q2,xgboost,2026-06-29,3,2026-06-29 11:00:00+00:00,2026-06-29 12:00:00+00:00,1,0.07,increase,21.34,999330.27,2,3,24,1,0.0,0.0,0.75,30.34,12.48,6,6,1.0,0.5,0.12,0.6,medium
test_2026_q2,xgboost,2026-06-29,4,2026-06-29 09:00:00+00:00,2026-06-29 10:00:00+00:00,1,0.17,increase,25.89,1226276.1,4,6,24,5,0.15,17.07,4.9,13.27,8.33,5,6,0.83,0.25,0.0,0.4,low
test_2026_q2,xgboost,2026-06-29,5,2026-06-29 10:00:00+00:00,2026-06-29 11:00:00+00:00,1,0.17,increase,22.94,1080373.64,5,5,24,3,0.09,7.48,2.95,22.86,10.28,6,6,1.0,0.0,0.02,0.35,low
test_2026_q2,xgboost,2026-06-30,1,2026-06-30 10:00:00+00:00,2026-06-30 11:00:00+00:00,1,0.07,decrease,20.36,929697.17,3,2,22,3,0.05,23.12,0.59,23.39,24.33,6,6,1.0,1.0,0.0,0.8,high
test_2026_q2,xgboost,2026-06-30,2,2026-06-30 12:00:00+00:00,2026-06-30 13:00:00+00:00,1,0.07,decrease,24.13,1127867.13,1,4,22,4,0.07,12.82,4.94,33.69,19.98,6,6,1.0,0.75,0.06,0.7,medium
test_2026_q2,xgboost,2026-06-30,3,2026-06-30 09:00:00+00:00,2026-06-30 10:00:00+00:00,1,0.12,decrease,19.23,885464.01,6,1,22,2,0.05,23.41,0.35,23.1,24.57,6,6,1.0,0.5,0.0,0.57,medium
test_2026_q2,xgboost,2026-06-30,4,2026-06-30 11:00:00+00:00,2026-06-30 12:00:00+00:00,1,0.12,increase,21.07,972405.62,4,3,22,1,0.0,0.0,2.39,46.51,22.53,6,6,1.0,0.25,0.03,0.47,low
test_2026_q2,xgboost,2026-06-30,5,2026-06-30 13:00:00+00:00,2026-06-30 14:00:00+00:00,1,0.14,decrease,27.6,1305351.93,2,6,22,5,0.07,20.04,4.92,26.47,20.01,6,6,1.0,0.0,0.12,0.38,low
wf_2026_01,hist_gradient_boosting,2026-01-01,1,2026-01-01 11:00:00+00:00,2026-01-01 12:00:00+00:00,1,0.04,unknown,12.05,452487.1,1,3,24,3,0.04,7.82,0.21,40.4,3.13,5,6,0.83,1.0,0.0,0.74,medium
wf_2026_01,hist_gradient_boosting,2026-01-01,2,2026-01-01 12:00:00+00:00,2026-01-01 13:00:00+00:00,1,0.04,unknown,11.91,454206.8,3,1,24,1,0.0,6.72,0.0,41.49,3.34,5,6,0.83,0.75,0.08,0.64,medium
wf_2026_01,hist_gradient_boosting,2026-01-01,3,2026-01-01 10:00:00+00:00,2026-01-01 11:00:00+00:00,1,0.11,unknown,12.58,459125.0,2,5,24,2,0.02,4.86,0.59,43.36,2.76,5,6,0.83,0.5,0.02,0.52,medium
wf_2026_01,hist_gradient_boosting,2026-01-01,4,2026-01-01 13:00:00+00:00,2026-01-01 14:00:00+00:00,1,0.13,unknown,11.92,454827.5,6,2,24,7,0.15,18.13,0.22,30.08,3.13,5,6,0.83,0.25,0.05,0.41,low
wf_2026_01,hist_gradient_boosting,2026-01-01,5,2026-01-01 09:00:00+00:00,2026-01-01 10:00:00+00:00,1,0.17,unknown,13.27,464148.8,4,6,24,4,0.07,6.09,1.09,42.13,2.25,3,6,0.5,0.0,0.08,0.19,low
wf_2026_01,hist_gradient_boosting,2026-01-02,1,2026-01-02 00:00:00+00:00,2026-01-02 01:00:00+00:00,1,0.04,decrease,13.15,457357.0,3,1,24,2,0.02,8.38,0.0,0.0,0.0,5,6,0.83,1.0,0.0,0.74,medium
wf_2026_01,hist_gradient_boosting,2026-01-02,2,2026-01-02 02:00:00+00:00,2026-01-02 03:00:00+00:00,1,0.04,decrease,13.29,445827.1,1,3,24,1,0.0,0.0,0.34,8.38,-0.34,5,6,0.83,0.75,0.05,0.64,medium
wf_2026_01,hist_gradient_boosting,2026-01-02,3,2026-01-02 01:00:00+00:00,2026-01-02 02:00:00+00:00,1,0.09,decrease,13.26,446785.5,4,2,24,3,0.02,5.59,0.11,2.78,-0.11,5,6,0.83,0.5,0.0,0.52,medium
wf_2026_01,hist_gradient_boosting,2026-01-02,4,2026-01-02 03:00:00+00:00,2026-01-02 04:00:00+00:00,1,0.09,decrease,13.97,456330.9,2,4,24,4,0.07,0.2,0.66,8.17,-0.66,5,6,0.83,0.25,0.14,0.43,low
wf_2026_01,hist_gradient_boosting,2026-01-02,5,2026-01-02 06:00:00+00:00,2026-01-02 07:00:00+00:00,1,0.22,increase,14.01,476981.5,7,5,24,7,0.2,50.21,0.75,-41.83,-0.75,3,6,0.5,0.0,0.05,0.18,low
wf_2026_01,hist_gradient_boosting,2026-01-03,1,2026-01-03 02:00:00+00:00,2026-01-03 03:00:00+00:00,1,0.0,increase,22.92,756921.3,1,1,24,3,0.07,1.94,0.36,2.81,1.18,6,6,1.0,1.0,0.1,0.82,high
wf_2026_01,hist_gradient_boosting,2026-01-03,2,2026-01-03 01:00:00+00:00,2026-01-03 02:00:00+00:00,1,0.09,increase,24.29,805504.3,2,4,24,2,0.07,2.92,0.0,1.82,1.55,6,6,1.0,0.75,0.0,0.69,medium
wf_2026_01,hist_gradient_boosting,2026-01-03,3,2026-01-03 03:00:00+00:00,2026-01-03 04:00:00+00:00,1,0.09,increase,23.22,768822.9,3,3,24,1,0.0,0.0,0.2,4.75,1.35,6,6,1.0,0.5,0.05,0.58,medium
wf_2026_01,hist_gradient_boosting,2026-01-03,4,2026-01-03 04:00:00+00:00,2026-01-03 05:00:00+00:00,1,0.13,increase,23.03,768899.2,6,2,24,4,0.07,1.33,0.96,3.42,0.58,6,6,1.0,0.25,0.05,0.47,low
wf_2026_01,hist_gradient_boosting,2026-01-03,5,2026-01-03 05:00:00+00:00,2026-01-03 06:00:00+00:00,1,0.17,increase,24.73,841594.5,5,5,24,5,0.13,2.63,1.33,2.11,0.21,4,6,0.67,0.0,0.05,0.24,low
wf_2026_01,hist_gradient_boosting,2026-01-04,1,2026-01-04 02:00:00+00:00,2026-01-04 03:00:00+00:00,1,0.0,increase,23.96,811997.6,1,1,24,2,0.04,1.21,0.29,1.56,3.76,6,6,1.0,1.0,0.09,0.82,high
wf_2026_01,hist_gradient_boosting,2026-01-04,2,2026-01-04 01:00:00+00:00,2026-01-04 02:00:00+00:00,1,0.09,increase,24.76,845766.4,2,4,24,5,0.13,2.48,0.73,0.29,3.32,6,6,1.0,0.75,0.02,0.69,medium
wf_2026_01,hist_gradient_boosting,2026-01-04,3,2026-01-04 03:00:00+00:00,2026-01-04 04:00:00+00:00,1,0.11,increase,24.14,811010.0,5,2,24,3,0.09,0.0,1.23,2.77,2.82,6,6,1.0,0.5,0.0,0.57,medium
wf_2026_01,hist_gradient_boosting,2026-01-04,4,2026-01-04 04:00:00+00:00,2026-01-04 05:00:00+00:00,1,0.11,increase,24.7,828856.7,4,3,24,1,0.0,0.85,0.0,1.92,4.04,6,6,1.0,0.25,0.15,0.49,low
wf_2026_01,hist_gradient_boosting,2026-01-04,5,2026-01-04 05:00:00+00:00,2026-01-04 06:00:00+00:00,1,0.26,increase,24.79,827615.4,9,5,24,4,0.09,1.27,0.42,1.5,3.62,4,6,0.67,0.0,0.02,0.24,low
wf_2026_01,hist_gradient_boosting,2026-01-05,1,2026-01-05 02:00:00+00:00,2026-01-05 03:00:00+00:00,1,0.04,decrease,36.12,1265597.8,1,3,24,1,0.0,0.0,2.45,2.53,2.97,6,6,1.0,1.0,0.02,0.8,high
wf_2026_01,hist_gradient_boosting,2026-01-05,2,2026-01-05 03:00:00+00:00,2026-01-05 04:00:00+00:00,1,0.07,increase,35.27,1235188.9,3,2,24,2,0.0,1.18,0.0,1.35,5.42,6,6,1.0,0.75,0.02,0.69,medium
wf_2026_01,hist_gradient_boosting,2026-01-05,3,2026-01-05 01:00:00+00:00,2026-01-05 02:00:00+00:00,1,0.09,decrease,37.36,1317679.2,2,4,24,3,0.04,0.19,3.42,2.34,2.0,6,6,1.0,0.5,0.0,0.57,medium
wf_2026_01,hist_gradient_boosting,2026-01-05,4,2026-01-05 04:00:00+00:00,2026-01-05 05:00:00+00:00,1,0.09,increase,33.46,1173524.1,5,1,24,4,0.07,4.55,1.1,-2.01,4.32,6,6,1.0,0.25,0.09,0.48,low
wf_2026_01,hist_gradient_boosting,2026-01-05,5,2026-01-05 00:00:00+00:00,2026-01-05 01:00:00+00:00,1,0.17,increase,39.31,1389211.0,4,6,24,5,0.13,2.53,5.42,0.0,0.0,4,6,0.67,0.0,0.02,0.24,low
wf_2026_01,hist_gradient_boosting,2026-01-06,1,2026-01-06 23:00:00+00:00,2026-01-07 00:00:00+00:00,1,0.0,decrease,42.7,1656981.7,1,1,24,1,0.0,0.0,0.0,9.02,2.41,5,6,0.83,1.0,0.09,0.76,high
wf_2026_01,hist_gradient_boosting,2026-01-06,2,2026-01-06 00:00:00+00:00,2026-01-06 01:00:00+00:00,1,0.09,increase,43.07,1624706.0,4,2,24,5,0.2,9.02,2.41,0.0,0.0,5,6,0.83,0.75,0.04,0.64,medium
wf_2026_01,hist_gradient_boosting,2026-01-06,3,2026-01-06 03:00:00+00:00,2026-01-06 04:00:00+00:00,1,0.13,increase,44.56,1655517.3,3,5,24,7,0.24,6.87,3.27,2.15,-0.86,3,6,0.5,0.5,0.02,0.4,low
wf_2026_01,hist_gradient_boosting,2026-01-06,4,2026-01-06 01:00:00+00:00,2026-01-06 02:00:00+00:00,1,0.15,increase,44.03,1652799.0,5,4,24,6,0.2,5.96,3.21,3.05,-0.8,6,6,1.0,0.25,0.0,0.46,low
wf_2026_01,hist_gradient_boosting,2026-01-06,5,2026-01-06 22:00:00+00:00,2026-01-06 23:00:00+00:00,1,0.15,decrease,43.31,1716165.6,6,3,24,2,0.07,2.74,1.12,6.28,1.29,5,6,0.83,0.0,0.02,0.3,low
wf_2026_01,hist_gradient_boosting,2026-01-07,1,2026-01-07 02:00:00+00:00,2026-01-07 03:00:00+00:00,1,0.07,decrease,33.92,1298806.0,1,4,24,2,0.04,0.42,2.36,7.97,5.19,6,6,1.0,1.0,0.0,0.8,high
wf_2026_01,hist_gradient_boosting,2026-01-07,2,2026-01-07 03:00:00+00:00,2026-01-07 04:00:00+00:00,1,0.07,decrease,32.11,1231559.4,3,2,24,1,0.0,0.0,1.02,8.38,6.53,5,6,0.83,0.75,0.0,0.63,medium
wf_2026_01,hist_gradient_boosting,2026-01-07,3,2026-01-07 04:00:00+00:00,2026-01-07 05:00:00+00:00,1,0.07,decrease,31.06,1210138.2,4,1,24,3,0.07,5.87,0.0,2.52,7.55,5,6,0.83,0.5,0.16,0.55,medium
wf_2026_01,hist_gradient_boosting,2026-01-07,4,2026-01-07 01:00:00+00:00,2026-01-07 02:00:00+00:00,1,0.2,decrease,36.87,1423992.9,5,6,24,4,0.13,4.56,5.6,3.83,1.95,5,6,0.83,0.25,0.11,0.43,low
wf_2026_01,hist_gradient_boosting,2026-01-07,5,2026-01-07 05:00:00+00:00,2026-01-07 06:00:00+00:00,1,0.28,decrease,33.1,1328622.8,12,3,24,5,0.2,13.95,3.39,-5.57,4.15,4,6,0.67,0.0,0.03,0.24,low
wf_2026_01,hist_gradient_boosting,2026-01-08,1,2026-01-08 23:00:00+00:00,2026-01-09 00:00:00+00:00,1,0.0,decrease,20.48,843103.0,1,1,24,1,0.0,0.0,0.0,21.31,23.58,5,6,0.83,1.0,0.04,0.75,high
wf_2026_01,hist_gradient_boosting,2026-01-08,2,2026-01-08 22:00:00+00:00,2026-01-08 23:00:00+00:00,1,0.04,decrease,21.97,919462.2,2,2,24,2,0.04,11.28,3.25,10.03,20.33,5,6,0.83,0.75,0.11,0.65,medium
wf_2026_01,hist_gradient_boosting,2026-01-08,3,2026-01-08 00:00:00+00:00,2026-01-08 01:00:00+00:00,1,0.15,decrease,39.24,1512283.0,4,5,24,10,0.43,21.31,23.58,0.0,0.0,2,6,0.33,0.5,0.0,0.34,low
wf_2026_01,hist_gradient_boosting,2026-01-08,4,2026-01-08 02:00:00+00:00,2026-01-08 03:00:00+00:00,1,0.15,decrease,39.01,1496978.3,5,4,24,4,0.2,20.21,21.3,1.11,2.28,6,6,1.0,0.25,0.02,0.47,low
wf_2026_01,hist_gradient_boosting,2026-01-08,5,2026-01-08 21:00:00+00:00,2026-01-08 22:00:00+00:00,1,0.17,decrease,28.61,1226791.7,7,3,24,3,0.11,20.72,4.09,0.6,19.49,5,6,0.83,0.0,0.04,0.3,low
wf_2026_01,hist_gradient_boosting,2026-01-09,1,2026-01-09 02:00:00+00:00,2026-01-09 03:00:00+00:00,1,0.04,decrease,16.17,622997.7,2,2,24,1,0.0,5.04,0.29,19.32,0.3,6,6,1.0,1.0,0.0,0.8,high
wf_2026_01,hist_gradient_boosting,2026-01-09,2,2026-01-09 03:00:00+00:00,2026-01-09 04:00:00+00:00,1,0.04,decrease,16.73,632753.8,1,3,24,3,0.02,0.0,0.4,24.36,0.19,5,6,0.83,0.75,0.02,0.63,medium
wf_2026_01,hist_gradient_boosting,2026-01-09,3,2026-01-09 01:00:00+00:00,2026-01-09 02:00:00+00:00,1,0.07,decrease,15.54,615047.1,4,1,24,2,0.02,18.25,0.0,6.12,0.59,5,6,0.83,0.5,0.05,0.53,medium
wf_2026_01,hist_gradient_boosting,2026-01-09,4,2026-01-09 04:00:00+00:00,2026-01-09 05:00:00+00:00,1,0.11,decrease,17.49,663199.8,3,4,24,4,0.04,17.98,0.37,6.38,0.22,5,6,0.83,0.25,0.07,0.42,low
wf_2026_01,hist_gradient_boosting,2026-01-09,5,2026-01-09 00:00:00+00:00,2026-01-09 01:00:00+00:00,1,0.17,decrease,17.65,714720.2,5,5,24,5,0.13,24.36,0.59,0.0,0.0,4,6,0.67,0.0,0.05,0.24,low
wf_2026_01,hist_gradient_boosting,2026-01-10,1,2026-01-10 02:00:00+00:00,2026-01-10 03:00:00+00:00,1,0.07,increase,14.42,559078.7,3,2,24,4,0.13,5.63,0.58,10.21,0.19,6,6,1.0,1.0,0.0,0.8,high
wf_2026_01,hist_gradient_boosting,2026-01-10,2,2026-01-10 05:00:00+00:00,2026-01-10 06:00:00+00:00,1,0.07,decrease,14.44,566810.1,2,3,24,2,0.09,8.62,0.14,7.23,0.63,5,6,0.83,0.75,0.05,0.64,medium
wf_2026_01,hist_gradient_boosting,2026-01-10,3,2026-01-10 01:00:00+00:00,2026-01-10 02:00:00+00:00,1,0.11,increase,14.2,556560.5,6,1,24,3,0.13,10.95,0.2,4.9,0.57,6,6,1.0,0.5,0.03,0.58,medium
wf_2026_01,hist_gradient_boosting,2026-01-10,4,2026-01-10 03:00:00+00:00,2026-01-10 04:00:00+00:00,1,0.13,increase,14.51,564133.2,4,4,24,5,0.13,0.73,0.72,15.12,0.05,6,6,1.0,0.25,0.0,0.46,low
wf_2026_01,hist_gradient_boosting,2026-01-10,5,2026-01-10 04:00:00+00:00,2026-01-10 05:00:00+00:00,1,0.13,increase,14.93,579747.5,1,7,24,1,0.0,0.0,0.0,15.85,0.77,6,6,1.0,0.0,0.13,0.38,low
wf_2026_01,hist_gradient_boosting,2026-01-11,1,2026-01-11 13:00:00+00:00,2026-01-11 14:00:00+00:00,1,0.07,increase,19.29,796834.1,3,2,24,1,0.0,0.0,0.0,17.61,19.7,5,6,0.83,1.0,0.0,0.74,medium
wf_2026_01,hist_gradient_boosting,2026-01-11,2,2026-01-11 14:00:00+00:00,2026-01-11 15:00:00+00:00,1,0.07,increase,19.35,778931.7,2,3,24,2,0.07,4.75,0.38,12.85,19.32,5,6,0.83,0.75,0.08,0.64,medium
wf_2026_01,hist_gradient_boosting,2026-01-11,3,2026-01-11 11:00:00+00:00,2026-01-11 12:00:00+00:00,1,0.13,increase,19.39,790962.2,4,4,24,9,0.41,16.71,1.59,0.89,18.11,5,6,0.83,0.5,0.03,0.52,medium
wf_2026_01,hist_gradient_boosting,2026-01-11,4,2026-01-11 23:00:00+00:00,2026-01-12 00:00:00+00:00,1,0.15,decrease,24.8,1003667.6,1,8,24,5,0.2,2.35,7.14,15.26,12.56,5,6,0.83,0.25,0.08,0.42,low
wf_2026_01,hist_gradient_boosting,2026-01-11,5,2026-01-11 10:00:00+00:00,2026-01-11 11:00:00+00:00,1,0.22,increase,23.68,949656.2,6,6,24,7,0.33,8.9,2.05,8.7,17.65,5,6,0.83,0.0,0.08,0.31,low
wf_2026_01,hist_gradient_boosting,2026-01-12,1,2026-01-12 03:00:00+00:00,2026-01-12 04:00:00+00:00,1,0.02,decrease,17.35,658117.2,1,2,24,1,0.0,0.0,0.06,17.81,3.29,5,6,0.83,1.0,0.02,0.75,medium
wf_2026_01,hist_gradient_boosting,2026-01-12,2,2026-01-12 04:00:00+00:00,2026-01-12 05:00:00+00:00,1,0.04,decrease,16.49,626798.3,3,1,24,2,0.02,7.76,0.0,10.05,3.35,5,6,0.83,0.75,0.07,0.64,medium
wf_2026_01,hist_gradient_boosting,2026-01-12,3,2026-01-12 02:00:00+00:00,2026-01-12 03:00:00+00:00,1,0.11,decrease,17.8,670577.2,2,5,24,3,0.09,3.3,1.37,14.51,1.98,5,6,0.83,0.5,0.1,0.54,medium
wf_2026_01,hist_gradient_boosting,2026-01-12,4,2026-01-12 13:00:00+00:00,2026-01-12 14:00:00+00:00,1,0.2,increase,17.58,727348.1,8,3,24,5,0.17,20.76,0.91,-2.96,2.44,4,6,0.67,0.25,0.02,0.35,low
wf_2026_01,hist_gradient_boosting,2026-01-12,5,2026-01-12 01:00:00+00:00,2026-01-12 02:00:00+00:00,1,0.22,decrease,18.9,723922.7,5,7,24,6,0.2,12.89,2.27,4.92,1.08,5,6,0.83,0.0,0.02,0.3,low
wf_2026_01,hist_gradient_boosting,2026-01-13,1,2026-01-13 02:00:00+00:00,2026-01-13 03:00:00+00:00,1,0.04,increase,28.21,1020565.6,1,3,24,2,0.04,1.23,1.26,4.15,2.5,6,6,1.0,1.0,0.02,0.8,high
wf_2026_01,hist_gradient_boosting,2026-01-13,2,2026-01-13 03:00:00+00:00,2026-01-13 04:00:00+00:00,1,0.07,increase,27.53,989367.3,3,2,24,1,0.0,0.0,0.06,5.38,3.71,6,6,1.0,0.75,0.05,0.7,medium
wf_2026_01,hist_gradient_boosting,2026-01-13,3,2026-01-13 01:00:00+00:00,2026-01-13 02:00:00+00:00,1,0.11,increase,28.85,1055957.8,2,5,24,5,0.15,3.81,2.4,1.57,1.37,5,6,0.83,0.5,0.0,0.52,medium
wf_2026_01,hist_gradient_boosting,2026-01-13,4,2026-01-13 04:00:00+00:00,2026-01-13 05:00:00+00:00,1,0.11,increase,26.92,980631.1,6,1,24,3,0.04,2.39,0.0,2.99,3.77,6,6,1.0,0.25,0.09,0.48,low
wf_2026_01,hist_gradient_boosting,2026-01-13,5,2026-01-13 12:00:00+00:00,2026-01-13 13:00:00+00:00,1,0.2,decrease,30.3,1235517.2,4,7,24,4,0.13,2.11,2.58,3.27,1.18,1,6,0.17,0.0,0.02,0.06,low
wf_2026_01,hist_gradient_boosting,2026-01-14,1,2026-01-14 02:00:00+00:00,2026-01-14 03:00:00+00:00,1,0.04,increase,28.37,985315.4,1,3,24,2,0.0,0.0,1.67,7.1,-1.67,6,6,1.0,1.0,0.05,0.81,high
wf_2026_01,hist_gradient_boosting,2026-01-14,2,2026-01-14 01:00:00+00:00,2026-01-14 02:00:00+00:00,1,0.09,increase,26.64,936381.0,4,2,24,1,0.0,0.83,0.36,6.27,-0.36,6,6,1.0,0.75,0.02,0.69,medium
wf_2026_01,hist_gradient_boosting,2026-01-14,3,2026-01-14 00:00:00+00:00,2026-01-14 01:00:00+00:00,1,0.11,increase,23.98,846031.9,6,1,24,3,0.07,7.1,0.0,0.0,0.0,5,6,0.83,0.5,0.0,0.52,medium
wf_2026_01,hist_gradient_boosting,2026-01-14,4,2026-01-14 03:00:00+00:00,2026-01-14 04:00:00+00:00,1,0.11,increase,30.29,1049692.1,3,4,24,4,0.07,1.31,2.5,5.79,-2.5,6,6,1.0,0.25,0.02,0.47,low
wf_2026_01,hist_gradient_boosting,2026-01-14,5,2026-01-14 23:00:00+00:00,2026-01-15 00:00:00+00:00,1,0.13,decrease,36.32,1356947.4,2,6,24,6,0.2,12.41,3.63,-5.31,-3.63,5,6,0.83,0.0,0.05,0.3,low
wf_2026_01,hist_gradient_boosting,2026-01-15,1,2026-01-15 23:00:00+00:00,2026-01-16 00:00:00+00:00,1,0.0,decrease,20.54,779722.4,1,1,24,1,0.0,2.62,0.0,10.43,3.76,5,6,0.83,1.0,0.09,0.76,high
wf_2026_01,hist_gradient_boosting,2026-01-15,2,2026-01-15 22:00:00+00:00,2026-01-15 23:00:00+00:00,1,0.09,decrease,22.39,865478.5,4,2,24,2,0.04,4.68,0.41,8.38,3.35,5,6,0.83,0.75,0.04,0.64,medium
wf_2026_01,hist_gradient_boosting,2026-01-15,3,2026-01-15 02:00:00+00:00,2026-01-15 03:00:00+00:00,1,0.13,decrease,27.76,994579.0,2,6,24,4,0.15,2.43,6.04,10.63,-2.28,6,6,1.0,0.5,0.04,0.58,medium
wf_2026_01,hist_gradient_boosting,2026-01-15,4,2026-01-15 13:00:00+00:00,2026-01-15 14:00:00+00:00,1,0.17,decrease,26.66,1110087.9,5,5,24,10,0.35,8.89,7.26,4.16,-3.5,4,6,0.67,0.25,0.02,0.35,low
wf_2026_01,hist_gradient_boosting,2026-01-15,5,2026-01-15 01:00:00+00:00,2026-01-15 02:00:00+00:00,1,0.2,decrease,23.9,867050.8,8,3,24,9,0.24,8.16,5.54,4.89,-1.79,3,6,0.5,0.0,0.02,0.18,low
wf_2026_01,hist_gradient_boosting,2026-01-16,1,2026-01-16 02:00:00+00:00,2026-01-16 03:00:00+00:00,1,0.02,decrease,18.6,660132.1,1,2,24,2,0.0,0.0,0.93,5.97,-0.93,6,6,1.0,1.0,0.02,0.8,high
wf_2026_01,hist_gradient_boosting,2026-01-16,2,2026-01-16 01:00:00+00:00,2026-01-16 02:00:00+00:00,1,0.04,decrease,18.0,650391.5,3,1,24,1,0.0,2.98,0.19,2.99,-0.19,5,6,0.83,0.75,0.02,0.63,medium
wf_2026_01,hist_gradient_boosting,2026-01-16,3,2026-01-16 03:00:00+00:00,2026-01-16 04:00:00+00:00,1,0.07,decrease,19.48,681973.1,2,3,24,4,0.07,5.87,1.99,0.11,-1.99,6,6,1.0,0.5,0.07,0.59,medium
wf_2026_01,hist_gradient_boosting,2026-01-16,4,2026-01-16 00:00:00+00:00,2026-01-16 01:00:00+00:00,1,0.13,decrease,19.79,728925.6,4,4,24,3,0.02,5.97,0.0,0.0,0.0,5,6,0.83,0.25,0.05,0.41,low
wf_2026_01,hist_gradient_boosting,2026-01-16,5,2026-01-16 04:00:00+00:00,2026-01-16 05:00:00+00:00,1,0.17,decrease,21.18,735022.4,5,5,24,5,0.13,19.4,5.23,-13.43,-5.23,6,6,1.0,0.0,0.07,0.36,low
wf_2026_01,hist_gradient_boosting,2026-01-17,1,2026-01-17 03:00:00+00:00,2026-01-17 04:00:00+00:00,1,0.04,increase,40.84,1339660.3,2,2,24,1,0.0,0.0,0.72,6.21,3.41,6,6,1.0,1.0,0.03,0.81,high
wf_2026_01,hist_gradient_boosting,2026-01-17,2,2026-01-17 02:00:00+00:00,2026-01-17 03:00:00+00:00,1,0.07,increase,41.33,1377828.6,1,4,24,3,0.07,0.99,1.37,5.22,2.76,6,6,1.0,0.75,0.0,0.69,medium
wf_2026_01,hist_gradient_boosting,2026-01-17,3,2026-01-17 04:00:00+00:00,2026-01-17 05:00:00+00:00,1,0.07,increase,40.76,1327983.8,4,1,24,2,0.0,0.69,0.0,5.52,4.13,6,6,1.0,0.5,0.03,0.58,medium
wf_2026_01,hist_gradient_boosting,2026-01-17,4,2026-01-17 01:00:00+00:00,2026-01-17 02:00:00+00:00,1,0.09,increase,41.32,1402553.0,3,3,24,5,0.2,3.29,2.2,2.92,1.93,5,6,0.83,0.25,0.13,0.43,low
wf_2026_01,hist_gradient_boosting,2026-01-17,5,2026-01-17 23:00:00+00:00,2026-01-18 00:00:00+00:00,1,0.2,decrease,42.43,1520453.7,5,6,24,13,0.48,15.53,3.32,-9.32,0.82,3,6,0.5,0.0,0.03,0.18,low
wf_2026_01,hist_gradient_boosting,2026-01-18,1,2026-01-18 03:00:00+00:00,2026-01-18 04:00:00+00:00,1,0.04,increase,28.4,954018.6,3,1,24,5,0.11,5.38,0.6,6.95,8.06,6,6,1.0,1.0,0.05,0.81,high
wf_2026_01,hist_gradient_boosting,2026-01-18,2,2026-01-18 12:00:00+00:00,2026-01-18 13:00:00+00:00,1,0.09,decrease,30.95,1080803.7,1,5,24,4,0.07,0.11,2.67,12.23,6.0,5,6,0.83,0.75,0.05,0.64,medium
wf_2026_01,hist_gradient_boosting,2026-01-18,3,2026-01-18 02:00:00+00:00,2026-01-18 03:00:00+00:00,1,0.13,increase,28.81,980246.7,6,2,24,11,0.2,5.69,1.09,6.65,7.57,4,6,0.67,0.5,0.05,0.47,low
wf_2026_01,hist_gradient_boosting,2026-01-18,4,2026-01-18 11:00:00+00:00,2026-01-18 12:00:00+00:00,1,0.17,decrease,32.0,1109389.6,2,8,24,2,0.02,0.0,2.4,12.33,6.26,4,6,0.67,0.25,0.02,0.35,low
wf_2026_01,hist_gradient_boosting,2026-01-18,5,2026-01-18 04:00:00+00:00,2026-01-18 05:00:00+00:00,1,0.2,increase,29.17,973717.6,8,3,24,6,0.11,5.22,0.67,7.11,7.99,3,6,0.5,0.0,0.05,0.18,low
wf_2026_01,hist_gradient_boosting,2026-01-19,1,2026-01-19 01:00:00+00:00,2026-01-19 02:00:00+00:00,1,0.02,decrease,43.23,1445886.6,1,2,24,3,0.04,0.7,1.01,-0.39,-1.01,5,6,0.83,1.0,0.02,0.75,medium
wf_2026_01,hist_gradient_boosting,2026-01-19,2,2026-01-19 00:00:00+00:00,2026-01-19 01:00:00+00:00,1,0.04,decrease,41.11,1361426.2,3,1,24,1,0.0,0.3,0.0,0.0,0.0,5,6,0.83,0.75,0.05,0.64,medium
wf_2026_01,hist_gradient_boosting,2026-01-19,3,2026-01-19 02:00:00+00:00,2026-01-19 03:00:00+00:00,1,0.09,decrease,44.84,1492360.5,2,4,24,2,0.02,0.3,1.31,0.0,-1.31,5,6,0.83,0.5,0.02,0.52,medium
wf_2026_01,hist_gradient_boosting,2026-01-19,4,2026-01-19 03:00:00+00:00,2026-01-19 04:00:00+00:00,1,0.11,decrease,44.59,1467953.5,4,3,24,4,0.04,0.0,3.51,0.3,-3.51,6,6,1.0,0.25,0.1,0.48,low
wf_2026_01,hist_gradient_boosting,2026-01-19,5,2026-01-19 04:00:00+00:00,2026-01-19 05:00:00+00:00,1,0.2,increase,48.18,1604189.3,6,5,24,5,0.11,2.8,2.79,-2.5,-2.79,4,6,0.67,0.0,0.1,0.25,low
wf_2026_01,hist_gradient_boosting,2026-01-20,1,2026-01-20 23:00:00+00:00,2026-01-21 00:00:00+00:00,1,0.04,decrease,34.61,1334613.2,3,1,24,1,0.0,3.43,0.0,10.87,11.93,5,6,0.83,1.0,0.12,0.76,high
wf_2026_01,hist_gradient_boosting,2026-01-20,2,2026-01-20 12:00:00+00:00,2026-01-20 13:00:00+00:00,1,0.15,decrease,38.48,1537441.1,4,5,24,2,0.02,2.32,8.83,11.98,3.1,2,6,0.33,0.75,0.0,0.45,low
wf_2026_01,hist_gradient_boosting,2026-01-20,3,2026-01-20 13:00:00+00:00,2026-01-20 14:00:00+00:00,1,0.15,decrease,36.83,1471131.9,5,4,24,3,0.02,2.22,9.21,12.08,2.71,5,6,0.83,0.5,0.05,0.53,medium
wf_2026_01,hist_gradient_boosting,2026-01-20,4,2026-01-20 02:00:00+00:00,2026-01-20 03:00:00+00:00,1,0.2,decrease,39.82,1339385.7,2,9,24,8,0.24,2.44,11.31,11.86,0.62,5,6,0.83,0.25,0.02,0.41,low
wf_2026_01,hist_gradient_boosting,2026-01-20,5,2026-01-20 03:00:00+00:00,2026-01-20 04:00:00+00:00,1,0.22,decrease,40.0,1346241.8,1,11,24,4,0.09,0.0,10.05,14.3,1.88,5,6,0.83,0.0,0.02,0.3,low
wf_2026_01,hist_gradient_boosting,2026-01-21,1,2026-01-21 13:00:00+00:00,2026-01-21 14:00:00+00:00,1,0.02,decrease,17.52,726811.5,1,2,24,4,0.13,33.82,1.62,4.72,2.47,6,6,1.0,1.0,0.02,0.8,high
wf_2026_01,hist_gradient_boosting,2026-01-21,2,2026-01-21 12:00:00+00:00,2026-01-21 13:00:00+00:00,1,0.04,decrease,17.41,738643.3,3,1,24,1,0.0,28.46,0.0,10.08,4.1,6,6,1.0,0.75,0.11,0.71,medium
wf_2026_01,hist_gradient_boosting,2026-01-21,3,2026-01-21 02:00:00+00:00,2026-01-21 03:00:00+00:00,1,0.15,decrease,20.78,762401.4,2,7,24,7,0.22,24.81,3.19,13.73,0.9,5,6,0.83,0.5,0.05,0.53,medium
wf_2026_01,hist_gradient_boosting,2026-01-21,4,2026-01-21 23:00:00+00:00,2026-01-22 00:00:00+00:00,1,0.2,decrease,19.11,696868.6,7,4,24,6,0.22,0.0,3.87,38.54,0.23,6,6,1.0,0.25,0.02,0.47,low
wf_2026_01,hist_gradient_boosting,2026-01-21,5,2026-01-21 11:00:00+00:00,2026-01-21 12:00:00+00:00,1,0.22,decrease,18.12,775512.2,9,3,24,3,0.07,32.16,1.07,6.38,3.03,1,6,0.17,0.0,0.02,0.06,low
wf_2026_01,hist_gradient_boosting,2026-01-22,1,2026-01-22 01:00:00+00:00,2026-01-22 02:00:00+00:00,1,0.04,decrease,20.24,712816.3,3,1,24,4,0.02,14.36,0.0,-1.25,0.07,5,6,0.83,1.0,0.0,0.74,medium
wf_2026_01,hist_gradient_boosting,2026-01-22,2,2026-01-22 03:00:00+00:00,2026-01-22 04:00:00+00:00,1,0.04,decrease,21.0,705060.2,1,3,24,2,0.0,0.0,1.3,13.11,-1.23,6,6,1.0,0.75,0.05,0.7,medium
wf_2026_01,hist_gradient_boosting,2026-01-22,3,2026-01-22 00:00:00+00:00,2026-01-22 01:00:00+00:00,1,0.09,decrease,21.03,760012.6,2,4,24,3,0.02,13.11,0.07,0.0,0.0,5,6,0.83,0.5,0.0,0.52,medium
wf_2026_01,hist_gradient_boosting,2026-01-22,4,2026-01-22 02:00:00+00:00,2026-01-22 03:00:00+00:00,1,0.09,decrease,20.5,699493.9,4,2,24,1,0.0,3.73,0.74,9.38,-0.66,5,6,0.83,0.25,0.1,0.42,low
wf_2026_01,hist_gradient_boosting,2026-01-22,5,2026-01-22 04:00:00+00:00,2026-01-22 05:00:00+00:00,1,0.17,decrease,22.16,746758.2,5,5,24,5,0.07,12.79,1.56,0.32,-1.49,6,6,1.0,0.0,0.05,0.36,low
wf_2026_01,hist_gradient_boosting,2026-01-23,1,2026-01-23 23:00:00+00:00,2026-01-24 00:00:00+00:00,1,0.09,decrease,20.8,756370.1,5,1,24,11,0.28,37.29,3.1,-1.01,1.51,5,6,0.83,1.0,0.1,0.76,high
wf_2026_01,hist_gradient_boosting,2026-01-23,2,2026-01-23 02:00:00+00:00,2026-01-23 03:00:00+00:00,1,0.17,increase,23.25,818934.1,3,7,24,5,0.15,7.83,3.15,28.44,1.46,6,6,1.0,0.75,0.0,0.69,medium
wf_2026_01,hist_gradient_boosting,2026-01-23,3,2026-01-23 04:00:00+00:00,2026-01-23 05:00:00+00:00,1,0.17,increase,23.38,813611.7,1,9,24,4,0.13,24.84,3.09,11.43,1.52,5,6,0.83,0.5,0.02,0.52,medium
wf_2026_01,hist_gradient_boosting,2026-01-23,4,2026-01-23 13:00:00+00:00,2026-01-23 14:00:00+00:00,1,0.2,increase,22.4,905825.1,7,4,24,3,0.09,35.93,1.99,0.34,2.62,5,6,0.83,0.25,0.02,0.41,low
wf_2026_01,hist_gradient_boosting,2026-01-23,5,2026-01-23 03:00:00+00:00,2026-01-23 04:00:00+00:00,1,0.22,increase,23.5,821294.3,2,10,24,1,0.0,0.0,2.6,36.27,2.01,6,6,1.0,0.0,0.07,0.36,low
wf_2026_01,hist_gradient_boosting,2026-01-24,1,2026-01-24 01:00:00+00:00,2026-01-24 02:00:00+00:00,1,0.07,increase,19.64,690825.4,4,1,24,2,0.07,0.0,2.3,7.32,-0.1,5,6,0.83,1.0,0.02,0.75,medium
wf_2026_01,hist_gradient_boosting,2026-01-24,2,2026-01-24 02:00:00+00:00,2026-01-24 03:00:00+00:00,1,0.09,increase,20.51,720921.4,1,5,24,9,0.33,4.68,3.79,2.64,-1.59,6,6,1.0,0.75,0.02,0.69,medium
wf_2026_01,hist_gradient_boosting,2026-01-24,3,2026-01-24 00:00:00+00:00,2026-01-24 01:00:00+00:00,1,0.11,decrease,19.83,704888.4,5,2,24,6,0.2,7.32,2.2,0.0,0.0,3,6,0.5,0.5,0.09,0.42,low
wf_2026_01,hist_gradient_boosting,2026-01-24,4,2026-01-24 13:00:00+00:00,2026-01-24 14:00:00+00:00,1,0.2,decrease,19.93,762239.5,8,3,24,1,0.0,0.64,1.64,6.68,0.56,6,6,1.0,0.25,0.05,0.47,low
wf_2026_01,hist_gradient_boosting,2026-01-24,5,2026-01-24 03:00:00+00:00,2026-01-24 04:00:00+00:00,1,0.24,increase,22.19,769587.6,2,11,24,12,0.39,2.33,4.68,4.99,-2.49,2,6,0.33,0.0,0.0,0.12,low
wf_2026_01,hist_gradient_boosting,2026-01-25,1,2026-01-25 05:00:00+00:00,2026-01-25 06:00:00+00:00,1,0.13,decrease,17.72,600691.9,1,7,24,5,0.13,10.41,0.91,20.01,0.14,5,6,0.83,1.0,0.03,0.75,medium
wf_2026_01,hist_gradient_boosting,2026-01-25,2,2026-01-25 04:00:00+00:00,2026-01-25 05:00:00+00:00,1,0.15,decrease,17.65,592112.8,3,6,24,1,0.0,0.0,0.48,30.42,0.56,5,6,0.83,0.75,0.06,0.64,medium
wf_2026_01,hist_gradient_boosting,2026-01-25,3,2026-01-25 03:00:00+00:00,2026-01-25 04:00:00+00:00,1,0.2,decrease,17.81,599923.3,2,9,24,3,0.09,10.63,0.56,19.79,0.49,5,6,0.83,0.5,0.0,0.52,medium
wf_2026_01,hist_gradient_boosting,2026-01-25,4,2026-01-25 10:00:00+00:00,2026-01-25 11:00:00+00:00,1,0.2,decrease,17.38,635248.3,9,2,24,12,0.37,36.13,0.91,-5.71,0.14,5,6,0.83,0.25,0.09,0.42,low
wf_2026_01,hist_gradient_boosting,2026-01-25,5,2026-01-25 09:00:00+00:00,2026-01-25 10:00:00+00:00,1,0.26,decrease,17.78,637979.8,6,8,24,7,0.24,30.05,0.61,0.37,0.43,4,6,0.67,0.0,0.03,0.24,low
wf_2026_01,hist_gradient_boosting,2026-01-26,1,2026-01-26 23:00:00+00:00,2026-01-27 00:00:00+00:00,1,0.04,decrease,24.71,927269.8,3,1,24,1,0.0,0.0,0.0,12.73,8.35,5,6,0.83,1.0,0.07,0.76,high
wf_2026_01,hist_gradient_boosting,2026-01-26,2,2026-01-26 02:00:00+00:00,2026-01-26 03:00:00+00:00,1,0.11,increase,31.32,1041951.1,2,5,24,4,0.17,3.84,9.08,8.89,-0.73,6,6,1.0,0.75,0.0,0.69,medium
wf_2026_01,hist_gradient_boosting,2026-01-26,3,2026-01-26 03:00:00+00:00,2026-01-26 04:00:00+00:00,1,0.11,increase,32.19,1075119.3,1,6,24,3,0.13,3.43,9.04,9.3,-0.69,6,6,1.0,0.5,0.02,0.58,medium
wf_2026_01,hist_gradient_boosting,2026-01-26,4,2026-01-26 00:00:00+00:00,2026-01-26 01:00:00+00:00,1,0.13,increase,29.48,988506.7,6,2,24,6,0.2,12.73,8.35,0.0,0.0,2,6,0.33,0.25,0.02,0.23,low
wf_2026_01,hist_gradient_boosting,2026-01-26,5,2026-01-26 01:00:00+00:00,2026-01-26 02:00:00+00:00,1,0.15,increase,30.4,1017374.4,5,4,24,2,0.13,9.83,7.88,2.9,0.47,5,6,0.83,0.0,0.02,0.3,low
wf_2026_01,hist_gradient_boosting,2026-01-27,1,2026-01-27 02:00:00+00:00,2026-01-27 03:00:00+00:00,1,0.04,decrease,17.34,658191.2,3,1,24,1,0.0,7.89,0.24,62.4,0.09,6,6,1.0,1.0,0.02,0.8,high
wf_2026_01,hist_gradient_boosting,2026-01-27,2,2026-01-27 03:00:00+00:00,2026-01-27 04:00:00+00:00,1,0.07,decrease,17.91,672495.1,2,3,24,3,0.07,0.0,0.6,70.3,-0.27,6,6,1.0,0.75,0.0,0.69,medium
wf_2026_01,hist_gradient_boosting,2026-01-27,3,2026-01-27 04:00:00+00:00,2026-01-27 05:00:00+00:00,1,0.07,decrease,19.73,729738.3,1,4,24,4,0.07,13.34,0.45,56.95,-0.13,5,6,0.83,0.5,0.05,0.53,medium
wf_2026_01,hist_gradient_boosting,2026-01-27,4,2026-01-27 01:00:00+00:00,2026-01-27 02:00:00+00:00,1,0.11,decrease,17.35,660139.2,5,2,24,2,0.02,44.51,0.0,25.79,0.33,6,6,1.0,0.25,0.05,0.47,low
wf_2026_01,hist_gradient_boosting,2026-01-27,5,2026-01-27 05:00:00+00:00,2026-01-27 06:00:00+00:00,1,0.15,decrease,20.07,764654.3,4,5,24,6,0.13,58.86,0.51,11.43,-0.19,5,6,0.83,0.0,0.1,0.31,low
wf_2026_01,hist_gradient_boosting,2026-01-28,1,2026-01-28 02:00:00+00:00,2026-01-28 03:00:00+00:00,1,0.04,increase,33.33,1151449.8,2,2,24,1,0.0,0.0,0.51,10.66,1.35,6,6,1.0,1.0,0.02,0.8,high
wf_2026_01,hist_gradient_boosting,2026-01-28,2,2026-01-28 00:00:00+00:00,2026-01-28 01:00:00+00:00,1,0.07,increase,31.69,1097854.2,4,1,24,5,0.15,10.66,1.86,0.0,0.0,6,6,1.0,0.75,0.0,0.69,medium
wf_2026_01,hist_gradient_boosting,2026-01-28,3,2026-01-28 03:00:00+00:00,2026-01-28 04:00:00+00:00,1,0.07,increase,34.51,1205918.5,1,4,24,2,0.0,0.7,0.0,9.95,1.86,6,6,1.0,0.5,0.07,0.59,medium
wf_2026_01,hist_gradient_boosting,2026-01-28,4,2026-01-28 01:00:00+00:00,2026-01-28 02:00:00+00:00,1,0.13,increase,34.28,1192640.0,5,3,24,3,0.09,9.17,0.54,1.48,1.32,6,6,1.0,0.25,0.0,0.46,low
wf_2026_01,hist_gradient_boosting,2026-01-28,5,2026-01-28 04:00:00+00:00,2026-01-28 05:00:00+00:00,1,0.13,increase,34.89,1233231.0,3,5,24,4,0.09,5.15,1.0,5.51,0.86,6,6,1.0,0.0,0.09,0.37,low
wf_2026_01,hist_gradient_boosting,2026-01-29,1,2026-01-29 23:00:00+00:00,2026-01-30 00:00:00+00:00,1,0.02,decrease,39.61,1491029.1,1,2,24,5,0.13,18.58,0.0,-6.88,14.96,5,6,0.83,1.0,0.07,0.76,high
wf_2026_01,hist_gradient_boosting,2026-01-29,2,2026-01-29 03:00:00+00:00,2026-01-29 04:00:00+00:00,1,0.09,increase,41.82,1407116.5,2,4,24,2,0.0,0.0,11.35,11.7,3.61,6,6,1.0,0.75,0.0,0.69,medium
wf_2026_01,hist_gradient_boosting,2026-01-29,3,2026-01-29 04:00:00+00:00,2026-01-29 05:00:00+00:00,1,0.09,increase,41.7,1418365.2,3,3,24,4,0.09,8.56,13.23,3.13,1.73,6,6,1.0,0.5,0.07,0.59,medium
wf_2026_01,hist_gradient_boosting,2026-01-29,4,2026-01-29 00:00:00+00:00,2026-01-29 01:00:00+00:00,1,0.15,decrease,36.38,1288089.4,8,1,24,7,0.2,11.7,14.96,0.0,0.0,6,6,1.0,0.25,0.02,0.47,low
wf_2026_01,hist_gradient_boosting,2026-01-29,5,2026-01-29 02:00:00+00:00,2026-01-29 03:00:00+00:00,1,0.17,increase,45.07,1539673.4,4,6,24,1,0.0,2.18,11.27,9.52,3.69,6,6,1.0,0.0,0.0,0.35,low
wf_2026_01,hist_gradient_boosting,2026-01-30,1,2026-01-30 13:00:00+00:00,2026-01-30 14:00:00+00:00,1,0.11,decrease,18.26,736796.1,6,1,24,2,0.02,0.0,1.84,18.88,5.92,5,6,0.83,1.0,0.0,0.74,medium
wf_2026_01,hist_gradient_boosting,2026-01-30,2,2026-01-30 23:00:00+00:00,2026-01-31 00:00:00+00:00,1,0.11,decrease,18.62,661163.2,5,2,24,4,0.11,13.01,0.99,5.87,6.77,6,6,1.0,0.75,0.05,0.7,medium
wf_2026_01,hist_gradient_boosting,2026-01-30,3,2026-01-30 14:00:00+00:00,2026-01-30 15:00:00+00:00,1,0.15,decrease,21.66,850486.2,2,7,24,5,0.22,12.56,4.35,6.32,3.41,5,6,0.83,0.5,0.03,0.52,medium
wf_2026_01,hist_gradient_boosting,2026-01-30,4,2026-01-30 21:00:00+00:00,2026-01-30 22:00:00+00:00,1,0.17,decrease,19.36,733465.4,7,3,24,11,0.35,19.33,2.35,-0.45,5.41,4,6,0.67,0.25,0.08,0.36,low
wf_2026_01,hist_gradient_boosting,2026-01-30,5,2026-01-30 02:00:00+00:00,2026-01-30 03:00:00+00:00,1,0.24,decrease,24.98,902993.4,3,10,24,13,0.46,6.84,8.07,12.03,-0.3,4,6,0.67,0.0,0.0,0.23,low
wf_2026_01,hist_gradient_boosting,2026-01-31,1,2026-01-31 00:00:00+00:00,2026-01-31 01:00:00+00:00,1,0.04,decrease,18.45,621794.0,3,1,24,1,0.0,3.46,0.0,0.0,0.0,5,6,0.83,1.0,0.05,0.75,high
wf_2026_01,hist_gradient_boosting,2026-01-31,2,2026-01-31 01:00:00+00:00,2026-01-31 02:00:00+00:00,1,0.09,decrease,19.51,635576.8,4,2,24,3,0.02,3.39,1.26,0.07,-1.26,5,6,0.83,0.75,0.0,0.63,medium
wf_2026_01,hist_gradient_boosting,2026-01-31,3,2026-01-31 02:00:00+00:00,2026-01-31 03:00:00+00:00,1,0.09,increase,21.03,664929.0,2,4,24,4,0.04,2.0,1.81,1.46,-1.81,5,6,0.83,0.5,0.02,0.52,medium
wf_2026_01,hist_gradient_boosting,2026-01-31,4,2026-01-31 03:00:00+00:00,2026-01-31 04:00:00+00:00,1,0.11,increase,21.2,665428.1,1,6,24,2,0.0,0.0,1.62,3.46,-1.62,5,6,0.83,0.25,0.07,0.42,low
wf_2026_01,hist_gradient_boosting,2026-01-31,5,2026-01-31 04:00:00+00:00,2026-01-31 05:00:00+00:00,1,0.17,increase,21.14,662829.6,5,5,24,5,0.04,4.65,0.29,-1.19,-0.29,2,6,0.33,0.0,0.0,0.12,low
wf_2026_01,lightgbm,2026-01-01,1,2026-01-01 12:00:00+00:00,2026-01-01 13:00:00+00:00,1,0.02,unknown,11.92,457250.9,2,1,24,1,0.0,6.72,0.0,41.49,3.34,5,6,0.83,1.0,0.02,0.75,medium
wf_2026_01,lightgbm,2026-01-01,2,2026-01-01 11:00:00+00:00,2026-01-01 12:00:00+00:00,1,0.04,unknown,12.06,457105.3,1,3,24,3,0.04,7.82,0.21,40.4,3.13,5,6,0.83,0.75,0.07,0.64,medium
wf_2026_01,lightgbm,2026-01-01,3,2026-01-01 13:00:00+00:00,2026-01-01 14:00:00+00:00,1,0.11,unknown,11.98,459340.0,5,2,24,7,0.15,18.13,0.22,30.08,3.13,5,6,0.83,0.5,0.02,0.52,medium
wf_2026_01,lightgbm,2026-01-01,4,2026-01-01 10:00:00+00:00,2026-01-01 11:00:00+00:00,1,0.13,unknown,12.56,461306.8,3,5,24,2,0.02,4.86,0.59,43.36,2.76,5,6,0.83,0.25,0.07,0.42,low
wf_2026_01,lightgbm,2026-01-01,5,2026-01-01 09:00:00+00:00,2026-01-01 10:00:00+00:00,1,0.2,unknown,13.21,464091.3,4,7,24,4,0.07,6.09,1.09,42.13,2.25,3,6,0.5,0.0,0.05,0.18,low
wf_2026_01,lightgbm,2026-01-02,1,2026-01-02 02:00:00+00:00,2026-01-02 03:00:00+00:00,1,0.04,decrease,13.43,449238.0,1,3,24,1,0.0,0.0,0.34,8.38,-0.34,5,6,0.83,1.0,0.02,0.75,medium
wf_2026_01,lightgbm,2026-01-02,2,2026-01-02 00:00:00+00:00,2026-01-02 01:00:00+00:00,1,0.07,decrease,12.95,450011.1,4,1,24,2,0.02,8.38,0.0,0.0,0.0,5,6,0.83,0.75,0.0,0.63,medium
wf_2026_01,lightgbm,2026-01-02,3,2026-01-02 01:00:00+00:00,2026-01-02 02:00:00+00:00,1,0.07,decrease,13.38,449757.3,3,2,24,3,0.02,5.59,0.11,2.78,-0.11,5,6,0.83,0.5,0.05,0.53,medium
wf_2026_01,lightgbm,2026-01-02,4,2026-01-02 03:00:00+00:00,2026-01-02 04:00:00+00:00,1,0.11,decrease,14.03,456294.7,2,5,24,4,0.07,0.2,0.66,8.17,-0.66,5,6,0.83,0.25,0.14,0.43,low
wf_2026_01,lightgbm,2026-01-02,5,2026-01-02 06:00:00+00:00,2026-01-02 07:00:00+00:00,1,0.24,increase,14.11,479137.3,7,6,24,7,0.2,50.21,0.75,-41.83,-0.75,3,6,0.5,0.0,0.0,0.18,low
wf_2026_01,lightgbm,2026-01-03,1,2026-01-03 02:00:00+00:00,2026-01-03 03:00:00+00:00,1,0.02,increase,22.55,747804.9,1,2,24,3,0.07,1.94,0.36,2.81,1.18,6,6,1.0,1.0,0.07,0.81,high
wf_2026_01,lightgbm,2026-01-03,2,2026-01-03 01:00:00+00:00,2026-01-03 02:00:00+00:00,1,0.09,increase,24.09,801956.3,2,4,24,2,0.07,2.92,0.0,1.82,1.55,6,6,1.0,0.75,0.0,0.69,medium
wf_2026_01,lightgbm,2026-01-03,3,2026-01-03 03:00:00+00:00,2026-01-03 04:00:00+00:00,1,0.09,increase,22.94,758625.5,3,3,24,1,0.0,0.0,0.2,4.75,1.35,6,6,1.0,0.5,0.0,0.57,medium
wf_2026_01,lightgbm,2026-01-03,4,2026-01-03 04:00:00+00:00,2026-01-03 05:00:00+00:00,1,0.09,increase,22.44,748092.7,5,1,24,4,0.07,1.33,0.96,3.42,0.58,6,6,1.0,0.25,0.12,0.49,low
wf_2026_01,lightgbm,2026-01-03,5,2026-01-03 05:00:00+00:00,2026-01-03 06:00:00+00:00,1,0.2,increase,24.53,833913.9,6,5,24,5,0.13,2.63,1.33,2.11,0.21,4,6,0.67,0.0,0.02,0.24,low
wf_2026_01,lightgbm,2026-01-04,1,2026-01-04 02:00:00+00:00,2026-01-04 03:00:00+00:00,1,0.0,increase,23.56,799573.7,1,1,24,2,0.04,1.21,0.29,1.56,3.76,6,6,1.0,1.0,0.09,0.82,high
wf_2026_01,lightgbm,2026-01-04,2,2026-01-04 01:00:00+00:00,2026-01-04 02:00:00+00:00,1,0.09,increase,24.4,831632.5,2,4,24,5,0.13,2.48,0.73,0.29,3.32,6,6,1.0,0.75,0.0,0.69,medium
wf_2026_01,lightgbm,2026-01-04,3,2026-01-04 03:00:00+00:00,2026-01-04 04:00:00+00:00,1,0.09,increase,24.17,812423.5,4,2,24,3,0.09,0.0,1.23,2.77,2.82,6,6,1.0,0.5,0.04,0.58,medium
wf_2026_01,lightgbm,2026-01-04,4,2026-01-04 04:00:00+00:00,2026-01-04 05:00:00+00:00,1,0.13,increase,24.52,821226.4,3,5,24,1,0.0,0.85,0.0,1.92,4.04,6,6,1.0,0.25,0.07,0.48,low
wf_2026_01,lightgbm,2026-01-04,5,2026-01-04 05:00:00+00:00,2026-01-04 06:00:00+00:00,1,0.2,increase,24.24,809202.6,8,3,24,4,0.09,1.27,0.42,1.5,3.62,4,6,0.67,0.0,0.11,0.26,low
wf_2026_01,lightgbm,2026-01-05,1,2026-01-05 02:00:00+00:00,2026-01-05 03:00:00+00:00,1,0.04,decrease,35.91,1257976.3,1,3,24,1,0.0,0.0,2.45,2.53,2.97,6,6,1.0,1.0,0.02,0.8,high
wf_2026_01,lightgbm,2026-01-05,2,2026-01-05 03:00:00+00:00,2026-01-05 04:00:00+00:00,1,0.07,increase,35.35,1234971.2,3,2,24,2,0.0,1.18,0.0,1.35,5.42,6,6,1.0,0.75,0.02,0.69,medium
wf_2026_01,lightgbm,2026-01-05,3,2026-01-05 01:00:00+00:00,2026-01-05 02:00:00+00:00,1,0.09,decrease,37.7,1330253.1,2,4,24,3,0.04,0.19,3.42,2.34,2.0,6,6,1.0,0.5,0.0,0.57,medium
wf_2026_01,lightgbm,2026-01-05,4,2026-01-05 04:00:00+00:00,2026-01-05 05:00:00+00:00,1,0.09,increase,34.14,1197295.8,5,1,24,4,0.07,4.55,1.1,-2.01,4.32,6,6,1.0,0.25,0.09,0.48,low
wf_2026_01,lightgbm,2026-01-05,5,2026-01-05 00:00:00+00:00,2026-01-05 01:00:00+00:00,1,0.17,increase,39.32,1389541.6,4,6,24,5,0.13,2.53,5.42,0.0,0.0,4,6,0.67,0.0,0.02,0.24,low
wf_2026_01,lightgbm,2026-01-06,1,2026-01-06 23:00:00+00:00,2026-01-07 00:00:00+00:00,1,0.04,decrease,43.05,1675448.5,2,2,24,1,0.0,0.0,0.0,9.02,2.41,5,6,0.83,1.0,0.09,0.76,high
wf_2026_01,lightgbm,2026-01-06,2,2026-01-06 00:00:00+00:00,2026-01-06 01:00:00+00:00,1,0.13,increase,43.18,1620686.5,5,3,24,5,0.2,9.02,2.41,0.0,0.0,5,6,0.83,0.75,0.0,0.63,medium
wf_2026_01,lightgbm,2026-01-06,3,2026-01-06 01:00:00+00:00,2026-01-06 02:00:00+00:00,1,0.13,increase,44.1,1653205.3,3,5,24,6,0.2,5.96,3.21,3.05,-0.8,6,6,1.0,0.5,0.0,0.57,medium
wf_2026_01,lightgbm,2026-01-06,4,2026-01-06 22:00:00+00:00,2026-01-06 23:00:00+00:00,1,0.13,increase,42.65,1693043.4,7,1,24,2,0.07,2.74,1.12,6.28,1.29,5,6,0.83,0.25,0.02,0.41,low
wf_2026_01,lightgbm,2026-01-06,5,2026-01-06 02:00:00+00:00,2026-01-06 03:00:00+00:00,1,0.15,increase,44.67,1668367.3,1,8,24,3,0.15,4.5,2.88,4.51,-0.47,5,6,0.83,0.0,0.02,0.3,low
wf_2026_01,lightgbm,2026-01-07,1,2026-01-07 03:00:00+00:00,2026-01-07 04:00:00+00:00,1,0.04,decrease,31.29,1199699.3,2,2,24,1,0.0,0.0,1.02,8.38,6.53,5,6,0.83,1.0,0.03,0.75,medium
wf_2026_01,lightgbm,2026-01-07,2,2026-01-07 02:00:00+00:00,2026-01-07 03:00:00+00:00,1,0.07,decrease,34.64,1330768.6,1,4,24,2,0.04,0.42,2.36,7.97,5.19,6,6,1.0,0.75,0.03,0.69,medium
wf_2026_01,lightgbm,2026-01-07,3,2026-01-07 04:00:00+00:00,2026-01-07 05:00:00+00:00,1,0.09,decrease,30.69,1200452.9,5,1,24,3,0.07,5.87,0.0,2.52,7.55,5,6,0.83,0.5,0.11,0.54,medium
wf_2026_01,lightgbm,2026-01-07,4,2026-01-07 01:00:00+00:00,2026-01-07 02:00:00+00:00,1,0.17,decrease,37.08,1434392.1,4,6,24,4,0.13,4.56,5.6,3.83,1.95,5,6,0.83,0.25,0.13,0.43,low
wf_2026_01,lightgbm,2026-01-07,5,2026-01-07 05:00:00+00:00,2026-01-07 06:00:00+00:00,1,0.28,decrease,32.72,1317339.1,12,3,24,5,0.2,13.95,3.39,-5.57,4.15,4,6,0.67,0.0,0.05,0.24,low
wf_2026_01,lightgbm,2026-01-08,1,2026-01-08 23:00:00+00:00,2026-01-09 00:00:00+00:00,1,0.0,decrease,20.0,825447.7,1,1,24,1,0.0,0.0,0.0,21.31,23.58,5,6,0.83,1.0,0.04,0.75,high
wf_2026_01,lightgbm,2026-01-08,2,2026-01-08 22:00:00+00:00,2026-01-08 23:00:00+00:00,1,0.04,decrease,22.48,944102.7,2,2,24,2,0.04,11.28,3.25,10.03,20.33,5,6,0.83,0.75,0.11,0.65,medium
wf_2026_01,lightgbm,2026-01-08,3,2026-01-08 21:00:00+00:00,2026-01-08 22:00:00+00:00,1,0.15,decrease,28.59,1229956.9,6,3,24,3,0.11,20.72,4.09,0.6,19.49,5,6,0.83,0.5,0.02,0.52,medium
wf_2026_01,lightgbm,2026-01-08,4,2026-01-08 02:00:00+00:00,2026-01-08 03:00:00+00:00,1,0.17,increase,38.93,1493141.8,5,5,24,4,0.2,20.21,21.3,1.11,2.28,6,6,1.0,0.25,0.0,0.46,low
wf_2026_01,lightgbm,2026-01-08,5,2026-01-08 03:00:00+00:00,2026-01-08 04:00:00+00:00,1,0.17,increase,39.45,1509253.7,4,6,24,7,0.24,23.03,20.92,-1.71,2.66,4,6,0.67,0.0,0.02,0.24,low
wf_2026_01,lightgbm,2026-01-09,1,2026-01-09 02:00:00+00:00,2026-01-09 03:00:00+00:00,1,0.02,decrease,15.9,614282.5,2,1,24,1,0.0,5.04,0.29,19.32,0.3,6,6,1.0,1.0,0.02,0.8,high
wf_2026_01,lightgbm,2026-01-09,2,2026-01-09 03:00:00+00:00,2026-01-09 04:00:00+00:00,1,0.04,decrease,16.45,619232.2,1,3,24,3,0.02,0.0,0.4,24.36,0.19,5,6,0.83,0.75,0.05,0.64,medium
wf_2026_01,lightgbm,2026-01-09,3,2026-01-09 01:00:00+00:00,2026-01-09 02:00:00+00:00,1,0.09,decrease,16.04,636367.4,4,2,24,2,0.02,18.25,0.0,6.12,0.59,5,6,0.83,0.5,0.02,0.52,medium
wf_2026_01,lightgbm,2026-01-09,4,2026-01-09 04:00:00+00:00,2026-01-09 05:00:00+00:00,1,0.11,decrease,16.86,638069.3,3,4,24,4,0.04,17.98,0.37,6.38,0.22,5,6,0.83,0.25,0.09,0.42,low
wf_2026_01,lightgbm,2026-01-09,5,2026-01-09 00:00:00+00:00,2026-01-09 01:00:00+00:00,1,0.2,decrease,17.62,710948.8,5,6,24,5,0.13,24.36,0.59,0.0,0.0,4,6,0.67,0.0,0.0,0.23,low
wf_2026_01,lightgbm,2026-01-10,1,2026-01-10 02:00:00+00:00,2026-01-10 03:00:00+00:00,1,0.04,increase,14.09,547469.8,3,1,24,4,0.13,5.63,0.58,10.21,0.19,6,6,1.0,1.0,0.08,0.82,high
wf_2026_01,lightgbm,2026-01-10,2,2026-01-10 03:00:00+00:00,2026-01-10 04:00:00+00:00,1,0.11,increase,14.53,563281.4,2,5,24,5,0.13,0.73,0.72,15.12,0.05,6,6,1.0,0.75,0.03,0.69,medium
wf_2026_01,lightgbm,2026-01-10,3,2026-01-10 01:00:00+00:00,2026-01-10 02:00:00+00:00,1,0.13,increase,14.14,554735.4,6,2,24,3,0.13,10.95,0.2,4.9,0.57,6,6,1.0,0.5,0.0,0.57,medium
wf_2026_01,lightgbm,2026-01-10,4,2026-01-10 04:00:00+00:00,2026-01-10 05:00:00+00:00,1,0.13,increase,14.74,572968.5,1,7,24,1,0.0,0.0,0.0,15.85,0.77,6,6,1.0,0.25,0.05,0.47,low
wf_2026_01,lightgbm,2026-01-10,5,2026-01-10 05:00:00+00:00,2026-01-10 06:00:00+00:00,1,0.17,decrease,14.56,571307.8,4,6,24,2,0.09,8.62,0.14,7.23,0.63,5,6,0.83,0.0,0.08,0.31,low
wf_2026_01,lightgbm,2026-01-11,1,2026-01-11 13:00:00+00:00,2026-01-11 14:00:00+00:00,1,0.07,increase,19.13,783367.8,3,2,24,1,0.0,0.0,0.0,17.61,19.7,5,6,0.83,1.0,0.03,0.75,medium
wf_2026_01,lightgbm,2026-01-11,2,2026-01-11 11:00:00+00:00,2026-01-11 12:00:00+00:00,1,0.09,increase,18.73,759600.1,5,1,24,9,0.41,16.71,1.59,0.89,18.11,5,6,0.83,0.75,0.0,0.63,medium
wf_2026_01,lightgbm,2026-01-11,3,2026-01-11 14:00:00+00:00,2026-01-11 15:00:00+00:00,1,0.09,increase,19.83,790717.1,2,4,24,2,0.07,4.75,0.38,12.85,19.32,5,6,0.83,0.5,0.08,0.53,medium
wf_2026_01,lightgbm,2026-01-11,4,2026-01-11 23:00:00+00:00,2026-01-12 00:00:00+00:00,1,0.15,decrease,25.52,1040562.5,1,8,24,5,0.2,2.35,7.14,15.26,12.56,5,6,0.83,0.25,0.14,0.43,low
wf_2026_01,lightgbm,2026-01-11,5,2026-01-11 10:00:00+00:00,2026-01-11 11:00:00+00:00,1,0.26,increase,23.41,935264.3,8,6,24,7,0.33,8.9,2.05,8.7,17.65,5,6,0.83,0.0,0.03,0.3,low
wf_2026_01,lightgbm,2026-01-12,1,2026-01-12 03:00:00+00:00,2026-01-12 04:00:00+00:00,1,0.02,decrease,17.73,674256.2,1,2,24,1,0.0,0.0,0.06,17.81,3.29,5,6,0.83,1.0,0.02,0.75,medium
wf_2026_01,lightgbm,2026-01-12,2,2026-01-12 04:00:00+00:00,2026-01-12 05:00:00+00:00,1,0.04,decrease,17.26,655585.4,3,1,24,2,0.02,7.76,0.0,10.05,3.35,5,6,0.83,0.75,0.08,0.64,medium
wf_2026_01,lightgbm,2026-01-12,3,2026-01-12 02:00:00+00:00,2026-01-12 03:00:00+00:00,1,0.11,decrease,18.31,688989.1,2,5,24,3,0.09,3.3,1.37,14.51,1.98,5,6,0.83,0.5,0.12,0.54,medium
wf_2026_01,lightgbm,2026-01-12,4,2026-01-12 01:00:00+00:00,2026-01-12 02:00:00+00:00,1,0.22,decrease,18.77,720850.6,5,7,24,6,0.2,12.89,2.27,4.92,1.08,5,6,0.83,0.25,0.0,0.4,low
wf_2026_01,lightgbm,2026-01-12,5,2026-01-12 13:00:00+00:00,2026-01-12 14:00:00+00:00,1,0.22,increase,17.94,741092.1,8,4,24,5,0.17,20.76,0.91,-2.96,2.44,4,6,0.67,0.0,0.05,0.24,low
wf_2026_01,lightgbm,2026-01-13,1,2026-01-13 02:00:00+00:00,2026-01-13 03:00:00+00:00,1,0.04,increase,27.92,1007424.9,1,3,24,2,0.04,1.23,1.26,4.15,2.5,6,6,1.0,1.0,0.02,0.8,high
wf_2026_01,lightgbm,2026-01-13,2,2026-01-13 03:00:00+00:00,2026-01-13 04:00:00+00:00,1,0.07,increase,27.84,994682.9,3,2,24,1,0.0,0.0,0.06,5.38,3.71,6,6,1.0,0.75,0.02,0.69,medium
wf_2026_01,lightgbm,2026-01-13,3,2026-01-13 01:00:00+00:00,2026-01-13 02:00:00+00:00,1,0.09,increase,28.88,1054884.7,2,4,24,5,0.15,3.81,2.4,1.57,1.37,5,6,0.83,0.5,0.07,0.53,medium
wf_2026_01,lightgbm,2026-01-13,4,2026-01-13 04:00:00+00:00,2026-01-13 05:00:00+00:00,1,0.15,increase,27.57,1001390.3,8,1,24,3,0.04,2.39,0.0,2.99,3.77,6,6,1.0,0.25,0.05,0.47,low
wf_2026_01,lightgbm,2026-01-13,5,2026-01-13 13:00:00+00:00,2026-01-13 14:00:00+00:00,1,0.2,decrease,29.8,1192414.2,5,6,24,6,0.24,3.89,3.76,1.49,0.01,3,6,0.5,0.0,0.02,0.18,low
wf_2026_01,lightgbm,2026-01-14,1,2026-01-14 02:00:00+00:00,2026-01-14 03:00:00+00:00,1,0.04,increase,28.86,1001015.6,1,3,24,2,0.0,0.0,1.67,7.1,-1.67,6,6,1.0,1.0,0.05,0.81,high
wf_2026_01,lightgbm,2026-01-14,2,2026-01-14 00:00:00+00:00,2026-01-14 01:00:00+00:00,1,0.09,increase,23.98,842984.7,5,1,24,3,0.07,7.1,0.0,0.0,0.0,5,6,0.83,0.75,0.0,0.63,medium
wf_2026_01,lightgbm,2026-01-14,3,2026-01-14 01:00:00+00:00,2026-01-14 02:00:00+00:00,1,0.09,increase,27.11,955091.4,4,2,24,1,0.0,0.83,0.36,6.27,-0.36,6,6,1.0,0.5,0.02,0.58,medium
wf_2026_01,lightgbm,2026-01-14,4,2026-01-14 03:00:00+00:00,2026-01-14 04:00:00+00:00,1,0.11,increase,30.56,1060682.7,3,4,24,4,0.07,1.31,2.5,5.79,-2.5,6,6,1.0,0.25,0.02,0.47,low
wf_2026_01,lightgbm,2026-01-14,5,2026-01-14 23:00:00+00:00,2026-01-15 00:00:00+00:00,1,0.13,decrease,36.53,1363968.4,2,6,24,6,0.2,12.41,3.63,-5.31,-3.63,5,6,0.83,0.0,0.07,0.31,low
wf_2026_01,lightgbm,2026-01-15,1,2026-01-15 23:00:00+00:00,2026-01-16 00:00:00+00:00,1,0.0,decrease,20.24,771192.8,1,1,24,1,0.0,2.62,0.0,10.43,3.76,5,6,0.83,1.0,0.09,0.76,high
wf_2026_01,lightgbm,2026-01-15,2,2026-01-15 22:00:00+00:00,2026-01-15 23:00:00+00:00,1,0.09,decrease,22.86,887361.1,4,2,24,2,0.04,4.68,0.41,8.38,3.35,5,6,0.83,0.75,0.04,0.64,medium
wf_2026_01,lightgbm,2026-01-15,3,2026-01-15 02:00:00+00:00,2026-01-15 03:00:00+00:00,1,0.13,decrease,28.22,1008924.2,2,6,24,4,0.15,2.43,6.04,10.63,-2.28,6,6,1.0,0.5,0.04,0.58,medium
wf_2026_01,lightgbm,2026-01-15,4,2026-01-15 03:00:00+00:00,2026-01-15 04:00:00+00:00,1,0.17,decrease,28.43,1009590.6,3,7,24,3,0.09,0.0,5.2,13.05,-1.44,5,6,0.83,0.25,0.0,0.4,low
wf_2026_01,lightgbm,2026-01-15,5,2026-01-15 13:00:00+00:00,2026-01-15 14:00:00+00:00,1,0.17,decrease,26.88,1120563.7,5,5,24,10,0.35,8.89,7.26,4.16,-3.5,4,6,0.67,0.0,0.04,0.24,low
wf_2026_01,lightgbm,2026-01-16,1,2026-01-16 01:00:00+00:00,2026-01-16 02:00:00+00:00,1,0.02,decrease,17.93,647929.2,2,1,24,1,0.0,2.98,0.19,2.99,-0.19,5,6,0.83,1.0,0.0,0.74,medium
wf_2026_01,lightgbm,2026-01-16,2,2026-01-16 02:00:00+00:00,2026-01-16 03:00:00+00:00,1,0.02,decrease,18.6,659928.6,1,2,24,2,0.0,0.0,0.93,5.97,-0.93,6,6,1.0,0.75,0.07,0.7,medium
wf_2026_01,lightgbm,2026-01-16,3,2026-01-16 03:00:00+00:00,2026-01-16 04:00:00+00:00,1,0.09,decrease,19.17,670542.5,3,3,24,4,0.07,5.87,1.99,0.11,-1.99,6,6,1.0,0.5,0.05,0.58,medium
wf_2026_01,lightgbm,2026-01-16,4,2026-01-16 00:00:00+00:00,2026-01-16 01:00:00+00:00,1,0.13,decrease,19.72,724292.8,4,4,24,3,0.02,5.97,0.0,0.0,0.0,5,6,0.83,0.25,0.05,0.41,low
wf_2026_01,lightgbm,2026-01-16,5,2026-01-16 04:00:00+00:00,2026-01-16 05:00:00+00:00,1,0.17,decrease,20.73,719414.5,5,5,24,5,0.13,19.4,5.23,-13.43,-5.23,6,6,1.0,0.0,0.07,0.36,low
wf_2026_01,lightgbm,2026-01-17,1,2026-01-17 03:00:00+00:00,2026-01-17 04:00:00+00:00,1,0.02,increase,41.06,1345804.2,2,1,24,1,0.0,0.0,0.72,6.21,3.41,6,6,1.0,1.0,0.02,0.8,high
wf_2026_01,lightgbm,2026-01-17,2,2026-01-17 02:00:00+00:00,2026-01-17 03:00:00+00:00,1,0.04,increase,41.27,1372015.3,1,3,24,3,0.07,0.99,1.37,5.22,2.76,6,6,1.0,0.75,0.02,0.69,medium
wf_2026_01,lightgbm,2026-01-17,3,2026-01-17 01:00:00+00:00,2026-01-17 02:00:00+00:00,1,0.07,increase,41.22,1393031.6,3,2,24,5,0.2,3.29,2.2,2.92,1.93,5,6,0.83,0.5,0.1,0.54,medium
wf_2026_01,lightgbm,2026-01-17,4,2026-01-17 00:00:00+00:00,2026-01-17 01:00:00+00:00,1,0.15,increase,41.3,1411062.4,5,4,24,12,0.46,6.21,4.13,0.0,0.0,3,6,0.5,0.25,0.0,0.29,low
wf_2026_01,lightgbm,2026-01-17,5,2026-01-17 04:00:00+00:00,2026-01-17 05:00:00+00:00,1,0.15,increase,41.33,1353149.1,4,5,24,2,0.0,0.69,0.0,5.52,4.13,6,6,1.0,0.0,0.07,0.36,low
wf_2026_01,lightgbm,2026-01-18,1,2026-01-18 03:00:00+00:00,2026-01-18 04:00:00+00:00,1,0.04,increase,28.62,962288.7,3,1,24,5,0.11,5.38,0.6,6.95,8.06,6,6,1.0,1.0,0.07,0.81,high
wf_2026_01,lightgbm,2026-01-18,2,2026-01-18 02:00:00+00:00,2026-01-18 03:00:00+00:00,1,0.11,increase,29.12,993752.9,4,3,24,11,0.2,5.69,1.09,6.65,7.57,4,6,0.67,0.75,0.0,0.57,medium
wf_2026_01,lightgbm,2026-01-18,3,2026-01-18 12:00:00+00:00,2026-01-18 13:00:00+00:00,1,0.11,decrease,31.44,1099222.0,1,6,24,4,0.07,0.11,2.67,12.23,6.0,5,6,0.83,0.5,0.09,0.54,medium
wf_2026_01,lightgbm,2026-01-18,4,2026-01-18 10:00:00+00:00,2026-01-18 11:00:00+00:00,1,0.2,decrease,30.18,1037696.8,7,4,24,10,0.17,2.01,3.15,10.32,5.51,3,6,0.5,0.25,0.02,0.29,low
wf_2026_01,lightgbm,2026-01-18,5,2026-01-18 11:00:00+00:00,2026-01-18 12:00:00+00:00,1,0.22,decrease,31.78,1105582.2,2,10,24,2,0.02,0.0,2.4,12.33,6.26,4,6,0.67,0.0,0.05,0.24,low
wf_2026_01,lightgbm,2026-01-19,1,2026-01-19 00:00:00+00:00,2026-01-19 01:00:00+00:00,1,0.04,decrease,41.31,1369222.4,3,1,24,1,0.0,0.3,0.0,0.0,0.0,5,6,0.83,1.0,0.0,0.74,medium
wf_2026_01,lightgbm,2026-01-19,2,2026-01-19 01:00:00+00:00,2026-01-19 02:00:00+00:00,1,0.04,decrease,42.83,1429743.1,2,2,24,3,0.04,0.7,1.01,-0.39,-1.01,5,6,0.83,0.75,0.0,0.63,medium
wf_2026_01,lightgbm,2026-01-19,3,2026-01-19 02:00:00+00:00,2026-01-19 03:00:00+00:00,1,0.04,decrease,44.02,1466513.4,1,3,24,2,0.02,0.3,1.31,0.0,-1.31,5,6,0.83,0.5,0.11,0.54,medium
wf_2026_01,lightgbm,2026-01-19,4,2026-01-19 03:00:00+00:00,2026-01-19 04:00:00+00:00,1,0.13,decrease,44.57,1470716.1,4,4,24,4,0.04,0.0,3.51,0.3,-3.51,6,6,1.0,0.25,0.08,0.48,low
wf_2026_01,lightgbm,2026-01-19,5,2026-01-19 04:00:00+00:00,2026-01-19 05:00:00+00:00,1,0.2,increase,48.49,1621468.3,6,5,24,5,0.11,2.8,2.79,-2.5,-2.79,4,6,0.67,0.0,0.13,0.26,low
wf_2026_01,lightgbm,2026-01-20,1,2026-01-20 23:00:00+00:00,2026-01-21 00:00:00+00:00,1,0.04,decrease,33.81,1302671.7,3,1,24,1,0.0,3.43,0.0,10.87,11.93,5,6,0.83,1.0,0.12,0.77,high
wf_2026_01,lightgbm,2026-01-20,2,2026-01-20 03:00:00+00:00,2026-01-20 04:00:00+00:00,1,0.15,decrease,39.17,1316614.9,1,8,24,4,0.09,0.0,10.05,14.3,1.88,5,6,0.83,0.75,0.0,0.63,medium
wf_2026_01,lightgbm,2026-01-20,3,2026-01-20 13:00:00+00:00,2026-01-20 14:00:00+00:00,1,0.15,decrease,37.19,1487562.1,5,4,24,3,0.02,2.22,9.21,12.08,2.71,5,6,0.83,0.5,0.1,0.54,medium
wf_2026_01,lightgbm,2026-01-20,4,2026-01-20 01:00:00+00:00,2026-01-20 02:00:00+00:00,1,0.24,decrease,38.86,1326567.3,7,6,24,13,0.37,6.48,12.41,7.81,-0.48,3,6,0.5,0.25,0.0,0.29,low
wf_2026_01,lightgbm,2026-01-20,5,2026-01-20 02:00:00+00:00,2026-01-20 03:00:00+00:00,1,0.24,decrease,40.11,1347778.1,2,11,24,8,0.24,2.44,11.31,11.86,0.62,5,6,0.83,0.0,0.0,0.29,low
wf_2026_01,lightgbm,2026-01-21,1,2026-01-21 12:00:00+00:00,2026-01-21 13:00:00+00:00,1,0.04,decrease,18.67,794729.6,2,2,24,1,0.0,28.46,0.0,10.08,4.1,6,6,1.0,1.0,0.02,0.8,high
wf_2026_01,lightgbm,2026-01-21,2,2026-01-21 13:00:00+00:00,2026-01-21 14:00:00+00:00,1,0.07,decrease,18.25,758283.9,4,1,24,4,0.13,33.82,1.62,4.72,2.47,6,6,1.0,0.75,0.1,0.71,medium
wf_2026_01,lightgbm,2026-01-21,3,2026-01-21 02:00:00+00:00,2026-01-21 03:00:00+00:00,1,0.15,decrease,20.57,755530.1,3,6,24,7,0.22,24.81,3.19,13.73,0.9,5,6,0.83,0.5,0.02,0.52,medium
wf_2026_01,lightgbm,2026-01-21,4,2026-01-21 03:00:00+00:00,2026-01-21 04:00:00+00:00,1,0.17,decrease,21.06,771489.9,1,9,24,2,0.07,23.57,2.91,14.97,1.18,5,6,0.83,0.25,0.0,0.4,low
wf_2026_01,lightgbm,2026-01-21,5,2026-01-21 23:00:00+00:00,2026-01-22 00:00:00+00:00,1,0.17,decrease,19.37,710775.5,6,4,24,6,0.22,0.0,3.87,38.54,0.23,6,6,1.0,0.0,0.05,0.36,low
wf_2026_01,lightgbm,2026-01-22,1,2026-01-22 00:00:00+00:00,2026-01-22 01:00:00+00:00,1,0.04,decrease,20.87,751412.6,1,3,24,3,0.02,13.11,0.07,0.0,0.0,5,6,0.83,1.0,0.0,0.74,medium
wf_2026_01,lightgbm,2026-01-22,2,2026-01-22 01:00:00+00:00,2026-01-22 02:00:00+00:00,1,0.04,decrease,20.0,705626.8,3,1,24,4,0.02,14.36,0.0,-1.25,0.07,5,6,0.83,0.75,0.05,0.64,medium
wf_2026_01,lightgbm,2026-01-22,3,2026-01-22 02:00:00+00:00,2026-01-22 03:00:00+00:00,1,0.09,decrease,20.37,700831.6,4,2,24,1,0.0,3.73,0.74,9.38,-0.66,5,6,0.83,0.5,0.0,0.52,medium
wf_2026_01,lightgbm,2026-01-22,4,2026-01-22 03:00:00+00:00,2026-01-22 04:00:00+00:00,1,0.09,decrease,21.06,710306.3,2,4,24,2,0.0,0.0,1.3,13.11,-1.23,6,6,1.0,0.25,0.09,0.48,low
wf_2026_01,lightgbm,2026-01-22,5,2026-01-22 04:00:00+00:00,2026-01-22 05:00:00+00:00,1,0.17,decrease,22.34,753854.1,5,5,24,5,0.07,12.79,1.56,0.32,-1.49,6,6,1.0,0.0,0.05,0.36,low
wf_2026_01,lightgbm,2026-01-23,1,2026-01-23 23:00:00+00:00,2026-01-24 00:00:00+00:00,1,0.09,decrease,20.87,758663.0,5,1,24,11,0.28,37.29,3.1,-1.01,1.51,5,6,0.83,1.0,0.1,0.76,high
wf_2026_01,lightgbm,2026-01-23,2,2026-01-23 13:00:00+00:00,2026-01-23 14:00:00+00:00,1,0.17,increase,22.27,906520.0,7,3,24,3,0.09,35.93,1.99,0.34,2.62,5,6,0.83,0.75,0.05,0.64,medium
wf_2026_01,lightgbm,2026-01-23,3,2026-01-23 02:00:00+00:00,2026-01-23 03:00:00+00:00,1,0.22,increase,23.25,818570.8,3,9,24,5,0.15,7.83,3.15,28.44,1.46,6,6,1.0,0.5,0.0,0.57,medium
wf_2026_01,lightgbm,2026-01-23,4,2026-01-23 00:00:00+00:00,2026-01-23 01:00:00+00:00,1,0.22,increase,23.24,804680.2,4,8,24,12,0.35,36.27,4.61,0.0,0.0,2,6,0.33,0.25,0.0,0.23,low
wf_2026_01,lightgbm,2026-01-23,5,2026-01-23 03:00:00+00:00,2026-01-23 04:00:00+00:00,1,0.22,increase,23.3,812151.8,2,10,24,1,0.0,0.0,2.6,36.27,2.01,6,6,1.0,0.0,0.02,0.35,low
wf_2026_01,lightgbm,2026-01-24,1,2026-01-24 01:00:00+00:00,2026-01-24 02:00:00+00:00,1,0.07,increase,20.38,718344.3,3,2,24,2,0.07,0.0,2.3,7.32,-0.1,5,6,0.83,1.0,0.02,0.75,medium
wf_2026_01,lightgbm,2026-01-24,2,2026-01-24 02:00:00+00:00,2026-01-24 03:00:00+00:00,1,0.09,increase,21.14,744526.6,1,5,24,9,0.33,4.68,3.79,2.64,-1.59,6,6,1.0,0.75,0.05,0.7,medium
wf_2026_01,lightgbm,2026-01-24,3,2026-01-24 00:00:00+00:00,2026-01-24 01:00:00+00:00,1,0.13,decrease,20.55,731002.2,5,3,24,6,0.2,7.32,2.2,0.0,0.0,3,6,0.5,0.5,0.05,0.41,low
wf_2026_01,lightgbm,2026-01-24,4,2026-01-24 23:00:00+00:00,2026-01-25 00:00:00+00:00,1,0.17,decrease,20.09,701403.0,9,1,24,3,0.07,4.7,0.0,2.62,2.2,4,6,0.67,0.25,0.05,0.36,low
wf_2026_01,lightgbm,2026-01-24,5,2026-01-24 13:00:00+00:00,2026-01-24 14:00:00+00:00,1,0.22,decrease,20.95,803312.4,8,4,24,1,0.0,0.64,1.64,6.68,0.56,6,6,1.0,0.0,0.02,0.35,low
wf_2026_01,lightgbm,2026-01-25,1,2026-01-25 04:00:00+00:00,2026-01-25 05:00:00+00:00,1,0.07,decrease,17.29,578467.7,3,2,24,1,0.0,0.0,0.48,30.42,0.56,5,6,0.83,1.0,0.03,0.75,medium
wf_2026_01,lightgbm,2026-01-25,2,2026-01-25 03:00:00+00:00,2026-01-25 04:00:00+00:00,1,0.09,decrease,17.51,591252.8,2,4,24,3,0.09,10.63,0.56,19.79,0.49,5,6,0.83,0.75,0.03,0.63,medium
wf_2026_01,lightgbm,2026-01-25,3,2026-01-25 05:00:00+00:00,2026-01-25 06:00:00+00:00,1,0.11,decrease,17.55,592268.1,1,6,24,5,0.13,10.41,0.91,20.01,0.14,5,6,0.83,0.5,0.05,0.53,medium
wf_2026_01,lightgbm,2026-01-25,4,2026-01-25 09:00:00+00:00,2026-01-25 10:00:00+00:00,1,0.15,decrease,17.48,626417.3,6,3,24,7,0.24,30.05,0.61,0.37,0.43,4,6,0.67,0.25,0.05,0.36,low
wf_2026_01,lightgbm,2026-01-25,5,2026-01-25 10:00:00+00:00,2026-01-25 11:00:00+00:00,1,0.2,decrease,16.94,623088.2,10,1,24,12,0.37,36.13,0.91,-5.71,0.14,5,6,0.83,0.0,0.16,0.32,low
wf_2026_01,lightgbm,2026-01-26,1,2026-01-26 23:00:00+00:00,2026-01-27 00:00:00+00:00,1,0.07,decrease,24.04,901766.5,4,1,24,1,0.0,0.0,0.0,12.73,8.35,5,6,0.83,1.0,0.02,0.75,medium
wf_2026_01,lightgbm,2026-01-26,2,2026-01-26 02:00:00+00:00,2026-01-26 03:00:00+00:00,1,0.09,increase,30.51,1012936.0,2,4,24,4,0.17,3.84,9.08,8.89,-0.73,6,6,1.0,0.75,0.02,0.69,medium
wf_2026_01,lightgbm,2026-01-26,3,2026-01-26 01:00:00+00:00,2026-01-26 02:00:00+00:00,1,0.11,increase,29.78,995234.1,5,2,24,2,0.13,9.83,7.88,2.9,0.47,5,6,0.83,0.5,0.0,0.52,medium
wf_2026_01,lightgbm,2026-01-26,4,2026-01-26 03:00:00+00:00,2026-01-26 04:00:00+00:00,1,0.11,increase,32.88,1100605.9,1,6,24,3,0.13,3.43,9.04,9.3,-0.69,6,6,1.0,0.25,0.07,0.48,low
wf_2026_01,lightgbm,2026-01-26,5,2026-01-26 04:00:00+00:00,2026-01-26 05:00:00+00:00,1,0.17,increase,32.98,1113458.5,3,7,24,7,0.22,9.1,9.39,3.62,-1.04,3,6,0.5,0.0,0.0,0.18,low
wf_2026_01,lightgbm,2026-01-27,1,2026-01-27 02:00:00+00:00,2026-01-27 03:00:00+00:00,1,0.07,decrease,18.2,690392.8,3,2,24,1,0.0,7.89,0.24,62.4,0.09,6,6,1.0,1.0,0.0,0.8,high
wf_2026_01,lightgbm,2026-01-27,2,2026-01-27 03:00:00+00:00,2026-01-27 04:00:00+00:00,1,0.07,decrease,18.65,694053.5,2,3,24,3,0.07,0.0,0.6,70.3,-0.27,6,6,1.0,0.75,0.0,0.69,medium
wf_2026_01,lightgbm,2026-01-27,3,2026-01-27 04:00:00+00:00,2026-01-27 05:00:00+00:00,1,0.07,decrease,19.73,729203.7,1,4,24,4,0.07,13.34,0.45,56.95,-0.13,5,6,0.83,0.5,0.02,0.52,medium
wf_2026_01,lightgbm,2026-01-27,4,2026-01-27 01:00:00+00:00,2026-01-27 02:00:00+00:00,1,0.09,decrease,18.09,689201.9,5,1,24,2,0.02,44.51,0.0,25.79,0.33,6,6,1.0,0.25,0.1,0.48,low
wf_2026_01,lightgbm,2026-01-27,5,2026-01-27 05:00:00+00:00,2026-01-27 06:00:00+00:00,1,0.17,decrease,20.39,779971.9,4,6,24,6,0.13,58.86,0.51,11.43,-0.19,5,6,0.83,0.0,0.1,0.31,low
wf_2026_01,lightgbm,2026-01-28,1,2026-01-28 02:00:00+00:00,2026-01-28 03:00:00+00:00,1,0.04,increase,33.39,1158842.7,2,2,24,1,0.0,0.0,0.51,10.66,1.35,6,6,1.0,1.0,0.02,0.8,high
wf_2026_01,lightgbm,2026-01-28,2,2026-01-28 03:00:00+00:00,2026-01-28 04:00:00+00:00,1,0.07,increase,33.78,1179900.0,1,4,24,2,0.0,0.7,0.0,9.95,1.86,6,6,1.0,0.75,0.02,0.69,medium
wf_2026_01,lightgbm,2026-01-28,3,2026-01-28 00:00:00+00:00,2026-01-28 01:00:00+00:00,1,0.09,increase,31.36,1086245.7,5,1,24,5,0.15,10.66,1.86,0.0,0.0,6,6,1.0,0.5,0.0,0.57,medium
wf_2026_01,lightgbm,2026-01-28,4,2026-01-28 01:00:00+00:00,2026-01-28 02:00:00+00:00,1,0.09,increase,33.5,1157840.5,3,3,24,3,0.09,9.17,0.54,1.48,1.32,6,6,1.0,0.25,0.07,0.48,low
wf_2026_01,lightgbm,2026-01-28,5,2026-01-28 04:00:00+00:00,2026-01-28 05:00:00+00:00,1,0.15,increase,34.7,1226935.2,4,5,24,4,0.09,5.15,1.0,5.51,0.86,6,6,1.0,0.0,0.09,0.37,low
wf_2026_01,lightgbm,2026-01-29,1,2026-01-29 23:00:00+00:00,2026-01-30 00:00:00+00:00,1,0.02,decrease,38.9,1465843.5,1,2,24,5,0.13,18.58,0.0,-6.88,14.96,5,6,0.83,1.0,0.05,0.75,high
wf_2026_01,lightgbm,2026-01-29,2,2026-01-29 03:00:00+00:00,2026-01-29 04:00:00+00:00,1,0.07,increase,42.78,1443608.8,2,3,24,2,0.0,0.0,11.35,11.7,3.61,6,6,1.0,0.75,0.05,0.7,medium
wf_2026_01,lightgbm,2026-01-29,3,2026-01-29 04:00:00+00:00,2026-01-29 05:00:00+00:00,1,0.11,decrease,43.28,1482811.2,3,4,24,4,0.09,8.56,13.23,3.13,1.73,6,6,1.0,0.5,0.05,0.58,medium
wf_2026_01,lightgbm,2026-01-29,4,2026-01-29 00:00:00+00:00,2026-01-29 01:00:00+00:00,1,0.15,decrease,36.65,1301283.9,8,1,24,7,0.2,11.7,14.96,0.0,0.0,6,6,1.0,0.25,0.02,0.47,low
wf_2026_01,lightgbm,2026-01-29,5,2026-01-29 02:00:00+00:00,2026-01-29 03:00:00+00:00,1,0.17,increase,44.79,1531522.0,4,6,24,1,0.0,2.18,11.27,9.52,3.69,6,6,1.0,0.0,0.02,0.35,low
wf_2026_01,lightgbm,2026-01-30,1,2026-01-30 13:00:00+00:00,2026-01-30 14:00:00+00:00,1,0.07,decrease,18.76,758523.8,4,1,24,2,0.02,0.0,1.84,18.88,5.92,5,6,0.83,1.0,0.08,0.76,high
wf_2026_01,lightgbm,2026-01-30,2,2026-01-30 23:00:00+00:00,2026-01-31 00:00:00+00:00,1,0.13,decrease,18.99,677621.8,6,2,24,4,0.11,13.01,0.99,5.87,6.77,6,6,1.0,0.75,0.03,0.69,medium
wf_2026_01,lightgbm,2026-01-30,3,2026-01-30 14:00:00+00:00,2026-01-30 15:00:00+00:00,1,0.15,decrease,21.79,856074.6,2,7,24,5,0.22,12.56,4.35,6.32,3.41,5,6,0.83,0.5,0.03,0.52,medium
wf_2026_01,lightgbm,2026-01-30,4,2026-01-30 21:00:00+00:00,2026-01-30 22:00:00+00:00,1,0.17,decrease,19.64,747607.3,7,3,24,11,0.35,19.33,2.35,-0.45,5.41,4,6,0.67,0.25,0.08,0.36,low
wf_2026_01,lightgbm,2026-01-30,5,2026-01-30 22:00:00+00:00,2026-01-30 23:00:00+00:00,1,0.24,increase,20.92,776599.4,8,5,24,3,0.11,13.07,0.95,5.81,6.81,4,6,0.67,0.0,0.03,0.24,low
wf_2026_01,lightgbm,2026-01-31,1,2026-01-31 00:00:00+00:00,2026-01-31 01:00:00+00:00,1,0.04,decrease,18.43,621090.8,3,1,24,1,0.0,3.46,0.0,0.0,0.0,5,6,0.83,1.0,0.02,0.75,medium
wf_2026_01,lightgbm,2026-01-31,2,2026-01-31 02:00:00+00:00,2026-01-31 03:00:00+00:00,1,0.07,increase,20.71,655701.7,1,4,24,4,0.04,2.0,1.81,1.46,-1.81,5,6,0.83,0.75,0.02,0.63,medium
wf_2026_01,lightgbm,2026-01-31,3,2026-01-31 01:00:00+00:00,2026-01-31 02:00:00+00:00,1,0.09,decrease,19.74,641482.2,4,2,24,3,0.02,3.39,1.26,0.07,-1.26,5,6,0.83,0.5,0.05,0.53,medium
wf_2026_01,lightgbm,2026-01-31,4,2026-01-31 03:00:00+00:00,2026-01-31 04:00:00+00:00,1,0.13,increase,21.14,663229.6,2,6,24,2,0.0,0.0,1.62,3.46,-1.62,5,6,0.83,0.25,0.02,0.41,low
wf_2026_01,lightgbm,2026-01-31,5,2026-01-31 05:00:00+00:00,2026-01-31 06:00:00+00:00,1,0.15,decrease,20.5,648923.7,6,3,24,6,0.15,5.95,2.22,-2.49,-2.22,3,6,0.5,0.0,0.02,0.18,low
wf_2026_01,naive_lag_24h,2026-01-01,1,2026-01-01 23:00:00+00:00,2026-01-02 00:00:00+00:00,1,0.02,unknown,22.63,786845.0,2,1,24,6,0.13,6.21,1.48,42.01,1.86,1,6,0.17,1.0,0.02,0.51,medium
wf_2026_01,naive_lag_24h,2026-01-01,2,2026-01-01 03:00:00+00:00,2026-01-01 04:00:00+00:00,1,0.04,unknown,23.51,853530.0,1,3,24,11,0.28,8.4,2.0,39.82,1.34,1,6,0.17,0.75,0.05,0.41,low
wf_2026_01,naive_lag_24h,2026-01-01,3,2026-01-01 04:00:00+00:00,2026-01-01 05:00:00+00:00,1,0.09,unknown,22.77,821812.5,4,2,24,12,0.28,3.32,2.22,44.9,1.12,1,6,0.17,0.5,0.02,0.29,low
wf_2026_01,naive_lag_24h,2026-01-01,4,2026-01-01 02:00:00+00:00,2026-01-01 03:00:00+00:00,1,0.11,unknown,23.77,876735.0,3,4,24,14,0.41,23.26,2.02,24.96,1.33,1,6,0.17,0.25,0.09,0.19,low
wf_2026_01,naive_lag_24h,2026-01-01,5,2026-01-01 01:00:00+00:00,2026-01-01 02:00:00+00:00,1,0.2,unknown,26.01,986002.5,5,6,24,16,0.57,39.72,2.22,8.49,1.12,1,6,0.17,0.0,0.02,0.06,low
wf_2026_01,naive_lag_24h,2026-01-02,1,2026-01-02 12:00:00+00:00,2026-01-02 13:00:00+00:00,1,0.13,flat,11.64,447675.0,7,1,24,8,0.24,53.34,0.85,-44.97,-0.85,1,6,0.17,1.0,0.03,0.51,medium
wf_2026_01,naive_lag_24h,2026-01-02,2,2026-01-02 10:00:00+00:00,2026-01-02 11:00:00+00:00,1,0.15,flat,12.22,448222.5,4,5,24,12,0.46,67.33,2.45,-58.95,-2.45,1,6,0.17,0.75,0.03,0.4,low
wf_2026_01,naive_lag_24h,2026-01-02,3,2026-01-02 11:00:00+00:00,2026-01-02 12:00:00+00:00,1,0.17,flat,11.85,448110.0,8,2,24,9,0.3,62.85,0.9,-54.48,-0.9,1,6,0.17,0.5,0.03,0.29,low
wf_2026_01,naive_lag_24h,2026-01-02,4,2026-01-02 09:00:00+00:00,2026-01-02 10:00:00+00:00,1,0.2,flat,12.73,447602.5,5,6,24,15,0.57,71.33,3.72,-62.96,-3.72,1,6,0.17,0.25,0.08,0.19,low
wf_2026_01,naive_lag_24h,2026-01-02,5,2026-01-02 07:00:00+00:00,2026-01-02 08:00:00+00:00,1,0.26,flat,13.58,440835.0,3,11,24,11,0.39,65.78,1.73,-57.4,-1.73,1,6,0.17,0.0,0.0,0.06,low
wf_2026_01,naive_lag_24h,2026-01-03,1,2026-01-03 02:00:00+00:00,2026-01-03 03:00:00+00:00,1,0.07,flat,13.49,443570.0,1,4,24,3,0.07,1.94,0.36,2.81,1.18,6,6,1.0,1.0,0.03,0.81,high
wf_2026_01,naive_lag_24h,2026-01-03,2,2026-01-03 00:00:00+00:00,2026-01-03 01:00:00+00:00,1,0.09,flat,13.15,446932.5,5,1,24,6,0.22,4.75,1.55,0.0,0.0,1,6,0.17,0.75,0.0,0.4,low
wf_2026_01,naive_lag_24h,2026-01-03,3,2026-01-03 01:00:00+00:00,2026-01-03 02:00:00+00:00,1,0.09,flat,13.26,446985.0,4,2,24,2,0.07,2.92,0.0,1.82,1.55,6,6,1.0,0.5,0.05,0.59,medium
wf_2026_01,naive_lag_24h,2026-01-03,4,2026-01-03 03:00:00+00:00,2026-01-03 04:00:00+00:00,1,0.13,flat,13.81,445130.0,2,6,24,1,0.0,0.0,0.2,4.75,1.35,6,6,1.0,0.25,0.0,0.46,low
wf_2026_01,naive_lag_24h,2026-01-03,5,2026-01-03 04:00:00+00:00,2026-01-03 05:00:00+00:00,1,0.13,flat,13.78,447170.0,3,5,24,4,0.07,1.33,0.96,3.42,0.58,6,6,1.0,0.0,0.03,0.36,low
wf_2026_01,naive_lag_24h,2026-01-04,1,2026-01-04 03:00:00+00:00,2026-01-04 04:00:00+00:00,1,0.02,flat,24.32,815320.0,1,2,24,3,0.09,0.0,1.23,2.77,2.82,6,6,1.0,1.0,0.08,0.82,high
wf_2026_01,naive_lag_24h,2026-01-04,2,2026-01-04 01:00:00+00:00,2026-01-04 02:00:00+00:00,1,0.09,flat,24.13,812020.0,5,1,24,5,0.13,2.48,0.73,0.29,3.32,6,6,1.0,0.75,0.0,0.69,medium
wf_2026_01,naive_lag_24h,2026-01-04,3,2026-01-04 02:00:00+00:00,2026-01-04 03:00:00+00:00,1,0.09,flat,24.49,820730.0,3,3,24,2,0.04,1.21,0.29,1.56,3.76,6,6,1.0,0.5,0.0,0.57,medium
wf_2026_01,naive_lag_24h,2026-01-04,4,2026-01-04 04:00:00+00:00,2026-01-04 05:00:00+00:00,1,0.09,flat,25.09,850740.0,2,4,24,1,0.0,0.85,0.0,1.92,4.04,6,6,1.0,0.25,0.08,0.48,low
wf_2026_01,naive_lag_24h,2026-01-04,5,2026-01-04 05:00:00+00:00,2026-01-04 06:00:00+00:00,1,0.15,flat,25.46,874330.0,4,5,24,4,0.09,1.27,0.42,1.5,3.62,4,6,0.67,0.0,0.1,0.25,low
wf_2026_01,naive_lag_24h,2026-01-05,1,2026-01-05 04:00:00+00:00,2026-01-05 05:00:00+00:00,1,0.02,flat,24.91,833982.5,2,1,24,4,0.07,4.55,1.1,-2.01,4.32,6,6,1.0,1.0,0.05,0.81,high
wf_2026_01,naive_lag_24h,2026-01-05,2,2026-01-05 02:00:00+00:00,2026-01-05 03:00:00+00:00,1,0.07,flat,25.19,854442.5,3,2,24,1,0.0,0.0,2.45,2.53,2.97,6,6,1.0,0.75,0.05,0.7,medium
wf_2026_01,naive_lag_24h,2026-01-05,3,2026-01-05 03:00:00+00:00,2026-01-05 04:00:00+00:00,1,0.11,flat,26.13,884155.0,1,6,24,2,0.0,1.18,0.0,1.35,5.42,6,6,1.0,0.5,0.0,0.57,medium
wf_2026_01,naive_lag_24h,2026-01-05,4,2026-01-05 05:00:00+00:00,2026-01-05 06:00:00+00:00,1,0.11,flat,25.33,850145.0,4,3,24,6,0.17,22.71,4.69,-20.17,0.73,2,6,0.33,0.25,0.05,0.24,low
wf_2026_01,naive_lag_24h,2026-01-05,5,2026-01-05 01:00:00+00:00,2026-01-05 02:00:00+00:00,1,0.15,flat,25.63,878057.5,5,4,24,3,0.04,0.19,3.42,2.34,2.0,6,6,1.0,0.0,0.07,0.36,low
wf_2026_01,naive_lag_24h,2026-01-06,1,2026-01-06 02:00:00+00:00,2026-01-06 03:00:00+00:00,1,0.04,flat,35.74,1256850.0,1,3,24,3,0.15,4.5,2.88,4.51,-0.47,5,6,0.83,1.0,0.0,0.74,medium
wf_2026_01,naive_lag_24h,2026-01-06,2,2026-01-06 03:00:00+00:00,2026-01-06 04:00:00+00:00,1,0.04,flat,33.29,1162677.5,3,1,24,7,0.24,6.87,3.27,2.15,-0.86,3,6,0.5,0.75,0.05,0.52,medium
wf_2026_01,naive_lag_24h,2026-01-06,3,2026-01-06 01:00:00+00:00,2026-01-06 02:00:00+00:00,1,0.09,flat,36.71,1302042.5,2,4,24,6,0.2,5.96,3.21,3.05,-0.8,6,6,1.0,0.5,0.02,0.58,medium
wf_2026_01,naive_lag_24h,2026-01-06,4,2026-01-06 04:00:00+00:00,2026-01-06 05:00:00+00:00,1,0.11,flat,34.39,1209495.0,5,2,24,9,0.3,11.42,3.52,-2.4,-1.11,1,6,0.17,0.25,0.07,0.18,low
wf_2026_01,naive_lag_24h,2026-01-06,5,2026-01-06 00:00:00+00:00,2026-01-06 01:00:00+00:00,1,0.17,flat,38.71,1387417.5,4,6,24,5,0.2,9.02,2.41,0.0,0.0,5,6,0.83,0.0,0.05,0.3,low
wf_2026_01,naive_lag_24h,2026-01-07,1,2026-01-07 23:00:00+00:00,2026-01-08 00:00:00+00:00,1,0.0,flat,42.0,1641277.5,1,1,24,13,0.52,2.83,13.85,5.56,-6.3,1,6,0.17,1.0,0.07,0.52,medium
wf_2026_01,naive_lag_24h,2026-01-07,2,2026-01-07 22:00:00+00:00,2026-01-07 23:00:00+00:00,1,0.07,flat,43.12,1690072.5,2,3,24,14,0.54,8.37,13.17,0.02,-5.62,1,6,0.17,0.75,0.1,0.42,low
wf_2026_01,naive_lag_24h,2026-01-07,3,2026-01-07 02:00:00+00:00,2026-01-07 03:00:00+00:00,1,0.15,flat,44.88,1679725.0,3,6,24,2,0.04,0.42,2.36,7.97,5.19,6,6,1.0,0.5,0.02,0.58,medium
wf_2026_01,naive_lag_24h,2026-01-07,4,2026-01-07 21:00:00+00:00,2026-01-07 22:00:00+00:00,1,0.17,flat,42.8,1700642.5,8,2,24,15,0.59,15.57,12.39,-7.18,-4.84,1,6,0.17,0.25,0.02,0.18,low
wf_2026_01,naive_lag_24h,2026-01-07,5,2026-01-07 00:00:00+00:00,2026-01-07 01:00:00+00:00,1,0.2,flat,44.41,1688000.0,6,5,24,6,0.24,8.38,7.55,0.0,0.0,1,6,0.17,0.0,0.0,0.06,low
wf_2026_01,naive_lag_24h,2026-01-08,1,2026-01-08 03:00:00+00:00,2026-01-08 04:00:00+00:00,1,0.02,flat,30.99,1203060.0,1,2,24,7,0.24,23.03,20.92,-1.71,2.66,4,6,0.67,1.0,0.05,0.69,medium
wf_2026_01,naive_lag_24h,2026-01-08,2,2026-01-08 02:00:00+00:00,2026-01-08 03:00:00+00:00,1,0.07,flat,32.33,1240170.0,2,3,24,4,0.2,20.21,21.3,1.11,2.28,6,6,1.0,0.75,0.03,0.69,medium
wf_2026_01,naive_lag_24h,2026-01-08,3,2026-01-08 04:00:00+00:00,2026-01-08 05:00:00+00:00,1,0.09,flat,29.97,1172797.5,5,1,24,8,0.26,25.12,20.52,-3.8,3.06,1,6,0.17,0.5,0.08,0.3,low
wf_2026_01,naive_lag_24h,2026-01-08,4,2026-01-08 01:00:00+00:00,2026-01-08 02:00:00+00:00,1,0.15,flat,35.56,1373470.0,4,5,24,6,0.24,22.26,21.09,-0.94,2.49,1,6,0.17,0.25,0.08,0.19,low
wf_2026_01,naive_lag_24h,2026-01-08,5,2026-01-08 05:00:00+00:00,2026-01-08 06:00:00+00:00,1,0.22,flat,33.36,1344330.0,8,4,24,13,0.52,38.01,22.2,-16.7,1.38,1,6,0.17,0.0,0.05,0.07,low
wf_2026_01,naive_lag_24h,2026-01-09,1,2026-01-09 23:00:00+00:00,2026-01-10 00:00:00+00:00,1,0.0,flat,19.26,790525.0,1,1,24,7,0.28,55.17,3.85,-30.8,-3.27,1,6,0.17,1.0,0.04,0.52,medium
wf_2026_01,naive_lag_24h,2026-01-09,2,2026-01-09 22:00:00+00:00,2026-01-09 23:00:00+00:00,1,0.04,flat,22.51,940625.0,2,2,24,9,0.37,57.22,5.21,-32.85,-4.63,1,6,0.17,0.75,0.07,0.41,low
wf_2026_01,naive_lag_24h,2026-01-09,3,2026-01-09 21:00:00+00:00,2026-01-09 22:00:00+00:00,1,0.11,flat,23.35,987077.5,4,3,24,10,0.39,63.05,4.84,-38.68,-4.26,1,6,0.17,0.5,0.09,0.3,low
wf_2026_01,naive_lag_24h,2026-01-09,4,2026-01-09 02:00:00+00:00,2026-01-09 03:00:00+00:00,1,0.2,flat,40.56,1561760.0,3,8,24,1,0.0,5.04,0.29,19.32,0.3,6,6,1.0,0.25,0.02,0.47,low
wf_2026_01,naive_lag_24h,2026-01-09,5,2026-01-09 20:00:00+00:00,2026-01-09 21:00:00+00:00,1,0.22,flat,30.97,1357432.5,8,4,24,14,0.5,64.26,5.31,-39.89,-4.72,1,6,0.17,0.0,0.02,0.06,low
wf_2026_01,naive_lag_24h,2026-01-10,1,2026-01-10 02:00:00+00:00,2026-01-10 03:00:00+00:00,1,0.04,flat,16.52,629437.5,2,2,24,4,0.13,5.63,0.58,10.21,0.19,6,6,1.0,1.0,0.02,0.8,high
wf_2026_01,naive_lag_24h,2026-01-10,2,2026-01-10 01:00:00+00:00,2026-01-10 02:00:00+00:00,1,0.07,flat,16.23,636327.5,4,1,24,3,0.13,10.95,0.2,4.9,0.57,6,6,1.0,0.75,0.0,0.69,medium
wf_2026_01,naive_lag_24h,2026-01-10,3,2026-01-10 03:00:00+00:00,2026-01-10 04:00:00+00:00,1,0.07,flat,16.63,627875.0,1,4,24,5,0.13,0.73,0.72,15.12,0.05,6,6,1.0,0.5,0.02,0.58,medium
wf_2026_01,naive_lag_24h,2026-01-10,4,2026-01-10 04:00:00+00:00,2026-01-10 05:00:00+00:00,1,0.09,flat,16.6,628670.0,3,3,24,1,0.0,0.0,0.0,15.85,0.77,6,6,1.0,0.25,0.1,0.48,low
wf_2026_01,naive_lag_24h,2026-01-10,5,2026-01-10 00:00:00+00:00,2026-01-10 01:00:00+00:00,1,0.17,flat,16.82,671237.5,5,5,24,7,0.3,15.85,0.77,0.0,0.0,1,6,0.17,0.0,0.07,0.07,low
wf_2026_01,naive_lag_24h,2026-01-11,1,2026-01-11 04:00:00+00:00,2026-01-11 05:00:00+00:00,1,0.0,flat,14.04,551260.0,1,1,24,15,0.57,7.09,13.09,10.51,6.61,1,6,0.17,1.0,0.1,0.53,medium
wf_2026_01,naive_lag_24h,2026-01-11,2,2026-01-11 05:00:00+00:00,2026-01-11 06:00:00+00:00,1,0.09,flat,14.18,557587.5,4,2,24,10,0.48,6.46,10.48,11.14,9.22,1,6,0.17,0.75,0.05,0.41,low
wf_2026_01,naive_lag_24h,2026-01-11,3,2026-01-11 01:00:00+00:00,2026-01-11 02:00:00+00:00,1,0.13,flat,14.24,563877.5,5,3,24,20,0.76,12.89,19.46,4.71,0.24,1,6,0.17,0.5,0.0,0.28,low
wf_2026_01,naive_lag_24h,2026-01-11,4,2026-01-11 02:00:00+00:00,2026-01-11 03:00:00+00:00,1,0.13,flat,14.62,574742.5,3,5,24,18,0.72,9.72,16.93,7.89,2.78,1,6,0.17,0.25,0.0,0.17,low
wf_2026_01,naive_lag_24h,2026-01-11,5,2026-01-11 03:00:00+00:00,2026-01-11 04:00:00+00:00,1,0.13,flat,14.76,579570.0,2,6,24,16,0.61,7.54,14.12,10.07,5.59,1,6,0.17,0.0,0.15,0.09,low
wf_2026_01,naive_lag_24h,2026-01-12,1,2026-01-12 13:00:00+00:00,2026-01-12 14:00:00+00:00,1,0.0,flat,18.54,752740.0,1,1,24,5,0.17,20.76,0.91,-2.96,2.44,4,6,0.67,1.0,0.07,0.7,medium
wf_2026_01,naive_lag_24h,2026-01-12,2,2026-01-12 14:00:00+00:00,2026-01-12 15:00:00+00:00,1,0.07,flat,18.92,747850.0,3,2,24,4,0.17,15.9,1.49,1.91,1.86,1,6,0.17,0.75,0.05,0.41,low
wf_2026_01,naive_lag_24h,2026-01-12,3,2026-01-12 12:00:00+00:00,2026-01-12 13:00:00+00:00,1,0.11,flat,19.79,819477.5,4,3,24,7,0.24,18.35,1.63,-0.54,1.72,1,6,0.17,0.5,0.1,0.3,low
wf_2026_01,naive_lag_24h,2026-01-12,4,2026-01-12 15:00:00+00:00,2026-01-12 16:00:00+00:00,1,0.2,flat,20.46,791222.5,6,5,24,12,0.46,25.49,5.73,-7.69,-2.39,1,6,0.17,0.25,0.0,0.17,low
wf_2026_01,naive_lag_24h,2026-01-12,5,2026-01-12 23:00:00+00:00,2026-01-13 00:00:00+00:00,1,0.2,flat,25.68,1024895.0,2,9,24,15,0.65,23.23,20.65,-5.42,-17.3,1,6,0.17,0.0,0.14,0.09,low
wf_2026_01,naive_lag_24h,2026-01-13,1,2026-01-13 03:00:00+00:00,2026-01-13 04:00:00+00:00,1,0.02,flat,15.75,593105.0,1,2,24,1,0.0,0.0,0.06,5.38,3.71,6,6,1.0,1.0,0.03,0.81,high
wf_2026_01,naive_lag_24h,2026-01-13,2,2026-01-13 04:00:00+00:00,2026-01-13 05:00:00+00:00,1,0.04,flat,15.69,590512.5,3,1,24,3,0.04,2.39,0.0,2.99,3.77,6,6,1.0,0.75,0.08,0.7,medium
wf_2026_01,naive_lag_24h,2026-01-13,3,2026-01-13 02:00:00+00:00,2026-01-13 03:00:00+00:00,1,0.11,flat,17.06,646367.5,2,5,24,2,0.04,1.23,1.26,4.15,2.5,6,6,1.0,0.5,0.1,0.6,medium
wf_2026_01,naive_lag_24h,2026-01-13,4,2026-01-13 14:00:00+00:00,2026-01-13 15:00:00+00:00,1,0.2,flat,17.18,701605.0,5,6,24,11,0.39,13.01,4.71,-7.64,-0.94,1,6,0.17,0.25,0.0,0.17,low
wf_2026_01,naive_lag_24h,2026-01-13,5,2026-01-13 13:00:00+00:00,2026-01-13 14:00:00+00:00,1,0.2,flat,16.61,683420.0,8,3,24,6,0.24,3.89,3.76,1.49,0.01,3,6,0.5,0.0,0.03,0.18,low
wf_2026_01,naive_lag_24h,2026-01-14,1,2026-01-14 03:00:00+00:00,2026-01-14 04:00:00+00:00,1,0.02,flat,25.82,934687.5,1,2,24,4,0.07,1.31,2.5,5.79,-2.5,6,6,1.0,1.0,0.04,0.81,high
wf_2026_01,naive_lag_24h,2026-01-14,2,2026-01-14 02:00:00+00:00,2026-01-14 03:00:00+00:00,1,0.07,flat,27.03,979710.0,2,3,24,2,0.0,0.0,1.67,7.1,-1.67,6,6,1.0,0.75,0.0,0.69,medium
wf_2026_01,naive_lag_24h,2026-01-14,3,2026-01-14 04:00:00+00:00,2026-01-14 05:00:00+00:00,1,0.07,flat,25.77,937937.5,4,1,24,5,0.15,4.19,4.55,2.92,-4.55,1,6,0.17,0.5,0.09,0.3,low
wf_2026_01,naive_lag_24h,2026-01-14,4,2026-01-14 12:00:00+00:00,2026-01-14 13:00:00+00:00,1,0.15,flat,28.35,1145027.5,3,6,24,9,0.33,15.3,11.5,-8.2,-11.5,1,6,0.17,0.25,0.02,0.18,low
wf_2026_01,naive_lag_24h,2026-01-14,5,2026-01-14 01:00:00+00:00,2026-01-14 02:00:00+00:00,1,0.17,flat,28.17,1033662.5,5,5,24,1,0.0,0.83,0.36,6.27,-0.36,6,6,1.0,0.0,0.09,0.37,low
wf_2026_01,naive_lag_24h,2026-01-15,1,2026-01-15 01:00:00+00:00,2026-01-15 02:00:00+00:00,1,0.04,flat,29.17,1026020.0,2,2,24,9,0.24,8.16,5.54,4.89,-1.79,3,6,0.5,1.0,0.0,0.62,medium
wf_2026_01,naive_lag_24h,2026-01-15,2,2026-01-15 02:00:00+00:00,2026-01-15 03:00:00+00:00,1,0.04,flat,30.48,1064777.5,1,3,24,4,0.15,2.43,6.04,10.63,-2.28,6,6,1.0,0.75,0.07,0.7,medium
wf_2026_01,naive_lag_24h,2026-01-15,3,2026-01-15 00:00:00+00:00,2026-01-15 01:00:00+00:00,1,0.11,flat,28.81,1024795.0,6,1,24,8,0.24,13.05,3.76,0.0,0.0,1,6,0.17,0.5,0.0,0.28,low
wf_2026_01,naive_lag_24h,2026-01-15,4,2026-01-15 03:00:00+00:00,2026-01-15 04:00:00+00:00,1,0.11,flat,31.3,1088810.0,3,4,24,3,0.09,0.0,5.2,13.05,-1.44,5,6,0.83,0.25,0.1,0.42,low
wf_2026_01,naive_lag_24h,2026-01-15,5,2026-01-15 04:00:00+00:00,2026-01-15 05:00:00+00:00,1,0.2,flat,33.36,1161500.0,5,6,24,5,0.15,5.06,4.51,7.99,-0.75,1,6,0.17,0.0,0.05,0.07,low
wf_2026_01,naive_lag_24h,2026-01-16,1,2026-01-16 23:00:00+00:00,2026-01-17 00:00:00+00:00,1,0.04,flat,22.48,846685.0,3,1,24,13,0.54,33.12,28.2,-27.14,-28.2,1,6,0.17,1.0,0.05,0.52,medium
wf_2026_01,naive_lag_24h,2026-01-16,2,2026-01-16 22:00:00+00:00,2026-01-16 23:00:00+00:00,1,0.09,flat,22.88,879617.5,4,2,24,11,0.46,33.13,27.41,-27.15,-27.41,1,6,0.17,0.75,0.05,0.41,low
wf_2026_01,naive_lag_24h,2026-01-16,3,2026-01-16 03:00:00+00:00,2026-01-16 04:00:00+00:00,1,0.13,flat,27.67,989360.0,1,7,24,4,0.07,5.87,1.99,0.11,-1.99,6,6,1.0,0.5,0.07,0.59,medium
wf_2026_01,naive_lag_24h,2026-01-16,4,2026-01-16 02:00:00+00:00,2026-01-16 03:00:00+00:00,1,0.2,flat,28.52,1022337.5,2,9,24,2,0.0,0.0,0.93,5.97,-0.93,6,6,1.0,0.25,0.0,0.46,low
wf_2026_01,naive_lag_24h,2026-01-16,5,2026-01-16 04:00:00+00:00,2026-01-16 05:00:00+00:00,1,0.2,flat,26.98,968960.0,5,6,24,5,0.13,19.4,5.23,-13.43,-5.23,6,6,1.0,0.0,0.0,0.35,low
wf_2026_01,naive_lag_24h,2026-01-17,1,2026-01-17 01:00:00+00:00,2026-01-17 02:00:00+00:00,1,0.04,flat,18.92,682707.5,2,2,24,5,0.2,3.29,2.2,2.92,1.93,5,6,0.83,1.0,0.0,0.74,medium
wf_2026_01,naive_lag_24h,2026-01-17,2,2026-01-17 02:00:00+00:00,2026-01-17 03:00:00+00:00,1,0.04,flat,19.66,693802.5,1,3,24,3,0.07,0.99,1.37,5.22,2.76,6,6,1.0,0.75,0.03,0.69,medium
wf_2026_01,naive_lag_24h,2026-01-17,3,2026-01-17 00:00:00+00:00,2026-01-17 01:00:00+00:00,1,0.07,flat,18.73,688097.5,4,1,24,12,0.46,6.21,4.13,0.0,0.0,3,6,0.5,0.5,0.05,0.41,low
wf_2026_01,naive_lag_24h,2026-01-17,4,2026-01-17 03:00:00+00:00,2026-01-17 04:00:00+00:00,1,0.11,flat,20.72,717487.5,3,4,24,1,0.0,0.0,0.72,6.21,3.41,6,6,1.0,0.25,0.08,0.48,low
wf_2026_01,naive_lag_24h,2026-01-17,5,2026-01-17 04:00:00+00:00,2026-01-17 05:00:00+00:00,1,0.17,flat,23.96,820572.5,5,5,24,2,0.0,0.69,0.0,5.52,4.13,6,6,1.0,0.0,0.05,0.36,low
wf_2026_01,naive_lag_24h,2026-01-18,1,2026-01-18 03:00:00+00:00,2026-01-18 04:00:00+00:00,1,0.02,flat,42.71,1407872.5,1,2,24,5,0.11,5.38,0.6,6.95,8.06,6,6,1.0,1.0,0.0,0.8,high
wf_2026_01,naive_lag_24h,2026-01-18,2,2026-01-18 04:00:00+00:00,2026-01-18 05:00:00+00:00,1,0.02,flat,41.98,1382217.5,2,1,24,6,0.11,5.22,0.67,7.11,7.99,3,6,0.5,0.75,0.07,0.53,medium
wf_2026_01,naive_lag_24h,2026-01-18,3,2026-01-18 02:00:00+00:00,2026-01-18 03:00:00+00:00,1,0.09,flat,43.36,1443287.5,3,3,24,11,0.2,5.69,1.09,6.65,7.57,4,6,0.67,0.5,0.05,0.47,low
wf_2026_01,naive_lag_24h,2026-01-18,4,2026-01-18 05:00:00+00:00,2026-01-18 06:00:00+00:00,1,0.13,flat,43.67,1440477.5,4,4,24,3,0.04,4.2,1.06,8.13,7.6,1,6,0.17,0.25,0.1,0.19,low
wf_2026_01,naive_lag_24h,2026-01-18,5,2026-01-18 01:00:00+00:00,2026-01-18 02:00:00+00:00,1,0.22,flat,44.18,1496190.0,5,7,24,13,0.39,10.53,2.76,1.8,5.9,1,6,0.17,0.0,0.17,0.09,low
wf_2026_01,naive_lag_24h,2026-01-19,1,2026-01-19 06:00:00+00:00,2026-01-19 07:00:00+00:00,1,0.13,flat,29.97,986185.0,7,1,24,13,0.54,58.57,6.93,-58.26,-6.93,1,6,0.17,1.0,0.03,0.51,medium
wf_2026_01,naive_lag_24h,2026-01-19,2,2026-01-19 11:00:00+00:00,2026-01-19 12:00:00+00:00,1,0.15,flat,32.37,1125625.0,1,8,24,9,0.43,19.13,8.11,-18.83,-8.11,1,6,0.17,0.75,0.03,0.4,low
wf_2026_01,naive_lag_24h,2026-01-19,3,2026-01-19 05:00:00+00:00,2026-01-19 06:00:00+00:00,1,0.17,flat,31.03,1028215.0,5,5,24,6,0.3,26.83,3.67,-26.53,-3.67,2,6,0.33,0.5,0.03,0.35,low
wf_2026_01,naive_lag_24h,2026-01-19,4,2026-01-19 12:00:00+00:00,2026-01-19 13:00:00+00:00,1,0.2,flat,32.64,1142542.5,2,9,24,8,0.39,24.87,7.1,-24.56,-7.1,1,6,0.17,0.25,0.05,0.18,low
wf_2026_01,naive_lag_24h,2026-01-19,5,2026-01-19 03:00:00+00:00,2026-01-19 04:00:00+00:00,1,0.24,flat,30.57,1028167.5,10,3,24,4,0.04,0.0,3.51,0.3,-3.51,6,6,1.0,0.0,0.0,0.35,low
wf_2026_01,naive_lag_24h,2026-01-20,1,2026-01-20 00:00:00+00:00,2026-01-20 01:00:00+00:00,1,0.04,flat,45.1,1528017.5,3,1,24,14,0.48,14.3,11.93,0.0,0.0,1,6,0.17,1.0,0.03,0.51,medium
wf_2026_01,naive_lag_24h,2026-01-20,2,2026-01-20 02:00:00+00:00,2026-01-20 03:00:00+00:00,1,0.07,flat,46.41,1544315.0,2,3,24,8,0.24,2.44,11.31,11.86,0.62,5,6,0.83,0.75,0.03,0.63,medium
wf_2026_01,naive_lag_24h,2026-01-20,3,2026-01-20 01:00:00+00:00,2026-01-20 02:00:00+00:00,1,0.09,flat,46.11,1552245.0,4,2,24,13,0.37,6.48,12.41,7.81,-0.48,3,6,0.5,0.5,0.0,0.4,low
wf_2026_01,naive_lag_24h,2026-01-20,4,2026-01-20 03:00:00+00:00,2026-01-20 04:00:00+00:00,1,0.09,flat,48.61,1619712.5,1,5,24,4,0.09,0.0,10.05,14.3,1.88,5,6,0.83,0.25,0.09,0.42,low
wf_2026_01,naive_lag_24h,2026-01-20,5,2026-01-20 04:00:00+00:00,2026-01-20 05:00:00+00:00,1,0.15,flat,47.89,1596437.5,5,4,24,6,0.15,3.69,9.52,10.61,2.41,2,6,0.33,0.0,0.26,0.17,low
wf_2026_01,naive_lag_24h,2026-01-21,1,2026-01-21 23:00:00+00:00,2026-01-22 00:00:00+00:00,1,0.11,flat,28.91,1101900.0,6,1,24,6,0.22,0.0,3.87,38.54,0.23,6,6,1.0,1.0,0.03,0.81,high
wf_2026_01,naive_lag_24h,2026-01-21,2,2026-01-21 12:00:00+00:00,2026-01-21 13:00:00+00:00,1,0.13,flat,37.74,1512537.5,3,5,24,1,0.0,28.46,0.0,10.08,4.1,6,6,1.0,0.75,0.0,0.69,medium
wf_2026_01,naive_lag_24h,2026-01-21,3,2026-01-21 13:00:00+00:00,2026-01-21 14:00:00+00:00,1,0.13,flat,38.12,1527220.0,2,6,24,4,0.13,33.82,1.62,4.72,2.47,6,6,1.0,0.5,0.08,0.59,medium
wf_2026_01,naive_lag_24h,2026-01-21,4,2026-01-21 03:00:00+00:00,2026-01-21 04:00:00+00:00,1,0.2,flat,38.96,1307995.0,1,10,24,2,0.07,23.57,2.91,14.97,1.18,5,6,0.83,0.25,0.05,0.41,low
wf_2026_01,naive_lag_24h,2026-01-21,5,2026-01-21 14:00:00+00:00,2026-01-21 15:00:00+00:00,1,0.24,flat,38.59,1526775.0,5,8,24,12,0.3,39.71,2.97,-1.17,1.13,1,6,0.17,0.0,0.03,0.06,low
wf_2026_01,naive_lag_24h,2026-01-22,1,2026-01-22 12:00:00+00:00,2026-01-22 13:00:00+00:00,1,0.07,flat,18.03,756065.0,4,1,24,9,0.3,58.16,13.14,-45.05,-13.07,1,6,0.17,1.0,0.07,0.52,medium
wf_2026_01,naive_lag_24h,2026-01-22,2,2026-01-22 03:00:00+00:00,2026-01-22 04:00:00+00:00,1,0.13,flat,20.94,762735.0,2,6,24,2,0.0,0.0,1.3,13.11,-1.23,6,6,1.0,0.75,0.0,0.69,medium
wf_2026_01,naive_lag_24h,2026-01-22,3,2026-01-22 11:00:00+00:00,2026-01-22 12:00:00+00:00,1,0.13,flat,19.1,809242.5,6,2,24,12,0.46,68.22,15.16,-55.11,-15.08,1,6,0.17,0.5,0.07,0.3,low
wf_2026_01,naive_lag_24h,2026-01-22,4,2026-01-22 13:00:00+00:00,2026-01-22 14:00:00+00:00,1,0.2,flat,19.65,810922.5,8,3,24,7,0.24,57.18,11.94,-44.06,-11.86,1,6,0.17,0.25,0.07,0.19,low
wf_2026_01,naive_lag_24h,2026-01-22,5,2026-01-22 04:00:00+00:00,2026-01-22 05:00:00+00:00,1,0.26,flat,21.05,770440.0,5,9,24,5,0.07,12.79,1.56,0.32,-1.49,6,6,1.0,0.0,0.02,0.35,low
wf_2026_01,naive_lag_24h,2026-01-23,1,2026-01-23 02:00:00+00:00,2026-01-23 03:00:00+00:00,1,0.07,flat,21.23,726642.5,2,3,24,5,0.15,7.83,3.15,28.44,1.46,6,6,1.0,1.0,0.0,0.8,high
wf_2026_01,naive_lag_24h,2026-01-23,2,2026-01-23 03:00:00+00:00,2026-01-23 04:00:00+00:00,1,0.07,flat,21.79,736282.5,1,4,24,1,0.0,0.0,2.6,36.27,2.01,6,6,1.0,0.75,0.03,0.69,medium
wf_2026_01,naive_lag_24h,2026-01-23,3,2026-01-23 00:00:00+00:00,2026-01-23 01:00:00+00:00,1,0.09,flat,20.56,734922.5,4,2,24,12,0.35,36.27,4.61,0.0,0.0,2,6,0.33,0.5,0.0,0.34,low
wf_2026_01,naive_lag_24h,2026-01-23,4,2026-01-23 01:00:00+00:00,2026-01-23 02:00:00+00:00,1,0.09,flat,20.49,716027.5,5,1,24,8,0.22,30.53,3.41,5.74,1.2,1,6,0.17,0.25,0.05,0.18,low
wf_2026_01,naive_lag_24h,2026-01-23,5,2026-01-23 04:00:00+00:00,2026-01-23 05:00:00+00:00,1,0.13,flat,22.05,743492.5,3,5,24,4,0.13,24.84,3.09,11.43,1.52,5,6,0.83,0.0,0.1,0.31,low
wf_2026_01,naive_lag_24h,2026-01-24,1,2026-01-24 03:00:00+00:00,2026-01-24 04:00:00+00:00,1,0.09,flat,22.73,786010.0,1,5,24,12,0.39,2.33,4.68,4.99,-2.49,2,6,0.33,1.0,0.08,0.58,medium
wf_2026_01,naive_lag_24h,2026-01-24,2,2026-01-24 12:00:00+00:00,2026-01-24 13:00:00+00:00,1,0.15,flat,22.7,931117.5,5,4,24,4,0.11,5.39,1.18,1.93,1.02,1,6,0.17,0.75,0.03,0.4,low
wf_2026_01,naive_lag_24h,2026-01-24,3,2026-01-24 13:00:00+00:00,2026-01-24 14:00:00+00:00,1,0.17,flat,22.12,885530.0,7,3,24,1,0.0,0.64,1.64,6.68,0.56,6,6,1.0,0.5,0.05,0.59,medium
wf_2026_01,naive_lag_24h,2026-01-24,4,2026-01-24 04:00:00+00:00,2026-01-24 05:00:00+00:00,1,0.22,flat,23.23,810152.5,3,9,24,11,0.37,2.34,4.47,4.98,-2.27,1,6,0.17,0.25,0.03,0.18,low
wf_2026_01,naive_lag_24h,2026-01-24,5,2026-01-24 02:00:00+00:00,2026-01-24 03:00:00+00:00,1,0.24,flat,23.28,815575.0,2,11,24,9,0.33,4.68,3.79,2.64,-1.59,6,6,1.0,0.0,0.0,0.35,low
wf_2026_01,naive_lag_24h,2026-01-25,1,2026-01-25 13:00:00+00:00,2026-01-25 14:00:00+00:00,1,0.07,flat,21.08,806965.0,2,3,24,4,0.09,24.49,0.0,5.93,1.05,1,6,0.17,1.0,0.07,0.52,medium
wf_2026_01,naive_lag_24h,2026-01-25,2,2026-01-25 01:00:00+00:00,2026-01-25 02:00:00+00:00,1,0.13,flat,21.74,773370.0,1,7,24,10,0.33,20.83,1.71,9.59,-0.67,2,6,0.33,0.75,0.0,0.45,low
wf_2026_01,naive_lag_24h,2026-01-25,3,2026-01-25 23:00:00+00:00,2026-01-26 00:00:00+00:00,1,0.13,flat,19.44,683832.5,7,1,24,18,0.63,36.54,18.99,-6.12,-17.95,1,6,0.17,0.5,0.05,0.29,low
wf_2026_01,naive_lag_24h,2026-01-25,4,2026-01-25 12:00:00+00:00,2026-01-25 13:00:00+00:00,1,0.17,flat,20.62,803687.5,8,2,24,6,0.2,30.63,0.24,-0.2,0.81,1,6,0.17,0.25,0.07,0.19,low
wf_2026_01,naive_lag_24h,2026-01-25,5,2026-01-25 05:00:00+00:00,2026-01-25 06:00:00+00:00,1,0.24,flat,22.5,781812.5,3,10,24,5,0.13,10.41,0.91,20.01,0.14,5,6,0.83,0.0,0.02,0.3,low
wf_2026_01,naive_lag_24h,2026-01-26,1,2026-01-26 04:00:00+00:00,2026-01-26 05:00:00+00:00,1,0.07,flat,17.47,589945.0,1,4,24,7,0.22,9.1,9.39,3.62,-1.04,3,6,0.5,1.0,0.11,0.65,medium
wf_2026_01,naive_lag_24h,2026-01-26,2,2026-01-26 02:00:00+00:00,2026-01-26 03:00:00+00:00,1,0.15,flat,17.86,605162.5,2,7,24,4,0.17,3.84,9.08,8.89,-0.73,6,6,1.0,0.75,0.0,0.69,medium
wf_2026_01,naive_lag_24h,2026-01-26,3,2026-01-26 03:00:00+00:00,2026-01-26 04:00:00+00:00,1,0.15,flat,17.54,590362.5,4,5,24,3,0.13,3.43,9.04,9.3,-0.69,6,6,1.0,0.5,0.0,0.57,medium
wf_2026_01,naive_lag_24h,2026-01-26,4,2026-01-26 13:00:00+00:00,2026-01-26 14:00:00+00:00,1,0.15,flat,16.98,632027.5,8,1,24,9,0.39,13.69,17.82,-0.97,-9.47,1,6,0.17,0.25,0.05,0.18,low
wf_2026_01,naive_lag_24h,2026-01-26,5,2026-01-26 05:00:00+00:00,2026-01-26 06:00:00+00:00,1,0.2,flat,17.89,607240.0,3,8,24,13,0.52,25.08,15.92,-12.35,-7.57,1,6,0.17,0.0,0.08,0.07,low
wf_2026_01,naive_lag_24h,2026-01-27,1,2026-01-27 23:00:00+00:00,2026-01-28 00:00:00+00:00,1,0.0,flat,23.03,879415.0,1,1,24,17,0.61,93.42,20.78,-23.12,-20.45,1,6,0.17,1.0,0.14,0.54,medium
wf_2026_01,naive_lag_24h,2026-01-27,2,2026-01-27 01:00:00+00:00,2026-01-27 02:00:00+00:00,1,0.13,flat,30.92,1034697.5,5,3,24,2,0.02,44.51,0.0,25.79,0.33,6,6,1.0,0.75,0.0,0.69,medium
wf_2026_01,naive_lag_24h,2026-01-27,3,2026-01-27 03:00:00+00:00,2026-01-27 04:00:00+00:00,1,0.13,flat,32.08,1078832.5,2,6,24,3,0.07,0.0,0.6,70.3,-0.27,6,6,1.0,0.5,0.05,0.58,medium
wf_2026_01,naive_lag_24h,2026-01-27,4,2026-01-27 02:00:00+00:00,2026-01-27 03:00:00+00:00,1,0.17,flat,32.12,1079200.0,3,7,24,1,0.0,7.89,0.24,62.4,0.09,6,6,1.0,0.25,0.0,0.46,low
wf_2026_01,naive_lag_24h,2026-01-27,5,2026-01-27 22:00:00+00:00,2026-01-27 23:00:00+00:00,1,0.17,flat,27.21,1041465.0,8,2,24,19,0.72,98.07,22.19,-27.77,-21.86,1,6,0.17,0.0,0.02,0.06,low
wf_2026_01,naive_lag_24h,2026-01-28,1,2026-01-28 02:00:00+00:00,2026-01-28 03:00:00+00:00,1,0.04,flat,17.92,669770.0,2,2,24,1,0.0,0.0,0.51,10.66,1.35,6,6,1.0,1.0,0.02,0.8,high
wf_2026_01,naive_lag_24h,2026-01-28,2,2026-01-28 01:00:00+00:00,2026-01-28 02:00:00+00:00,1,0.07,flat,17.68,676247.5,4,1,24,3,0.09,9.17,0.54,1.48,1.32,6,6,1.0,0.75,0.05,0.7,medium
wf_2026_01,naive_lag_24h,2026-01-28,3,2026-01-28 03:00:00+00:00,2026-01-28 04:00:00+00:00,1,0.11,flat,18.28,665485.0,1,6,24,2,0.0,0.7,0.0,9.95,1.86,6,6,1.0,0.5,0.0,0.57,medium
wf_2026_01,naive_lag_24h,2026-01-28,4,2026-01-28 04:00:00+00:00,2026-01-28 05:00:00+00:00,1,0.11,flat,18.13,667882.5,3,4,24,4,0.09,5.15,1.0,5.51,0.86,6,6,1.0,0.25,0.05,0.47,low
wf_2026_01,naive_lag_24h,2026-01-28,5,2026-01-28 00:00:00+00:00,2026-01-28 01:00:00+00:00,1,0.15,flat,18.0,686865.0,6,3,24,5,0.15,10.66,1.86,0.0,0.0,6,6,1.0,0.0,0.02,0.35,low
wf_2026_01,naive_lag_24h,2026-01-29,1,2026-01-29 02:00:00+00:00,2026-01-29 03:00:00+00:00,1,0.02,flat,34.61,1226540.0,1,2,24,1,0.0,2.18,11.27,9.52,3.69,6,6,1.0,1.0,0.0,0.8,high
wf_2026_01,naive_lag_24h,2026-01-29,2,2026-01-29 03:00:00+00:00,2026-01-29 04:00:00+00:00,1,0.02,flat,34.1,1204655.0,2,1,24,2,0.0,0.0,11.35,11.7,3.61,6,6,1.0,0.75,0.09,0.71,medium
wf_2026_01,naive_lag_24h,2026-01-29,3,2026-01-29 01:00:00+00:00,2026-01-29 02:00:00+00:00,1,0.11,flat,34.63,1227075.0,4,3,24,6,0.15,9.87,14.73,1.83,0.23,1,6,0.17,0.5,0.0,0.28,low
wf_2026_01,naive_lag_24h,2026-01-29,4,2026-01-29 04:00:00+00:00,2026-01-29 05:00:00+00:00,1,0.11,flat,35.1,1248720.0,3,4,24,4,0.09,8.56,13.23,3.13,1.73,6,6,1.0,0.25,0.07,0.48,low
wf_2026_01,naive_lag_24h,2026-01-29,5,2026-01-29 00:00:00+00:00,2026-01-29 01:00:00+00:00,1,0.17,flat,35.96,1278575.0,5,5,24,7,0.2,11.7,14.96,0.0,0.0,6,6,1.0,0.0,0.11,0.37,low
wf_2026_01,naive_lag_24h,2026-01-30,1,2026-01-30 02:00:00+00:00,2026-01-30 03:00:00+00:00,1,0.07,flat,43.31,1472455.0,2,3,24,13,0.46,6.84,8.07,12.03,-0.3,4,6,0.67,1.0,0.0,0.68,medium
wf_2026_01,naive_lag_24h,2026-01-30,2,2026-01-30 03:00:00+00:00,2026-01-30 04:00:00+00:00,1,0.07,flat,43.39,1472617.5,1,4,24,8,0.28,2.62,7.43,16.25,0.33,1,6,0.17,0.75,0.0,0.4,low
wf_2026_01,naive_lag_24h,2026-01-30,3,2026-01-30 22:00:00+00:00,2026-01-30 23:00:00+00:00,1,0.07,flat,41.56,1583405.0,3,2,24,3,0.11,13.07,0.95,5.81,6.81,4,6,0.67,0.5,0.11,0.48,low
wf_2026_01,naive_lag_24h,2026-01-30,4,2026-01-30 04:00:00+00:00,2026-01-30 05:00:00+00:00,1,0.15,flat,45.27,1552100.0,4,5,24,7,0.26,6.15,7.37,12.73,0.39,1,6,0.17,0.25,0.05,0.18,low
wf_2026_01,naive_lag_24h,2026-01-30,5,2026-01-30 23:00:00+00:00,2026-01-31 00:00:00+00:00,1,0.2,flat,32.04,1193472.5,10,1,24,4,0.11,13.01,0.99,5.87,6.77,6,6,1.0,0.0,0.03,0.36,low
wf_2026_01,naive_lag_24h,2026-01-31,1,2026-01-31 12:00:00+00:00,2026-01-31 13:00:00+00:00,1,0.07,flat,18.41,752372.5,4,1,24,9,0.3,14.35,11.57,-10.89,-11.57,1,6,0.17,1.0,0.02,0.51,medium
wf_2026_01,naive_lag_24h,2026-01-31,2,2026-01-31 13:00:00+00:00,2026-01-31 14:00:00+00:00,1,0.09,flat,20.25,806812.5,1,5,24,13,0.43,17.06,12.88,-13.6,-12.88,1,6,0.17,0.75,0.09,0.41,low
wf_2026_01,naive_lag_24h,2026-01-31,3,2026-01-31 22:00:00+00:00,2026-01-31 23:00:00+00:00,1,0.17,flat,19.36,706175.0,8,2,24,11,0.35,14.1,12.79,-10.64,-12.79,1,6,0.17,0.5,0.0,0.28,low
wf_2026_01,naive_lag_24h,2026-01-31,4,2026-01-31 23:00:00+00:00,2026-02-01 00:00:00+00:00,1,0.17,flat,19.4,674730.0,7,3,24,10,0.3,14.4,10.22,-10.94,-10.22,1,6,0.17,0.25,0.12,0.19,low
wf_2026_01,naive_lag_24h,2026-01-31,5,2026-01-31 14:00:00+00:00,2026-01-31 15:00:00+00:00,1,0.28,flat,22.76,887055.0,6,9,24,14,0.52,20.29,14.49,-16.83,-14.49,1,6,0.17,0.0,0.02,0.06,low
wf_2026_01,random_forest,2026-01-01,1,2026-01-01 11:00:00+00:00,2026-01-01 12:00:00+00:00,1,0.04,unknown,12.0,450613.0,1,3,24,3,0.04,7.82,0.21,40.4,3.13,5,6,0.83,1.0,0.05,0.75,high
wf_2026_01,random_forest,2026-01-01,2,2026-01-01 12:00:00+00:00,2026-01-01 13:00:00+00:00,1,0.09,unknown,11.83,449117.7,4,2,24,1,0.0,6.72,0.0,41.49,3.34,5,6,0.83,0.75,0.0,0.63,medium
wf_2026_01,random_forest,2026-01-01,3,2026-01-01 13:00:00+00:00,2026-01-01 14:00:00+00:00,1,0.09,unknown,11.81,450548.4,5,1,24,7,0.15,18.13,0.22,30.08,3.13,5,6,0.83,0.5,0.02,0.52,medium
wf_2026_01,random_forest,2026-01-01,4,2026-01-01 10:00:00+00:00,2026-01-01 11:00:00+00:00,1,0.11,unknown,12.38,449742.2,2,5,24,2,0.02,4.86,0.59,43.36,2.76,5,6,0.83,0.25,0.1,0.42,low
wf_2026_01,random_forest,2026-01-01,5,2026-01-01 14:00:00+00:00,2026-01-01 15:00:00+00:00,1,0.2,unknown,12.08,452226.7,7,4,24,9,0.22,26.85,0.52,21.36,2.82,1,6,0.17,0.0,0.05,0.07,low
wf_2026_01,random_forest,2026-01-02,1,2026-01-02 00:00:00+00:00,2026-01-02 01:00:00+00:00,1,0.04,decrease,12.96,454733.2,3,1,24,2,0.02,8.38,0.0,0.0,0.0,5,6,0.83,1.0,0.0,0.74,medium
wf_2026_01,random_forest,2026-01-02,2,2026-01-02 01:00:00+00:00,2026-01-02 02:00:00+00:00,1,0.04,decrease,13.01,446417.1,2,2,24,3,0.02,5.59,0.11,2.78,-0.11,5,6,0.83,0.75,0.0,0.63,medium
wf_2026_01,random_forest,2026-01-02,3,2026-01-02 02:00:00+00:00,2026-01-02 03:00:00+00:00,1,0.04,decrease,13.08,446080.0,1,3,24,1,0.0,0.0,0.34,8.38,-0.34,5,6,0.83,0.5,0.12,0.54,medium
wf_2026_01,random_forest,2026-01-02,4,2026-01-02 03:00:00+00:00,2026-01-02 04:00:00+00:00,1,0.15,decrease,13.93,456197.4,4,5,24,4,0.07,0.2,0.66,8.17,-0.66,5,6,0.83,0.25,0.09,0.42,low
wf_2026_01,random_forest,2026-01-02,5,2026-01-02 05:00:00+00:00,2026-01-02 06:00:00+00:00,1,0.24,increase,13.99,461986.4,6,7,24,6,0.09,13.75,0.32,-5.37,-0.32,1,6,0.17,0.0,0.0,0.06,low
wf_2026_01,random_forest,2026-01-03,1,2026-01-03 02:00:00+00:00,2026-01-03 03:00:00+00:00,1,0.0,increase,23.44,777206.0,1,1,24,3,0.07,1.94,0.36,2.81,1.18,6,6,1.0,1.0,0.07,0.81,high
wf_2026_01,random_forest,2026-01-03,2,2026-01-03 01:00:00+00:00,2026-01-03 02:00:00+00:00,1,0.07,increase,24.07,798413.8,2,3,24,2,0.07,2.92,0.0,1.82,1.55,6,6,1.0,0.75,0.0,0.69,medium
wf_2026_01,random_forest,2026-01-03,3,2026-01-03 03:00:00+00:00,2026-01-03 04:00:00+00:00,1,0.07,increase,23.94,794281.8,3,2,24,1,0.0,0.0,0.2,4.75,1.35,6,6,1.0,0.5,0.1,0.59,medium
wf_2026_01,random_forest,2026-01-03,4,2026-01-03 04:00:00+00:00,2026-01-03 05:00:00+00:00,1,0.15,increase,24.14,809871.6,5,4,24,4,0.07,1.33,0.96,3.42,0.58,6,6,1.0,0.25,0.05,0.47,low
wf_2026_01,random_forest,2026-01-03,5,2026-01-03 05:00:00+00:00,2026-01-03 06:00:00+00:00,1,0.2,increase,26.55,906651.5,6,5,24,5,0.13,2.63,1.33,2.11,0.21,4,6,0.67,0.0,0.02,0.24,low
wf_2026_01,random_forest,2026-01-04,1,2026-01-04 02:00:00+00:00,2026-01-04 03:00:00+00:00,1,0.0,increase,24.75,837698.6,1,1,24,2,0.04,1.21,0.29,1.56,3.76,6,6,1.0,1.0,0.07,0.81,high
wf_2026_01,random_forest,2026-01-04,2,2026-01-04 01:00:00+00:00,2026-01-04 02:00:00+00:00,1,0.07,increase,25.72,880370.3,2,3,24,5,0.13,2.48,0.73,0.29,3.32,6,6,1.0,0.75,0.02,0.69,medium
wf_2026_01,random_forest,2026-01-04,3,2026-01-04 03:00:00+00:00,2026-01-04 04:00:00+00:00,1,0.09,increase,25.18,848909.9,4,2,24,3,0.09,0.0,1.23,2.77,2.82,6,6,1.0,0.5,0.09,0.59,medium
wf_2026_01,random_forest,2026-01-04,4,2026-01-04 04:00:00+00:00,2026-01-04 05:00:00+00:00,1,0.17,increase,26.02,875821.3,6,4,24,1,0.0,0.85,0.0,1.92,4.04,6,6,1.0,0.25,0.13,0.49,low
wf_2026_01,random_forest,2026-01-04,5,2026-01-04 12:00:00+00:00,2026-01-04 13:00:00+00:00,1,0.3,decrease,32.2,1311726.9,7,9,24,8,0.3,4.22,7.68,-1.45,-3.64,1,6,0.17,0.0,0.02,0.06,low
wf_2026_01,random_forest,2026-01-05,1,2026-01-05 02:00:00+00:00,2026-01-05 03:00:00+00:00,1,0.04,decrease,35.16,1225196.3,1,3,24,1,0.0,0.0,2.45,2.53,2.97,6,6,1.0,1.0,0.02,0.8,high
wf_2026_01,random_forest,2026-01-05,2,2026-01-05 03:00:00+00:00,2026-01-05 04:00:00+00:00,1,0.07,increase,35.07,1221117.2,3,2,24,2,0.0,1.18,0.0,1.35,5.42,6,6,1.0,0.75,0.02,0.69,medium
wf_2026_01,random_forest,2026-01-05,3,2026-01-05 01:00:00+00:00,2026-01-05 02:00:00+00:00,1,0.09,decrease,36.07,1262006.9,2,4,24,3,0.04,0.19,3.42,2.34,2.0,6,6,1.0,0.5,0.0,0.57,medium
wf_2026_01,random_forest,2026-01-05,4,2026-01-05 04:00:00+00:00,2026-01-05 05:00:00+00:00,1,0.09,increase,33.05,1150285.3,5,1,24,4,0.07,4.55,1.1,-2.01,4.32,6,6,1.0,0.25,0.09,0.48,low
wf_2026_01,random_forest,2026-01-05,5,2026-01-05 00:00:00+00:00,2026-01-05 01:00:00+00:00,1,0.17,increase,39.62,1394728.8,4,6,24,5,0.13,2.53,5.42,0.0,0.0,4,6,0.67,0.0,0.02,0.24,low
wf_2026_01,random_forest,2026-01-06,1,2026-01-06 23:00:00+00:00,2026-01-07 00:00:00+00:00,1,0.02,decrease,42.32,1646001.1,1,2,24,1,0.0,0.0,0.0,9.02,2.41,5,6,0.83,1.0,0.09,0.76,high
wf_2026_01,random_forest,2026-01-06,2,2026-01-06 01:00:00+00:00,2026-01-06 02:00:00+00:00,1,0.11,increase,43.91,1652123.6,4,3,24,6,0.2,5.96,3.21,3.05,-0.8,6,6,1.0,0.75,0.0,0.69,medium
wf_2026_01,random_forest,2026-01-06,3,2026-01-06 22:00:00+00:00,2026-01-06 23:00:00+00:00,1,0.11,decrease,42.24,1671341.7,6,1,24,2,0.07,2.74,1.12,6.28,1.29,5,6,0.83,0.5,0.02,0.52,medium
wf_2026_01,random_forest,2026-01-06,4,2026-01-06 03:00:00+00:00,2026-01-06 04:00:00+00:00,1,0.13,increase,44.39,1654770.0,3,5,24,7,0.24,6.87,3.27,2.15,-0.86,3,6,0.5,0.25,0.02,0.29,low
wf_2026_01,random_forest,2026-01-06,5,2026-01-06 02:00:00+00:00,2026-01-06 03:00:00+00:00,1,0.15,increase,45.23,1699870.8,2,7,24,3,0.15,4.5,2.88,4.51,-0.47,5,6,0.83,0.0,0.07,0.31,low
wf_2026_01,random_forest,2026-01-07,1,2026-01-07 03:00:00+00:00,2026-01-07 04:00:00+00:00,1,0.02,decrease,31.58,1212122.2,1,2,24,1,0.0,0.0,1.02,8.38,6.53,5,6,0.83,1.0,0.05,0.75,high
wf_2026_01,random_forest,2026-01-07,2,2026-01-07 02:00:00+00:00,2026-01-07 03:00:00+00:00,1,0.07,decrease,32.97,1262719.8,2,3,24,2,0.04,0.42,2.36,7.97,5.19,6,6,1.0,0.75,0.0,0.69,medium
wf_2026_01,random_forest,2026-01-07,3,2026-01-07 04:00:00+00:00,2026-01-07 05:00:00+00:00,1,0.07,decrease,30.88,1211477.5,4,1,24,3,0.07,5.87,0.0,2.52,7.55,5,6,0.83,0.5,0.15,0.55,medium
wf_2026_01,random_forest,2026-01-07,4,2026-01-07 01:00:00+00:00,2026-01-07 02:00:00+00:00,1,0.2,decrease,37.34,1438273.1,5,6,24,4,0.13,4.56,5.6,3.83,1.95,5,6,0.83,0.25,0.1,0.42,low
wf_2026_01,random_forest,2026-01-07,5,2026-01-07 05:00:00+00:00,2026-01-07 06:00:00+00:00,1,0.28,decrease,33.19,1343004.0,11,4,24,5,0.2,13.95,3.39,-5.57,4.15,4,6,0.67,0.0,0.03,0.24,low
wf_2026_01,random_forest,2026-01-08,1,2026-01-08 23:00:00+00:00,2026-01-09 00:00:00+00:00,1,0.0,decrease,19.27,791948.9,1,1,24,1,0.0,0.0,0.0,21.31,23.58,5,6,0.83,1.0,0.04,0.75,high
wf_2026_01,random_forest,2026-01-08,2,2026-01-08 22:00:00+00:00,2026-01-08 23:00:00+00:00,1,0.04,decrease,22.34,939808.8,2,2,24,2,0.04,11.28,3.25,10.03,20.33,5,6,0.83,0.75,0.11,0.65,medium
wf_2026_01,random_forest,2026-01-08,3,2026-01-08 02:00:00+00:00,2026-01-08 03:00:00+00:00,1,0.15,decrease,38.46,1461511.6,5,4,24,4,0.2,20.21,21.3,1.11,2.28,6,6,1.0,0.5,0.02,0.58,medium
wf_2026_01,random_forest,2026-01-08,4,2026-01-08 21:00:00+00:00,2026-01-08 22:00:00+00:00,1,0.17,decrease,29.13,1267826.3,7,3,24,3,0.11,20.72,4.09,0.6,19.49,5,6,0.83,0.25,0.02,0.41,low
wf_2026_01,random_forest,2026-01-08,5,2026-01-08 03:00:00+00:00,2026-01-08 04:00:00+00:00,1,0.2,increase,38.98,1479374.1,6,5,24,7,0.24,23.03,20.92,-1.71,2.66,4,6,0.67,0.0,0.09,0.25,low
wf_2026_01,random_forest,2026-01-09,1,2026-01-09 02:00:00+00:00,2026-01-09 03:00:00+00:00,1,0.04,decrease,16.28,627399.4,2,2,24,1,0.0,5.04,0.29,19.32,0.3,6,6,1.0,1.0,0.0,0.8,high
wf_2026_01,random_forest,2026-01-09,2,2026-01-09 03:00:00+00:00,2026-01-09 04:00:00+00:00,1,0.04,decrease,16.55,626721.9,1,3,24,3,0.02,0.0,0.4,24.36,0.19,5,6,0.83,0.75,0.02,0.63,medium
wf_2026_01,random_forest,2026-01-09,3,2026-01-09 01:00:00+00:00,2026-01-09 02:00:00+00:00,1,0.07,decrease,16.22,641544.1,4,1,24,2,0.02,18.25,0.0,6.12,0.59,5,6,0.83,0.5,0.05,0.53,medium
wf_2026_01,random_forest,2026-01-09,4,2026-01-09 04:00:00+00:00,2026-01-09 05:00:00+00:00,1,0.11,decrease,16.88,639710.3,3,4,24,4,0.04,17.98,0.37,6.38,0.22,5,6,0.83,0.25,0.09,0.42,low
wf_2026_01,random_forest,2026-01-09,5,2026-01-09 00:00:00+00:00,2026-01-09 01:00:00+00:00,1,0.2,decrease,17.95,725945.2,5,6,24,5,0.13,24.36,0.59,0.0,0.0,4,6,0.67,0.0,0.0,0.23,low
wf_2026_01,random_forest,2026-01-10,1,2026-01-10 02:00:00+00:00,2026-01-10 03:00:00+00:00,1,0.04,increase,14.41,558701.0,2,2,24,4,0.13,5.63,0.58,10.21,0.19,6,6,1.0,1.0,0.08,0.82,high
wf_2026_01,random_forest,2026-01-10,2,2026-01-10 01:00:00+00:00,2026-01-10 02:00:00+00:00,1,0.11,increase,14.39,561224.6,6,1,24,3,0.13,10.95,0.2,4.9,0.57,6,6,1.0,0.75,0.0,0.69,medium
wf_2026_01,random_forest,2026-01-10,3,2026-01-10 04:00:00+00:00,2026-01-10 05:00:00+00:00,1,0.11,increase,14.98,587321.0,1,6,24,1,0.0,0.0,0.0,15.85,0.77,6,6,1.0,0.5,0.03,0.58,medium
wf_2026_01,random_forest,2026-01-10,4,2026-01-10 03:00:00+00:00,2026-01-10 04:00:00+00:00,1,0.13,increase,14.79,576309.8,4,4,24,5,0.13,0.73,0.72,15.12,0.05,6,6,1.0,0.25,0.1,0.48,low
wf_2026_01,random_forest,2026-01-10,5,2026-01-10 05:00:00+00:00,2026-01-10 06:00:00+00:00,1,0.22,decrease,15.66,621587.8,3,9,24,2,0.09,8.62,0.14,7.23,0.63,5,6,0.83,0.0,0.03,0.3,low
wf_2026_01,random_forest,2026-01-11,1,2026-01-11 11:00:00+00:00,2026-01-11 12:00:00+00:00,1,0.07,increase,18.81,763374.3,4,1,24,9,0.41,16.71,1.59,0.89,18.11,5,6,0.83,1.0,0.0,0.74,medium
wf_2026_01,random_forest,2026-01-11,2,2026-01-11 14:00:00+00:00,2026-01-11 15:00:00+00:00,1,0.07,increase,19.21,769576.8,2,3,24,2,0.07,4.75,0.38,12.85,19.32,5,6,0.83,0.75,0.1,0.65,medium
wf_2026_01,random_forest,2026-01-11,3,2026-01-11 23:00:00+00:00,2026-01-12 00:00:00+00:00,1,0.15,decrease,24.58,991582.0,1,8,24,5,0.2,2.35,7.14,15.26,12.56,5,6,0.83,0.5,0.03,0.52,medium
wf_2026_01,random_forest,2026-01-11,4,2026-01-11 10:00:00+00:00,2026-01-11 11:00:00+00:00,1,0.17,increase,24.41,978842.0,3,7,24,7,0.33,8.9,2.05,8.7,17.65,5,6,0.83,0.25,0.0,0.4,low
wf_2026_01,random_forest,2026-01-11,5,2026-01-11 13:00:00+00:00,2026-01-11 14:00:00+00:00,1,0.17,increase,19.36,795079.7,6,4,24,1,0.0,0.0,0.0,17.61,19.7,5,6,0.83,0.0,0.13,0.32,low
wf_2026_01,random_forest,2026-01-12,1,2026-01-12 04:00:00+00:00,2026-01-12 05:00:00+00:00,1,0.04,decrease,15.61,589592.0,3,1,24,2,0.02,7.76,0.0,10.05,3.35,5,6,0.83,1.0,0.03,0.75,medium
wf_2026_01,random_forest,2026-01-12,2,2026-01-12 03:00:00+00:00,2026-01-12 04:00:00+00:00,1,0.07,decrease,17.4,658094.9,1,4,24,1,0.0,0.0,0.06,17.81,3.29,5,6,0.83,0.75,0.08,0.64,medium
wf_2026_01,random_forest,2026-01-12,3,2026-01-12 02:00:00+00:00,2026-01-12 03:00:00+00:00,1,0.13,decrease,17.83,672665.7,2,6,24,3,0.09,3.3,1.37,14.51,1.98,5,6,0.83,0.5,0.08,0.53,medium
wf_2026_01,random_forest,2026-01-12,4,2026-01-12 05:00:00+00:00,2026-01-12 06:00:00+00:00,1,0.2,decrease,16.69,637544.8,9,2,24,9,0.26,22.32,1.21,-4.51,2.13,2,6,0.33,0.25,0.03,0.23,low
wf_2026_01,random_forest,2026-01-12,5,2026-01-12 01:00:00+00:00,2026-01-12 02:00:00+00:00,1,0.22,decrease,18.35,698614.0,5,7,24,6,0.2,12.89,2.27,4.92,1.08,5,6,0.83,0.0,0.0,0.29,low
wf_2026_01,random_forest,2026-01-13,1,2026-01-13 02:00:00+00:00,2026-01-13 03:00:00+00:00,1,0.04,increase,27.87,1006420.5,1,3,24,2,0.04,1.23,1.26,4.15,2.5,6,6,1.0,1.0,0.0,0.8,high
wf_2026_01,random_forest,2026-01-13,2,2026-01-13 03:00:00+00:00,2026-01-13 04:00:00+00:00,1,0.04,increase,27.66,986839.2,2,2,24,1,0.0,0.0,0.06,5.38,3.71,6,6,1.0,0.75,0.07,0.7,medium
wf_2026_01,random_forest,2026-01-13,3,2026-01-13 04:00:00+00:00,2026-01-13 05:00:00+00:00,1,0.11,increase,26.9,972972.4,6,1,24,3,0.04,2.39,0.0,2.99,3.77,6,6,1.0,0.5,0.02,0.58,medium
wf_2026_01,random_forest,2026-01-13,4,2026-01-13 01:00:00+00:00,2026-01-13 02:00:00+00:00,1,0.13,increase,28.06,1024711.2,4,4,24,5,0.15,3.81,2.4,1.57,1.37,5,6,0.83,0.25,0.02,0.41,low
wf_2026_01,random_forest,2026-01-13,5,2026-01-13 13:00:00+00:00,2026-01-13 14:00:00+00:00,1,0.15,decrease,29.81,1183102.4,3,6,24,6,0.24,3.89,3.76,1.49,0.01,3,6,0.5,0.0,0.07,0.19,low
wf_2026_01,random_forest,2026-01-14,1,2026-01-14 02:00:00+00:00,2026-01-14 03:00:00+00:00,1,0.04,increase,27.93,970612.1,1,3,24,2,0.0,0.0,1.67,7.1,-1.67,6,6,1.0,1.0,0.05,0.81,high
wf_2026_01,random_forest,2026-01-14,2,2026-01-14 00:00:00+00:00,2026-01-14 01:00:00+00:00,1,0.09,increase,24.38,860095.2,5,1,24,3,0.07,7.1,0.0,0.0,0.0,5,6,0.83,0.75,0.0,0.63,medium
wf_2026_01,random_forest,2026-01-14,3,2026-01-14 01:00:00+00:00,2026-01-14 02:00:00+00:00,1,0.09,increase,27.04,947147.9,4,2,24,1,0.0,0.83,0.36,6.27,-0.36,6,6,1.0,0.5,0.02,0.58,medium
wf_2026_01,random_forest,2026-01-14,4,2026-01-14 03:00:00+00:00,2026-01-14 04:00:00+00:00,1,0.11,increase,30.1,1042082.8,3,4,24,4,0.07,1.31,2.5,5.79,-2.5,6,6,1.0,0.25,0.02,0.47,low
wf_2026_01,random_forest,2026-01-14,5,2026-01-14 23:00:00+00:00,2026-01-15 00:00:00+00:00,1,0.13,decrease,37.56,1409322.3,2,6,24,6,0.2,12.41,3.63,-5.31,-3.63,5,6,0.83,0.0,0.1,0.31,low
wf_2026_01,random_forest,2026-01-15,1,2026-01-15 23:00:00+00:00,2026-01-16 00:00:00+00:00,1,0.02,decrease,20.99,795254.5,2,1,24,1,0.0,2.62,0.0,10.43,3.76,5,6,0.83,1.0,0.07,0.76,high
wf_2026_01,random_forest,2026-01-15,2,2026-01-15 13:00:00+00:00,2026-01-15 14:00:00+00:00,1,0.09,decrease,26.71,1118069.4,1,5,24,10,0.35,8.89,7.26,4.16,-3.5,4,6,0.67,0.75,0.05,0.58,medium
wf_2026_01,random_forest,2026-01-15,3,2026-01-15 02:00:00+00:00,2026-01-15 03:00:00+00:00,1,0.13,decrease,26.67,964222.3,4,4,24,4,0.15,2.43,6.04,10.63,-2.28,6,6,1.0,0.5,0.0,0.57,medium
wf_2026_01,random_forest,2026-01-15,4,2026-01-15 22:00:00+00:00,2026-01-15 23:00:00+00:00,1,0.13,decrease,22.49,867765.6,6,2,24,2,0.04,4.68,0.41,8.38,3.35,5,6,0.83,0.25,0.05,0.41,low
wf_2026_01,random_forest,2026-01-15,5,2026-01-15 03:00:00+00:00,2026-01-15 04:00:00+00:00,1,0.17,decrease,27.63,987393.9,3,7,24,3,0.09,0.0,5.2,13.05,-1.44,5,6,0.83,0.0,0.05,0.3,low
wf_2026_01,random_forest,2026-01-16,1,2026-01-16 01:00:00+00:00,2026-01-16 02:00:00+00:00,1,0.02,decrease,18.35,664582.0,2,1,24,1,0.0,2.98,0.19,2.99,-0.19,5,6,0.83,1.0,0.0,0.74,medium
wf_2026_01,random_forest,2026-01-16,2,2026-01-16 02:00:00+00:00,2026-01-16 03:00:00+00:00,1,0.02,decrease,18.78,669332.4,1,2,24,2,0.0,0.0,0.93,5.97,-0.93,6,6,1.0,0.75,0.07,0.7,medium
wf_2026_01,random_forest,2026-01-16,3,2026-01-16 03:00:00+00:00,2026-01-16 04:00:00+00:00,1,0.09,decrease,19.16,674049.1,3,3,24,4,0.07,5.87,1.99,0.11,-1.99,6,6,1.0,0.5,0.07,0.59,medium
wf_2026_01,random_forest,2026-01-16,4,2026-01-16 00:00:00+00:00,2026-01-16 01:00:00+00:00,1,0.15,decrease,21.05,778977.2,4,5,24,3,0.02,5.97,0.0,0.0,0.0,5,6,0.83,0.25,0.0,0.4,low
wf_2026_01,random_forest,2026-01-16,5,2026-01-16 04:00:00+00:00,2026-01-16 05:00:00+00:00,1,0.15,decrease,20.94,726953.2,5,4,24,5,0.13,19.4,5.23,-13.43,-5.23,6,6,1.0,0.0,0.1,0.37,low
wf_2026_01,random_forest,2026-01-17,1,2026-01-17 03:00:00+00:00,2026-01-17 04:00:00+00:00,1,0.02,increase,41.64,1371115.5,2,1,24,1,0.0,0.0,0.72,6.21,3.41,6,6,1.0,1.0,0.11,0.82,high
wf_2026_01,random_forest,2026-01-17,2,2026-01-17 02:00:00+00:00,2026-01-17 03:00:00+00:00,1,0.11,increase,42.6,1423606.9,1,6,24,3,0.07,0.99,1.37,5.22,2.76,6,6,1.0,0.75,0.0,0.69,medium
wf_2026_01,random_forest,2026-01-17,3,2026-01-17 23:00:00+00:00,2026-01-18 00:00:00+00:00,1,0.11,decrease,42.46,1522658.3,4,3,24,13,0.48,15.53,3.32,-9.32,0.82,3,6,0.5,0.5,0.08,0.42,low
wf_2026_01,random_forest,2026-01-17,4,2026-01-17 01:00:00+00:00,2026-01-17 02:00:00+00:00,1,0.17,increase,42.61,1449926.1,3,7,24,5,0.2,3.29,2.2,2.92,1.93,5,6,0.83,0.25,0.0,0.4,low
wf_2026_01,random_forest,2026-01-17,5,2026-01-17 04:00:00+00:00,2026-01-17 05:00:00+00:00,1,0.17,increase,42.51,1402027.2,6,4,24,2,0.0,0.69,0.0,5.52,4.13,6,6,1.0,0.0,0.08,0.37,low
wf_2026_01,random_forest,2026-01-18,1,2026-01-18 10:00:00+00:00,2026-01-18 11:00:00+00:00,1,0.07,decrease,29.35,1009951.5,4,1,24,10,0.17,2.01,3.15,10.32,5.51,3,6,0.5,1.0,0.0,0.62,medium
wf_2026_01,random_forest,2026-01-18,2,2026-01-18 12:00:00+00:00,2026-01-18 13:00:00+00:00,1,0.07,decrease,30.91,1071859.4,1,4,24,4,0.07,0.11,2.67,12.23,6.0,5,6,0.83,0.75,0.05,0.64,medium
wf_2026_01,random_forest,2026-01-18,3,2026-01-18 03:00:00+00:00,2026-01-18 04:00:00+00:00,1,0.11,increase,30.12,1014159.0,5,2,24,5,0.11,5.38,0.6,6.95,8.06,6,6,1.0,0.5,0.05,0.58,medium
wf_2026_01,random_forest,2026-01-18,4,2026-01-18 13:00:00+00:00,2026-01-18 14:00:00+00:00,1,0.15,decrease,31.67,1096809.1,3,6,24,7,0.13,4.14,2.68,8.19,5.98,1,6,0.17,0.25,0.05,0.18,low
wf_2026_01,random_forest,2026-01-18,5,2026-01-18 11:00:00+00:00,2026-01-18 12:00:00+00:00,1,0.2,decrease,32.61,1138682.2,2,9,24,2,0.02,0.0,2.4,12.33,6.26,4,6,0.67,0.0,0.02,0.24,low
wf_2026_01,random_forest,2026-01-19,1,2026-01-19 00:00:00+00:00,2026-01-19 01:00:00+00:00,1,0.04,decrease,43.79,1459174.8,3,1,24,1,0.0,0.3,0.0,0.0,0.0,5,6,0.83,1.0,0.0,0.74,medium
wf_2026_01,random_forest,2026-01-19,2,2026-01-19 01:00:00+00:00,2026-01-19 02:00:00+00:00,1,0.04,decrease,43.95,1468056.3,2,2,24,3,0.04,0.7,1.01,-0.39,-1.01,5,6,0.83,0.75,0.03,0.63,medium
wf_2026_01,random_forest,2026-01-19,3,2026-01-19 02:00:00+00:00,2026-01-19 03:00:00+00:00,1,0.07,decrease,45.27,1505842.3,1,4,24,2,0.02,0.3,1.31,0.0,-1.31,5,6,0.83,0.5,0.05,0.53,medium
wf_2026_01,random_forest,2026-01-19,4,2026-01-19 03:00:00+00:00,2026-01-19 04:00:00+00:00,1,0.11,decrease,45.18,1487700.1,4,3,24,4,0.04,0.0,3.51,0.3,-3.51,6,6,1.0,0.25,0.1,0.48,low
wf_2026_01,random_forest,2026-01-19,5,2026-01-19 04:00:00+00:00,2026-01-19 05:00:00+00:00,1,0.2,increase,48.0,1604762.3,6,5,24,5,0.11,2.8,2.79,-2.5,-2.79,4,6,0.67,0.0,0.1,0.25,low
wf_2026_01,random_forest,2026-01-20,1,2026-01-20 13:00:00+00:00,2026-01-20 14:00:00+00:00,1,0.09,decrease,37.66,1498766.0,1,5,24,3,0.02,2.22,9.21,12.08,2.71,5,6,0.83,1.0,0.0,0.74,medium
wf_2026_01,random_forest,2026-01-20,2,2026-01-20 23:00:00+00:00,2026-01-21 00:00:00+00:00,1,0.09,decrease,32.87,1268408.7,5,1,24,1,0.0,3.43,0.0,10.87,11.93,5,6,0.83,0.75,0.08,0.64,medium
wf_2026_01,random_forest,2026-01-20,3,2026-01-20 03:00:00+00:00,2026-01-20 04:00:00+00:00,1,0.15,decrease,37.72,1257950.7,3,6,24,4,0.09,0.0,10.05,14.3,1.88,5,6,0.83,0.5,0.05,0.53,medium
wf_2026_01,random_forest,2026-01-20,4,2026-01-20 01:00:00+00:00,2026-01-20 02:00:00+00:00,1,0.2,decrease,36.5,1233574.7,8,3,24,13,0.37,6.48,12.41,7.81,-0.48,3,6,0.5,0.25,0.07,0.3,low
wf_2026_01,random_forest,2026-01-20,5,2026-01-20 02:00:00+00:00,2026-01-20 03:00:00+00:00,1,0.26,decrease,39.14,1310084.8,4,10,24,8,0.24,2.44,11.31,11.86,0.62,5,6,0.83,0.0,0.0,0.29,low
wf_2026_01,random_forest,2026-01-21,1,2026-01-21 13:00:00+00:00,2026-01-21 14:00:00+00:00,1,0.04,decrease,17.86,738284.1,3,1,24,4,0.13,33.82,1.62,4.72,2.47,6,6,1.0,1.0,0.05,0.81,high
wf_2026_01,random_forest,2026-01-21,2,2026-01-21 12:00:00+00:00,2026-01-21 13:00:00+00:00,1,0.09,decrease,18.52,784016.6,4,2,24,1,0.0,28.46,0.0,10.08,4.1,6,6,1.0,0.75,0.02,0.69,medium
wf_2026_01,random_forest,2026-01-21,3,2026-01-21 02:00:00+00:00,2026-01-21 03:00:00+00:00,1,0.11,decrease,20.24,743895.7,1,6,24,7,0.22,24.81,3.19,13.73,0.9,5,6,0.83,0.5,0.05,0.53,medium
wf_2026_01,random_forest,2026-01-21,4,2026-01-21 03:00:00+00:00,2026-01-21 04:00:00+00:00,1,0.15,decrease,20.46,748220.7,2,7,24,2,0.07,23.57,2.91,14.97,1.18,5,6,0.83,0.25,0.02,0.41,low
wf_2026_01,random_forest,2026-01-21,5,2026-01-21 23:00:00+00:00,2026-01-22 00:00:00+00:00,1,0.17,decrease,19.66,719447.3,6,4,24,6,0.22,0.0,3.87,38.54,0.23,6,6,1.0,0.0,0.02,0.35,low
wf_2026_01,random_forest,2026-01-22,1,2026-01-22 01:00:00+00:00,2026-01-22 02:00:00+00:00,1,0.04,decrease,20.42,721966.2,3,1,24,4,0.02,14.36,0.0,-1.25,0.07,5,6,0.83,1.0,0.02,0.75,medium
wf_2026_01,random_forest,2026-01-22,2,2026-01-22 00:00:00+00:00,2026-01-22 01:00:00+00:00,1,0.07,decrease,21.42,771752.1,1,4,24,3,0.02,13.11,0.07,0.0,0.0,5,6,0.83,0.75,0.0,0.63,medium
wf_2026_01,random_forest,2026-01-22,3,2026-01-22 03:00:00+00:00,2026-01-22 04:00:00+00:00,1,0.07,decrease,21.3,719840.7,2,3,24,2,0.0,0.0,1.3,13.11,-1.23,6,6,1.0,0.5,0.02,0.58,medium
wf_2026_01,random_forest,2026-01-22,4,2026-01-22 02:00:00+00:00,2026-01-22 03:00:00+00:00,1,0.09,decrease,20.54,707302.5,4,2,24,1,0.0,3.73,0.74,9.38,-0.66,5,6,0.83,0.25,0.09,0.42,low
wf_2026_01,random_forest,2026-01-22,5,2026-01-22 04:00:00+00:00,2026-01-22 05:00:00+00:00,1,0.17,decrease,22.35,749226.2,5,5,24,5,0.07,12.79,1.56,0.32,-1.49,6,6,1.0,0.0,0.05,0.36,low
wf_2026_01,random_forest,2026-01-23,1,2026-01-23 23:00:00+00:00,2026-01-24 00:00:00+00:00,1,0.09,decrease,21.32,770092.3,5,1,24,11,0.28,37.29,3.1,-1.01,1.51,5,6,0.83,1.0,0.05,0.75,high
wf_2026_01,random_forest,2026-01-23,2,2026-01-23 04:00:00+00:00,2026-01-23 05:00:00+00:00,1,0.13,increase,22.76,792777.0,2,6,24,4,0.13,24.84,3.09,11.43,1.52,5,6,0.83,0.75,0.02,0.63,medium
wf_2026_01,random_forest,2026-01-23,3,2026-01-23 03:00:00+00:00,2026-01-23 04:00:00+00:00,1,0.15,increase,23.36,819239.7,1,8,24,1,0.0,0.0,2.6,36.27,2.01,6,6,1.0,0.5,0.07,0.59,medium
wf_2026_01,random_forest,2026-01-23,4,2026-01-23 02:00:00+00:00,2026-01-23 03:00:00+00:00,1,0.22,increase,23.44,825435.8,3,9,24,5,0.15,7.83,3.15,28.44,1.46,6,6,1.0,0.25,0.0,0.46,low
wf_2026_01,random_forest,2026-01-23,5,2026-01-23 13:00:00+00:00,2026-01-23 14:00:00+00:00,1,0.22,increase,22.67,916032.4,7,5,24,3,0.09,35.93,1.99,0.34,2.62,5,6,0.83,0.0,0.07,0.31,low
wf_2026_01,random_forest,2026-01-24,1,2026-01-24 02:00:00+00:00,2026-01-24 03:00:00+00:00,1,0.11,increase,21.28,744124.7,1,6,24,9,0.33,4.68,3.79,2.64,-1.59,6,6,1.0,1.0,0.05,0.81,high
wf_2026_01,random_forest,2026-01-24,2,2026-01-24 01:00:00+00:00,2026-01-24 02:00:00+00:00,1,0.15,decrease,21.15,741534.1,4,5,24,2,0.07,0.0,2.3,7.32,-0.1,5,6,0.83,0.75,0.0,0.63,medium
wf_2026_01,random_forest,2026-01-24,3,2026-01-24 13:00:00+00:00,2026-01-24 14:00:00+00:00,1,0.15,decrease,20.65,791620.4,7,2,24,1,0.0,0.64,1.64,6.68,0.56,6,6,1.0,0.5,0.0,0.57,medium
wf_2026_01,random_forest,2026-01-24,4,2026-01-24 14:00:00+00:00,2026-01-24 15:00:00+00:00,1,0.15,decrease,21.37,800280.8,2,7,24,13,0.41,11.34,3.39,-4.02,-1.2,2,6,0.33,0.25,0.05,0.24,low
wf_2026_01,random_forest,2026-01-24,5,2026-01-24 23:00:00+00:00,2026-01-25 00:00:00+00:00,1,0.2,decrease,19.41,675803.8,10,1,24,3,0.07,4.7,0.0,2.62,2.2,4,6,0.67,0.0,0.1,0.25,low
wf_2026_01,random_forest,2026-01-25,1,2026-01-25 05:00:00+00:00,2026-01-25 06:00:00+00:00,1,0.09,decrease,17.48,595046.8,1,5,24,5,0.13,10.41,0.91,20.01,0.14,5,6,0.83,1.0,0.08,0.76,high
wf_2026_01,random_forest,2026-01-25,2,2026-01-25 09:00:00+00:00,2026-01-25 10:00:00+00:00,1,0.15,decrease,17.46,623893.4,6,3,24,7,0.24,30.05,0.61,0.37,0.43,4,6,0.67,0.75,0.03,0.58,medium
wf_2026_01,random_forest,2026-01-25,3,2026-01-25 04:00:00+00:00,2026-01-25 05:00:00+00:00,1,0.17,decrease,17.58,592876.6,3,7,24,1,0.0,0.0,0.48,30.42,0.56,5,6,0.83,0.5,0.0,0.52,medium
wf_2026_01,random_forest,2026-01-25,4,2026-01-25 10:00:00+00:00,2026-01-25 11:00:00+00:00,1,0.17,decrease,16.98,624681.7,9,1,24,12,0.37,36.13,0.91,-5.71,0.14,5,6,0.83,0.25,0.03,0.41,low
wf_2026_01,random_forest,2026-01-25,5,2026-01-25 03:00:00+00:00,2026-01-25 04:00:00+00:00,1,0.2,decrease,17.94,605827.6,2,9,24,3,0.09,10.63,0.56,19.79,0.49,5,6,0.83,0.0,0.05,0.3,low
wf_2026_01,random_forest,2026-01-26,1,2026-01-26 23:00:00+00:00,2026-01-27 00:00:00+00:00,1,0.04,decrease,23.81,896602.5,3,1,24,1,0.0,0.0,0.0,12.73,8.35,5,6,0.83,1.0,0.02,0.75,medium
wf_2026_01,random_forest,2026-01-26,2,2026-01-26 02:00:00+00:00,2026-01-26 03:00:00+00:00,1,0.07,increase,29.48,978388.9,2,3,24,4,0.17,3.84,9.08,8.89,-0.73,6,6,1.0,0.75,0.02,0.69,medium
wf_2026_01,random_forest,2026-01-26,3,2026-01-26 01:00:00+00:00,2026-01-26 02:00:00+00:00,1,0.09,increase,28.8,958532.0,4,2,24,2,0.13,9.83,7.88,2.9,0.47,5,6,0.83,0.5,0.02,0.52,medium
wf_2026_01,random_forest,2026-01-26,4,2026-01-26 03:00:00+00:00,2026-01-26 04:00:00+00:00,1,0.11,increase,30.65,1021395.9,1,6,24,3,0.13,3.43,9.04,9.3,-0.69,6,6,1.0,0.25,0.07,0.48,low
wf_2026_01,random_forest,2026-01-26,5,2026-01-26 00:00:00+00:00,2026-01-26 01:00:00+00:00,1,0.17,increase,29.56,996232.1,6,4,24,6,0.2,12.73,8.35,0.0,0.0,2,6,0.33,0.0,0.05,0.13,low
wf_2026_01,random_forest,2026-01-27,1,2026-01-27 02:00:00+00:00,2026-01-27 03:00:00+00:00,1,0.07,decrease,17.55,674692.9,3,2,24,1,0.0,7.89,0.24,62.4,0.09,6,6,1.0,1.0,0.0,0.8,high
wf_2026_01,random_forest,2026-01-27,2,2026-01-27 03:00:00+00:00,2026-01-27 04:00:00+00:00,1,0.07,decrease,17.91,666400.8,2,3,24,3,0.07,0.0,0.6,70.3,-0.27,6,6,1.0,0.75,0.02,0.69,medium
wf_2026_01,random_forest,2026-01-27,3,2026-01-27 01:00:00+00:00,2026-01-27 02:00:00+00:00,1,0.09,decrease,17.52,669717.3,5,1,24,2,0.02,44.51,0.0,25.79,0.33,6,6,1.0,0.5,0.0,0.57,medium
wf_2026_01,random_forest,2026-01-27,4,2026-01-27 04:00:00+00:00,2026-01-27 05:00:00+00:00,1,0.09,decrease,19.85,726024.8,1,5,24,4,0.07,13.34,0.45,56.95,-0.13,5,6,0.83,0.25,0.09,0.42,low
wf_2026_01,random_forest,2026-01-27,5,2026-01-27 05:00:00+00:00,2026-01-27 06:00:00+00:00,1,0.17,decrease,20.15,750952.4,4,6,24,6,0.13,58.86,0.51,11.43,-0.19,5,6,0.83,0.0,0.02,0.3,low
wf_2026_01,random_forest,2026-01-28,1,2026-01-28 00:00:00+00:00,2026-01-28 01:00:00+00:00,1,0.04,increase,32.41,1134804.0,3,1,24,5,0.15,10.66,1.86,0.0,0.0,6,6,1.0,1.0,0.0,0.8,high
wf_2026_01,random_forest,2026-01-28,2,2026-01-28 02:00:00+00:00,2026-01-28 03:00:00+00:00,1,0.04,increase,32.61,1126698.6,2,2,24,1,0.0,0.0,0.51,10.66,1.35,6,6,1.0,0.75,0.0,0.69,medium
wf_2026_01,random_forest,2026-01-28,3,2026-01-28 03:00:00+00:00,2026-01-28 04:00:00+00:00,1,0.04,increase,33.29,1155381.2,1,3,24,2,0.0,0.7,0.0,9.95,1.86,6,6,1.0,0.5,0.09,0.59,medium
wf_2026_01,random_forest,2026-01-28,4,2026-01-28 01:00:00+00:00,2026-01-28 02:00:00+00:00,1,0.13,increase,33.55,1159120.1,4,4,24,3,0.09,9.17,0.54,1.48,1.32,6,6,1.0,0.25,0.07,0.48,low
wf_2026_01,random_forest,2026-01-28,5,2026-01-28 04:00:00+00:00,2026-01-28 05:00:00+00:00,1,0.2,increase,34.17,1190591.6,6,5,24,4,0.09,5.15,1.0,5.51,0.86,6,6,1.0,0.0,0.02,0.35,low
wf_2026_01,random_forest,2026-01-29,1,2026-01-29 23:00:00+00:00,2026-01-30 00:00:00+00:00,1,0.02,decrease,39.75,1497819.8,1,2,24,5,0.13,18.58,0.0,-6.88,14.96,5,6,0.83,1.0,0.07,0.76,high
wf_2026_01,random_forest,2026-01-29,2,2026-01-29 03:00:00+00:00,2026-01-29 04:00:00+00:00,1,0.09,increase,41.81,1408522.3,2,4,24,2,0.0,0.0,11.35,11.7,3.61,6,6,1.0,0.75,0.0,0.69,medium
wf_2026_01,random_forest,2026-01-29,3,2026-01-29 04:00:00+00:00,2026-01-29 05:00:00+00:00,1,0.09,decrease,41.39,1404253.3,3,3,24,4,0.09,8.56,13.23,3.13,1.73,6,6,1.0,0.5,0.05,0.58,medium
wf_2026_01,random_forest,2026-01-29,4,2026-01-29 00:00:00+00:00,2026-01-29 01:00:00+00:00,1,0.13,decrease,37.61,1341207.0,7,1,24,7,0.2,11.7,14.96,0.0,0.0,6,6,1.0,0.25,0.05,0.47,low
wf_2026_01,random_forest,2026-01-29,5,2026-01-29 02:00:00+00:00,2026-01-29 03:00:00+00:00,1,0.17,increase,44.56,1529819.8,4,6,24,1,0.0,2.18,11.27,9.52,3.69,6,6,1.0,0.0,0.05,0.36,low
wf_2026_01,random_forest,2026-01-30,1,2026-01-30 13:00:00+00:00,2026-01-30 14:00:00+00:00,1,0.04,decrease,18.84,761121.3,3,1,24,2,0.02,0.0,1.84,18.88,5.92,5,6,0.83,1.0,0.05,0.75,high
wf_2026_01,random_forest,2026-01-30,2,2026-01-30 23:00:00+00:00,2026-01-31 00:00:00+00:00,1,0.09,decrease,18.87,674105.9,4,2,24,4,0.11,13.01,0.99,5.87,6.77,6,6,1.0,0.75,0.05,0.7,medium
wf_2026_01,random_forest,2026-01-30,3,2026-01-30 14:00:00+00:00,2026-01-30 15:00:00+00:00,1,0.13,decrease,21.68,841022.5,1,7,24,5,0.22,12.56,4.35,6.32,3.41,5,6,0.83,0.5,0.05,0.53,medium
wf_2026_01,random_forest,2026-01-30,4,2026-01-30 21:00:00+00:00,2026-01-30 22:00:00+00:00,1,0.17,decrease,19.4,736858.2,7,3,24,11,0.35,19.33,2.35,-0.45,5.41,4,6,0.67,0.25,0.1,0.37,low
wf_2026_01,random_forest,2026-01-30,5,2026-01-30 02:00:00+00:00,2026-01-30 03:00:00+00:00,1,0.26,decrease,24.26,869275.4,5,9,24,13,0.46,6.84,8.07,12.03,-0.3,4,6,0.67,0.0,0.0,0.23,low
wf_2026_01,random_forest,2026-01-31,1,2026-01-31 00:00:00+00:00,2026-01-31 01:00:00+00:00,1,0.04,decrease,19.14,654120.0,3,1,24,1,0.0,3.46,0.0,0.0,0.0,5,6,0.83,1.0,0.0,0.74,medium
wf_2026_01,random_forest,2026-01-31,2,2026-01-31 01:00:00+00:00,2026-01-31 02:00:00+00:00,1,0.04,decrease,19.74,647455.8,2,2,24,3,0.02,3.39,1.26,0.07,-1.26,5,6,0.83,0.75,0.02,0.63,medium
wf_2026_01,random_forest,2026-01-31,3,2026-01-31 02:00:00+00:00,2026-01-31 03:00:00+00:00,1,0.07,increase,21.56,687737.1,1,4,24,4,0.04,2.0,1.81,1.46,-1.81,5,6,0.83,0.5,0.12,0.54,medium
wf_2026_01,random_forest,2026-01-31,4,2026-01-31 03:00:00+00:00,2026-01-31 04:00:00+00:00,1,0.17,increase,21.77,694019.0,4,6,24,2,0.0,0.0,1.62,3.46,-1.62,5,6,0.83,0.25,0.0,0.4,low
wf_2026_01,random_forest,2026-01-31,5,2026-01-31 05:00:00+00:00,2026-01-31 06:00:00+00:00,1,0.17,increase,20.54,651520.5,7,3,24,6,0.15,5.95,2.22,-2.49,-2.22,3,6,0.5,0.0,0.02,0.18,low
wf_2026_01,ridge,2026-01-01,1,2026-01-01 10:00:00+00:00,2026-01-01 11:00:00+00:00,1,0.0,unknown,12.21,438642.2,1,1,24,2,0.02,4.86,0.59,43.36,2.76,5,6,0.83,1.0,0.07,0.76,high
wf_2026_01,ridge,2026-01-01,2,2026-01-01 11:00:00+00:00,2026-01-01 12:00:00+00:00,1,0.07,unknown,12.34,460445.6,3,2,24,3,0.04,7.82,0.21,40.4,3.13,5,6,0.83,0.75,0.07,0.64,medium
wf_2026_01,ridge,2026-01-01,3,2026-01-01 08:00:00+00:00,2026-01-01 09:00:00+00:00,1,0.13,unknown,13.27,447410.6,2,6,24,10,0.24,11.52,1.7,36.7,1.64,1,6,0.17,0.5,0.0,0.28,low
wf_2026_01,ridge,2026-01-01,4,2026-01-01 12:00:00+00:00,2026-01-01 13:00:00+00:00,1,0.13,unknown,12.47,477762.4,5,3,24,1,0.0,6.72,0.0,41.49,3.34,5,6,0.83,0.25,0.07,0.42,low
wf_2026_01,ridge,2026-01-01,5,2026-01-01 13:00:00+00:00,2026-01-01 14:00:00+00:00,1,0.2,unknown,12.65,487794.2,7,4,24,7,0.15,18.13,0.22,30.08,3.13,5,6,0.83,0.0,0.16,0.32,low
wf_2026_01,ridge,2026-01-02,1,2026-01-02 01:00:00+00:00,2026-01-02 02:00:00+00:00,1,0.07,decrease,12.69,429690.8,4,1,24,3,0.02,5.59,0.11,2.78,-0.11,5,6,0.83,1.0,0.0,0.74,medium
wf_2026_01,ridge,2026-01-02,2,2026-01-02 02:00:00+00:00,2026-01-02 03:00:00+00:00,1,0.07,decrease,12.86,432169.9,2,3,24,1,0.0,0.0,0.34,8.38,-0.34,5,6,0.83,0.75,0.0,0.63,medium
wf_2026_01,ridge,2026-01-02,3,2026-01-02 03:00:00+00:00,2026-01-02 04:00:00+00:00,1,0.07,decrease,13.34,438646.5,1,4,24,4,0.07,0.2,0.66,8.17,-0.66,5,6,0.83,0.5,0.05,0.53,medium
wf_2026_01,ridge,2026-01-02,4,2026-01-02 00:00:00+00:00,2026-01-02 01:00:00+00:00,1,0.11,decrease,12.84,450769.6,5,2,24,2,0.02,8.38,0.0,0.0,0.0,5,6,0.83,0.25,0.05,0.41,low
wf_2026_01,ridge,2026-01-02,5,2026-01-02 04:00:00+00:00,2026-01-02 05:00:00+00:00,1,0.15,increase,14.11,457838.1,3,6,24,5,0.07,1.06,0.63,7.31,-0.63,1,6,0.17,0.0,0.07,0.07,low
wf_2026_01,ridge,2026-01-03,1,2026-01-03 02:00:00+00:00,2026-01-03 03:00:00+00:00,1,0.0,increase,23.58,779775.1,1,1,24,3,0.07,1.94,0.36,2.81,1.18,6,6,1.0,1.0,0.1,0.82,high
wf_2026_01,ridge,2026-01-03,2,2026-01-03 01:00:00+00:00,2026-01-03 02:00:00+00:00,1,0.09,increase,25.15,835784.5,2,4,24,2,0.07,2.92,0.0,1.82,1.55,6,6,1.0,0.75,0.0,0.69,medium
wf_2026_01,ridge,2026-01-03,3,2026-01-03 03:00:00+00:00,2026-01-03 04:00:00+00:00,1,0.09,increase,24.16,798103.1,4,2,24,1,0.0,0.0,0.2,4.75,1.35,6,6,1.0,0.5,0.07,0.59,medium
wf_2026_01,ridge,2026-01-03,4,2026-01-03 04:00:00+00:00,2026-01-03 05:00:00+00:00,1,0.15,increase,24.37,810418.2,6,3,24,4,0.07,1.33,0.96,3.42,0.58,6,6,1.0,0.25,0.07,0.48,low
wf_2026_01,ridge,2026-01-03,5,2026-01-03 06:00:00+00:00,2026-01-03 07:00:00+00:00,1,0.22,increase,25.16,872229.4,7,5,24,7,0.22,5.83,1.35,-1.08,0.19,1,6,0.17,0.0,0.07,0.07,low
wf_2026_01,ridge,2026-01-04,1,2026-01-04 02:00:00+00:00,2026-01-04 03:00:00+00:00,1,0.07,increase,24.94,835785.3,3,2,24,2,0.04,1.21,0.29,1.56,3.76,6,6,1.0,1.0,0.0,0.8,high
wf_2026_01,ridge,2026-01-04,2,2026-01-04 03:00:00+00:00,2026-01-04 04:00:00+00:00,1,0.07,increase,24.72,823934.1,4,1,24,3,0.09,0.0,1.23,2.77,2.82,6,6,1.0,0.75,0.09,0.71,medium
wf_2026_01,ridge,2026-01-04,3,2026-01-04 01:00:00+00:00,2026-01-04 02:00:00+00:00,1,0.15,increase,28.21,962182.8,2,7,24,5,0.13,2.48,0.73,0.29,3.32,6,6,1.0,0.5,0.05,0.58,medium
wf_2026_01,ridge,2026-01-04,4,2026-01-04 04:00:00+00:00,2026-01-04 05:00:00+00:00,1,0.2,increase,26.05,871798.8,6,5,24,1,0.0,0.85,0.0,1.92,4.04,6,6,1.0,0.25,0.02,0.47,low
wf_2026_01,ridge,2026-01-04,5,2026-01-04 06:00:00+00:00,2026-01-04 07:00:00+00:00,1,0.22,increase,25.02,842367.2,9,3,24,6,0.2,4.0,0.77,-1.23,3.27,1,6,0.17,0.0,0.09,0.08,low
wf_2026_01,ridge,2026-01-05,1,2026-01-05 02:00:00+00:00,2026-01-05 03:00:00+00:00,1,0.07,increase,35.62,1248553.1,1,4,24,1,0.0,0.0,2.45,2.53,2.97,6,6,1.0,1.0,0.02,0.8,high
wf_2026_01,ridge,2026-01-05,2,2026-01-05 04:00:00+00:00,2026-01-05 05:00:00+00:00,1,0.09,increase,32.69,1147323.1,5,1,24,4,0.07,4.55,1.1,-2.01,4.32,6,6,1.0,0.75,0.02,0.69,medium
wf_2026_01,ridge,2026-01-05,3,2026-01-05 03:00:00+00:00,2026-01-05 04:00:00+00:00,1,0.11,increase,34.76,1217604.0,4,3,24,2,0.0,1.18,0.0,1.35,5.42,6,6,1.0,0.5,0.02,0.58,medium
wf_2026_01,ridge,2026-01-05,4,2026-01-05 01:00:00+00:00,2026-01-05 02:00:00+00:00,1,0.13,increase,37.61,1326488.1,2,6,24,3,0.04,0.19,3.42,2.34,2.0,6,6,1.0,0.25,0.02,0.47,low
wf_2026_01,ridge,2026-01-05,5,2026-01-05 05:00:00+00:00,2026-01-05 06:00:00+00:00,1,0.15,increase,34.17,1220464.0,7,2,24,6,0.17,22.71,4.69,-20.17,0.73,2,6,0.33,0.0,0.02,0.12,low
wf_2026_01,ridge,2026-01-06,1,2026-01-06 23:00:00+00:00,2026-01-07 00:00:00+00:00,1,0.0,decrease,42.27,1654328.6,1,1,24,1,0.0,0.0,0.0,9.02,2.41,5,6,0.83,1.0,0.11,0.76,high
wf_2026_01,ridge,2026-01-06,2,2026-01-06 01:00:00+00:00,2026-01-06 02:00:00+00:00,1,0.11,increase,43.53,1636946.3,4,3,24,6,0.2,5.96,3.21,3.05,-0.8,6,6,1.0,0.75,0.02,0.69,medium
wf_2026_01,ridge,2026-01-06,3,2026-01-06 22:00:00+00:00,2026-01-06 23:00:00+00:00,1,0.13,decrease,42.53,1682834.5,6,2,24,2,0.07,2.74,1.12,6.28,1.29,5,6,0.83,0.5,0.02,0.52,medium
wf_2026_01,ridge,2026-01-06,4,2026-01-06 00:00:00+00:00,2026-01-06 01:00:00+00:00,1,0.15,increase,44.08,1681066.2,3,6,24,5,0.2,9.02,2.41,0.0,0.0,5,6,0.83,0.25,0.0,0.4,low
wf_2026_01,ridge,2026-01-06,5,2026-01-06 02:00:00+00:00,2026-01-06 03:00:00+00:00,1,0.15,increase,44.22,1662949.0,2,7,24,3,0.15,4.5,2.88,4.51,-0.47,5,6,0.83,0.0,0.02,0.3,low
wf_2026_01,ridge,2026-01-07,1,2026-01-07 03:00:00+00:00,2026-01-07 04:00:00+00:00,1,0.07,decrease,32.05,1240250.9,2,3,24,1,0.0,0.0,1.02,8.38,6.53,5,6,0.83,1.0,0.08,0.76,high
wf_2026_01,ridge,2026-01-07,2,2026-01-07 02:00:00+00:00,2026-01-07 03:00:00+00:00,1,0.13,decrease,35.07,1359073.5,3,5,24,2,0.04,0.42,2.36,7.97,5.19,6,6,1.0,0.75,0.0,0.69,medium
wf_2026_01,ridge,2026-01-07,3,2026-01-07 04:00:00+00:00,2026-01-07 05:00:00+00:00,1,0.13,decrease,31.03,1221120.9,6,2,24,3,0.07,5.87,0.0,2.52,7.55,5,6,0.83,0.5,0.06,0.53,medium
wf_2026_01,ridge,2026-01-07,4,2026-01-07 01:00:00+00:00,2026-01-07 02:00:00+00:00,1,0.17,decrease,37.01,1436684.8,4,6,24,4,0.13,4.56,5.6,3.83,1.95,5,6,0.83,0.25,0.06,0.42,low
wf_2026_01,ridge,2026-01-07,5,2026-01-07 06:00:00+00:00,2026-01-07 07:00:00+00:00,1,0.22,decrease,32.99,1363275.1,8,4,24,11,0.52,28.53,8.58,-20.15,-1.04,1,6,0.17,0.0,0.03,0.06,low
wf_2026_01,ridge,2026-01-08,1,2026-01-08 23:00:00+00:00,2026-01-09 00:00:00+00:00,1,0.0,decrease,21.87,905867.4,1,1,24,1,0.0,0.0,0.0,21.31,23.58,5,6,0.83,1.0,0.04,0.75,high
wf_2026_01,ridge,2026-01-08,2,2026-01-08 22:00:00+00:00,2026-01-08 23:00:00+00:00,1,0.04,decrease,23.03,969672.2,2,2,24,2,0.04,11.28,3.25,10.03,20.33,5,6,0.83,0.75,0.11,0.65,medium
wf_2026_01,ridge,2026-01-08,3,2026-01-08 02:00:00+00:00,2026-01-08 03:00:00+00:00,1,0.15,increase,39.99,1528225.0,5,4,24,4,0.2,20.21,21.3,1.11,2.28,6,6,1.0,0.5,0.02,0.58,medium
wf_2026_01,ridge,2026-01-08,4,2026-01-08 03:00:00+00:00,2026-01-08 04:00:00+00:00,1,0.17,increase,40.25,1540502.3,3,7,24,7,0.24,23.03,20.92,-1.71,2.66,4,6,0.67,0.25,0.0,0.35,low
wf_2026_01,ridge,2026-01-08,5,2026-01-08 21:00:00+00:00,2026-01-08 22:00:00+00:00,1,0.17,decrease,30.74,1354078.7,7,3,24,3,0.11,20.72,4.09,0.6,19.49,5,6,0.83,0.0,0.09,0.31,low
wf_2026_01,ridge,2026-01-09,1,2026-01-09 02:00:00+00:00,2026-01-09 03:00:00+00:00,1,0.04,decrease,16.14,628538.8,3,1,24,1,0.0,5.04,0.29,19.32,0.3,6,6,1.0,1.0,0.0,0.8,high
wf_2026_01,ridge,2026-01-09,2,2026-01-09 03:00:00+00:00,2026-01-09 04:00:00+00:00,1,0.04,decrease,16.61,632378.7,2,2,24,3,0.02,0.0,0.4,24.36,0.19,5,6,0.83,0.75,0.02,0.63,medium
wf_2026_01,ridge,2026-01-09,3,2026-01-09 04:00:00+00:00,2026-01-09 05:00:00+00:00,1,0.07,decrease,17.09,649606.2,1,4,24,4,0.04,17.98,0.37,6.38,0.22,5,6,0.83,0.5,0.05,0.53,medium
wf_2026_01,ridge,2026-01-09,4,2026-01-09 01:00:00+00:00,2026-01-09 02:00:00+00:00,1,0.11,decrease,16.7,660711.0,4,3,24,2,0.02,18.25,0.0,6.12,0.59,5,6,0.83,0.25,0.07,0.42,low
wf_2026_01,ridge,2026-01-09,5,2026-01-09 05:00:00+00:00,2026-01-09 06:00:00+00:00,1,0.17,decrease,17.64,678956.0,5,5,24,6,0.2,44.9,1.16,-20.53,-0.57,1,6,0.17,0.0,0.07,0.07,low
wf_2026_01,ridge,2026-01-10,1,2026-01-10 02:00:00+00:00,2026-01-10 03:00:00+00:00,1,0.02,increase,13.59,525896.2,2,1,24,4,0.13,5.63,0.58,10.21,0.19,6,6,1.0,1.0,0.02,0.8,high
wf_2026_01,ridge,2026-01-10,2,2026-01-10 03:00:00+00:00,2026-01-10 04:00:00+00:00,1,0.04,increase,14.19,547743.7,1,3,24,5,0.13,0.73,0.72,15.12,0.05,6,6,1.0,0.75,0.05,0.7,medium
wf_2026_01,ridge,2026-01-10,3,2026-01-10 01:00:00+00:00,2026-01-10 02:00:00+00:00,1,0.09,increase,14.13,551847.7,4,2,24,3,0.13,10.95,0.2,4.9,0.57,6,6,1.0,0.5,0.07,0.59,medium
wf_2026_01,ridge,2026-01-10,4,2026-01-10 04:00:00+00:00,2026-01-10 05:00:00+00:00,1,0.15,increase,14.72,571367.8,3,6,24,1,0.0,0.0,0.0,15.85,0.77,6,6,1.0,0.25,0.05,0.47,low
wf_2026_01,ridge,2026-01-10,5,2026-01-10 05:00:00+00:00,2026-01-10 06:00:00+00:00,1,0.2,decrease,14.6,573222.6,6,5,24,2,0.09,8.62,0.14,7.23,0.63,5,6,0.83,0.0,0.0,0.29,low
wf_2026_01,ridge,2026-01-11,1,2026-01-11 14:00:00+00:00,2026-01-11 15:00:00+00:00,1,0.09,increase,19.14,768251.1,5,1,24,2,0.07,4.75,0.38,12.85,19.32,5,6,0.83,1.0,0.17,0.78,high
wf_2026_01,ridge,2026-01-11,2,2026-01-11 11:00:00+00:00,2026-01-11 12:00:00+00:00,1,0.22,increase,19.87,798491.5,9,3,24,9,0.41,16.71,1.59,0.89,18.11,5,6,0.83,0.75,0.0,0.63,medium
wf_2026_01,ridge,2026-01-11,3,2026-01-11 13:00:00+00:00,2026-01-11 14:00:00+00:00,1,0.22,increase,20.03,823142.1,7,5,24,1,0.0,0.0,0.0,17.61,19.7,5,6,0.83,0.5,0.0,0.52,medium
wf_2026_01,ridge,2026-01-11,4,2026-01-11 23:00:00+00:00,2026-01-12 00:00:00+00:00,1,0.22,decrease,26.33,1072285.7,1,11,24,5,0.2,2.35,7.14,15.26,12.56,5,6,0.83,0.25,0.03,0.41,low
wf_2026_01,ridge,2026-01-11,5,2026-01-11 10:00:00+00:00,2026-01-11 11:00:00+00:00,1,0.24,increase,23.07,898594.5,6,7,24,7,0.33,8.9,2.05,8.7,17.65,5,6,0.83,0.0,0.03,0.3,low
wf_2026_01,ridge,2026-01-12,1,2026-01-12 04:00:00+00:00,2026-01-12 05:00:00+00:00,1,0.02,decrease,16.48,626602.2,2,1,24,2,0.02,7.76,0.0,10.05,3.35,5,6,0.83,1.0,0.02,0.75,medium
wf_2026_01,ridge,2026-01-12,2,2026-01-12 03:00:00+00:00,2026-01-12 04:00:00+00:00,1,0.04,decrease,17.34,659844.8,1,3,24,1,0.0,0.0,0.06,17.81,3.29,5,6,0.83,0.75,0.13,0.65,medium
wf_2026_01,ridge,2026-01-12,3,2026-01-12 05:00:00+00:00,2026-01-12 06:00:00+00:00,1,0.15,increase,16.95,650350.6,7,2,24,9,0.26,22.32,1.21,-4.51,2.13,2,6,0.33,0.5,0.02,0.35,low
wf_2026_01,ridge,2026-01-12,4,2026-01-12 02:00:00+00:00,2026-01-12 03:00:00+00:00,1,0.17,decrease,18.03,689271.6,3,7,24,3,0.09,3.3,1.37,14.51,1.98,5,6,0.83,0.25,0.1,0.42,low
wf_2026_01,ridge,2026-01-12,5,2026-01-12 01:00:00+00:00,2026-01-12 02:00:00+00:00,1,0.26,decrease,19.1,741919.3,5,9,24,6,0.2,12.89,2.27,4.92,1.08,5,6,0.83,0.0,0.05,0.3,low
wf_2026_01,ridge,2026-01-13,1,2026-01-13 03:00:00+00:00,2026-01-13 04:00:00+00:00,1,0.04,increase,26.8,970948.2,1,3,24,1,0.0,0.0,0.06,5.38,3.71,6,6,1.0,1.0,0.05,0.81,high
wf_2026_01,ridge,2026-01-13,2,2026-01-13 04:00:00+00:00,2026-01-13 05:00:00+00:00,1,0.09,increase,25.91,945841.4,5,1,24,3,0.04,2.39,0.0,2.99,3.77,6,6,1.0,0.75,0.02,0.69,medium
wf_2026_01,ridge,2026-01-13,3,2026-01-13 02:00:00+00:00,2026-01-13 03:00:00+00:00,1,0.11,increase,27.9,1013853.2,2,5,24,2,0.04,1.23,1.26,4.15,2.5,6,6,1.0,0.5,0.09,0.59,medium
wf_2026_01,ridge,2026-01-13,4,2026-01-13 01:00:00+00:00,2026-01-13 02:00:00+00:00,1,0.2,increase,29.23,1076471.8,4,7,24,5,0.15,3.81,2.4,1.57,1.37,5,6,0.83,0.25,0.02,0.41,low
wf_2026_01,ridge,2026-01-13,5,2026-01-13 23:00:00+00:00,2026-01-14 00:00:00+00:00,1,0.22,decrease,30.26,1131061.3,3,9,24,12,0.46,22.92,2.68,-17.54,1.09,2,6,0.33,0.0,0.05,0.13,low
wf_2026_01,ridge,2026-01-14,1,2026-01-14 02:00:00+00:00,2026-01-14 03:00:00+00:00,1,0.07,increase,28.87,1011929.8,2,3,24,2,0.0,0.0,1.67,7.1,-1.67,6,6,1.0,1.0,0.02,0.8,high
wf_2026_01,ridge,2026-01-14,2,2026-01-14 01:00:00+00:00,2026-01-14 02:00:00+00:00,1,0.09,increase,28.53,1011216.9,4,2,24,1,0.0,0.83,0.36,6.27,-0.36,6,6,1.0,0.75,0.02,0.69,medium
wf_2026_01,ridge,2026-01-14,3,2026-01-14 00:00:00+00:00,2026-01-14 01:00:00+00:00,1,0.11,increase,28.34,1025439.6,6,1,24,3,0.07,7.1,0.0,0.0,0.0,5,6,0.83,0.5,0.0,0.52,medium
wf_2026_01,ridge,2026-01-14,4,2026-01-14 03:00:00+00:00,2026-01-14 04:00:00+00:00,1,0.11,increase,30.4,1063301.3,3,4,24,4,0.07,1.31,2.5,5.79,-2.5,6,6,1.0,0.25,0.02,0.47,low
wf_2026_01,ridge,2026-01-14,5,2026-01-14 23:00:00+00:00,2026-01-15 00:00:00+00:00,1,0.13,decrease,38.9,1473396.2,1,7,24,6,0.2,12.41,3.63,-5.31,-3.63,5,6,0.83,0.0,0.1,0.31,low
wf_2026_01,ridge,2026-01-15,1,2026-01-15 23:00:00+00:00,2026-01-16 00:00:00+00:00,1,0.0,decrease,22.16,840161.3,1,1,24,1,0.0,2.62,0.0,10.43,3.76,5,6,0.83,1.0,0.05,0.75,high
wf_2026_01,ridge,2026-01-15,2,2026-01-15 22:00:00+00:00,2026-01-15 23:00:00+00:00,1,0.04,decrease,23.95,925798.4,2,2,24,2,0.04,4.68,0.41,8.38,3.35,5,6,0.83,0.75,0.12,0.65,medium
wf_2026_01,ridge,2026-01-15,3,2026-01-15 01:00:00+00:00,2026-01-15 02:00:00+00:00,1,0.15,increase,25.64,937287.4,6,3,24,9,0.24,8.16,5.54,4.89,-1.79,3,6,0.5,0.5,0.0,0.4,low
wf_2026_01,ridge,2026-01-15,4,2026-01-15 02:00:00+00:00,2026-01-15 03:00:00+00:00,1,0.15,increase,27.29,985674.1,4,5,24,4,0.15,2.43,6.04,10.63,-2.28,6,6,1.0,0.25,0.05,0.47,low
wf_2026_01,ridge,2026-01-15,5,2026-01-15 03:00:00+00:00,2026-01-15 04:00:00+00:00,1,0.2,decrease,28.0,1004412.9,3,8,24,3,0.09,0.0,5.2,13.05,-1.44,5,6,0.83,0.0,0.02,0.3,low
wf_2026_01,ridge,2026-01-16,1,2026-01-16 02:00:00+00:00,2026-01-16 03:00:00+00:00,1,0.02,decrease,18.68,665246.5,1,2,24,2,0.0,0.0,0.93,5.97,-0.93,6,6,1.0,1.0,0.02,0.8,high
wf_2026_01,ridge,2026-01-16,2,2026-01-16 01:00:00+00:00,2026-01-16 02:00:00+00:00,1,0.04,decrease,18.4,667253.4,3,1,24,1,0.0,2.98,0.19,2.99,-0.19,5,6,0.83,0.75,0.02,0.63,medium
wf_2026_01,ridge,2026-01-16,3,2026-01-16 03:00:00+00:00,2026-01-16 04:00:00+00:00,1,0.07,decrease,19.66,685657.6,2,3,24,4,0.07,5.87,1.99,0.11,-1.99,6,6,1.0,0.5,0.09,0.59,medium
wf_2026_01,ridge,2026-01-16,4,2026-01-16 00:00:00+00:00,2026-01-16 01:00:00+00:00,1,0.15,decrease,22.1,823923.6,4,5,24,3,0.02,5.97,0.0,0.0,0.0,5,6,0.83,0.25,0.0,0.4,low
wf_2026_01,ridge,2026-01-16,5,2026-01-16 04:00:00+00:00,2026-01-16 05:00:00+00:00,1,0.15,decrease,21.12,725520.9,5,4,24,5,0.13,19.4,5.23,-13.43,-5.23,6,6,1.0,0.0,0.09,0.37,low
wf_2026_01,ridge,2026-01-17,1,2026-01-17 03:00:00+00:00,2026-01-17 04:00:00+00:00,1,0.07,increase,41.71,1379702.8,3,2,24,1,0.0,0.0,0.72,6.21,3.41,6,6,1.0,1.0,0.03,0.81,high
wf_2026_01,ridge,2026-01-17,2,2026-01-17 02:00:00+00:00,2026-01-17 03:00:00+00:00,1,0.09,increase,42.38,1415717.5,2,4,24,3,0.07,0.99,1.37,5.22,2.76,6,6,1.0,0.75,0.03,0.69,medium
wf_2026_01,ridge,2026-01-17,3,2026-01-17 04:00:00+00:00,2026-01-17 05:00:00+00:00,1,0.11,increase,41.53,1371770.7,6,1,24,2,0.0,0.69,0.0,5.52,4.13,6,6,1.0,0.5,0.11,0.6,medium
wf_2026_01,ridge,2026-01-17,4,2026-01-17 23:00:00+00:00,2026-01-18 00:00:00+00:00,1,0.2,decrease,44.12,1588946.8,1,10,24,13,0.48,15.53,3.32,-9.32,0.82,3,6,0.5,0.25,0.03,0.29,low
wf_2026_01,ridge,2026-01-17,5,2026-01-17 06:00:00+00:00,2026-01-17 07:00:00+00:00,1,0.22,decrease,43.09,1447686.8,7,5,24,11,0.41,6.41,3.86,-0.2,0.27,1,6,0.17,0.0,0.03,0.06,low
wf_2026_01,ridge,2026-01-18,1,2026-01-18 10:00:00+00:00,2026-01-18 11:00:00+00:00,1,0.07,decrease,30.25,1034139.1,3,2,24,10,0.17,2.01,3.15,10.32,5.51,3,6,0.5,1.0,0.12,0.65,medium
wf_2026_01,ridge,2026-01-18,2,2026-01-18 03:00:00+00:00,2026-01-18 04:00:00+00:00,1,0.17,increase,30.74,1048031.7,6,4,24,5,0.11,5.38,0.6,6.95,8.06,6,6,1.0,0.75,0.0,0.69,medium
wf_2026_01,ridge,2026-01-18,3,2026-01-18 08:00:00+00:00,2026-01-18 09:00:00+00:00,1,0.17,decrease,29.94,1001160.9,9,1,24,15,0.43,10.61,2.87,1.73,5.79,1,6,0.17,0.5,0.0,0.28,low
wf_2026_01,ridge,2026-01-18,4,2026-01-18 12:00:00+00:00,2026-01-18 13:00:00+00:00,1,0.17,decrease,32.25,1134321.8,2,8,24,4,0.07,0.11,2.67,12.23,6.0,5,6,0.83,0.25,0.1,0.42,low
wf_2026_01,ridge,2026-01-18,5,2026-01-18 06:00:00+00:00,2026-01-18 07:00:00+00:00,1,0.26,decrease,30.96,1045096.9,8,6,24,1,0.0,4.45,0.0,7.88,8.67,1,6,0.17,0.0,0.0,0.06,low
wf_2026_01,ridge,2026-01-19,1,2026-01-19 01:00:00+00:00,2026-01-19 02:00:00+00:00,1,0.0,decrease,44.15,1488119.5,1,1,24,3,0.04,0.7,1.01,-0.39,-1.01,5,6,0.83,1.0,0.08,0.76,high
wf_2026_01,ridge,2026-01-19,2,2026-01-19 02:00:00+00:00,2026-01-19 03:00:00+00:00,1,0.07,decrease,45.01,1510715.7,3,2,24,2,0.02,0.3,1.31,0.0,-1.31,5,6,0.83,0.75,0.02,0.63,medium
wf_2026_01,ridge,2026-01-19,3,2026-01-19 00:00:00+00:00,2026-01-19 01:00:00+00:00,1,0.09,decrease,46.46,1578689.9,2,4,24,1,0.0,0.3,0.0,0.0,0.0,5,6,0.83,0.5,0.05,0.53,medium
wf_2026_01,ridge,2026-01-19,4,2026-01-19 03:00:00+00:00,2026-01-19 04:00:00+00:00,1,0.13,increase,45.3,1511333.6,5,3,24,4,0.04,0.0,3.51,0.3,-3.51,6,6,1.0,0.25,0.1,0.48,low
wf_2026_01,ridge,2026-01-19,5,2026-01-19 05:00:00+00:00,2026-01-19 06:00:00+00:00,1,0.22,increase,47.3,1609301.6,7,5,24,6,0.3,26.83,3.67,-26.53,-3.67,2,6,0.33,0.0,0.03,0.12,low
wf_2026_01,ridge,2026-01-20,1,2026-01-20 23:00:00+00:00,2026-01-21 00:00:00+00:00,1,0.0,decrease,34.98,1359923.8,1,1,24,1,0.0,3.43,0.0,10.87,11.93,5,6,0.83,1.0,0.14,0.77,high
wf_2026_01,ridge,2026-01-20,2,2026-01-20 22:00:00+00:00,2026-01-20 23:00:00+00:00,1,0.13,decrease,35.62,1399241.4,6,2,24,7,0.17,13.41,6.67,0.89,5.26,1,6,0.17,0.75,0.05,0.41,low
wf_2026_01,ridge,2026-01-20,3,2026-01-20 04:00:00+00:00,2026-01-20 05:00:00+00:00,1,0.17,decrease,38.76,1324213.1,4,6,24,6,0.15,3.69,9.52,10.61,2.41,2,6,0.33,0.5,0.02,0.35,low
wf_2026_01,ridge,2026-01-20,4,2026-01-20 13:00:00+00:00,2026-01-20 14:00:00+00:00,1,0.2,decrease,38.47,1541753.9,7,4,24,3,0.02,2.22,9.21,12.08,2.71,5,6,0.83,0.25,0.02,0.41,low
wf_2026_01,ridge,2026-01-20,5,2026-01-20 21:00:00+00:00,2026-01-20 22:00:00+00:00,1,0.22,decrease,37.44,1500539.8,9,3,24,10,0.26,24.5,6.73,-10.2,5.2,1,6,0.17,0.0,0.02,0.06,low
wf_2026_01,ridge,2026-01-21,1,2026-01-21 02:00:00+00:00,2026-01-21 03:00:00+00:00,1,0.11,decrease,20.81,768648.8,2,5,24,7,0.22,24.81,3.19,13.73,0.9,5,6,0.83,1.0,0.0,0.74,medium
wf_2026_01,ridge,2026-01-21,2,2026-01-21 23:00:00+00:00,2026-01-22 00:00:00+00:00,1,0.11,decrease,20.59,757430.5,3,4,24,6,0.22,0.0,3.87,38.54,0.23,6,6,1.0,0.75,0.03,0.69,medium
wf_2026_01,ridge,2026-01-21,3,2026-01-21 03:00:00+00:00,2026-01-21 04:00:00+00:00,1,0.13,decrease,21.05,775276.0,1,7,24,2,0.07,23.57,2.91,14.97,1.18,5,6,0.83,0.5,0.0,0.52,medium
wf_2026_01,ridge,2026-01-21,4,2026-01-21 12:00:00+00:00,2026-01-21 13:00:00+00:00,1,0.13,decrease,19.82,839020.5,6,2,24,1,0.0,28.46,0.0,10.08,4.1,6,6,1.0,0.25,0.0,0.46,low
wf_2026_01,ridge,2026-01-21,5,2026-01-21 13:00:00+00:00,2026-01-21 14:00:00+00:00,1,0.13,decrease,19.19,801419.8,7,1,24,4,0.13,33.82,1.62,4.72,2.47,6,6,1.0,0.0,0.08,0.37,low
wf_2026_01,ridge,2026-01-22,1,2026-01-22 03:00:00+00:00,2026-01-22 04:00:00+00:00,1,0.04,decrease,21.39,732044.9,1,3,24,2,0.0,0.0,1.3,13.11,-1.23,6,6,1.0,1.0,0.05,0.81,high
wf_2026_01,ridge,2026-01-22,2,2026-01-22 01:00:00+00:00,2026-01-22 02:00:00+00:00,1,0.09,decrease,20.5,725604.7,4,2,24,4,0.02,14.36,0.0,-1.25,0.07,5,6,0.83,0.75,0.0,0.63,medium
wf_2026_01,ridge,2026-01-22,3,2026-01-22 02:00:00+00:00,2026-01-22 03:00:00+00:00,1,0.09,decrease,20.44,710958.6,5,1,24,1,0.0,3.73,0.74,9.38,-0.66,5,6,0.83,0.5,0.02,0.52,medium
wf_2026_01,ridge,2026-01-22,4,2026-01-22 00:00:00+00:00,2026-01-22 01:00:00+00:00,1,0.11,decrease,21.9,797429.2,3,4,24,3,0.02,13.11,0.07,0.0,0.0,5,6,0.83,0.25,0.0,0.4,low
wf_2026_01,ridge,2026-01-22,5,2026-01-22 04:00:00+00:00,2026-01-22 05:00:00+00:00,1,0.11,decrease,22.32,759114.6,2,5,24,5,0.07,12.79,1.56,0.32,-1.49,6,6,1.0,0.0,0.11,0.37,low
wf_2026_01,ridge,2026-01-23,1,2026-01-23 03:00:00+00:00,2026-01-23 04:00:00+00:00,1,0.07,increase,22.69,791251.6,1,4,24,1,0.0,0.0,2.6,36.27,2.01,6,6,1.0,1.0,0.0,0.8,high
wf_2026_01,ridge,2026-01-23,2,2026-01-23 04:00:00+00:00,2026-01-23 05:00:00+00:00,1,0.07,increase,22.48,781279.6,2,3,24,4,0.13,24.84,3.09,11.43,1.52,5,6,0.83,0.75,0.05,0.64,medium
wf_2026_01,ridge,2026-01-23,3,2026-01-23 23:00:00+00:00,2026-01-24 00:00:00+00:00,1,0.11,decrease,22.32,810942.3,5,2,24,11,0.28,37.29,3.1,-1.01,1.51,5,6,0.83,0.5,0.02,0.52,medium
wf_2026_01,ridge,2026-01-23,4,2026-01-23 02:00:00+00:00,2026-01-23 03:00:00+00:00,1,0.13,increase,22.8,797908.3,3,5,24,5,0.15,7.83,3.15,28.44,1.46,6,6,1.0,0.25,0.22,0.51,medium
wf_2026_01,ridge,2026-01-23,5,2026-01-23 13:00:00+00:00,2026-01-23 14:00:00+00:00,1,0.33,increase,23.47,959801.7,8,9,24,3,0.09,35.93,1.99,0.34,2.62,5,6,0.83,0.0,0.02,0.3,low
wf_2026_01,ridge,2026-01-24,1,2026-01-24 01:00:00+00:00,2026-01-24 02:00:00+00:00,1,0.04,decrease,21.11,742371.1,2,2,24,2,0.07,0.0,2.3,7.32,-0.1,5,6,0.83,1.0,0.0,0.74,medium
wf_2026_01,ridge,2026-01-24,2,2026-01-24 02:00:00+00:00,2026-01-24 03:00:00+00:00,1,0.04,increase,21.29,748260.6,1,3,24,9,0.33,4.68,3.79,2.64,-1.59,6,6,1.0,0.75,0.05,0.7,medium
wf_2026_01,ridge,2026-01-24,3,2026-01-24 23:00:00+00:00,2026-01-25 00:00:00+00:00,1,0.09,decrease,20.41,711417.9,5,1,24,3,0.07,4.7,0.0,2.62,2.2,4,6,0.67,0.5,0.14,0.49,low
wf_2026_01,ridge,2026-01-24,4,2026-01-24 13:00:00+00:00,2026-01-24 14:00:00+00:00,1,0.22,decrease,21.44,825075.9,8,4,24,1,0.0,0.64,1.64,6.68,0.56,6,6,1.0,0.25,0.05,0.47,low
wf_2026_01,ridge,2026-01-24,5,2026-01-24 14:00:00+00:00,2026-01-24 15:00:00+00:00,1,0.26,decrease,21.96,829105.0,9,5,24,13,0.41,11.34,3.39,-4.02,-1.2,2,6,0.33,0.0,0.02,0.12,low
wf_2026_01,ridge,2026-01-25,1,2026-01-25 03:00:00+00:00,2026-01-25 04:00:00+00:00,1,0.11,decrease,17.71,594692.5,1,6,24,3,0.09,10.63,0.56,19.79,0.49,5,6,0.83,1.0,0.08,0.76,high
wf_2026_01,ridge,2026-01-25,2,2026-01-25 08:00:00+00:00,2026-01-25 09:00:00+00:00,1,0.17,decrease,17.53,609394.4,7,3,24,9,0.3,23.86,1.17,6.56,-0.12,1,6,0.17,0.75,0.03,0.4,low
wf_2026_01,ridge,2026-01-25,3,2026-01-25 04:00:00+00:00,2026-01-25 05:00:00+00:00,1,0.2,decrease,17.77,597998.2,4,7,24,1,0.0,0.0,0.48,30.42,0.56,5,6,0.83,0.5,0.03,0.52,medium
wf_2026_01,ridge,2026-01-25,4,2026-01-25 10:00:00+00:00,2026-01-25 11:00:00+00:00,1,0.22,decrease,16.7,603522.4,11,1,24,12,0.37,36.13,0.91,-5.71,0.14,5,6,0.83,0.25,0.03,0.41,low
wf_2026_01,ridge,2026-01-25,5,2026-01-25 01:00:00+00:00,2026-01-25 02:00:00+00:00,1,0.24,increase,17.63,595667.2,8,5,24,10,0.33,20.83,1.71,9.59,-0.67,2,6,0.33,0.0,0.0,0.12,low
wf_2026_01,ridge,2026-01-26,1,2026-01-26 23:00:00+00:00,2026-01-27 00:00:00+00:00,1,0.0,decrease,26.66,1014869.6,1,1,24,1,0.0,0.0,0.0,12.73,8.35,5,6,0.83,1.0,0.07,0.76,high
wf_2026_01,ridge,2026-01-26,2,2026-01-26 02:00:00+00:00,2026-01-26 03:00:00+00:00,1,0.07,increase,30.3,1009754.2,3,2,24,4,0.17,3.84,9.08,8.89,-0.73,6,6,1.0,0.75,0.05,0.7,medium
wf_2026_01,ridge,2026-01-26,3,2026-01-26 03:00:00+00:00,2026-01-26 04:00:00+00:00,1,0.11,increase,31.63,1062832.0,2,5,24,3,0.13,3.43,9.04,9.3,-0.69,6,6,1.0,0.5,0.02,0.58,medium
wf_2026_01,ridge,2026-01-26,4,2026-01-26 01:00:00+00:00,2026-01-26 02:00:00+00:00,1,0.13,increase,30.77,1030524.9,5,3,24,2,0.13,9.83,7.88,2.9,0.47,5,6,0.83,0.25,0.05,0.41,low
wf_2026_01,ridge,2026-01-26,5,2026-01-26 04:00:00+00:00,2026-01-26 05:00:00+00:00,1,0.17,increase,31.88,1080091.6,4,6,24,7,0.22,9.1,9.39,3.62,-1.04,3,6,0.5,0.0,0.02,0.18,low
wf_2026_01,ridge,2026-01-27,1,2026-01-27 03:00:00+00:00,2026-01-27 04:00:00+00:00,1,0.04,decrease,17.85,674506.7,1,3,24,3,0.07,0.0,0.6,70.3,-0.27,6,6,1.0,1.0,0.02,0.8,high
wf_2026_01,ridge,2026-01-27,2,2026-01-27 02:00:00+00:00,2026-01-27 03:00:00+00:00,1,0.07,decrease,17.45,670128.5,4,1,24,1,0.0,7.89,0.24,62.4,0.09,6,6,1.0,0.75,0.02,0.69,medium
wf_2026_01,ridge,2026-01-27,3,2026-01-27 04:00:00+00:00,2026-01-27 05:00:00+00:00,1,0.09,decrease,18.53,688113.6,2,4,24,4,0.07,13.34,0.45,56.95,-0.13,5,6,0.83,0.5,0.02,0.52,medium
wf_2026_01,ridge,2026-01-27,4,2026-01-27 01:00:00+00:00,2026-01-27 02:00:00+00:00,1,0.11,decrease,17.74,675960.6,5,2,24,2,0.02,44.51,0.0,25.79,0.33,6,6,1.0,0.25,0.05,0.47,low
wf_2026_01,ridge,2026-01-27,5,2026-01-27 05:00:00+00:00,2026-01-27 06:00:00+00:00,1,0.15,decrease,19.0,721587.1,3,6,24,6,0.13,58.86,0.51,11.43,-0.19,5,6,0.83,0.0,0.05,0.3,low
wf_2026_01,ridge,2026-01-28,1,2026-01-28 02:00:00+00:00,2026-01-28 03:00:00+00:00,1,0.02,increase,34.22,1184666.4,2,1,24,1,0.0,0.0,0.51,10.66,1.35,6,6,1.0,1.0,0.02,0.8,high
wf_2026_01,ridge,2026-01-28,2,2026-01-28 03:00:00+00:00,2026-01-28 04:00:00+00:00,1,0.04,increase,34.43,1195832.1,1,3,24,2,0.0,0.7,0.0,9.95,1.86,6,6,1.0,0.75,0.02,0.69,medium
wf_2026_01,ridge,2026-01-28,3,2026-01-28 04:00:00+00:00,2026-01-28 05:00:00+00:00,1,0.07,increase,34.3,1195011.0,3,2,24,4,0.09,5.15,1.0,5.51,0.86,6,6,1.0,0.5,0.07,0.59,medium
wf_2026_01,ridge,2026-01-28,4,2026-01-28 01:00:00+00:00,2026-01-28 02:00:00+00:00,1,0.13,increase,35.46,1230261.2,4,4,24,3,0.09,9.17,0.54,1.48,1.32,6,6,1.0,0.25,0.09,0.48,low
wf_2026_01,ridge,2026-01-28,5,2026-01-28 00:00:00+00:00,2026-01-28 01:00:00+00:00,1,0.22,increase,38.01,1356339.6,6,6,24,5,0.15,10.66,1.86,0.0,0.0,6,6,1.0,0.0,0.0,0.35,low
wf_2026_01,ridge,2026-01-29,1,2026-01-29 23:00:00+00:00,2026-01-30 00:00:00+00:00,1,0.0,decrease,40.55,1527441.9,1,1,24,5,0.13,18.58,0.0,-6.88,14.96,5,6,0.83,1.0,0.07,0.76,high
wf_2026_01,ridge,2026-01-29,2,2026-01-29 03:00:00+00:00,2026-01-29 04:00:00+00:00,1,0.07,decrease,42.02,1426035.7,2,3,24,2,0.0,0.0,11.35,11.7,3.61,6,6,1.0,0.75,0.07,0.7,medium
wf_2026_01,ridge,2026-01-29,3,2026-01-29 00:00:00+00:00,2026-01-29 01:00:00+00:00,1,0.13,decrease,41.82,1510212.7,6,2,24,7,0.2,11.7,14.96,0.0,0.0,6,6,1.0,0.5,0.0,0.57,medium
wf_2026_01,ridge,2026-01-29,4,2026-01-29 04:00:00+00:00,2026-01-29 05:00:00+00:00,1,0.13,decrease,42.24,1442987.8,4,4,24,4,0.09,8.56,13.23,3.13,1.73,6,6,1.0,0.25,0.05,0.47,low
wf_2026_01,ridge,2026-01-29,5,2026-01-29 02:00:00+00:00,2026-01-29 03:00:00+00:00,1,0.17,increase,45.21,1562751.3,3,7,24,1,0.0,2.18,11.27,9.52,3.69,6,6,1.0,0.0,0.07,0.36,low
wf_2026_01,ridge,2026-01-30,1,2026-01-30 23:00:00+00:00,2026-01-31 00:00:00+00:00,1,0.07,decrease,19.02,676917.1,4,1,24,4,0.11,13.01,0.99,5.87,6.77,6,6,1.0,1.0,0.07,0.81,high
wf_2026_01,ridge,2026-01-30,2,2026-01-30 13:00:00+00:00,2026-01-30 14:00:00+00:00,1,0.13,decrease,19.46,788517.2,6,2,24,2,0.02,0.0,1.84,18.88,5.92,5,6,0.83,0.75,0.05,0.64,medium
wf_2026_01,ridge,2026-01-30,3,2026-01-30 14:00:00+00:00,2026-01-30 15:00:00+00:00,1,0.17,decrease,21.58,852341.3,5,5,24,5,0.22,12.56,4.35,6.32,3.41,5,6,0.83,0.5,0.05,0.53,medium
wf_2026_01,ridge,2026-01-30,4,2026-01-30 22:00:00+00:00,2026-01-30 23:00:00+00:00,1,0.22,decrease,21.08,774095.6,8,4,24,3,0.11,13.07,0.95,5.81,6.81,4,6,0.67,0.25,0.02,0.35,low
wf_2026_01,ridge,2026-01-30,5,2026-01-30 02:00:00+00:00,2026-01-30 03:00:00+00:00,1,0.24,decrease,25.68,925842.8,2,11,24,13,0.46,6.84,8.07,12.03,-0.3,4,6,0.67,0.0,0.05,0.24,low
wf_2026_01,ridge,2026-01-31,1,2026-01-31 00:00:00+00:00,2026-01-31 01:00:00+00:00,1,0.02,decrease,19.54,669293.7,2,1,24,1,0.0,3.46,0.0,0.0,0.0,5,6,0.83,1.0,0.0,0.74,medium
wf_2026_01,ridge,2026-01-31,2,2026-01-31 01:00:00+00:00,2026-01-31 02:00:00+00:00,1,0.02,decrease,19.9,653620.7,1,2,24,3,0.02,3.39,1.26,0.07,-1.26,5,6,0.83,0.75,0.07,0.64,medium
wf_2026_01,ridge,2026-01-31,3,2026-01-31 02:00:00+00:00,2026-01-31 03:00:00+00:00,1,0.09,increase,21.21,681241.4,3,3,24,4,0.04,2.0,1.81,1.46,-1.81,5,6,0.83,0.5,0.07,0.53,medium
wf_2026_01,ridge,2026-01-31,4,2026-01-31 03:00:00+00:00,2026-01-31 04:00:00+00:00,1,0.15,increase,22.1,702859.7,4,5,24,2,0.0,0.0,1.62,3.46,-1.62,5,6,0.83,0.25,0.05,0.41,low
wf_2026_01,ridge,2026-01-31,5,2026-01-31 04:00:00+00:00,2026-01-31 05:00:00+00:00,1,0.2,increase,22.36,708789.5,5,6,24,5,0.04,4.65,0.29,-1.19,-0.29,2,6,0.33,0.0,0.05,0.13,low
wf_2026_01,xgboost,2026-01-01,1,2026-01-01 11:00:00+00:00,2026-01-01 12:00:00+00:00,1,0.04,unknown,12.24,461049.51,1,3,24,3,0.04,7.82,0.21,40.4,3.13,5,6,0.83,1.0,0.05,0.75,high
wf_2026_01,xgboost,2026-01-01,2,2026-01-01 12:00:00+00:00,2026-01-01 13:00:00+00:00,1,0.09,unknown,12.16,463295.88,4,2,24,1,0.0,6.72,0.0,41.49,3.34,5,6,0.83,0.75,0.0,0.63,medium
wf_2026_01,xgboost,2026-01-01,3,2026-01-01 13:00:00+00:00,2026-01-01 14:00:00+00:00,1,0.09,unknown,12.06,460513.29,5,1,24,7,0.15,18.13,0.22,30.08,3.13,5,6,0.83,0.5,0.02,0.52,medium
wf_2026_01,xgboost,2026-01-01,4,2026-01-01 10:00:00+00:00,2026-01-01 11:00:00+00:00,1,0.11,unknown,12.63,461659.99,2,5,24,2,0.02,4.86,0.59,43.36,2.76,5,6,0.83,0.25,0.18,0.44,low
wf_2026_01,xgboost,2026-01-01,5,2026-01-01 09:00:00+00:00,2026-01-01 10:00:00+00:00,1,0.26,unknown,13.91,485984.02,3,11,24,4,0.07,6.09,1.09,42.13,2.25,3,6,0.5,0.0,0.02,0.18,low
wf_2026_01,xgboost,2026-01-02,1,2026-01-02 02:00:00+00:00,2026-01-02 03:00:00+00:00,1,0.04,decrease,13.61,455022.29,1,3,24,1,0.0,0.0,0.34,8.38,-0.34,5,6,0.83,1.0,0.02,0.75,medium
wf_2026_01,xgboost,2026-01-02,2,2026-01-02 00:00:00+00:00,2026-01-02 01:00:00+00:00,1,0.07,decrease,13.28,460102.8,4,1,24,2,0.02,8.38,0.0,0.0,0.0,5,6,0.83,0.75,0.0,0.63,medium
wf_2026_01,xgboost,2026-01-02,3,2026-01-02 01:00:00+00:00,2026-01-02 02:00:00+00:00,1,0.07,decrease,13.56,457427.4,3,2,24,3,0.02,5.59,0.11,2.78,-0.11,5,6,0.83,0.5,0.05,0.53,medium
wf_2026_01,xgboost,2026-01-02,4,2026-01-02 03:00:00+00:00,2026-01-02 04:00:00+00:00,1,0.11,decrease,14.39,465327.01,2,5,24,4,0.07,0.2,0.66,8.17,-0.66,5,6,0.83,0.25,0.09,0.42,low
wf_2026_01,xgboost,2026-01-02,5,2026-01-02 06:00:00+00:00,2026-01-02 07:00:00+00:00,1,0.2,increase,14.14,481912.79,7,4,24,7,0.2,50.21,0.75,-41.83,-0.75,3,6,0.5,0.0,0.02,0.18,low
wf_2026_01,xgboost,2026-01-03,1,2026-01-03 02:00:00+00:00,2026-01-03 03:00:00+00:00,1,0.0,increase,21.92,724804.91,1,1,24,3,0.07,1.94,0.36,2.81,1.18,6,6,1.0,1.0,0.09,0.82,high
wf_2026_01,xgboost,2026-01-03,2,2026-01-03 01:00:00+00:00,2026-01-03 02:00:00+00:00,1,0.09,increase,23.78,789339.5,2,4,24,2,0.07,2.92,0.0,1.82,1.55,6,6,1.0,0.75,0.0,0.69,medium
wf_2026_01,xgboost,2026-01-03,3,2026-01-03 03:00:00+00:00,2026-01-03 04:00:00+00:00,1,0.09,increase,22.6,745900.68,3,3,24,1,0.0,0.0,0.2,4.75,1.35,6,6,1.0,0.5,0.02,0.58,medium
wf_2026_01,xgboost,2026-01-03,4,2026-01-03 04:00:00+00:00,2026-01-03 05:00:00+00:00,1,0.11,increase,22.45,749909.52,5,2,24,4,0.07,1.33,0.96,3.42,0.58,6,6,1.0,0.25,0.09,0.48,low
wf_2026_01,xgboost,2026-01-03,5,2026-01-03 05:00:00+00:00,2026-01-03 06:00:00+00:00,1,0.2,increase,25.05,853498.39,6,5,24,5,0.13,2.63,1.33,2.11,0.21,4,6,0.67,0.0,0.02,0.24,low
wf_2026_01,xgboost,2026-01-04,1,2026-01-04 02:00:00+00:00,2026-01-04 03:00:00+00:00,1,0.0,increase,22.88,770036.09,1,1,24,2,0.04,1.21,0.29,1.56,3.76,6,6,1.0,1.0,0.07,0.81,high
wf_2026_01,xgboost,2026-01-04,2,2026-01-04 04:00:00+00:00,2026-01-04 05:00:00+00:00,1,0.07,increase,24.63,825513.51,2,3,24,1,0.0,0.85,0.0,1.92,4.04,6,6,1.0,0.75,0.02,0.69,medium
wf_2026_01,xgboost,2026-01-04,3,2026-01-04 03:00:00+00:00,2026-01-04 04:00:00+00:00,1,0.09,increase,23.52,785685.61,4,2,24,3,0.09,0.0,1.23,2.77,2.82,6,6,1.0,0.5,0.02,0.58,medium
wf_2026_01,xgboost,2026-01-04,4,2026-01-04 01:00:00+00:00,2026-01-04 02:00:00+00:00,1,0.11,increase,24.73,838144.99,3,4,24,5,0.13,2.48,0.73,0.29,3.32,6,6,1.0,0.25,0.15,0.49,low
wf_2026_01,xgboost,2026-01-04,5,2026-01-04 05:00:00+00:00,2026-01-04 06:00:00+00:00,1,0.26,increase,24.97,832631.1,9,5,24,4,0.09,1.27,0.42,1.5,3.62,4,6,0.67,0.0,0.02,0.24,low
wf_2026_01,xgboost,2026-01-05,1,2026-01-05 02:00:00+00:00,2026-01-05 03:00:00+00:00,1,0.04,decrease,35.16,1224153.96,1,3,24,1,0.0,0.0,2.45,2.53,2.97,6,6,1.0,1.0,0.02,0.8,high
wf_2026_01,xgboost,2026-01-05,2,2026-01-05 03:00:00+00:00,2026-01-05 04:00:00+00:00,1,0.07,increase,34.95,1216699.35,3,2,24,2,0.0,1.18,0.0,1.35,5.42,6,6,1.0,0.75,0.02,0.69,medium
wf_2026_01,xgboost,2026-01-05,3,2026-01-05 01:00:00+00:00,2026-01-05 02:00:00+00:00,1,0.09,decrease,36.88,1295291.51,2,4,24,3,0.04,0.19,3.42,2.34,2.0,6,6,1.0,0.5,0.0,0.57,medium
wf_2026_01,xgboost,2026-01-05,4,2026-01-05 04:00:00+00:00,2026-01-05 05:00:00+00:00,1,0.09,increase,33.61,1176337.85,5,1,24,4,0.07,4.55,1.1,-2.01,4.32,6,6,1.0,0.25,0.09,0.48,low
wf_2026_01,xgboost,2026-01-05,5,2026-01-05 00:00:00+00:00,2026-01-05 01:00:00+00:00,1,0.17,increase,39.62,1393441.69,4,6,24,5,0.13,2.53,5.42,0.0,0.0,4,6,0.67,0.0,0.05,0.24,low
wf_2026_01,xgboost,2026-01-06,1,2026-01-06 23:00:00+00:00,2026-01-07 00:00:00+00:00,1,0.0,decrease,43.23,1677003.15,1,1,24,1,0.0,0.0,0.0,9.02,2.41,5,6,0.83,1.0,0.07,0.75,high
wf_2026_01,xgboost,2026-01-06,2,2026-01-06 00:00:00+00:00,2026-01-06 01:00:00+00:00,1,0.07,increase,43.44,1613604.0,3,2,24,5,0.2,9.02,2.41,0.0,0.0,5,6,0.83,0.75,0.04,0.64,medium
wf_2026_01,xgboost,2026-01-06,3,2026-01-06 01:00:00+00:00,2026-01-06 02:00:00+00:00,1,0.11,increase,44.12,1646049.61,4,3,24,6,0.2,5.96,3.21,3.05,-0.8,6,6,1.0,0.5,0.07,0.59,medium
wf_2026_01,xgboost,2026-01-06,4,2026-01-06 02:00:00+00:00,2026-01-06 03:00:00+00:00,1,0.17,increase,44.8,1665780.13,2,8,24,3,0.15,4.5,2.88,4.51,-0.47,5,6,0.83,0.25,0.0,0.4,low
wf_2026_01,xgboost,2026-01-06,5,2026-01-06 22:00:00+00:00,2026-01-06 23:00:00+00:00,1,0.17,decrease,44.12,1744059.11,6,4,24,2,0.07,2.74,1.12,6.28,1.29,5,6,0.83,0.0,0.02,0.3,low
wf_2026_01,xgboost,2026-01-07,1,2026-01-07 03:00:00+00:00,2026-01-07 04:00:00+00:00,1,0.04,decrease,31.56,1203676.18,2,2,24,1,0.0,0.0,1.02,8.38,6.53,5,6,0.83,1.0,0.03,0.75,medium
wf_2026_01,xgboost,2026-01-07,2,2026-01-07 02:00:00+00:00,2026-01-07 03:00:00+00:00,1,0.07,decrease,34.49,1317161.37,1,4,24,2,0.04,0.42,2.36,7.97,5.19,6,6,1.0,0.75,0.03,0.69,medium
wf_2026_01,xgboost,2026-01-07,3,2026-01-07 04:00:00+00:00,2026-01-07 05:00:00+00:00,1,0.09,decrease,30.5,1188034.4,5,1,24,3,0.07,5.87,0.0,2.52,7.55,5,6,0.83,0.5,0.11,0.54,medium
wf_2026_01,xgboost,2026-01-07,4,2026-01-07 01:00:00+00:00,2026-01-07 02:00:00+00:00,1,0.17,decrease,37.2,1432758.24,4,6,24,4,0.13,4.56,5.6,3.83,1.95,5,6,0.83,0.25,0.11,0.43,low
wf_2026_01,xgboost,2026-01-07,5,2026-01-07 05:00:00+00:00,2026-01-07 06:00:00+00:00,1,0.26,decrease,32.54,1308847.57,11,3,24,5,0.2,13.95,3.39,-5.57,4.15,4,6,0.67,0.0,0.05,0.24,low
wf_2026_01,xgboost,2026-01-08,1,2026-01-08 23:00:00+00:00,2026-01-09 00:00:00+00:00,1,0.0,decrease,20.44,838214.19,1,1,24,1,0.0,0.0,0.0,21.31,23.58,5,6,0.83,1.0,0.04,0.75,high
wf_2026_01,xgboost,2026-01-08,2,2026-01-08 22:00:00+00:00,2026-01-08 23:00:00+00:00,1,0.04,decrease,22.61,945178.22,2,2,24,2,0.04,11.28,3.25,10.03,20.33,5,6,0.83,0.75,0.07,0.64,medium
wf_2026_01,xgboost,2026-01-08,3,2026-01-08 02:00:00+00:00,2026-01-08 03:00:00+00:00,1,0.11,decrease,38.66,1477462.51,3,4,24,4,0.2,20.21,21.3,1.11,2.28,6,6,1.0,0.5,0.07,0.59,medium
wf_2026_01,xgboost,2026-01-08,4,2026-01-08 21:00:00+00:00,2026-01-08 22:00:00+00:00,1,0.17,decrease,28.91,1242851.11,7,3,24,3,0.11,20.72,4.09,0.6,19.49,5,6,0.83,0.25,0.02,0.41,low
wf_2026_01,xgboost,2026-01-08,5,2026-01-08 00:00:00+00:00,2026-01-08 01:00:00+00:00,1,0.2,decrease,40.15,1544359.83,4,7,24,10,0.43,21.31,23.58,0.0,0.0,2,6,0.33,0.0,0.0,0.12,low
wf_2026_01,xgboost,2026-01-09,1,2026-01-09 02:00:00+00:00,2026-01-09 03:00:00+00:00,1,0.02,decrease,16.6,639982.99,2,1,24,1,0.0,5.04,0.29,19.32,0.3,6,6,1.0,1.0,0.02,0.8,high
wf_2026_01,xgboost,2026-01-09,2,2026-01-09 03:00:00+00:00,2026-01-09 04:00:00+00:00,1,0.04,decrease,16.8,633162.5,1,3,24,3,0.02,0.0,0.4,24.36,0.19,5,6,0.83,0.75,0.05,0.64,medium
wf_2026_01,xgboost,2026-01-09,3,2026-01-09 01:00:00+00:00,2026-01-09 02:00:00+00:00,1,0.09,decrease,16.8,663025.41,4,2,24,2,0.02,18.25,0.0,6.12,0.59,5,6,0.83,0.5,0.02,0.52,medium
wf_2026_01,xgboost,2026-01-09,4,2026-01-09 04:00:00+00:00,2026-01-09 05:00:00+00:00,1,0.11,decrease,17.47,663105.21,3,4,24,4,0.04,17.98,0.37,6.38,0.22,5,6,0.83,0.25,0.09,0.42,low
wf_2026_01,xgboost,2026-01-09,5,2026-01-09 00:00:00+00:00,2026-01-09 01:00:00+00:00,1,0.2,decrease,18.39,738821.5,5,6,24,5,0.13,24.36,0.59,0.0,0.0,4,6,0.67,0.0,0.0,0.23,low
wf_2026_01,xgboost,2026-01-10,1,2026-01-10 02:00:00+00:00,2026-01-10 03:00:00+00:00,1,0.04,increase,14.44,559448.02,2,2,24,4,0.13,5.63,0.58,10.21,0.19,6,6,1.0,1.0,0.08,0.82,high
wf_2026_01,xgboost,2026-01-10,2,2026-01-10 01:00:00+00:00,2026-01-10 02:00:00+00:00,1,0.11,increase,14.38,562442.28,6,1,24,3,0.13,10.95,0.2,4.9,0.57,6,6,1.0,0.75,0.0,0.69,medium
wf_2026_01,xgboost,2026-01-10,3,2026-01-10 04:00:00+00:00,2026-01-10 05:00:00+00:00,1,0.11,increase,15.06,589884.09,1,6,24,1,0.0,0.0,0.0,15.85,0.77,6,6,1.0,0.5,0.03,0.58,medium
wf_2026_01,xgboost,2026-01-10,4,2026-01-10 03:00:00+00:00,2026-01-10 04:00:00+00:00,1,0.13,increase,14.65,569099.09,3,5,24,5,0.13,0.73,0.72,15.12,0.05,6,6,1.0,0.25,0.08,0.48,low
wf_2026_01,xgboost,2026-01-10,5,2026-01-10 05:00:00+00:00,2026-01-10 06:00:00+00:00,1,0.2,decrease,15.13,594835.28,4,7,24,2,0.09,8.62,0.14,7.23,0.63,5,6,0.83,0.0,0.08,0.31,low
wf_2026_01,xgboost,2026-01-11,1,2026-01-11 11:00:00+00:00,2026-01-11 12:00:00+00:00,1,0.09,increase,18.84,770430.59,4,2,24,9,0.41,16.71,1.59,0.89,18.11,5,6,0.83,1.0,0.0,0.74,medium
wf_2026_01,xgboost,2026-01-11,2,2026-01-11 13:00:00+00:00,2026-01-11 14:00:00+00:00,1,0.09,increase,19.16,785904.78,3,3,24,1,0.0,0.0,0.0,17.61,19.7,5,6,0.83,0.75,0.0,0.63,medium
wf_2026_01,xgboost,2026-01-11,3,2026-01-11 14:00:00+00:00,2026-01-11 15:00:00+00:00,1,0.09,increase,19.75,790752.09,2,4,24,2,0.07,4.75,0.38,12.85,19.32,5,6,0.83,0.5,0.08,0.53,medium
wf_2026_01,xgboost,2026-01-11,4,2026-01-11 23:00:00+00:00,2026-01-12 00:00:00+00:00,1,0.15,decrease,24.73,999775.02,1,8,24,5,0.2,2.35,7.14,15.26,12.56,5,6,0.83,0.25,0.12,0.43,low
wf_2026_01,xgboost,2026-01-11,5,2026-01-11 10:00:00+00:00,2026-01-11 11:00:00+00:00,1,0.26,increase,23.67,956536.19,8,6,24,7,0.33,8.9,2.05,8.7,17.65,5,6,0.83,0.0,0.05,0.3,low
wf_2026_01,xgboost,2026-01-12,1,2026-01-12 03:00:00+00:00,2026-01-12 04:00:00+00:00,1,0.02,decrease,17.87,676449.41,1,2,24,1,0.0,0.0,0.06,17.81,3.29,5,6,0.83,1.0,0.0,0.74,medium
wf_2026_01,xgboost,2026-01-12,2,2026-01-12 04:00:00+00:00,2026-01-12 05:00:00+00:00,1,0.02,decrease,17.09,653027.62,2,1,24,2,0.02,7.76,0.0,10.05,3.35,5,6,0.83,0.75,0.12,0.65,medium
wf_2026_01,xgboost,2026-01-12,3,2026-01-12 02:00:00+00:00,2026-01-12 03:00:00+00:00,1,0.13,decrease,18.43,695449.18,3,5,24,3,0.09,3.3,1.37,14.51,1.98,5,6,0.83,0.5,0.08,0.53,medium
wf_2026_01,xgboost,2026-01-12,4,2026-01-12 13:00:00+00:00,2026-01-12 14:00:00+00:00,1,0.2,increase,18.29,754669.6,8,3,24,5,0.17,20.76,0.91,-2.96,2.44,4,6,0.67,0.25,0.02,0.35,low
wf_2026_01,xgboost,2026-01-12,5,2026-01-12 01:00:00+00:00,2026-01-12 02:00:00+00:00,1,0.22,decrease,19.27,737964.3,5,7,24,6,0.2,12.89,2.27,4.92,1.08,5,6,0.83,0.0,0.03,0.3,low
wf_2026_01,xgboost,2026-01-13,1,2026-01-13 02:00:00+00:00,2026-01-13 03:00:00+00:00,1,0.04,increase,27.9,1004814.63,1,3,24,2,0.04,1.23,1.26,4.15,2.5,6,6,1.0,1.0,0.02,0.8,high
wf_2026_01,xgboost,2026-01-13,2,2026-01-13 03:00:00+00:00,2026-01-13 04:00:00+00:00,1,0.07,increase,27.47,983982.7,3,2,24,1,0.0,0.0,0.06,5.38,3.71,6,6,1.0,0.75,0.07,0.7,medium
wf_2026_01,xgboost,2026-01-13,3,2026-01-13 01:00:00+00:00,2026-01-13 02:00:00+00:00,1,0.13,increase,28.98,1054953.01,2,6,24,5,0.15,3.81,2.4,1.57,1.37,5,6,0.83,0.5,0.02,0.52,medium
wf_2026_01,xgboost,2026-01-13,4,2026-01-13 04:00:00+00:00,2026-01-13 05:00:00+00:00,1,0.15,increase,26.8,974755.9,8,1,24,3,0.04,2.39,0.0,2.99,3.77,6,6,1.0,0.25,0.02,0.47,low
wf_2026_01,xgboost,2026-01-13,5,2026-01-13 23:00:00+00:00,2026-01-14 00:00:00+00:00,1,0.17,decrease,28.46,1041716.91,6,4,24,12,0.46,22.92,2.68,-17.54,1.09,2,6,0.33,0.0,0.02,0.12,low
wf_2026_01,xgboost,2026-01-14,1,2026-01-14 02:00:00+00:00,2026-01-14 03:00:00+00:00,1,0.04,increase,28.54,990268.38,1,3,24,2,0.0,0.0,1.67,7.1,-1.67,6,6,1.0,1.0,0.05,0.81,high
wf_2026_01,xgboost,2026-01-14,2,2026-01-14 01:00:00+00:00,2026-01-14 02:00:00+00:00,1,0.09,increase,27.38,961347.81,4,2,24,1,0.0,0.83,0.36,6.27,-0.36,6,6,1.0,0.75,0.02,0.69,medium
wf_2026_01,xgboost,2026-01-14,3,2026-01-14 00:00:00+00:00,2026-01-14 01:00:00+00:00,1,0.11,increase,24.66,866342.2,6,1,24,3,0.07,7.1,0.0,0.0,0.0,5,6,0.83,0.5,0.0,0.52,medium
wf_2026_01,xgboost,2026-01-14,4,2026-01-14 03:00:00+00:00,2026-01-14 04:00:00+00:00,1,0.11,increase,29.79,1028201.02,3,4,24,4,0.07,1.31,2.5,5.79,-2.5,6,6,1.0,0.25,0.02,0.47,low
wf_2026_01,xgboost,2026-01-14,5,2026-01-14 23:00:00+00:00,2026-01-15 00:00:00+00:00,1,0.13,decrease,36.16,1344899.01,2,6,24,6,0.2,12.41,3.63,-5.31,-3.63,5,6,0.83,0.0,0.05,0.3,low
wf_2026_01,xgboost,2026-01-15,1,2026-01-15 23:00:00+00:00,2026-01-16 00:00:00+00:00,1,0.0,decrease,20.61,777497.79,1,1,24,1,0.0,2.62,0.0,10.43,3.76,5,6,0.83,1.0,0.09,0.76,high
wf_2026_01,xgboost,2026-01-15,2,2026-01-15 22:00:00+00:00,2026-01-15 23:00:00+00:00,1,0.09,decrease,23.12,892734.49,4,2,24,2,0.04,4.68,0.41,8.38,3.35,5,6,0.83,0.75,0.05,0.64,medium
wf_2026_01,xgboost,2026-01-15,3,2026-01-15 02:00:00+00:00,2026-01-15 03:00:00+00:00,1,0.13,decrease,27.89,995217.5,2,6,24,4,0.15,2.43,6.04,10.63,-2.28,6,6,1.0,0.5,0.05,0.58,medium
wf_2026_01,xgboost,2026-01-15,4,2026-01-15 03:00:00+00:00,2026-01-15 04:00:00+00:00,1,0.17,decrease,28.26,995758.71,3,7,24,3,0.09,0.0,5.2,13.05,-1.44,5,6,0.83,0.25,0.02,0.41,low
wf_2026_01,xgboost,2026-01-15,5,2026-01-15 13:00:00+00:00,2026-01-15 14:00:00+00:00,1,0.2,decrease,26.83,1120890.01,6,5,24,10,0.35,8.89,7.26,4.16,-3.5,4,6,0.67,0.0,0.05,0.24,low
wf_2026_01,xgboost,2026-01-16,1,2026-01-16 02:00:00+00:00,2026-01-16 03:00:00+00:00,1,0.02,decrease,18.55,657719.5,1,2,24,2,0.0,0.0,0.93,5.97,-0.93,6,6,1.0,1.0,0.02,0.8,high
wf_2026_01,xgboost,2026-01-16,2,2026-01-16 01:00:00+00:00,2026-01-16 02:00:00+00:00,1,0.04,decrease,18.02,647670.59,3,1,24,1,0.0,2.98,0.19,2.99,-0.19,5,6,0.83,0.75,0.02,0.63,medium
wf_2026_01,xgboost,2026-01-16,3,2026-01-16 03:00:00+00:00,2026-01-16 04:00:00+00:00,1,0.07,decrease,18.66,654282.4,2,3,24,4,0.07,5.87,1.99,0.11,-1.99,6,6,1.0,0.5,0.07,0.59,medium
wf_2026_01,xgboost,2026-01-16,4,2026-01-16 00:00:00+00:00,2026-01-16 01:00:00+00:00,1,0.13,decrease,19.84,723723.32,4,4,24,3,0.02,5.97,0.0,0.0,0.0,5,6,0.83,0.25,0.05,0.41,low
wf_2026_01,xgboost,2026-01-16,5,2026-01-16 04:00:00+00:00,2026-01-16 05:00:00+00:00,1,0.17,decrease,20.72,720388.88,5,5,24,5,0.13,19.4,5.23,-13.43,-5.23,6,6,1.0,0.0,0.07,0.36,low
wf_2026_01,xgboost,2026-01-17,1,2026-01-17 03:00:00+00:00,2026-01-17 04:00:00+00:00,1,0.04,increase,41.06,1347369.96,2,2,24,1,0.0,0.0,0.72,6.21,3.41,6,6,1.0,1.0,0.03,0.81,high
wf_2026_01,xgboost,2026-01-17,2,2026-01-17 01:00:00+00:00,2026-01-17 02:00:00+00:00,1,0.07,increase,40.59,1371488.99,4,1,24,5,0.2,3.29,2.2,2.92,1.93,5,6,0.83,0.75,0.0,0.63,medium
wf_2026_01,xgboost,2026-01-17,3,2026-01-17 02:00:00+00:00,2026-01-17 03:00:00+00:00,1,0.07,increase,41.13,1366837.73,1,4,24,3,0.07,0.99,1.37,5.22,2.76,6,6,1.0,0.5,0.08,0.59,medium
wf_2026_01,xgboost,2026-01-17,4,2026-01-17 00:00:00+00:00,2026-01-17 01:00:00+00:00,1,0.13,increase,41.08,1392639.45,5,3,24,12,0.46,6.21,4.13,0.0,0.0,3,6,0.5,0.25,0.0,0.29,low
wf_2026_01,xgboost,2026-01-17,5,2026-01-17 04:00:00+00:00,2026-01-17 05:00:00+00:00,1,0.13,increase,41.83,1368976.76,3,5,24,2,0.0,0.69,0.0,5.52,4.13,6,6,1.0,0.0,0.18,0.39,low
wf_2026_01,xgboost,2026-01-18,1,2026-01-18 03:00:00+00:00,2026-01-18 04:00:00+00:00,1,0.04,increase,28.43,952293.28,3,1,24,5,0.11,5.38,0.6,6.95,8.06,6,6,1.0,1.0,0.05,0.81,high
wf_2026_01,xgboost,2026-01-18,2,2026-01-18 12:00:00+00:00,2026-01-18 13:00:00+00:00,1,0.09,decrease,31.17,1084631.11,1,5,24,4,0.07,0.11,2.67,12.23,6.0,5,6,0.83,0.75,0.02,0.63,medium
wf_2026_01,xgboost,2026-01-18,3,2026-01-18 02:00:00+00:00,2026-01-18 03:00:00+00:00,1,0.11,increase,29.72,1013013.99,4,3,24,11,0.2,5.69,1.09,6.65,7.57,4,6,0.67,0.5,0.02,0.46,low
wf_2026_01,xgboost,2026-01-18,4,2026-01-18 04:00:00+00:00,2026-01-18 05:00:00+00:00,1,0.13,increase,28.96,964842.39,6,2,24,6,0.11,5.22,0.67,7.11,7.99,3,6,0.5,0.25,0.02,0.29,low
wf_2026_01,xgboost,2026-01-18,5,2026-01-18 11:00:00+00:00,2026-01-18 12:00:00+00:00,1,0.15,decrease,31.26,1083035.61,2,7,24,2,0.02,0.0,2.4,12.33,6.26,4,6,0.67,0.0,0.05,0.24,low
wf_2026_01,xgboost,2026-01-19,1,2026-01-19 01:00:00+00:00,2026-01-19 02:00:00+00:00,1,0.02,decrease,43.11,1440426.26,1,2,24,3,0.04,0.7,1.01,-0.39,-1.01,5,6,0.83,1.0,0.02,0.75,medium
wf_2026_01,xgboost,2026-01-19,2,2026-01-19 00:00:00+00:00,2026-01-19 01:00:00+00:00,1,0.04,decrease,41.38,1369089.11,3,1,24,1,0.0,0.3,0.0,0.0,0.0,5,6,0.83,0.75,0.05,0.64,medium
wf_2026_01,xgboost,2026-01-19,3,2026-01-19 02:00:00+00:00,2026-01-19 03:00:00+00:00,1,0.09,decrease,44.5,1479068.81,2,4,24,2,0.02,0.3,1.31,0.0,-1.31,5,6,0.83,0.5,0.02,0.52,medium
wf_2026_01,xgboost,2026-01-19,4,2026-01-19 03:00:00+00:00,2026-01-19 04:00:00+00:00,1,0.11,increase,44.37,1457782.21,4,3,24,4,0.04,0.0,3.51,0.3,-3.51,6,6,1.0,0.25,0.1,0.48,low
wf_2026_01,xgboost,2026-01-19,5,2026-01-19 04:00:00+00:00,2026-01-19 05:00:00+00:00,1,0.2,increase,48.28,1612887.19,6,5,24,5,0.11,2.8,2.79,-2.5,-2.79,4,6,0.67,0.0,0.13,0.26,low
wf_2026_01,xgboost,2026-01-20,1,2026-01-20 23:00:00+00:00,2026-01-21 00:00:00+00:00,1,0.04,decrease,34.98,1351162.43,3,1,24,1,0.0,3.43,0.0,10.87,11.93,5,6,0.83,1.0,0.1,0.76,high
wf_2026_01,xgboost,2026-01-20,2,2026-01-20 13:00:00+00:00,2026-01-20 14:00:00+00:00,1,0.13,decrease,36.82,1471892.33,4,4,24,3,0.02,2.22,9.21,12.08,2.71,5,6,0.83,0.75,0.05,0.64,medium
wf_2026_01,xgboost,2026-01-20,3,2026-01-20 02:00:00+00:00,2026-01-20 03:00:00+00:00,1,0.17,decrease,39.17,1314166.28,1,9,24,8,0.24,2.44,11.31,11.86,0.62,5,6,0.83,0.5,0.05,0.53,medium
wf_2026_01,xgboost,2026-01-20,4,2026-01-20 12:00:00+00:00,2026-01-20 13:00:00+00:00,1,0.22,decrease,38.07,1514204.31,6,6,24,2,0.02,2.32,8.83,11.98,3.1,2,6,0.33,0.25,0.02,0.23,low
wf_2026_01,xgboost,2026-01-20,5,2026-01-20 03:00:00+00:00,2026-01-20 04:00:00+00:00,1,0.24,decrease,39.57,1332131.89,2,11,24,4,0.09,0.0,10.05,14.3,1.88,5,6,0.83,0.0,0.0,0.29,low
wf_2026_01,xgboost,2026-01-21,1,2026-01-21 12:00:00+00:00,2026-01-21 13:00:00+00:00,1,0.02,decrease,17.81,754904.12,1,2,24,1,0.0,28.46,0.0,10.08,4.1,6,6,1.0,1.0,0.05,0.81,high
wf_2026_01,xgboost,2026-01-21,2,2026-01-21 13:00:00+00:00,2026-01-21 14:00:00+00:00,1,0.07,decrease,17.48,723926.22,4,1,24,4,0.13,33.82,1.62,4.72,2.47,6,6,1.0,0.75,0.12,0.71,medium
wf_2026_01,xgboost,2026-01-21,3,2026-01-21 23:00:00+00:00,2026-01-22 00:00:00+00:00,1,0.17,decrease,18.13,661772.2,7,3,24,6,0.22,0.0,3.87,38.54,0.23,6,6,1.0,0.5,0.05,0.58,medium
wf_2026_01,xgboost,2026-01-21,4,2026-01-21 02:00:00+00:00,2026-01-21 03:00:00+00:00,1,0.22,decrease,20.96,772620.58,3,9,24,7,0.22,24.81,3.19,13.73,0.9,5,6,0.83,0.25,0.0,0.4,low
wf_2026_01,xgboost,2026-01-21,5,2026-01-21 03:00:00+00:00,2026-01-21 04:00:00+00:00,1,0.22,decrease,21.45,785867.32,2,10,24,2,0.07,23.57,2.91,14.97,1.18,5,6,0.83,0.0,0.0,0.29,low
wf_2026_01,xgboost,2026-01-22,1,2026-01-22 00:00:00+00:00,2026-01-22 01:00:00+00:00,1,0.04,decrease,20.68,746268.99,1,3,24,3,0.02,13.11,0.07,0.0,0.0,5,6,0.83,1.0,0.02,0.75,medium
wf_2026_01,xgboost,2026-01-22,2,2026-01-22 01:00:00+00:00,2026-01-22 02:00:00+00:00,1,0.07,decrease,20.1,708370.51,3,2,24,4,0.02,14.36,0.0,-1.25,0.07,5,6,0.83,0.75,0.0,0.63,medium
wf_2026_01,xgboost,2026-01-22,3,2026-01-22 02:00:00+00:00,2026-01-22 03:00:00+00:00,1,0.07,decrease,20.1,685219.4,4,1,24,1,0.0,3.73,0.74,9.38,-0.66,5,6,0.83,0.5,0.02,0.52,medium
wf_2026_01,xgboost,2026-01-22,4,2026-01-22 03:00:00+00:00,2026-01-22 04:00:00+00:00,1,0.09,decrease,20.97,704747.1,2,4,24,2,0.0,0.0,1.3,13.11,-1.23,6,6,1.0,0.25,0.1,0.48,low
wf_2026_01,xgboost,2026-01-22,5,2026-01-22 04:00:00+00:00,2026-01-22 05:00:00+00:00,1,0.17,decrease,21.83,735733.0,5,5,24,5,0.07,12.79,1.56,0.32,-1.49,6,6,1.0,0.0,0.05,0.36,low
wf_2026_01,xgboost,2026-01-23,1,2026-01-23 23:00:00+00:00,2026-01-24 00:00:00+00:00,1,0.09,decrease,21.36,776897.48,5,1,24,11,0.28,37.29,3.1,-1.01,1.51,5,6,0.83,1.0,0.07,0.76,high
wf_2026_01,xgboost,2026-01-23,2,2026-01-23 02:00:00+00:00,2026-01-23 03:00:00+00:00,1,0.15,increase,23.2,818545.71,3,6,24,5,0.15,7.83,3.15,28.44,1.46,6,6,1.0,0.75,0.02,0.69,medium
wf_2026_01,xgboost,2026-01-23,3,2026-01-23 03:00:00+00:00,2026-01-23 04:00:00+00:00,1,0.17,increase,23.41,818215.59,1,9,24,1,0.0,0.0,2.6,36.27,2.01,6,6,1.0,0.5,0.0,0.57,medium
wf_2026_01,xgboost,2026-01-23,4,2026-01-23 04:00:00+00:00,2026-01-23 05:00:00+00:00,1,0.17,increase,23.34,815083.32,2,8,24,4,0.13,24.84,3.09,11.43,1.52,5,6,0.83,0.25,0.0,0.4,low
wf_2026_01,xgboost,2026-01-23,5,2026-01-23 13:00:00+00:00,2026-01-23 14:00:00+00:00,1,0.17,increase,22.58,916124.98,7,3,24,3,0.09,35.93,1.99,0.34,2.62,5,6,0.83,0.0,0.12,0.32,low
wf_2026_01,xgboost,2026-01-24,1,2026-01-24 01:00:00+00:00,2026-01-24 02:00:00+00:00,1,0.09,increase,20.35,712777.2,4,2,24,2,0.07,0.0,2.3,7.32,-0.1,5,6,0.83,1.0,0.0,0.74,medium
wf_2026_01,xgboost,2026-01-24,2,2026-01-24 02:00:00+00:00,2026-01-24 03:00:00+00:00,1,0.09,increase,21.19,743090.88,1,5,24,9,0.33,4.68,3.79,2.64,-1.59,6,6,1.0,0.75,0.07,0.7,medium
wf_2026_01,xgboost,2026-01-24,3,2026-01-24 00:00:00+00:00,2026-01-24 01:00:00+00:00,1,0.15,decrease,20.78,738832.89,5,4,24,6,0.2,7.32,2.2,0.0,0.0,3,6,0.5,0.5,0.05,0.41,low
wf_2026_01,xgboost,2026-01-24,4,2026-01-24 23:00:00+00:00,2026-01-25 00:00:00+00:00,1,0.2,increase,19.86,692296.32,10,1,24,3,0.07,4.7,0.0,2.62,2.2,4,6,0.67,0.25,0.02,0.35,low
wf_2026_01,xgboost,2026-01-24,5,2026-01-24 13:00:00+00:00,2026-01-24 14:00:00+00:00,1,0.22,decrease,20.45,784306.22,9,3,24,1,0.0,0.64,1.64,6.68,0.56,6,6,1.0,0.0,0.02,0.35,low
wf_2026_01,xgboost,2026-01-25,1,2026-01-25 05:00:00+00:00,2026-01-25 06:00:00+00:00,1,0.13,decrease,17.41,588913.0,1,7,24,5,0.13,10.41,0.91,20.01,0.14,5,6,0.83,1.0,0.03,0.75,medium
wf_2026_01,xgboost,2026-01-25,2,2026-01-25 04:00:00+00:00,2026-01-25 05:00:00+00:00,1,0.15,decrease,17.36,580474.5,3,6,24,1,0.0,0.0,0.48,30.42,0.56,5,6,0.83,0.75,0.03,0.63,medium
wf_2026_01,xgboost,2026-01-25,3,2026-01-25 03:00:00+00:00,2026-01-25 04:00:00+00:00,1,0.17,decrease,17.61,594466.79,2,8,24,3,0.09,10.63,0.56,19.79,0.49,5,6,0.83,0.5,0.03,0.52,medium
wf_2026_01,xgboost,2026-01-25,4,2026-01-25 09:00:00+00:00,2026-01-25 10:00:00+00:00,1,0.2,decrease,17.34,622950.61,6,5,24,7,0.24,30.05,0.61,0.37,0.43,4,6,0.67,0.25,0.03,0.35,low
wf_2026_01,xgboost,2026-01-25,5,2026-01-25 10:00:00+00:00,2026-01-25 11:00:00+00:00,1,0.22,decrease,16.85,619352.21,11,1,24,12,0.37,36.13,0.91,-5.71,0.14,5,6,0.83,0.0,0.03,0.3,low
wf_2026_01,xgboost,2026-01-26,1,2026-01-26 23:00:00+00:00,2026-01-27 00:00:00+00:00,1,0.04,decrease,23.63,887321.9,3,1,24,1,0.0,0.0,0.0,12.73,8.35,5,6,0.83,1.0,0.05,0.75,high
wf_2026_01,xgboost,2026-01-26,2,2026-01-26 02:00:00+00:00,2026-01-26 03:00:00+00:00,1,0.09,increase,30.15,1001481.2,2,4,24,4,0.17,3.84,9.08,8.89,-0.73,6,6,1.0,0.75,0.02,0.69,medium
wf_2026_01,xgboost,2026-01-26,3,2026-01-26 01:00:00+00:00,2026-01-26 02:00:00+00:00,1,0.11,increase,29.65,990982.6,5,2,24,2,0.13,9.83,7.88,2.9,0.47,5,6,0.83,0.5,0.0,0.52,medium
wf_2026_01,xgboost,2026-01-26,4,2026-01-26 03:00:00+00:00,2026-01-26 04:00:00+00:00,1,0.11,increase,31.64,1056256.77,1,6,24,3,0.13,3.43,9.04,9.3,-0.69,6,6,1.0,0.25,0.07,0.48,low
wf_2026_01,xgboost,2026-01-26,5,2026-01-26 22:00:00+00:00,2026-01-26 23:00:00+00:00,1,0.17,decrease,29.66,1139148.14,7,3,24,5,0.17,12.84,4.17,-0.12,4.18,1,6,0.17,0.0,0.02,0.06,low
wf_2026_01,xgboost,2026-01-27,1,2026-01-27 03:00:00+00:00,2026-01-27 04:00:00+00:00,1,0.04,decrease,18.44,686043.79,1,3,24,3,0.07,0.0,0.6,70.3,-0.27,6,6,1.0,1.0,0.02,0.8,high
wf_2026_01,xgboost,2026-01-27,2,2026-01-27 02:00:00+00:00,2026-01-27 03:00:00+00:00,1,0.07,decrease,17.93,683665.29,3,2,24,1,0.0,7.89,0.24,62.4,0.09,6,6,1.0,0.75,0.02,0.69,medium
wf_2026_01,xgboost,2026-01-27,3,2026-01-27 01:00:00+00:00,2026-01-27 02:00:00+00:00,1,0.09,decrease,17.91,682277.42,5,1,24,2,0.02,44.51,0.0,25.79,0.33,6,6,1.0,0.5,0.0,0.57,medium
wf_2026_01,xgboost,2026-01-27,4,2026-01-27 04:00:00+00:00,2026-01-27 05:00:00+00:00,1,0.09,decrease,20.17,739930.39,2,4,24,4,0.07,13.34,0.45,56.95,-0.13,5,6,0.83,0.25,0.1,0.42,low
wf_2026_01,xgboost,2026-01-27,5,2026-01-27 05:00:00+00:00,2026-01-27 06:00:00+00:00,1,0.17,decrease,21.56,820874.1,4,6,24,6,0.13,58.86,0.51,11.43,-0.19,5,6,0.83,0.0,0.07,0.31,low
wf_2026_01,xgboost,2026-01-28,1,2026-01-28 00:00:00+00:00,2026-01-28 01:00:00+00:00,1,0.04,increase,32.09,1111008.21,3,1,24,5,0.15,10.66,1.86,0.0,0.0,6,6,1.0,1.0,0.0,0.8,high
wf_2026_01,xgboost,2026-01-28,2,2026-01-28 02:00:00+00:00,2026-01-28 03:00:00+00:00,1,0.04,increase,32.97,1136987.49,2,2,24,1,0.0,0.0,0.51,10.66,1.35,6,6,1.0,0.75,0.0,0.69,medium
wf_2026_01,xgboost,2026-01-28,3,2026-01-28 03:00:00+00:00,2026-01-28 04:00:00+00:00,1,0.04,increase,33.4,1163749.68,1,3,24,2,0.0,0.7,0.0,9.95,1.86,6,6,1.0,0.5,0.1,0.59,medium
wf_2026_01,xgboost,2026-01-28,4,2026-01-28 01:00:00+00:00,2026-01-28 02:00:00+00:00,1,0.13,increase,33.69,1161450.42,4,4,24,3,0.09,9.17,0.54,1.48,1.32,6,6,1.0,0.25,0.05,0.47,low
wf_2026_01,xgboost,2026-01-28,5,2026-01-28 04:00:00+00:00,2026-01-28 05:00:00+00:00,1,0.17,increase,34.44,1210286.45,5,5,24,4,0.09,5.15,1.0,5.51,0.86,6,6,1.0,0.0,0.07,0.36,low
wf_2026_01,xgboost,2026-01-29,1,2026-01-29 23:00:00+00:00,2026-01-30 00:00:00+00:00,1,0.02,decrease,39.78,1490841.63,1,2,24,5,0.13,18.58,0.0,-6.88,14.96,5,6,0.83,1.0,0.07,0.76,high
wf_2026_01,xgboost,2026-01-29,2,2026-01-29 03:00:00+00:00,2026-01-29 04:00:00+00:00,1,0.09,decrease,42.78,1433493.27,2,4,24,2,0.0,0.0,11.35,11.7,3.61,6,6,1.0,0.75,0.02,0.69,medium
wf_2026_01,xgboost,2026-01-29,3,2026-01-29 04:00:00+00:00,2026-01-29 05:00:00+00:00,1,0.11,increase,42.76,1452914.34,4,3,24,4,0.09,8.56,13.23,3.13,1.73,6,6,1.0,0.5,0.02,0.58,medium
wf_2026_01,xgboost,2026-01-29,4,2026-01-29 00:00:00+00:00,2026-01-29 01:00:00+00:00,1,0.13,decrease,36.84,1306233.29,7,1,24,7,0.2,11.7,14.96,0.0,0.0,6,6,1.0,0.25,0.05,0.47,low
wf_2026_01,xgboost,2026-01-29,5,2026-01-29 02:00:00+00:00,2026-01-29 03:00:00+00:00,1,0.17,increase,45.22,1544489.27,3,7,24,1,0.0,2.18,11.27,9.52,3.69,6,6,1.0,0.0,0.05,0.36,low
wf_2026_01,xgboost,2026-01-30,1,2026-01-30 13:00:00+00:00,2026-01-30 14:00:00+00:00,1,0.07,decrease,18.79,759350.11,4,1,24,2,0.02,0.0,1.84,18.88,5.92,5,6,0.83,1.0,0.05,0.75,high
wf_2026_01,xgboost,2026-01-30,2,2026-01-30 23:00:00+00:00,2026-01-31 00:00:00+00:00,1,0.11,decrease,18.95,673058.79,5,2,24,4,0.11,13.01,0.99,5.87,6.77,6,6,1.0,0.75,0.02,0.69,medium
wf_2026_01,xgboost,2026-01-30,3,2026-01-30 14:00:00+00:00,2026-01-30 15:00:00+00:00,1,0.13,decrease,21.87,857848.7,1,7,24,5,0.22,12.56,4.35,6.32,3.41,5,6,0.83,0.5,0.05,0.53,medium
wf_2026_01,xgboost,2026-01-30,4,2026-01-30 21:00:00+00:00,2026-01-30 22:00:00+00:00,1,0.17,decrease,19.26,730664.79,7,3,24,11,0.35,19.33,2.35,-0.45,5.41,4,6,0.67,0.25,0.1,0.37,low
wf_2026_01,xgboost,2026-01-30,5,2026-01-30 22:00:00+00:00,2026-01-30 23:00:00+00:00,1,0.26,decrease,20.96,772592.32,8,6,24,3,0.11,13.07,0.95,5.81,6.81,4,6,0.67,0.0,0.02,0.24,low
wf_2026_01,xgboost,2026-01-31,1,2026-01-31 00:00:00+00:00,2026-01-31 01:00:00+00:00,1,0.07,decrease,18.38,611729.9,4,1,24,1,0.0,3.46,0.0,0.0,0.0,5,6,0.83,1.0,0.0,0.74,medium
wf_2026_01,xgboost,2026-01-31,2,2026-01-31 01:00:00+00:00,2026-01-31 02:00:00+00:00,1,0.07,decrease,19.57,635608.12,3,2,24,3,0.02,3.39,1.26,0.07,-1.26,5,6,0.83,0.75,0.0,0.63,medium
wf_2026_01,xgboost,2026-01-31,3,2026-01-31 02:00:00+00:00,2026-01-31 03:00:00+00:00,1,0.07,increase,21.05,664647.19,1,4,24,4,0.04,2.0,1.81,1.46,-1.81,5,6,0.83,0.5,0.07,0.53,medium
wf_2026_01,xgboost,2026-01-31,4,2026-01-31 03:00:00+00:00,2026-01-31 04:00:00+00:00,1,0.13,increase,21.7,680425.42,2,6,24,2,0.0,0.0,1.62,3.46,-1.62,5,6,0.83,0.25,0.02,0.41,low
wf_2026_01,xgboost,2026-01-31,5,2026-01-31 05:00:00+00:00,2026-01-31 06:00:00+00:00,1,0.15,decrease,20.73,656629.3,6,3,24,6,0.15,5.95,2.22,-2.49,-2.22,3,6,0.5,0.0,0.02,0.18,low
wf_2026_02,hist_gradient_boosting,2026-02-01,1,2026-02-01 13:00:00+00:00,2026-02-01 14:00:00+00:00,1,0.07,unknown,20.69,753606.7,3,2,24,4,0.15,3.7,0.09,8.32,4.2,5,6,0.83,1.0,0.07,0.76,high
wf_2026_02,hist_gradient_boosting,2026-02-01,2,2026-02-01 03:00:00+00:00,2026-02-01 04:00:00+00:00,1,0.13,unknown,21.22,680843.6,1,7,24,6,0.24,2.0,1.17,10.02,3.12,6,6,1.0,0.75,0.0,0.69,medium
wf_2026_02,hist_gradient_boosting,2026-02-01,3,2026-02-01 04:00:00+00:00,2026-02-01 05:00:00+00:00,1,0.13,unknown,20.81,668292.8,4,4,24,2,0.13,1.91,0.49,10.11,3.8,6,6,1.0,0.5,0.0,0.57,medium
wf_2026_02,hist_gradient_boosting,2026-02-01,4,2026-02-01 11:00:00+00:00,2026-02-01 12:00:00+00:00,1,0.13,unknown,19.76,724991.9,7,1,24,9,0.33,11.2,0.74,0.82,3.54,2,6,0.33,0.25,0.09,0.25,low
wf_2026_02,hist_gradient_boosting,2026-02-01,5,2026-02-01 06:00:00+00:00,2026-02-01 07:00:00+00:00,1,0.22,unknown,21.18,698471.4,6,6,24,8,0.3,4.33,1.07,7.69,3.21,3,6,0.5,0.0,0.0,0.18,low
wf_2026_02,hist_gradient_boosting,2026-02-02,1,2026-02-02 23:00:00+00:00,2026-02-03 00:00:00+00:00,1,0.0,decrease,19.05,680954.5,1,1,24,1,0.0,0.0,0.0,26.17,5.72,5,6,0.83,1.0,0.11,0.76,high
wf_2026_02,hist_gradient_boosting,2026-02-02,2,2026-02-02 22:00:00+00:00,2026-02-02 23:00:00+00:00,1,0.11,decrease,20.93,763821.9,5,2,24,2,0.07,20.55,1.38,5.62,4.34,4,6,0.67,0.75,0.05,0.58,medium
wf_2026_02,hist_gradient_boosting,2026-02-02,3,2026-02-02 01:00:00+00:00,2026-02-02 02:00:00+00:00,1,0.15,decrease,23.76,756178.1,4,5,24,5,0.2,23.46,5.73,2.71,-0.01,4,6,0.67,0.5,0.0,0.46,low
wf_2026_02,hist_gradient_boosting,2026-02-02,4,2026-02-02 02:00:00+00:00,2026-02-02 03:00:00+00:00,1,0.15,decrease,24.34,768171.0,3,6,24,3,0.11,19.85,5.72,6.32,-0.0,5,6,0.83,0.25,0.0,0.4,low
wf_2026_02,hist_gradient_boosting,2026-02-02,5,2026-02-02 03:00:00+00:00,2026-02-02 04:00:00+00:00,1,0.15,decrease,25.38,807412.1,2,7,24,7,0.22,20.75,6.42,5.42,-0.71,5,6,0.83,0.0,0.0,0.29,low
wf_2026_02,hist_gradient_boosting,2026-02-03,1,2026-02-03 03:00:00+00:00,2026-02-03 04:00:00+00:00,1,0.07,decrease,16.67,572906.5,1,4,24,2,0.0,4.39,1.75,32.6,2.59,5,6,0.83,1.0,0.07,0.76,high
wf_2026_02,hist_gradient_boosting,2026-02-03,2,2026-02-03 02:00:00+00:00,2026-02-03 03:00:00+00:00,1,0.13,decrease,17.13,596643.6,3,5,24,1,0.0,0.0,1.92,37.0,2.42,6,6,1.0,0.75,0.0,0.69,medium
wf_2026_02,hist_gradient_boosting,2026-02-03,3,2026-02-03 13:00:00+00:00,2026-02-03 14:00:00+00:00,1,0.13,decrease,14.9,610338.5,7,1,24,4,0.02,46.03,0.0,-9.03,4.34,5,6,0.83,0.5,0.02,0.52,medium
wf_2026_02,hist_gradient_boosting,2026-02-03,4,2026-02-03 12:00:00+00:00,2026-02-03 13:00:00+00:00,1,0.15,decrease,15.34,634215.8,6,3,24,3,0.02,42.03,0.25,-5.04,4.08,5,6,0.83,0.25,0.02,0.41,low
wf_2026_02,hist_gradient_boosting,2026-02-03,5,2026-02-03 04:00:00+00:00,2026-02-03 05:00:00+00:00,1,0.17,decrease,17.54,606410.7,2,8,24,6,0.07,23.09,2.05,13.91,2.28,5,6,0.83,0.0,0.02,0.3,low
wf_2026_02,hist_gradient_boosting,2026-02-04,1,2026-02-04 13:00:00+00:00,2026-02-04 14:00:00+00:00,1,0.02,decrease,13.93,558746.2,2,1,24,1,0.0,8.1,0.12,16.99,2.38,6,6,1.0,1.0,0.04,0.81,high
wf_2026_02,hist_gradient_boosting,2026-02-04,2,2026-02-04 23:00:00+00:00,2026-02-05 00:00:00+00:00,1,0.07,decrease,15.15,558265.5,1,4,24,3,0.07,0.0,1.74,25.08,0.75,5,6,0.83,0.75,0.02,0.63,medium
wf_2026_02,hist_gradient_boosting,2026-02-04,3,2026-02-04 14:00:00+00:00,2026-02-04 15:00:00+00:00,1,0.09,decrease,14.5,567264.1,3,3,24,4,0.2,22.12,1.37,2.96,1.12,5,6,0.83,0.5,0.13,0.54,medium
wf_2026_02,hist_gradient_boosting,2026-02-04,4,2026-02-04 22:00:00+00:00,2026-02-04 23:00:00+00:00,1,0.22,decrease,14.46,538909.4,10,2,24,5,0.2,15.83,1.85,9.25,0.65,4,6,0.67,0.25,0.07,0.36,low
wf_2026_02,hist_gradient_boosting,2026-02-04,5,2026-02-04 01:00:00+00:00,2026-02-04 02:00:00+00:00,1,0.28,increase,16.29,567724.3,9,6,24,10,0.33,26.13,2.41,-1.05,0.09,2,6,0.33,0.0,0.0,0.12,low
wf_2026_02,hist_gradient_boosting,2026-02-05,1,2026-02-05 03:00:00+00:00,2026-02-05 04:00:00+00:00,1,0.02,decrease,14.73,521369.8,1,2,24,3,0.0,0.0,0.32,48.82,0.72,5,6,0.83,1.0,0.07,0.76,high
wf_2026_02,hist_gradient_boosting,2026-02-05,2,2026-02-05 02:00:00+00:00,2026-02-05 03:00:00+00:00,1,0.09,decrease,14.86,536356.5,3,3,24,2,0.0,5.78,0.08,43.03,0.95,5,6,0.83,0.75,0.05,0.64,medium
wf_2026_02,hist_gradient_boosting,2026-02-05,3,2026-02-05 00:00:00+00:00,2026-02-05 01:00:00+00:00,1,0.13,decrease,14.98,555491.3,4,4,24,6,0.22,48.82,1.03,0.0,0.0,5,6,0.83,0.5,0.07,0.53,medium
wf_2026_02,hist_gradient_boosting,2026-02-05,4,2026-02-05 04:00:00+00:00,2026-02-05 05:00:00+00:00,1,0.2,decrease,15.83,555670.9,2,9,24,4,0.07,30.36,0.62,18.46,0.42,5,6,0.83,0.25,0.05,0.41,low
wf_2026_02,hist_gradient_boosting,2026-02-05,5,2026-02-05 01:00:00+00:00,2026-02-05 02:00:00+00:00,1,0.24,decrease,15.63,568196.1,5,8,24,1,0.0,39.6,0.0,9.22,1.03,4,6,0.67,0.0,0.0,0.23,low
wf_2026_02,hist_gradient_boosting,2026-02-06,1,2026-02-06 13:00:00+00:00,2026-02-06 14:00:00+00:00,1,0.07,decrease,13.13,537189.5,3,2,24,2,0.0,18.14,0.32,35.09,2.03,5,6,0.83,1.0,0.05,0.75,high
wf_2026_02,hist_gradient_boosting,2026-02-06,2,2026-02-06 12:00:00+00:00,2026-02-06 13:00:00+00:00,1,0.11,decrease,12.94,533635.0,6,1,24,1,0.0,21.17,0.0,32.06,2.35,5,6,0.83,0.75,0.05,0.64,medium
wf_2026_02,hist_gradient_boosting,2026-02-06,3,2026-02-06 14:00:00+00:00,2026-02-06 15:00:00+00:00,1,0.15,decrease,13.95,539541.1,4,5,24,3,0.11,27.82,1.02,25.41,1.33,5,6,0.83,0.5,0.02,0.52,medium
wf_2026_02,hist_gradient_boosting,2026-02-06,4,2026-02-06 11:00:00+00:00,2026-02-06 12:00:00+00:00,1,0.17,decrease,13.15,535768.4,7,3,24,4,0.15,41.42,0.36,11.8,1.98,5,6,0.83,0.25,0.1,0.42,low
wf_2026_02,hist_gradient_boosting,2026-02-06,5,2026-02-06 15:00:00+00:00,2026-02-06 16:00:00+00:00,1,0.26,decrease,14.79,545326.6,8,6,24,6,0.22,39.01,1.76,14.21,0.59,4,6,0.67,0.0,0.07,0.25,low
wf_2026_02,hist_gradient_boosting,2026-02-07,1,2026-02-07 11:00:00+00:00,2026-02-07 12:00:00+00:00,1,0.07,decrease,13.05,517409.9,4,1,24,1,0.0,18.29,0.0,42.66,1.75,6,6,1.0,1.0,0.0,0.8,high
wf_2026_02,hist_gradient_boosting,2026-02-07,2,2026-02-07 12:00:00+00:00,2026-02-07 13:00:00+00:00,1,0.07,decrease,13.3,519772.8,3,2,24,2,0.02,1.29,0.55,59.66,1.19,6,6,1.0,0.75,0.0,0.69,medium
wf_2026_02,hist_gradient_boosting,2026-02-07,3,2026-02-07 13:00:00+00:00,2026-02-07 14:00:00+00:00,1,0.07,decrease,14.31,535316.9,1,4,24,3,0.02,0.0,0.64,60.95,1.11,6,6,1.0,0.5,0.07,0.59,medium
wf_2026_02,hist_gradient_boosting,2026-02-07,4,2026-02-07 14:00:00+00:00,2026-02-07 15:00:00+00:00,1,0.13,decrease,14.45,520580.9,2,6,24,5,0.09,10.9,1.09,50.04,0.65,6,6,1.0,0.25,0.07,0.48,low
wf_2026_02,hist_gradient_boosting,2026-02-07,5,2026-02-07 10:00:00+00:00,2026-02-07 11:00:00+00:00,1,0.2,decrease,13.61,535455.6,8,3,24,4,0.04,20.77,0.07,40.18,1.67,6,6,1.0,0.0,0.07,0.36,low
wf_2026_02,hist_gradient_boosting,2026-02-08,1,2026-02-08 11:00:00+00:00,2026-02-08 12:00:00+00:00,1,0.0,increase,15.05,555294.6,1,1,24,4,0.13,5.4,0.58,35.42,1.18,6,6,1.0,1.0,0.04,0.81,high
wf_2026_02,hist_gradient_boosting,2026-02-08,2,2026-02-08 12:00:00+00:00,2026-02-08 13:00:00+00:00,1,0.04,increase,15.3,569539.2,2,2,24,2,0.07,3.45,0.42,37.36,1.34,6,6,1.0,0.75,0.09,0.71,medium
wf_2026_02,hist_gradient_boosting,2026-02-08,3,2026-02-08 10:00:00+00:00,2026-02-08 11:00:00+00:00,1,0.13,increase,15.39,552757.9,5,3,24,3,0.11,2.63,0.77,38.19,0.99,6,6,1.0,0.5,0.0,0.57,medium
wf_2026_02,hist_gradient_boosting,2026-02-08,4,2026-02-08 13:00:00+00:00,2026-02-08 14:00:00+00:00,1,0.13,increase,15.45,563266.6,3,5,24,1,0.0,0.0,0.0,40.82,1.76,6,6,1.0,0.25,0.0,0.46,low
wf_2026_02,hist_gradient_boosting,2026-02-08,5,2026-02-08 14:00:00+00:00,2026-02-08 15:00:00+00:00,1,0.13,increase,15.43,541943.7,4,4,24,6,0.24,17.96,0.52,22.86,1.24,6,6,1.0,0.0,0.11,0.37,low
wf_2026_02,hist_gradient_boosting,2026-02-09,1,2026-02-09 23:00:00+00:00,2026-02-10 00:00:00+00:00,1,0.0,decrease,14.17,521955.8,1,1,24,1,0.0,0.0,0.0,39.18,3.37,5,6,0.83,1.0,0.07,0.76,high
wf_2026_02,hist_gradient_boosting,2026-02-09,2,2026-02-09 22:00:00+00:00,2026-02-09 23:00:00+00:00,1,0.07,decrease,14.77,552045.0,3,2,24,2,0.15,15.7,0.51,23.48,2.87,5,6,0.83,0.75,0.11,0.65,medium
wf_2026_02,hist_gradient_boosting,2026-02-09,3,2026-02-09 03:00:00+00:00,2026-02-09 04:00:00+00:00,1,0.17,decrease,16.99,560694.9,2,8,24,9,0.28,11.1,3.32,28.08,0.05,5,6,0.83,0.5,0.0,0.52,medium
wf_2026_02,hist_gradient_boosting,2026-02-09,4,2026-02-09 13:00:00+00:00,2026-02-09 14:00:00+00:00,1,0.17,increase,14.85,582762.9,7,3,24,7,0.26,31.21,0.46,7.97,2.92,6,6,1.0,0.25,0.07,0.48,low
wf_2026_02,hist_gradient_boosting,2026-02-09,5,2026-02-09 21:00:00+00:00,2026-02-09 22:00:00+00:00,1,0.24,decrease,16.72,636987.4,6,7,24,3,0.2,28.17,0.5,11.01,2.88,1,6,0.17,0.0,0.02,0.06,low
wf_2026_02,hist_gradient_boosting,2026-02-10,1,2026-02-10 23:00:00+00:00,2026-02-11 00:00:00+00:00,1,0.04,decrease,12.03,449904.0,1,3,24,1,0.0,1.3,0.07,21.81,1.81,6,6,1.0,1.0,0.02,0.8,high
wf_2026_02,hist_gradient_boosting,2026-02-10,2,2026-02-10 22:00:00+00:00,2026-02-10 23:00:00+00:00,1,0.07,decrease,12.01,452055.3,3,2,24,2,0.02,4.29,0.0,18.81,1.88,6,6,1.0,0.75,0.02,0.69,medium
wf_2026_02,hist_gradient_boosting,2026-02-10,3,2026-02-10 21:00:00+00:00,2026-02-10 22:00:00+00:00,1,0.09,decrease,11.89,450480.7,5,1,24,4,0.11,11.17,0.1,11.94,1.78,6,6,1.0,0.5,0.18,0.61,medium
wf_2026_02,hist_gradient_boosting,2026-02-10,4,2026-02-10 20:00:00+00:00,2026-02-10 21:00:00+00:00,1,0.24,decrease,12.28,476031.6,9,4,24,3,0.11,7.18,0.18,15.92,1.7,5,6,0.83,0.25,0.1,0.42,low
wf_2026_02,hist_gradient_boosting,2026-02-10,5,2026-02-10 01:00:00+00:00,2026-02-10 02:00:00+00:00,1,0.33,decrease,13.63,491821.1,7,10,24,10,0.41,20.91,2.07,2.2,-0.18,3,6,0.5,0.0,0.05,0.18,low
wf_2026_02,hist_gradient_boosting,2026-02-11,1,2026-02-11 12:00:00+00:00,2026-02-11 13:00:00+00:00,1,0.09,decrease,11.12,453639.8,2,4,24,1,0.0,0.01,0.01,14.73,1.4,5,6,0.83,1.0,0.0,0.74,medium
wf_2026_02,hist_gradient_boosting,2026-02-11,2,2026-02-11 13:00:00+00:00,2026-02-11 14:00:00+00:00,1,0.09,decrease,11.25,455511.3,1,5,24,4,0.13,0.02,0.26,14.72,1.15,5,6,0.83,0.75,0.05,0.64,medium
wf_2026_02,hist_gradient_boosting,2026-02-11,3,2026-02-11 11:00:00+00:00,2026-02-11 12:00:00+00:00,1,0.13,decrease,10.94,448015.9,5,3,24,2,0.04,0.02,0.03,14.72,1.38,5,6,0.83,0.5,0.16,0.55,medium
wf_2026_02,hist_gradient_boosting,2026-02-11,4,2026-02-11 02:00:00+00:00,2026-02-11 03:00:00+00:00,1,0.26,decrease,12.48,439788.7,4,10,24,8,0.33,0.0,2.16,14.74,-0.75,1,6,0.17,0.25,0.0,0.17,low
wf_2026_02,hist_gradient_boosting,2026-02-11,5,2026-02-11 14:00:00+00:00,2026-02-11 15:00:00+00:00,1,0.26,decrease,11.61,458172.4,8,6,24,6,0.28,4.92,1.33,9.82,0.08,4,6,0.67,0.0,0.05,0.24,low
wf_2026_02,hist_gradient_boosting,2026-02-12,1,2026-02-12 13:00:00+00:00,2026-02-12 14:00:00+00:00,1,0.04,increase,10.92,443457.5,1,3,24,10,0.37,0.0,5.24,11.82,-3.47,6,6,1.0,1.0,0.09,0.82,high
wf_2026_02,hist_gradient_boosting,2026-02-12,2,2026-02-12 12:00:00+00:00,2026-02-12 13:00:00+00:00,1,0.11,increase,10.35,425454.9,6,1,24,1,0.0,0.01,0.19,11.81,1.58,6,6,1.0,0.75,0.21,0.73,medium
wf_2026_02,hist_gradient_boosting,2026-02-12,3,2026-02-12 23:00:00+00:00,2026-02-13 00:00:00+00:00,1,0.26,decrease,11.41,422660.3,5,9,24,22,0.48,20.23,1.58,-8.41,0.19,5,6,0.83,0.5,0.06,0.53,medium
wf_2026_02,hist_gradient_boosting,2026-02-12,4,2026-02-12 11:00:00+00:00,2026-02-12 12:00:00+00:00,1,0.3,increase,10.42,426683.5,14,2,24,2,0.02,7.1,0.0,4.72,1.77,6,6,1.0,0.25,0.12,0.49,low
wf_2026_02,hist_gradient_boosting,2026-02-12,5,2026-02-12 10:00:00+00:00,2026-02-12 11:00:00+00:00,1,0.39,increase,11.14,446188.3,15,5,24,4,0.2,20.72,0.11,-8.9,1.67,2,6,0.33,0.0,0.0,0.12,low
wf_2026_02,hist_gradient_boosting,2026-02-13,1,2026-02-13 01:00:00+00:00,2026-02-13 02:00:00+00:00,1,0.07,increase,12.12,433078.4,3,2,24,2,0.0,3.06,0.46,3.21,-0.46,5,6,0.83,1.0,0.0,0.74,medium
wf_2026_02,hist_gradient_boosting,2026-02-13,2,2026-02-13 02:00:00+00:00,2026-02-13 03:00:00+00:00,1,0.07,increase,13.08,451102.9,1,4,24,3,0.0,0.0,0.61,6.28,-0.61,6,6,1.0,0.75,0.02,0.69,medium
wf_2026_02,hist_gradient_boosting,2026-02-13,3,2026-02-13 00:00:00+00:00,2026-02-13 01:00:00+00:00,1,0.09,increase,11.78,430769.0,5,1,24,1,0.0,6.28,0.0,0.0,0.0,5,6,0.83,0.5,0.02,0.52,medium
wf_2026_02,hist_gradient_boosting,2026-02-13,4,2026-02-13 03:00:00+00:00,2026-02-13 04:00:00+00:00,1,0.11,increase,13.22,448796.8,2,5,24,4,0.07,1.25,0.84,5.03,-0.84,5,6,0.83,0.25,0.07,0.42,low
wf_2026_02,hist_gradient_boosting,2026-02-13,5,2026-02-13 23:00:00+00:00,2026-02-14 00:00:00+00:00,1,0.17,increase,12.95,462362.1,7,3,24,5,0.11,28.27,0.57,-22.0,-0.57,4,6,0.67,0.0,0.05,0.24,low
wf_2026_02,hist_gradient_boosting,2026-02-14,1,2026-02-14 12:00:00+00:00,2026-02-14 13:00:00+00:00,1,0.15,decrease,11.21,448957.2,8,1,24,1,0.0,7.16,0.28,11.02,0.88,5,6,0.83,1.0,0.03,0.75,medium
wf_2026_02,hist_gradient_boosting,2026-02-14,2,2026-02-14 13:00:00+00:00,2026-02-14 14:00:00+00:00,1,0.17,decrease,11.79,466886.0,5,5,24,2,0.04,8.21,0.54,9.97,0.61,5,6,0.83,0.75,0.06,0.64,medium
wf_2026_02,hist_gradient_boosting,2026-02-14,3,2026-02-14 10:00:00+00:00,2026-02-14 11:00:00+00:00,1,0.22,decrease,11.24,443685.6,9,3,24,3,0.07,11.19,0.14,6.99,1.02,5,6,0.83,0.5,0.0,0.52,medium
wf_2026_02,hist_gradient_boosting,2026-02-14,4,2026-02-14 11:00:00+00:00,2026-02-14 12:00:00+00:00,1,0.22,decrease,11.22,445621.0,10,2,24,6,0.13,14.52,0.0,3.67,1.16,5,6,0.83,0.25,0.03,0.41,low
wf_2026_02,hist_gradient_boosting,2026-02-14,5,2026-02-14 02:00:00+00:00,2026-02-14 03:00:00+00:00,1,0.24,increase,12.72,439021.1,2,11,24,12,0.24,5.5,2.06,12.69,-0.91,6,6,1.0,0.0,0.09,0.37,low
wf_2026_02,hist_gradient_boosting,2026-02-15,1,2026-02-15 23:00:00+00:00,2026-02-16 00:00:00+00:00,1,0.02,decrease,11.29,423804.8,2,1,24,2,0.0,0.0,0.37,55.81,7.34,5,6,0.83,1.0,0.02,0.75,medium
wf_2026_02,hist_gradient_boosting,2026-02-15,2,2026-02-15 11:00:00+00:00,2026-02-15 12:00:00+00:00,1,0.04,decrease,11.43,462138.3,1,3,24,14,0.33,31.95,0.02,23.86,7.69,5,6,0.83,0.75,0.07,0.64,medium
wf_2026_02,hist_gradient_boosting,2026-02-15,3,2026-02-15 10:00:00+00:00,2026-02-15 11:00:00+00:00,1,0.11,decrease,11.53,456210.6,3,4,24,4,0.04,0.04,0.37,55.77,7.34,6,6,1.0,0.5,0.16,0.61,medium
wf_2026_02,hist_gradient_boosting,2026-02-15,4,2026-02-15 09:00:00+00:00,2026-02-15 10:00:00+00:00,1,0.26,decrease,11.9,457095.9,7,7,24,10,0.24,6.4,0.72,49.42,6.99,5,6,0.83,0.25,0.0,0.4,low
wf_2026_02,hist_gradient_boosting,2026-02-15,5,2026-02-15 22:00:00+00:00,2026-02-15 23:00:00+00:00,1,0.26,decrease,12.0,458031.6,5,9,24,1,0.0,1.91,0.22,53.9,7.49,5,6,0.83,0.0,0.09,0.31,low
wf_2026_02,hist_gradient_boosting,2026-02-16,1,2026-02-16 00:00:00+00:00,2026-02-16 01:00:00+00:00,1,0.17,decrease,11.89,434224.5,6,4,24,4,0.15,0.01,0.75,0.0,0.0,5,6,0.83,1.0,0.06,0.75,high
wf_2026_02,hist_gradient_boosting,2026-02-16,2,2026-02-16 01:00:00+00:00,2026-02-16 02:00:00+00:00,1,0.22,decrease,12.25,438603.7,3,9,24,6,0.17,0.01,1.22,0.0,-0.47,5,6,0.83,0.75,0.03,0.64,medium
wf_2026_02,hist_gradient_boosting,2026-02-16,3,2026-02-16 23:00:00+00:00,2026-02-17 00:00:00+00:00,1,0.24,increase,11.91,448807.2,8,5,24,15,0.37,10.65,1.07,-10.64,-0.31,4,6,0.67,0.5,0.06,0.47,low
wf_2026_02,hist_gradient_boosting,2026-02-16,4,2026-02-16 02:00:00+00:00,2026-02-16 03:00:00+00:00,1,0.28,decrease,12.85,446289.8,2,13,24,5,0.15,0.0,2.12,0.01,-1.37,5,6,0.83,0.25,0.03,0.41,low
wf_2026_02,hist_gradient_boosting,2026-02-16,5,2026-02-16 14:00:00+00:00,2026-02-16 15:00:00+00:00,1,0.3,increase,12.03,468904.0,9,7,24,1,0.0,0.01,0.0,0.0,0.75,4,6,0.67,0.0,0.03,0.24,low
wf_2026_02,hist_gradient_boosting,2026-02-17,1,2026-02-17 11:00:00+00:00,2026-02-17 12:00:00+00:00,1,0.02,increase,11.33,464183.5,2,1,24,3,0.09,17.77,0.0,-15.22,1.35,5,6,0.83,1.0,0.02,0.75,medium
wf_2026_02,hist_gradient_boosting,2026-02-17,2,2026-02-17 10:00:00+00:00,2026-02-17 11:00:00+00:00,1,0.04,decrease,11.64,471484.9,1,3,24,1,0.0,1.52,0.1,1.02,1.25,5,6,0.83,0.75,0.16,0.66,medium
wf_2026_02,hist_gradient_boosting,2026-02-17,3,2026-02-17 12:00:00+00:00,2026-02-17 13:00:00+00:00,1,0.2,increase,11.49,466937.4,9,2,24,4,0.11,13.61,0.17,-11.06,1.17,4,6,0.67,0.5,0.0,0.46,low
wf_2026_02,hist_gradient_boosting,2026-02-17,4,2026-02-17 13:00:00+00:00,2026-02-17 14:00:00+00:00,1,0.2,increase,11.8,468486.2,7,4,24,9,0.26,26.08,0.9,-23.53,0.45,4,6,0.67,0.25,0.09,0.36,low
wf_2026_02,hist_gradient_boosting,2026-02-17,5,2026-02-17 01:00:00+00:00,2026-02-17 02:00:00+00:00,1,0.28,increase,12.9,474731.0,4,11,24,5,0.15,0.86,1.38,1.69,-0.03,3,6,0.5,0.0,0.0,0.18,low
wf_2026_02,hist_gradient_boosting,2026-02-18,1,2026-02-18 13:00:00+00:00,2026-02-18 14:00:00+00:00,1,0.09,decrease,11.42,469421.5,1,5,24,2,0.02,0.0,0.28,34.49,1.9,5,6,0.83,1.0,0.05,0.75,high
wf_2026_02,hist_gradient_boosting,2026-02-18,2,2026-02-18 11:00:00+00:00,2026-02-18 12:00:00+00:00,1,0.13,decrease,10.84,458648.8,6,2,24,3,0.04,16.88,0.0,17.61,2.18,6,6,1.0,0.75,0.0,0.69,medium
wf_2026_02,hist_gradient_boosting,2026-02-18,3,2026-02-18 12:00:00+00:00,2026-02-18 13:00:00+00:00,1,0.13,decrease,11.07,465362.0,4,4,24,1,0.0,2.66,0.17,31.83,2.02,6,6,1.0,0.5,0.0,0.57,medium
wf_2026_02,hist_gradient_boosting,2026-02-18,4,2026-02-18 14:00:00+00:00,2026-02-18 15:00:00+00:00,1,0.13,decrease,11.53,464765.9,2,6,24,5,0.13,16.5,0.43,18.0,1.76,4,6,0.67,0.25,0.05,0.36,low
wf_2026_02,hist_gradient_boosting,2026-02-18,5,2026-02-18 09:00:00+00:00,2026-02-18 10:00:00+00:00,1,0.17,increase,11.06,457354.7,7,3,24,10,0.37,33.88,0.21,0.61,1.97,2,6,0.33,0.0,0.0,0.12,low
wf_2026_02,hist_gradient_boosting,2026-02-19,1,2026-02-19 10:00:00+00:00,2026-02-19 11:00:00+00:00,1,0.15,increase,11.62,462865.2,8,1,24,9,0.17,47.0,0.05,-38.14,1.18,6,6,1.0,1.0,0.08,0.82,high
wf_2026_02,hist_gradient_boosting,2026-02-19,2,2026-02-19 00:00:00+00:00,2026-02-19 01:00:00+00:00,1,0.22,decrease,12.63,465006.3,4,8,24,11,0.17,8.86,1.23,0.0,0.0,5,6,0.83,0.75,0.05,0.64,medium
wf_2026_02,hist_gradient_boosting,2026-02-19,3,2026-02-19 13:00:00+00:00,2026-02-19 14:00:00+00:00,1,0.26,increase,12.19,480386.2,9,5,24,4,0.09,35.74,0.33,-26.88,0.9,5,6,0.83,0.5,0.03,0.52,medium
wf_2026_02,hist_gradient_boosting,2026-02-19,4,2026-02-19 09:00:00+00:00,2026-02-19 10:00:00+00:00,1,0.28,decrease,12.06,478385.4,11,4,24,1,0.0,37.1,0.0,-28.24,1.23,2,6,0.33,0.25,0.0,0.23,low
wf_2026_02,hist_gradient_boosting,2026-02-19,5,2026-02-19 12:00:00+00:00,2026-02-19 13:00:00+00:00,1,0.28,increase,12.05,476968.7,12,3,24,2,0.02,34.0,0.14,-25.14,1.09,4,6,0.67,0.0,0.03,0.24,low
wf_2026_02,hist_gradient_boosting,2026-02-20,1,2026-02-20 12:00:00+00:00,2026-02-20 13:00:00+00:00,1,0.02,decrease,11.16,447317.5,2,1,24,1,0.0,0.96,0.05,17.82,1.69,6,6,1.0,1.0,0.09,0.82,high
wf_2026_02,hist_gradient_boosting,2026-02-20,2,2026-02-20 13:00:00+00:00,2026-02-20 14:00:00+00:00,1,0.11,decrease,11.63,462799.1,1,6,24,3,0.17,12.17,0.33,6.61,1.41,6,6,1.0,0.75,0.07,0.7,medium
wf_2026_02,hist_gradient_boosting,2026-02-20,3,2026-02-20 11:00:00+00:00,2026-02-20 12:00:00+00:00,1,0.17,decrease,11.5,457526.6,8,2,24,2,0.02,9.94,0.0,8.84,1.74,5,6,0.83,0.5,0.11,0.54,medium
wf_2026_02,hist_gradient_boosting,2026-02-20,4,2026-02-20 22:00:00+00:00,2026-02-20 23:00:00+00:00,1,0.28,increase,11.57,442120.0,12,3,24,15,0.46,23.86,0.76,-5.08,0.98,2,6,0.33,0.25,0.0,0.23,low
wf_2026_02,hist_gradient_boosting,2026-02-20,5,2026-02-20 23:00:00+00:00,2026-02-21 00:00:00+00:00,1,0.28,increase,11.63,430554.8,10,5,24,6,0.3,12.14,0.76,6.64,0.98,5,6,0.83,0.0,0.07,0.3,low
wf_2026_02,hist_gradient_boosting,2026-02-21,1,2026-02-21 09:00:00+00:00,2026-02-21 10:00:00+00:00,1,0.24,decrease,12.17,461388.8,7,6,24,5,0.17,2.91,0.57,20.06,-0.47,4,6,0.67,1.0,0.03,0.69,medium
wf_2026_02,hist_gradient_boosting,2026-02-21,2,2026-02-21 10:00:00+00:00,2026-02-21 11:00:00+00:00,1,0.26,decrease,12.35,460292.7,5,9,24,2,0.13,0.02,0.56,22.95,-0.46,5,6,0.83,0.75,0.0,0.63,medium
wf_2026_02,hist_gradient_boosting,2026-02-21,3,2026-02-21 11:00:00+00:00,2026-02-21 12:00:00+00:00,1,0.26,decrease,12.44,459376.7,2,12,24,1,0.0,0.01,0.44,22.96,-0.34,6,6,1.0,0.5,0.03,0.58,medium
wf_2026_02,hist_gradient_boosting,2026-02-21,4,2026-02-21 01:00:00+00:00,2026-02-21 02:00:00+00:00,1,0.28,decrease,11.86,436550.5,14,1,24,3,0.15,11.25,0.31,11.72,-0.21,5,6,0.83,0.25,0.0,0.4,low
wf_2026_02,hist_gradient_boosting,2026-02-21,5,2026-02-21 12:00:00+00:00,2026-02-21 13:00:00+00:00,1,0.28,decrease,12.71,461222.5,1,14,24,4,0.15,0.01,0.82,22.96,-0.72,4,6,0.67,0.0,0.0,0.23,low
wf_2026_02,hist_gradient_boosting,2026-02-22,1,2026-02-22 09:00:00+00:00,2026-02-22 10:00:00+00:00,1,0.17,decrease,12.68,452899.8,3,7,24,14,0.41,0.01,1.7,11.07,-0.26,6,6,1.0,1.0,0.06,0.81,high
wf_2026_02,hist_gradient_boosting,2026-02-22,2,2026-02-22 12:00:00+00:00,2026-02-22 13:00:00+00:00,1,0.22,increase,13.29,453900.4,1,11,24,1,0.0,0.0,1.24,11.08,0.21,5,6,0.83,0.75,0.0,0.63,medium
wf_2026_02,hist_gradient_boosting,2026-02-22,3,2026-02-22 10:00:00+00:00,2026-02-22 11:00:00+00:00,1,0.22,increase,13.2,445791.5,2,10,24,6,0.28,0.01,1.66,11.07,-0.21,6,6,1.0,0.5,0.06,0.59,medium
wf_2026_02,hist_gradient_boosting,2026-02-22,4,2026-02-22 00:00:00+00:00,2026-02-22 01:00:00+00:00,1,0.26,decrease,12.47,443818.1,8,6,24,15,0.43,11.08,1.44,0.0,0.0,5,6,0.83,0.25,0.06,0.42,low
wf_2026_02,hist_gradient_boosting,2026-02-22,5,2026-02-22 13:00:00+00:00,2026-02-22 14:00:00+00:00,1,0.3,increase,13.31,451431.8,4,12,24,4,0.15,0.01,1.44,11.08,-0.0,1,6,0.17,0.0,0.06,0.07,low
wf_2026_02,hist_gradient_boosting,2026-02-23,1,2026-02-23 11:00:00+00:00,2026-02-23 12:00:00+00:00,1,0.04,increase,11.67,449621.7,2,2,24,3,0.11,0.0,0.24,13.93,1.32,6,6,1.0,1.0,0.0,0.8,high
wf_2026_02,hist_gradient_boosting,2026-02-23,2,2026-02-23 12:00:00+00:00,2026-02-23 13:00:00+00:00,1,0.04,increase,11.65,449213.7,3,1,24,1,0.0,0.0,0.0,13.94,1.56,6,6,1.0,0.75,0.0,0.69,medium
wf_2026_02,hist_gradient_boosting,2026-02-23,3,2026-02-23 13:00:00+00:00,2026-02-23 14:00:00+00:00,1,0.04,decrease,11.68,450021.1,1,3,24,2,0.07,0.0,0.11,13.94,1.45,6,6,1.0,0.5,0.16,0.61,medium
wf_2026_02,hist_gradient_boosting,2026-02-23,4,2026-02-23 10:00:00+00:00,2026-02-23 11:00:00+00:00,1,0.2,increase,11.82,450395.9,5,6,24,5,0.22,0.01,0.59,13.93,0.97,4,6,0.67,0.25,0.0,0.35,low
wf_2026_02,hist_gradient_boosting,2026-02-23,5,2026-02-23 14:00:00+00:00,2026-02-23 15:00:00+00:00,1,0.2,increase,11.99,445691.2,4,7,24,4,0.11,0.0,0.41,13.94,1.15,2,6,0.33,0.0,0.05,0.13,low
wf_2026_02,hist_gradient_boosting,2026-02-24,1,2026-02-24 11:00:00+00:00,2026-02-24 12:00:00+00:00,1,0.09,increase,12.94,491228.9,3,3,24,4,0.26,9.5,0.44,8.15,0.04,6,6,1.0,1.0,0.11,0.82,high
wf_2026_02,hist_gradient_boosting,2026-02-24,2,2026-02-24 10:00:00+00:00,2026-02-24 11:00:00+00:00,1,0.17,increase,13.15,488953.2,1,9,24,5,0.28,7.75,0.72,9.91,-0.25,6,6,1.0,0.75,0.05,0.7,medium
wf_2026_02,hist_gradient_boosting,2026-02-24,3,2026-02-24 00:00:00+00:00,2026-02-24 01:00:00+00:00,1,0.22,increase,12.86,455617.7,11,1,24,12,0.43,17.66,0.47,0.0,0.0,4,6,0.67,0.5,0.0,0.46,low
wf_2026_02,hist_gradient_boosting,2026-02-24,4,2026-02-24 12:00:00+00:00,2026-02-24 13:00:00+00:00,1,0.22,increase,13.14,494030.9,4,8,24,1,0.0,0.0,0.28,17.66,0.2,5,6,0.83,0.25,0.0,0.4,low
wf_2026_02,hist_gradient_boosting,2026-02-24,5,2026-02-24 13:00:00+00:00,2026-02-24 14:00:00+00:00,1,0.22,increase,13.15,493875.4,2,10,24,3,0.07,0.26,0.37,17.4,0.1,5,6,0.83,0.0,0.16,0.32,low
wf_2026_02,hist_gradient_boosting,2026-02-25,1,2026-02-25 12:00:00+00:00,2026-02-25 13:00:00+00:00,1,0.04,decrease,12.06,464901.7,1,3,24,2,0.04,0.0,0.15,14.55,2.03,6,6,1.0,1.0,0.02,0.8,high
wf_2026_02,hist_gradient_boosting,2026-02-25,2,2026-02-25 11:00:00+00:00,2026-02-25 12:00:00+00:00,1,0.07,decrease,12.0,461753.2,3,2,24,1,0.0,0.0,0.0,14.55,2.18,6,6,1.0,0.75,0.07,0.7,medium
wf_2026_02,hist_gradient_boosting,2026-02-25,3,2026-02-25 13:00:00+00:00,2026-02-25 14:00:00+00:00,1,0.13,decrease,12.3,467988.4,2,6,24,3,0.07,0.0,0.56,14.56,1.61,6,6,1.0,0.5,0.02,0.58,medium
wf_2026_02,hist_gradient_boosting,2026-02-25,4,2026-02-25 10:00:00+00:00,2026-02-25 11:00:00+00:00,1,0.15,decrease,11.88,461404.4,8,1,24,4,0.11,0.53,0.26,14.02,1.92,6,6,1.0,0.25,0.07,0.48,low
wf_2026_02,hist_gradient_boosting,2026-02-25,5,2026-02-25 14:00:00+00:00,2026-02-25 15:00:00+00:00,1,0.22,decrease,12.82,468031.1,4,8,24,5,0.2,0.05,0.92,14.5,1.26,5,6,0.83,0.0,0.02,0.3,low
wf_2026_02,hist_gradient_boosting,2026-02-26,1,2026-02-26 11:00:00+00:00,2026-02-26 12:00:00+00:00,1,0.07,decrease,11.66,443305.1,1,4,24,3,0.02,0.02,0.27,23.03,1.61,6,6,1.0,1.0,0.09,0.82,high
wf_2026_02,hist_gradient_boosting,2026-02-26,2,2026-02-26 09:00:00+00:00,2026-02-26 10:00:00+00:00,1,0.13,decrease,11.62,442255.9,6,2,24,5,0.15,17.34,0.24,5.71,1.64,4,6,0.67,0.75,0.03,0.58,medium
wf_2026_02,hist_gradient_boosting,2026-02-26,3,2026-02-26 10:00:00+00:00,2026-02-26 11:00:00+00:00,1,0.15,increase,11.42,436227.1,8,1,24,1,0.0,0.01,0.33,23.04,1.56,6,6,1.0,0.5,0.03,0.58,medium
wf_2026_02,hist_gradient_boosting,2026-02-26,4,2026-02-26 12:00:00+00:00,2026-02-26 13:00:00+00:00,1,0.17,increase,11.97,449710.1,2,8,24,2,0.0,0.0,0.55,23.05,1.33,6,6,1.0,0.25,0.11,0.49,low
wf_2026_02,hist_gradient_boosting,2026-02-26,5,2026-02-26 23:00:00+00:00,2026-02-27 00:00:00+00:00,1,0.26,decrease,11.76,407471.0,9,5,24,8,0.22,9.1,0.76,13.95,1.13,4,6,0.67,0.0,0.03,0.24,low
wf_2026_02,hist_gradient_boosting,2026-02-27,1,2026-02-27 10:00:00+00:00,2026-02-27 11:00:00+00:00,1,0.11,increase,12.0,456257.8,4,3,24,1,0.0,0.01,0.24,10.65,0.58,6,6,1.0,1.0,0.03,0.81,high
wf_2026_02,hist_gradient_boosting,2026-02-27,2,2026-02-27 11:00:00+00:00,2026-02-27 12:00:00+00:00,1,0.13,decrease,12.13,460547.3,2,6,24,2,0.04,0.0,0.59,10.66,0.22,6,6,1.0,0.75,0.03,0.69,medium
wf_2026_02,hist_gradient_boosting,2026-02-27,3,2026-02-27 09:00:00+00:00,2026-02-27 10:00:00+00:00,1,0.15,decrease,11.59,455306.6,8,1,24,3,0.09,2.91,0.26,7.75,0.56,6,6,1.0,0.5,0.11,0.6,medium
wf_2026_02,hist_gradient_boosting,2026-02-27,4,2026-02-27 00:00:00+00:00,2026-02-27 01:00:00+00:00,1,0.24,decrease,12.23,424663.2,6,7,24,10,0.28,10.66,0.81,0.0,0.0,5,6,0.83,0.25,0.0,0.4,low
wf_2026_02,hist_gradient_boosting,2026-02-27,5,2026-02-27 12:00:00+00:00,2026-02-27 13:00:00+00:00,1,0.24,decrease,12.51,449589.7,1,12,24,6,0.15,0.0,1.01,10.66,-0.19,5,6,0.83,0.0,0.05,0.3,low
wf_2026_02,hist_gradient_boosting,2026-02-28,1,2026-02-28 10:00:00+00:00,2026-02-28 11:00:00+00:00,1,0.07,decrease,12.98,455952.6,3,2,24,1,0.0,0.0,0.34,6.81,-0.19,6,6,1.0,1.0,0.05,0.81,high
wf_2026_02,hist_gradient_boosting,2026-02-28,2,2026-02-28 11:00:00+00:00,2026-02-28 12:00:00+00:00,1,0.11,decrease,13.5,459744.1,2,5,24,4,0.15,0.01,0.77,6.8,-0.63,6,6,1.0,0.75,0.05,0.7,medium
wf_2026_02,hist_gradient_boosting,2026-02-28,3,2026-02-28 09:00:00+00:00,2026-02-28 10:00:00+00:00,1,0.15,decrease,13.43,454891.7,5,4,24,2,0.04,0.02,0.0,6.79,0.15,6,6,1.0,0.5,0.03,0.58,medium
wf_2026_02,hist_gradient_boosting,2026-02-28,4,2026-02-28 12:00:00+00:00,2026-02-28 13:00:00+00:00,1,0.17,decrease,14.25,461345.2,1,9,24,7,0.28,0.01,1.06,6.8,-0.91,4,6,0.67,0.25,0.05,0.36,low
wf_2026_02,hist_gradient_boosting,2026-02-28,5,2026-02-28 08:00:00+00:00,2026-02-28 09:00:00+00:00,1,0.22,decrease,13.84,465854.1,6,6,24,3,0.13,1.79,0.42,5.02,-0.28,5,6,0.83,0.0,0.08,0.31,low
wf_2026_02,lightgbm,2026-02-01,1,2026-02-01 04:00:00+00:00,2026-02-01 05:00:00+00:00,1,0.13,unknown,20.76,665438.6,4,4,24,2,0.13,1.91,0.49,10.11,3.8,6,6,1.0,1.0,0.03,0.8,high
wf_2026_02,lightgbm,2026-02-01,2,2026-02-01 13:00:00+00:00,2026-02-01 14:00:00+00:00,1,0.15,unknown,20.95,761256.0,3,6,24,4,0.15,3.7,0.09,8.32,4.2,5,6,0.83,0.75,0.02,0.63,medium
wf_2026_02,lightgbm,2026-02-01,3,2026-02-01 03:00:00+00:00,2026-02-01 04:00:00+00:00,1,0.17,unknown,21.5,689248.8,1,9,24,6,0.24,2.0,1.17,10.02,3.12,6,6,1.0,0.5,0.02,0.58,medium
wf_2026_02,lightgbm,2026-02-01,4,2026-02-01 12:00:00+00:00,2026-02-01 13:00:00+00:00,1,0.2,unknown,20.52,755842.1,9,2,24,3,0.15,2.78,0.13,9.24,4.15,2,6,0.33,0.25,0.03,0.23,low
wf_2026_02,lightgbm,2026-02-01,5,2026-02-01 05:00:00+00:00,2026-02-01 06:00:00+00:00,1,0.22,unknown,21.07,686074.1,5,7,24,1,0.0,0.0,0.0,12.02,4.28,2,6,0.33,0.0,0.0,0.12,low
wf_2026_02,lightgbm,2026-02-02,1,2026-02-02 23:00:00+00:00,2026-02-03 00:00:00+00:00,1,0.0,decrease,19.18,685538.8,1,1,24,1,0.0,0.0,0.0,26.17,5.72,5,6,0.83,1.0,0.11,0.76,high
wf_2026_02,lightgbm,2026-02-02,2,2026-02-02 21:00:00+00:00,2026-02-02 22:00:00+00:00,1,0.11,decrease,22.47,833655.1,4,3,24,6,0.22,30.53,3.1,-4.36,2.61,2,6,0.33,0.75,0.02,0.46,low
wf_2026_02,lightgbm,2026-02-02,3,2026-02-02 22:00:00+00:00,2026-02-02 23:00:00+00:00,1,0.13,decrease,21.15,775778.6,6,2,24,2,0.07,20.55,1.38,5.62,4.34,4,6,0.67,0.5,0.02,0.46,low
wf_2026_02,lightgbm,2026-02-02,4,2026-02-02 02:00:00+00:00,2026-02-02 03:00:00+00:00,1,0.15,decrease,24.74,777975.5,3,6,24,3,0.11,19.85,5.72,6.32,-0.0,5,6,0.83,0.25,0.0,0.4,low
wf_2026_02,lightgbm,2026-02-02,5,2026-02-02 03:00:00+00:00,2026-02-02 04:00:00+00:00,1,0.15,decrease,25.45,805828.6,2,7,24,7,0.22,20.75,6.42,5.42,-0.71,5,6,0.83,0.0,0.02,0.3,low
wf_2026_02,lightgbm,2026-02-03,1,2026-02-03 03:00:00+00:00,2026-02-03 04:00:00+00:00,1,0.07,decrease,16.57,568950.3,1,4,24,2,0.0,4.39,1.75,32.6,2.59,5,6,0.83,1.0,0.07,0.76,high
wf_2026_02,lightgbm,2026-02-03,2,2026-02-03 02:00:00+00:00,2026-02-03 03:00:00+00:00,1,0.13,decrease,17.22,597811.4,2,6,24,1,0.0,0.0,1.92,37.0,2.42,6,6,1.0,0.75,0.0,0.69,medium
wf_2026_02,lightgbm,2026-02-03,3,2026-02-03 04:00:00+00:00,2026-02-03 05:00:00+00:00,1,0.13,decrease,17.16,592837.2,3,5,24,6,0.07,23.09,2.05,13.91,2.28,5,6,0.83,0.5,0.0,0.52,medium
wf_2026_02,lightgbm,2026-02-03,4,2026-02-03 13:00:00+00:00,2026-02-03 14:00:00+00:00,1,0.13,decrease,14.96,614634.4,7,1,24,4,0.02,46.03,0.0,-9.03,4.34,5,6,0.83,0.25,0.02,0.41,low
wf_2026_02,lightgbm,2026-02-03,5,2026-02-03 12:00:00+00:00,2026-02-03 13:00:00+00:00,1,0.15,decrease,15.57,644486.1,6,3,24,3,0.02,42.03,0.25,-5.04,4.08,5,6,0.83,0.0,0.05,0.3,low
wf_2026_02,lightgbm,2026-02-04,1,2026-02-04 13:00:00+00:00,2026-02-04 14:00:00+00:00,1,0.04,decrease,13.74,551156.4,3,1,24,1,0.0,8.1,0.12,16.99,2.38,6,6,1.0,1.0,0.0,0.8,high
wf_2026_02,lightgbm,2026-02-04,2,2026-02-04 14:00:00+00:00,2026-02-04 15:00:00+00:00,1,0.04,decrease,14.35,561214.5,2,2,24,4,0.2,22.12,1.37,2.96,1.12,5,6,0.83,0.75,0.02,0.63,medium
wf_2026_02,lightgbm,2026-02-04,3,2026-02-04 23:00:00+00:00,2026-02-05 00:00:00+00:00,1,0.07,decrease,15.0,555389.3,1,4,24,3,0.07,0.0,1.74,25.08,0.75,5,6,0.83,0.5,0.2,0.56,medium
wf_2026_02,lightgbm,2026-02-04,4,2026-02-04 03:00:00+00:00,2026-02-04 04:00:00+00:00,1,0.26,increase,16.47,566076.8,4,10,24,9,0.3,11.66,2.99,13.42,-0.49,5,6,0.83,0.25,0.0,0.4,low
wf_2026_02,lightgbm,2026-02-04,5,2026-02-04 22:00:00+00:00,2026-02-04 23:00:00+00:00,1,0.26,decrease,14.54,542705.9,11,3,24,5,0.2,15.83,1.85,9.25,0.65,4,6,0.67,0.0,0.02,0.24,low
wf_2026_02,lightgbm,2026-02-05,1,2026-02-05 03:00:00+00:00,2026-02-05 04:00:00+00:00,1,0.02,decrease,14.76,522878.4,1,2,24,3,0.0,0.0,0.32,48.82,0.72,5,6,0.83,1.0,0.09,0.76,high
wf_2026_02,lightgbm,2026-02-05,2,2026-02-05 02:00:00+00:00,2026-02-05 03:00:00+00:00,1,0.11,decrease,14.83,534666.5,3,4,24,2,0.0,5.78,0.08,43.03,0.95,5,6,0.83,0.75,0.02,0.63,medium
wf_2026_02,lightgbm,2026-02-05,3,2026-02-05 00:00:00+00:00,2026-02-05 01:00:00+00:00,1,0.13,decrease,14.79,550374.1,5,3,24,6,0.22,48.82,1.03,0.0,0.0,5,6,0.83,0.5,0.09,0.53,medium
wf_2026_02,lightgbm,2026-02-05,4,2026-02-05 11:00:00+00:00,2026-02-05 12:00:00+00:00,1,0.22,decrease,14.52,584070.1,11,1,24,9,0.43,74.6,0.74,-25.78,0.3,1,6,0.17,0.25,0.0,0.17,low
wf_2026_02,lightgbm,2026-02-05,5,2026-02-05 04:00:00+00:00,2026-02-05 05:00:00+00:00,1,0.22,decrease,15.52,545595.6,2,10,24,4,0.07,30.36,0.62,18.46,0.42,5,6,0.83,0.0,0.02,0.3,low
wf_2026_02,lightgbm,2026-02-06,1,2026-02-06 13:00:00+00:00,2026-02-06 14:00:00+00:00,1,0.07,decrease,13.06,531526.1,3,2,24,2,0.0,18.14,0.32,35.09,2.03,5,6,0.83,1.0,0.05,0.75,high
wf_2026_02,lightgbm,2026-02-06,2,2026-02-06 12:00:00+00:00,2026-02-06 13:00:00+00:00,1,0.11,decrease,12.88,528782.9,6,1,24,1,0.0,21.17,0.0,32.06,2.35,5,6,0.83,0.75,0.05,0.64,medium
wf_2026_02,lightgbm,2026-02-06,3,2026-02-06 14:00:00+00:00,2026-02-06 15:00:00+00:00,1,0.15,decrease,13.95,538854.6,4,5,24,3,0.11,27.82,1.02,25.41,1.33,5,6,0.83,0.5,0.02,0.52,medium
wf_2026_02,lightgbm,2026-02-06,4,2026-02-06 11:00:00+00:00,2026-02-06 12:00:00+00:00,1,0.17,decrease,13.11,532862.3,7,3,24,4,0.15,41.42,0.36,11.8,1.98,5,6,0.83,0.25,0.1,0.42,low
wf_2026_02,lightgbm,2026-02-06,5,2026-02-06 15:00:00+00:00,2026-02-06 16:00:00+00:00,1,0.26,decrease,14.67,546846.9,8,6,24,6,0.22,39.01,1.76,14.21,0.59,4,6,0.67,0.0,0.07,0.25,low
wf_2026_02,lightgbm,2026-02-07,1,2026-02-07 11:00:00+00:00,2026-02-07 12:00:00+00:00,1,0.04,decrease,13.16,516936.5,3,1,24,1,0.0,18.29,0.0,42.66,1.75,6,6,1.0,1.0,0.02,0.8,high
wf_2026_02,lightgbm,2026-02-07,2,2026-02-07 13:00:00+00:00,2026-02-07 14:00:00+00:00,1,0.07,decrease,14.17,531618.7,1,4,24,3,0.02,0.0,0.64,60.95,1.11,6,6,1.0,0.75,0.02,0.69,medium
wf_2026_02,lightgbm,2026-02-07,3,2026-02-07 12:00:00+00:00,2026-02-07 13:00:00+00:00,1,0.09,decrease,13.28,518486.6,4,2,24,2,0.02,1.29,0.55,59.66,1.19,6,6,1.0,0.5,0.05,0.58,medium
wf_2026_02,lightgbm,2026-02-07,4,2026-02-07 14:00:00+00:00,2026-02-07 15:00:00+00:00,1,0.13,decrease,14.38,520646.5,2,6,24,5,0.09,10.9,1.09,50.04,0.65,6,6,1.0,0.25,0.07,0.48,low
wf_2026_02,lightgbm,2026-02-07,5,2026-02-07 10:00:00+00:00,2026-02-07 11:00:00+00:00,1,0.2,decrease,13.57,531614.4,8,3,24,4,0.04,20.77,0.07,40.18,1.67,6,6,1.0,0.0,0.1,0.37,low
wf_2026_02,lightgbm,2026-02-08,1,2026-02-08 11:00:00+00:00,2026-02-08 12:00:00+00:00,1,0.0,increase,15.08,556055.2,1,1,24,4,0.13,5.4,0.58,35.42,1.18,6,6,1.0,1.0,0.07,0.81,high
wf_2026_02,lightgbm,2026-02-08,2,2026-02-08 12:00:00+00:00,2026-02-08 13:00:00+00:00,1,0.07,increase,15.17,564150.5,2,3,24,2,0.07,3.45,0.42,37.36,1.34,6,6,1.0,0.75,0.02,0.69,medium
wf_2026_02,lightgbm,2026-02-08,3,2026-02-08 14:00:00+00:00,2026-02-08 15:00:00+00:00,1,0.09,increase,15.13,537132.3,4,2,24,6,0.24,17.96,0.52,22.86,1.24,6,6,1.0,0.5,0.02,0.58,medium
wf_2026_02,lightgbm,2026-02-08,4,2026-02-08 13:00:00+00:00,2026-02-08 14:00:00+00:00,1,0.11,increase,15.31,561762.0,3,4,24,1,0.0,0.0,0.0,40.82,1.76,6,6,1.0,0.25,0.07,0.48,low
wf_2026_02,lightgbm,2026-02-08,5,2026-02-08 10:00:00+00:00,2026-02-08 11:00:00+00:00,1,0.17,increase,15.4,552810.6,5,5,24,3,0.11,2.63,0.77,38.19,0.99,6,6,1.0,0.0,0.13,0.38,low
wf_2026_02,lightgbm,2026-02-09,1,2026-02-09 23:00:00+00:00,2026-02-10 00:00:00+00:00,1,0.0,decrease,14.1,519681.2,1,1,24,1,0.0,0.0,0.0,39.18,3.37,5,6,0.83,1.0,0.09,0.76,high
wf_2026_02,lightgbm,2026-02-09,2,2026-02-09 22:00:00+00:00,2026-02-09 23:00:00+00:00,1,0.09,decrease,14.8,554423.9,3,3,24,2,0.15,15.7,0.51,23.48,2.87,5,6,0.83,0.75,0.07,0.64,medium
wf_2026_02,lightgbm,2026-02-09,3,2026-02-09 03:00:00+00:00,2026-02-09 04:00:00+00:00,1,0.15,decrease,16.91,556992.0,2,7,24,9,0.28,11.1,3.32,28.08,0.05,5,6,0.83,0.5,0.02,0.52,medium
wf_2026_02,lightgbm,2026-02-09,4,2026-02-09 13:00:00+00:00,2026-02-09 14:00:00+00:00,1,0.17,increase,14.66,573092.7,8,2,24,7,0.26,31.21,0.46,7.97,2.92,6,6,1.0,0.25,0.09,0.48,low
wf_2026_02,lightgbm,2026-02-09,5,2026-02-09 02:00:00+00:00,2026-02-09 03:00:00+00:00,1,0.26,decrease,17.09,567174.7,5,9,24,6,0.24,14.41,2.52,24.77,0.85,2,6,0.33,0.0,0.0,0.12,low
wf_2026_02,lightgbm,2026-02-10,1,2026-02-10 23:00:00+00:00,2026-02-11 00:00:00+00:00,1,0.02,decrease,12.06,450207.8,1,2,24,1,0.0,1.3,0.07,21.81,1.81,6,6,1.0,1.0,0.02,0.8,high
wf_2026_02,lightgbm,2026-02-10,2,2026-02-10 22:00:00+00:00,2026-02-10 23:00:00+00:00,1,0.04,decrease,12.05,452939.0,3,1,24,2,0.02,4.29,0.0,18.81,1.88,6,6,1.0,0.75,0.12,0.71,medium
wf_2026_02,lightgbm,2026-02-10,3,2026-02-10 21:00:00+00:00,2026-02-10 22:00:00+00:00,1,0.15,decrease,12.1,457605.8,6,3,24,4,0.11,11.17,0.1,11.94,1.78,6,6,1.0,0.5,0.1,0.59,medium
wf_2026_02,lightgbm,2026-02-10,4,2026-02-10 20:00:00+00:00,2026-02-10 21:00:00+00:00,1,0.24,decrease,12.66,488817.0,9,4,24,3,0.11,7.18,0.18,15.92,1.7,5,6,0.83,0.25,0.07,0.42,low
wf_2026_02,lightgbm,2026-02-10,5,2026-02-10 00:00:00+00:00,2026-02-10 01:00:00+00:00,1,0.3,decrease,13.59,499494.9,7,9,24,8,0.39,23.11,1.88,0.0,0.0,2,6,0.33,0.0,0.05,0.13,low
wf_2026_02,lightgbm,2026-02-11,1,2026-02-11 12:00:00+00:00,2026-02-11 13:00:00+00:00,1,0.11,decrease,11.1,453705.8,3,4,24,1,0.0,0.01,0.01,14.73,1.4,5,6,0.83,1.0,0.0,0.74,medium
wf_2026_02,lightgbm,2026-02-11,2,2026-02-11 13:00:00+00:00,2026-02-11 14:00:00+00:00,1,0.11,decrease,11.34,457383.3,2,5,24,4,0.13,0.02,0.26,14.72,1.15,5,6,0.83,0.75,0.03,0.64,medium
wf_2026_02,lightgbm,2026-02-11,3,2026-02-11 11:00:00+00:00,2026-02-11 12:00:00+00:00,1,0.13,decrease,10.92,450452.9,5,3,24,2,0.04,0.02,0.03,14.72,1.38,5,6,0.83,0.5,0.12,0.54,medium
wf_2026_02,lightgbm,2026-02-11,4,2026-02-11 14:00:00+00:00,2026-02-11 15:00:00+00:00,1,0.22,decrease,11.54,455007.7,6,6,24,6,0.28,4.92,1.33,9.82,0.08,4,6,0.67,0.25,0.03,0.35,low
wf_2026_02,lightgbm,2026-02-11,5,2026-02-11 10:00:00+00:00,2026-02-11 11:00:00+00:00,1,0.24,decrease,10.68,435978.8,12,1,24,3,0.11,1.0,0.1,13.75,1.31,3,6,0.5,0.0,0.09,0.19,low
wf_2026_02,lightgbm,2026-02-12,1,2026-02-12 13:00:00+00:00,2026-02-12 14:00:00+00:00,1,0.09,increase,10.86,442536.9,3,3,24,10,0.37,0.0,5.24,11.82,-3.47,6,6,1.0,1.0,0.09,0.82,high
wf_2026_02,lightgbm,2026-02-12,2,2026-02-12 12:00:00+00:00,2026-02-12 13:00:00+00:00,1,0.15,increase,10.26,421058.9,8,1,24,1,0.0,0.01,0.19,11.81,1.58,6,6,1.0,0.75,0.17,0.72,medium
wf_2026_02,lightgbm,2026-02-12,3,2026-02-12 23:00:00+00:00,2026-02-13 00:00:00+00:00,1,0.28,decrease,11.36,422782.6,6,9,24,22,0.48,20.23,1.58,-8.41,0.19,5,6,0.83,0.5,0.03,0.52,medium
wf_2026_02,lightgbm,2026-02-12,4,2026-02-12 11:00:00+00:00,2026-02-12 12:00:00+00:00,1,0.3,increase,10.27,416870.1,14,2,24,2,0.02,7.1,0.0,4.72,1.77,6,6,1.0,0.25,0.06,0.47,low
wf_2026_02,lightgbm,2026-02-12,5,2026-02-12 22:00:00+00:00,2026-02-12 23:00:00+00:00,1,0.35,increase,10.97,419661.8,13,5,24,7,0.35,8.49,1.28,3.32,0.49,3,6,0.5,0.0,0.09,0.19,low
wf_2026_02,lightgbm,2026-02-13,1,2026-02-13 02:00:00+00:00,2026-02-13 03:00:00+00:00,1,0.04,increase,12.6,435484.6,1,3,24,3,0.0,0.0,0.61,6.28,-0.61,6,6,1.0,1.0,0.02,0.8,high
wf_2026_02,lightgbm,2026-02-13,2,2026-02-13 01:00:00+00:00,2026-02-13 02:00:00+00:00,1,0.07,increase,12.08,431395.7,3,2,24,2,0.0,3.06,0.46,3.21,-0.46,5,6,0.83,0.75,0.02,0.63,medium
wf_2026_02,lightgbm,2026-02-13,3,2026-02-13 00:00:00+00:00,2026-02-13 01:00:00+00:00,1,0.09,increase,11.76,427280.3,5,1,24,1,0.0,6.28,0.0,0.0,0.0,5,6,0.83,0.5,0.0,0.52,medium
wf_2026_02,lightgbm,2026-02-13,4,2026-02-13 03:00:00+00:00,2026-02-13 04:00:00+00:00,1,0.09,increase,13.09,444523.9,2,4,24,4,0.07,1.25,0.84,5.03,-0.84,5,6,0.83,0.25,0.07,0.42,low
wf_2026_02,lightgbm,2026-02-13,5,2026-02-13 04:00:00+00:00,2026-02-13 05:00:00+00:00,1,0.15,increase,13.43,453344.2,4,5,24,6,0.17,12.4,1.1,-6.12,-1.1,1,6,0.17,0.0,0.1,0.08,low
wf_2026_02,lightgbm,2026-02-14,1,2026-02-14 10:00:00+00:00,2026-02-14 11:00:00+00:00,1,0.11,decrease,11.13,437802.7,5,2,24,3,0.07,11.19,0.14,6.99,1.02,5,6,0.83,1.0,0.0,0.74,medium
wf_2026_02,lightgbm,2026-02-14,2,2026-02-14 11:00:00+00:00,2026-02-14 12:00:00+00:00,1,0.11,decrease,11.12,440056.4,6,1,24,6,0.13,14.52,0.0,3.67,1.16,5,6,0.83,0.75,0.05,0.64,medium
wf_2026_02,lightgbm,2026-02-14,3,2026-02-14 13:00:00+00:00,2026-02-14 14:00:00+00:00,1,0.15,decrease,11.99,471153.7,3,6,24,2,0.04,8.21,0.54,9.97,0.61,5,6,0.83,0.5,0.08,0.53,medium
wf_2026_02,lightgbm,2026-02-14,4,2026-02-14 12:00:00+00:00,2026-02-14 13:00:00+00:00,1,0.22,decrease,11.22,448070.0,9,3,24,1,0.0,7.16,0.28,11.02,0.88,5,6,0.83,0.25,0.03,0.41,low
wf_2026_02,lightgbm,2026-02-14,5,2026-02-14 02:00:00+00:00,2026-02-14 03:00:00+00:00,1,0.24,increase,12.72,442027.6,2,11,24,12,0.24,5.5,2.06,12.69,-0.91,6,6,1.0,0.0,0.11,0.37,low
wf_2026_02,lightgbm,2026-02-15,1,2026-02-15 11:00:00+00:00,2026-02-15 12:00:00+00:00,1,0.04,decrease,11.4,462031.1,2,2,24,14,0.33,31.95,0.02,23.86,7.69,5,6,0.83,1.0,0.02,0.75,medium
wf_2026_02,lightgbm,2026-02-15,2,2026-02-15 23:00:00+00:00,2026-02-16 00:00:00+00:00,1,0.07,decrease,11.72,441473.3,1,4,24,2,0.0,0.0,0.37,55.81,7.34,5,6,0.83,0.75,0.05,0.64,medium
wf_2026_02,lightgbm,2026-02-15,3,2026-02-15 10:00:00+00:00,2026-02-15 11:00:00+00:00,1,0.11,decrease,11.64,455632.7,4,3,24,4,0.04,0.04,0.37,55.77,7.34,6,6,1.0,0.5,0.11,0.6,medium
wf_2026_02,lightgbm,2026-02-15,4,2026-02-15 09:00:00+00:00,2026-02-15 10:00:00+00:00,1,0.22,decrease,11.97,454994.3,6,6,24,10,0.24,6.4,0.72,49.42,6.99,5,6,0.83,0.25,0.02,0.41,low
wf_2026_02,lightgbm,2026-02-15,5,2026-02-15 22:00:00+00:00,2026-02-15 23:00:00+00:00,1,0.24,decrease,12.27,468425.7,5,8,24,1,0.0,1.91,0.22,53.9,7.49,5,6,0.83,0.0,0.11,0.31,low
wf_2026_02,lightgbm,2026-02-16,1,2026-02-16 00:00:00+00:00,2026-02-16 01:00:00+00:00,1,0.2,decrease,11.98,437457.9,6,5,24,4,0.15,0.01,0.75,0.0,0.0,5,6,0.83,1.0,0.0,0.74,medium
wf_2026_02,lightgbm,2026-02-16,2,2026-02-16 01:00:00+00:00,2026-02-16 02:00:00+00:00,1,0.2,decrease,12.09,435374.7,3,8,24,6,0.17,0.01,1.22,0.0,-0.47,5,6,0.83,0.75,0.09,0.65,medium
wf_2026_02,lightgbm,2026-02-16,3,2026-02-16 02:00:00+00:00,2026-02-16 03:00:00+00:00,1,0.26,decrease,12.78,446350.3,1,13,24,5,0.15,0.0,2.12,0.01,-1.37,5,6,0.83,0.5,0.0,0.52,medium
wf_2026_02,lightgbm,2026-02-16,4,2026-02-16 14:00:00+00:00,2026-02-16 15:00:00+00:00,1,0.26,increase,12.07,467593.4,7,7,24,1,0.0,0.01,0.0,0.0,0.75,4,6,0.67,0.25,0.09,0.36,low
wf_2026_02,lightgbm,2026-02-16,5,2026-02-16 22:00:00+00:00,2026-02-16 23:00:00+00:00,1,0.33,increase,11.95,463748.9,14,3,24,10,0.28,5.71,0.92,-5.7,-0.16,3,6,0.5,0.0,0.03,0.18,low
wf_2026_02,lightgbm,2026-02-17,1,2026-02-17 11:00:00+00:00,2026-02-17 12:00:00+00:00,1,0.04,increase,11.44,467033.6,3,1,24,3,0.09,17.77,0.0,-15.22,1.35,5,6,0.83,1.0,0.07,0.76,high
wf_2026_02,lightgbm,2026-02-17,2,2026-02-17 10:00:00+00:00,2026-02-17 11:00:00+00:00,1,0.11,decrease,11.74,473093.2,4,3,24,1,0.0,1.52,0.1,1.02,1.25,5,6,0.83,0.75,0.09,0.65,medium
wf_2026_02,lightgbm,2026-02-17,3,2026-02-17 02:00:00+00:00,2026-02-17 03:00:00+00:00,1,0.2,increase,12.93,470395.9,1,10,24,6,0.17,0.05,1.64,2.5,-0.29,5,6,0.83,0.5,0.02,0.52,medium
wf_2026_02,lightgbm,2026-02-17,4,2026-02-17 12:00:00+00:00,2026-02-17 13:00:00+00:00,1,0.22,increase,11.59,469643.8,10,2,24,4,0.11,13.61,0.17,-11.06,1.17,4,6,0.67,0.25,0.0,0.35,low
wf_2026_02,lightgbm,2026-02-17,5,2026-02-17 13:00:00+00:00,2026-02-17 14:00:00+00:00,1,0.22,increase,11.79,465126.2,8,4,24,9,0.26,26.08,0.9,-23.53,0.45,4,6,0.67,0.0,0.05,0.24,low
wf_2026_02,lightgbm,2026-02-18,1,2026-02-18 12:00:00+00:00,2026-02-18 13:00:00+00:00,1,0.09,decrease,11.05,466165.7,3,3,24,1,0.0,2.66,0.17,31.83,2.02,6,6,1.0,1.0,0.0,0.8,high
wf_2026_02,lightgbm,2026-02-18,2,2026-02-18 13:00:00+00:00,2026-02-18 14:00:00+00:00,1,0.09,decrease,11.34,465404.5,1,5,24,2,0.02,0.0,0.28,34.49,1.9,5,6,0.83,0.75,0.03,0.63,medium
wf_2026_02,lightgbm,2026-02-18,3,2026-02-18 11:00:00+00:00,2026-02-18 12:00:00+00:00,1,0.11,decrease,10.93,459042.9,5,2,24,3,0.04,16.88,0.0,17.61,2.18,6,6,1.0,0.5,0.03,0.58,medium
wf_2026_02,lightgbm,2026-02-18,4,2026-02-18 14:00:00+00:00,2026-02-18 15:00:00+00:00,1,0.13,decrease,11.6,469565.3,2,6,24,5,0.13,16.5,0.43,18.0,1.76,4,6,0.67,0.25,0.03,0.35,low
wf_2026_02,lightgbm,2026-02-18,5,2026-02-18 10:00:00+00:00,2026-02-18 11:00:00+00:00,1,0.15,increase,10.82,451708.5,8,1,24,4,0.09,18.76,0.11,15.73,2.08,4,6,0.67,0.0,0.05,0.24,low
wf_2026_02,lightgbm,2026-02-19,1,2026-02-19 10:00:00+00:00,2026-02-19 11:00:00+00:00,1,0.13,increase,11.59,462319.1,7,1,24,9,0.17,47.0,0.05,-38.14,1.18,6,6,1.0,1.0,0.13,0.82,high
wf_2026_02,lightgbm,2026-02-19,2,2026-02-19 00:00:00+00:00,2026-02-19 01:00:00+00:00,1,0.24,decrease,12.62,464861.4,5,8,24,11,0.17,8.86,1.23,0.0,0.0,5,6,0.83,0.75,0.05,0.64,medium
wf_2026_02,lightgbm,2026-02-19,3,2026-02-19 09:00:00+00:00,2026-02-19 10:00:00+00:00,1,0.28,decrease,12.09,478012.7,11,4,24,1,0.0,37.1,0.0,-28.24,1.23,2,6,0.33,0.5,0.0,0.34,low
wf_2026_02,lightgbm,2026-02-19,4,2026-02-19 12:00:00+00:00,2026-02-19 13:00:00+00:00,1,0.28,increase,11.84,469585.2,12,3,24,2,0.02,34.0,0.14,-25.14,1.09,4,6,0.67,0.25,0.0,0.35,low
wf_2026_02,lightgbm,2026-02-19,5,2026-02-19 13:00:00+00:00,2026-02-19 14:00:00+00:00,1,0.28,increase,12.3,483235.0,10,5,24,4,0.09,35.74,0.33,-26.88,0.9,5,6,0.83,0.0,0.02,0.3,low
wf_2026_02,lightgbm,2026-02-20,1,2026-02-20 12:00:00+00:00,2026-02-20 13:00:00+00:00,1,0.02,decrease,11.42,454194.2,2,1,24,1,0.0,0.96,0.05,17.82,1.69,6,6,1.0,1.0,0.02,0.8,high
wf_2026_02,lightgbm,2026-02-20,2,2026-02-20 13:00:00+00:00,2026-02-20 14:00:00+00:00,1,0.04,decrease,11.83,471532.2,1,3,24,3,0.17,12.17,0.33,6.61,1.41,6,6,1.0,0.75,0.18,0.72,medium
wf_2026_02,lightgbm,2026-02-20,3,2026-02-20 11:00:00+00:00,2026-02-20 12:00:00+00:00,1,0.22,decrease,11.84,467482.6,8,4,24,2,0.02,9.94,0.0,8.84,1.74,5,6,0.83,0.5,0.04,0.53,medium
wf_2026_02,lightgbm,2026-02-20,4,2026-02-20 22:00:00+00:00,2026-02-20 23:00:00+00:00,1,0.26,increase,11.73,448805.8,12,2,24,15,0.46,23.86,0.76,-5.08,0.98,2,6,0.33,0.25,0.0,0.23,low
wf_2026_02,lightgbm,2026-02-20,5,2026-02-20 23:00:00+00:00,2026-02-21 00:00:00+00:00,1,0.26,increase,11.88,442993.1,9,5,24,6,0.3,12.14,0.76,6.64,0.98,5,6,0.83,0.0,0.04,0.3,low
wf_2026_02,lightgbm,2026-02-21,1,2026-02-21 12:00:00+00:00,2026-02-21 13:00:00+00:00,1,0.24,decrease,12.38,447805.4,2,11,24,4,0.15,0.01,0.82,22.96,-0.72,4,6,0.67,1.0,0.06,0.7,medium
wf_2026_02,lightgbm,2026-02-21,2,2026-02-21 01:00:00+00:00,2026-02-21 02:00:00+00:00,1,0.28,decrease,12.02,444092.4,14,1,24,3,0.15,11.25,0.31,11.72,-0.21,5,6,0.83,0.75,0.0,0.63,medium
wf_2026_02,lightgbm,2026-02-21,3,2026-02-21 11:00:00+00:00,2026-02-21 12:00:00+00:00,1,0.28,decrease,12.6,460757.2,1,14,24,1,0.0,0.01,0.44,22.96,-0.34,6,6,1.0,0.5,0.03,0.58,medium
wf_2026_02,lightgbm,2026-02-21,4,2026-02-21 02:00:00+00:00,2026-02-21 03:00:00+00:00,1,0.3,decrease,12.27,445807.1,8,8,24,6,0.22,8.58,0.56,14.38,-0.46,3,6,0.5,0.25,0.0,0.29,low
wf_2026_02,lightgbm,2026-02-21,5,2026-02-21 09:00:00+00:00,2026-02-21 10:00:00+00:00,1,0.3,decrease,12.21,458168.9,9,7,24,5,0.17,2.91,0.57,20.06,-0.47,4,6,0.67,0.0,0.03,0.24,low
wf_2026_02,lightgbm,2026-02-22,1,2026-02-22 09:00:00+00:00,2026-02-22 10:00:00+00:00,1,0.17,decrease,12.32,440610.6,4,6,24,14,0.41,0.01,1.7,11.07,-0.26,6,6,1.0,1.0,0.03,0.81,high
wf_2026_02,lightgbm,2026-02-22,2,2026-02-22 10:00:00+00:00,2026-02-22 11:00:00+00:00,1,0.2,increase,13.0,439315.1,1,10,24,6,0.28,0.01,1.66,11.07,-0.21,6,6,1.0,0.75,0.12,0.71,medium
wf_2026_02,lightgbm,2026-02-22,3,2026-02-22 12:00:00+00:00,2026-02-22 13:00:00+00:00,1,0.28,increase,13.1,447123.3,2,13,24,1,0.0,0.0,1.24,11.08,0.21,5,6,0.83,0.5,0.03,0.52,medium
wf_2026_02,lightgbm,2026-02-22,4,2026-02-22 00:00:00+00:00,2026-02-22 01:00:00+00:00,1,0.3,decrease,12.35,439122.7,9,7,24,15,0.43,11.08,1.44,0.0,0.0,5,6,0.83,0.25,0.0,0.4,low
wf_2026_02,lightgbm,2026-02-22,5,2026-02-22 11:00:00+00:00,2026-02-22 12:00:00+00:00,1,0.3,increase,13.0,441512.6,5,11,24,3,0.09,0.01,1.32,11.08,0.12,3,6,0.5,0.0,0.03,0.18,low
wf_2026_02,lightgbm,2026-02-23,1,2026-02-23 12:00:00+00:00,2026-02-23 13:00:00+00:00,1,0.04,increase,11.45,441340.9,2,2,24,1,0.0,0.0,0.0,13.94,1.56,6,6,1.0,1.0,0.05,0.81,high
wf_2026_02,lightgbm,2026-02-23,2,2026-02-23 11:00:00+00:00,2026-02-23 12:00:00+00:00,1,0.09,increase,11.56,444616.6,1,5,24,3,0.11,0.0,0.24,13.93,1.32,6,6,1.0,0.75,0.0,0.69,medium
wf_2026_02,lightgbm,2026-02-23,3,2026-02-23 13:00:00+00:00,2026-02-23 14:00:00+00:00,1,0.09,increase,11.47,442951.5,3,3,24,2,0.07,0.0,0.11,13.94,1.45,6,6,1.0,0.5,0.05,0.58,medium
wf_2026_02,lightgbm,2026-02-23,4,2026-02-23 09:00:00+00:00,2026-02-23 10:00:00+00:00,1,0.13,increase,11.38,439630.5,7,1,24,6,0.3,5.34,0.71,8.6,0.84,3,6,0.5,0.25,0.07,0.3,low
wf_2026_02,lightgbm,2026-02-23,5,2026-02-23 10:00:00+00:00,2026-02-23 11:00:00+00:00,1,0.2,increase,11.63,443952.8,5,6,24,5,0.22,0.01,0.59,13.93,0.97,4,6,0.67,0.0,0.0,0.23,low
wf_2026_02,lightgbm,2026-02-24,1,2026-02-24 11:00:00+00:00,2026-02-24 12:00:00+00:00,1,0.04,increase,12.85,487485.8,3,1,24,4,0.26,9.5,0.44,8.15,0.04,6,6,1.0,1.0,0.05,0.81,high
wf_2026_02,lightgbm,2026-02-24,2,2026-02-24 10:00:00+00:00,2026-02-24 11:00:00+00:00,1,0.09,increase,13.03,483766.7,1,5,24,5,0.28,7.75,0.72,9.91,-0.25,6,6,1.0,0.75,0.05,0.7,medium
wf_2026_02,lightgbm,2026-02-24,3,2026-02-24 12:00:00+00:00,2026-02-24 13:00:00+00:00,1,0.13,increase,13.03,494046.2,4,4,24,1,0.0,0.0,0.28,17.66,0.2,5,6,0.83,0.5,0.1,0.54,medium
wf_2026_02,lightgbm,2026-02-24,4,2026-02-24 13:00:00+00:00,2026-02-24 14:00:00+00:00,1,0.22,increase,13.28,495684.5,2,10,24,3,0.07,0.26,0.37,17.4,0.1,5,6,0.83,0.25,0.02,0.41,low
wf_2026_02,lightgbm,2026-02-24,5,2026-02-24 00:00:00+00:00,2026-02-24 01:00:00+00:00,1,0.24,increase,12.87,451150.1,11,2,24,12,0.43,17.66,0.47,0.0,0.0,4,6,0.67,0.0,0.07,0.25,low
wf_2026_02,lightgbm,2026-02-25,1,2026-02-25 12:00:00+00:00,2026-02-25 13:00:00+00:00,1,0.04,decrease,12.02,460490.2,1,3,24,2,0.04,0.0,0.15,14.55,2.03,6,6,1.0,1.0,0.02,0.8,high
wf_2026_02,lightgbm,2026-02-25,2,2026-02-25 11:00:00+00:00,2026-02-25 12:00:00+00:00,1,0.07,decrease,11.85,457667.9,3,2,24,1,0.0,0.0,0.0,14.55,2.18,6,6,1.0,0.75,0.07,0.7,medium
wf_2026_02,lightgbm,2026-02-25,3,2026-02-25 13:00:00+00:00,2026-02-25 14:00:00+00:00,1,0.13,decrease,12.06,463193.3,4,4,24,3,0.07,0.0,0.56,14.56,1.61,6,6,1.0,0.5,0.02,0.58,medium
wf_2026_02,lightgbm,2026-02-25,4,2026-02-25 10:00:00+00:00,2026-02-25 11:00:00+00:00,1,0.15,decrease,11.81,457515.8,8,1,24,4,0.11,0.53,0.26,14.02,1.92,6,6,1.0,0.25,0.0,0.46,low
wf_2026_02,lightgbm,2026-02-25,5,2026-02-25 14:00:00+00:00,2026-02-25 15:00:00+00:00,1,0.15,decrease,12.68,462278.3,2,7,24,5,0.2,0.05,0.92,14.5,1.26,5,6,0.83,0.0,0.14,0.32,low
wf_2026_02,lightgbm,2026-02-26,1,2026-02-26 11:00:00+00:00,2026-02-26 12:00:00+00:00,1,0.04,increase,11.65,441444.6,1,3,24,3,0.02,0.02,0.27,23.03,1.61,6,6,1.0,1.0,0.11,0.82,high
wf_2026_02,lightgbm,2026-02-26,2,2026-02-26 09:00:00+00:00,2026-02-26 10:00:00+00:00,1,0.13,decrease,11.58,438884.9,6,2,24,5,0.15,17.34,0.24,5.71,1.64,4,6,0.67,0.75,0.03,0.58,medium
wf_2026_02,lightgbm,2026-02-26,3,2026-02-26 10:00:00+00:00,2026-02-26 11:00:00+00:00,1,0.15,increase,11.48,438448.1,8,1,24,1,0.0,0.01,0.33,23.04,1.56,6,6,1.0,0.5,0.0,0.57,medium
wf_2026_02,lightgbm,2026-02-26,4,2026-02-26 12:00:00+00:00,2026-02-26 13:00:00+00:00,1,0.15,increase,11.95,447415.7,2,7,24,2,0.0,0.0,0.55,23.05,1.33,6,6,1.0,0.25,0.14,0.49,low
wf_2026_02,lightgbm,2026-02-26,5,2026-02-26 23:00:00+00:00,2026-02-27 00:00:00+00:00,1,0.26,decrease,11.89,415165.4,9,5,24,8,0.22,9.1,0.76,13.95,1.13,4,6,0.67,0.0,0.03,0.24,low
wf_2026_02,lightgbm,2026-02-27,1,2026-02-27 11:00:00+00:00,2026-02-27 12:00:00+00:00,1,0.11,decrease,12.13,459595.1,2,5,24,2,0.04,0.0,0.59,10.66,0.22,6,6,1.0,1.0,0.03,0.81,high
wf_2026_02,lightgbm,2026-02-27,2,2026-02-27 09:00:00+00:00,2026-02-27 10:00:00+00:00,1,0.13,decrease,11.58,453987.3,7,1,24,3,0.09,2.91,0.26,7.75,0.56,6,6,1.0,0.75,0.03,0.69,medium
wf_2026_02,lightgbm,2026-02-27,3,2026-02-27 10:00:00+00:00,2026-02-27 11:00:00+00:00,1,0.15,increase,11.98,455271.6,5,4,24,1,0.0,0.01,0.24,10.65,0.58,6,6,1.0,0.5,0.05,0.59,medium
wf_2026_02,lightgbm,2026-02-27,4,2026-02-27 12:00:00+00:00,2026-02-27 13:00:00+00:00,1,0.2,decrease,12.46,447464.3,1,10,24,6,0.15,0.0,1.01,10.66,-0.19,5,6,0.83,0.25,0.03,0.41,low
wf_2026_02,lightgbm,2026-02-27,5,2026-02-27 00:00:00+00:00,2026-02-27 01:00:00+00:00,1,0.22,decrease,12.16,418578.0,6,6,24,10,0.28,10.66,0.81,0.0,0.0,5,6,0.83,0.0,0.11,0.31,low
wf_2026_02,lightgbm,2026-02-28,1,2026-02-28 10:00:00+00:00,2026-02-28 11:00:00+00:00,1,0.07,decrease,12.84,450661.5,3,2,24,1,0.0,0.0,0.34,6.81,-0.19,6,6,1.0,1.0,0.03,0.81,high
wf_2026_02,lightgbm,2026-02-28,2,2026-02-28 11:00:00+00:00,2026-02-28 12:00:00+00:00,1,0.09,decrease,13.32,451573.2,1,5,24,4,0.15,0.01,0.77,6.8,-0.63,6,6,1.0,0.75,0.05,0.7,medium
wf_2026_02,lightgbm,2026-02-28,3,2026-02-28 09:00:00+00:00,2026-02-28 10:00:00+00:00,1,0.13,decrease,13.12,448211.9,5,3,24,2,0.04,0.02,0.0,6.79,0.15,6,6,1.0,0.5,0.08,0.59,medium
wf_2026_02,lightgbm,2026-02-28,4,2026-02-28 12:00:00+00:00,2026-02-28 13:00:00+00:00,1,0.2,decrease,13.98,453308.1,2,9,24,7,0.28,0.01,1.06,6.8,-0.91,4,6,0.67,0.25,0.08,0.36,low
wf_2026_02,lightgbm,2026-02-28,5,2026-02-28 08:00:00+00:00,2026-02-28 09:00:00+00:00,1,0.26,decrease,13.9,460926.0,7,7,24,3,0.13,1.79,0.42,5.02,-0.28,5,6,0.83,0.0,0.05,0.3,low
wf_2026_02,naive_lag_24h,2026-02-01,1,2026-02-01 00:00:00+00:00,2026-02-01 01:00:00+00:00,1,0.07,unknown,19.89,662035.0,4,1,24,15,0.59,12.02,4.28,0.0,0.0,1,6,0.17,1.0,0.0,0.51,medium
wf_2026_02,naive_lag_24h,2026-02-01,2,2026-02-01 03:00:00+00:00,2026-02-01 04:00:00+00:00,1,0.07,unknown,21.5,682170.0,1,4,24,6,0.24,2.0,1.17,10.02,3.12,6,6,1.0,0.75,0.02,0.69,medium
wf_2026_02,naive_lag_24h,2026-02-01,3,2026-02-01 01:00:00+00:00,2026-02-01 02:00:00+00:00,1,0.09,unknown,21.15,687850.0,3,3,24,10,0.41,4.59,2.45,7.42,1.84,1,6,0.17,0.5,0.02,0.29,low
wf_2026_02,naive_lag_24h,2026-02-01,4,2026-02-01 02:00:00+00:00,2026-02-01 03:00:00+00:00,1,0.11,unknown,21.7,697362.5,2,5,24,5,0.24,0.29,1.77,11.73,2.51,2,6,0.33,0.25,0.0,0.23,low
wf_2026_02,naive_lag_24h,2026-02-01,5,2026-02-01 04:00:00+00:00,2026-02-01 05:00:00+00:00,1,0.11,unknown,20.18,635385.0,5,2,24,2,0.13,1.91,0.49,10.11,3.8,6,6,1.0,0.0,0.12,0.37,low
wf_2026_02,naive_lag_24h,2026-02-02,1,2026-02-02 05:00:00+00:00,2026-02-02 06:00:00+00:00,1,0.0,flat,20.35,660267.5,1,1,24,11,0.5,36.73,10.11,-10.56,-4.39,1,6,0.17,1.0,0.13,0.53,medium
wf_2026_02,naive_lag_24h,2026-02-02,2,2026-02-02 04:00:00+00:00,2026-02-02 05:00:00+00:00,1,0.13,flat,20.83,673617.5,3,5,24,8,0.28,24.04,7.37,2.14,-1.65,1,6,0.17,0.75,0.02,0.4,low
wf_2026_02,naive_lag_24h,2026-02-02,3,2026-02-02 12:00:00+00:00,2026-02-02 13:00:00+00:00,1,0.15,flat,20.48,751875.0,5,4,24,15,0.61,35.75,16.35,-9.58,-10.64,1,6,0.17,0.5,0.0,0.28,low
wf_2026_02,naive_lag_24h,2026-02-02,4,2026-02-02 13:00:00+00:00,2026-02-02 14:00:00+00:00,1,0.15,flat,20.43,730487.5,6,3,24,10,0.48,33.8,15.71,-7.63,-10.0,1,6,0.17,0.25,0.09,0.19,low
wf_2026_02,naive_lag_24h,2026-02-02,5,2026-02-02 02:00:00+00:00,2026-02-02 03:00:00+00:00,1,0.24,flat,22.12,715807.5,2,11,24,3,0.11,19.85,5.72,6.32,-0.0,5,6,0.83,0.0,0.0,0.29,low
wf_2026_02,naive_lag_24h,2026-02-03,1,2026-02-03 23:00:00+00:00,2026-02-04 00:00:00+00:00,1,0.0,flat,18.73,673120.0,1,1,24,12,0.35,49.91,7.52,-12.91,-3.18,1,6,0.17,1.0,0.07,0.52,medium
wf_2026_02,naive_lag_24h,2026-02-03,2,2026-02-03 22:00:00+00:00,2026-02-03 23:00:00+00:00,1,0.07,flat,20.11,730637.5,3,2,24,15,0.54,63.18,10.22,-26.18,-5.88,1,6,0.17,0.75,0.04,0.4,low
wf_2026_02,naive_lag_24h,2026-02-03,3,2026-02-03 02:00:00+00:00,2026-02-03 03:00:00+00:00,1,0.11,flat,24.45,778835.0,2,5,24,1,0.0,0.0,1.92,37.0,2.42,6,6,1.0,0.5,0.09,0.59,medium
wf_2026_02,naive_lag_24h,2026-02-03,4,2026-02-03 00:00:00+00:00,2026-02-03 01:00:00+00:00,1,0.2,flat,24.45,785745.0,7,4,24,9,0.17,37.0,4.34,0.0,0.0,1,6,0.17,0.25,0.0,0.17,low
wf_2026_02,naive_lag_24h,2026-02-03,5,2026-02-03 01:00:00+00:00,2026-02-03 02:00:00+00:00,1,0.2,flat,24.46,777242.5,5,6,24,8,0.13,27.76,2.77,9.24,1.57,1,6,0.17,0.0,0.02,0.06,low
wf_2026_02,naive_lag_24h,2026-02-04,1,2026-02-04 02:00:00+00:00,2026-02-04 03:00:00+00:00,1,0.13,flat,15.92,548982.5,1,7,24,6,0.24,9.45,2.6,15.63,-0.1,1,6,0.17,1.0,0.0,0.51,medium
wf_2026_02,naive_lag_24h,2026-02-04,2,2026-02-04 03:00:00+00:00,2026-02-04 04:00:00+00:00,1,0.13,flat,15.75,539577.5,2,6,24,9,0.3,11.66,2.99,13.42,-0.49,5,6,0.83,0.75,0.03,0.63,medium
wf_2026_02,naive_lag_24h,2026-02-04,3,2026-02-04 12:00:00+00:00,2026-02-04 13:00:00+00:00,1,0.15,flat,14.25,590622.5,7,2,24,2,0.02,10.29,0.0,14.79,2.5,1,6,0.17,0.5,0.0,0.28,low
wf_2026_02,naive_lag_24h,2026-02-04,4,2026-02-04 13:00:00+00:00,2026-02-04 14:00:00+00:00,1,0.15,flat,14.0,572750.0,8,1,24,1,0.0,8.1,0.12,16.99,2.38,6,6,1.0,0.25,0.03,0.47,low
wf_2026_02,naive_lag_24h,2026-02-04,5,2026-02-04 11:00:00+00:00,2026-02-04 12:00:00+00:00,1,0.17,flat,15.13,624860.0,6,4,24,13,0.41,30.06,2.42,-4.97,0.07,1,6,0.17,0.0,0.03,0.06,low
wf_2026_02,naive_lag_24h,2026-02-05,1,2026-02-05 13:00:00+00:00,2026-02-05 14:00:00+00:00,1,0.04,flat,13.89,552835.0,2,2,24,14,0.52,68.42,1.82,-19.61,-0.79,1,6,0.17,1.0,0.02,0.51,medium
wf_2026_02,naive_lag_24h,2026-02-05,2,2026-02-05 12:00:00+00:00,2026-02-05 13:00:00+00:00,1,0.07,flat,13.77,557452.5,4,1,24,8,0.41,63.95,1.05,-15.13,-0.02,1,6,0.17,0.75,0.05,0.4,low
wf_2026_02,naive_lag_24h,2026-02-05,3,2026-02-05 23:00:00+00:00,2026-02-06 00:00:00+00:00,1,0.11,flat,15.51,584505.0,1,6,24,15,0.54,66.72,2.49,-17.9,-1.45,1,6,0.17,0.5,0.14,0.31,low
wf_2026_02,naive_lag_24h,2026-02-05,4,2026-02-05 14:00:00+00:00,2026-02-05 15:00:00+00:00,1,0.24,flat,15.14,591022.5,8,5,24,10,0.43,62.16,2.47,-13.35,-1.44,1,6,0.17,0.25,0.0,0.17,low
wf_2026_02,naive_lag_24h,2026-02-05,5,2026-02-05 22:00:00+00:00,2026-02-05 23:00:00+00:00,1,0.24,flat,15.62,588037.5,6,7,24,12,0.43,50.88,7.61,-2.06,-6.57,1,6,0.17,0.0,0.05,0.07,low
wf_2026_02,naive_lag_24h,2026-02-06,1,2026-02-06 01:00:00+00:00,2026-02-06 02:00:00+00:00,1,0.07,flat,14.6,531735.0,4,1,24,10,0.37,31.8,2.59,21.43,-0.24,1,6,0.17,1.0,0.0,0.51,medium
wf_2026_02,naive_lag_24h,2026-02-06,2,2026-02-06 02:00:00+00:00,2026-02-06 03:00:00+00:00,1,0.07,flat,14.69,523472.5,2,3,24,7,0.3,11.57,2.7,41.66,-0.35,2,6,0.33,0.75,0.0,0.45,low
wf_2026_02,naive_lag_24h,2026-02-06,3,2026-02-06 03:00:00+00:00,2026-02-06 04:00:00+00:00,1,0.07,flat,14.92,520837.5,1,4,24,9,0.33,0.0,2.86,53.23,-0.51,1,6,0.17,0.5,0.08,0.3,low
wf_2026_02,naive_lag_24h,2026-02-06,4,2026-02-06 04:00:00+00:00,2026-02-06 05:00:00+00:00,1,0.13,flat,15.22,535177.5,3,5,24,15,0.5,29.12,2.97,24.11,-0.62,1,6,0.17,0.25,0.18,0.21,low
wf_2026_02,naive_lag_24h,2026-02-06,5,2026-02-06 05:00:00+00:00,2026-02-06 06:00:00+00:00,1,0.28,flat,15.32,553897.5,9,6,24,18,0.65,53.01,3.17,0.21,-0.83,1,6,0.17,0.0,0.0,0.06,low
wf_2026_02,naive_lag_24h,2026-02-07,1,2026-02-07 12:00:00+00:00,2026-02-07 13:00:00+00:00,1,0.07,flat,12.88,530422.5,4,1,24,2,0.02,1.29,0.55,59.66,1.19,6,6,1.0,1.0,0.0,0.8,high
wf_2026_02,naive_lag_24h,2026-02-07,2,2026-02-07 13:00:00+00:00,2026-02-07 14:00:00+00:00,1,0.07,flat,13.19,527647.5,3,2,24,3,0.02,0.0,0.64,60.95,1.11,6,6,1.0,0.75,0.13,0.71,medium
wf_2026_02,naive_lag_24h,2026-02-07,3,2026-02-07 14:00:00+00:00,2026-02-07 15:00:00+00:00,1,0.17,flat,13.89,531265.0,5,5,24,5,0.09,10.9,1.09,50.04,0.65,6,6,1.0,0.5,0.05,0.59,medium
wf_2026_02,naive_lag_24h,2026-02-07,4,2026-02-07 11:00:00+00:00,2026-02-07 12:00:00+00:00,1,0.22,flat,13.24,541150.0,9,3,24,1,0.0,18.29,0.0,42.66,1.75,6,6,1.0,0.25,0.05,0.47,low
wf_2026_02,naive_lag_24h,2026-02-07,5,2026-02-07 10:00:00+00:00,2026-02-07 11:00:00+00:00,1,0.26,flat,13.77,552600.0,10,4,24,4,0.04,20.77,0.07,40.18,1.67,6,6,1.0,0.0,0.03,0.36,low
wf_2026_02,naive_lag_24h,2026-02-08,1,2026-02-08 11:00:00+00:00,2026-02-08 12:00:00+00:00,1,0.07,flat,13.39,521097.5,4,1,24,4,0.13,5.4,0.58,35.42,1.18,6,6,1.0,1.0,0.02,0.8,high
wf_2026_02,naive_lag_24h,2026-02-08,2,2026-02-08 12:00:00+00:00,2026-02-08 13:00:00+00:00,1,0.09,flat,13.94,531135.0,2,4,24,2,0.07,3.45,0.42,37.36,1.34,6,6,1.0,0.75,0.0,0.69,medium
wf_2026_02,naive_lag_24h,2026-02-08,3,2026-02-08 13:00:00+00:00,2026-02-08 14:00:00+00:00,1,0.09,flat,14.03,520205.0,1,5,24,1,0.0,0.0,0.0,40.82,1.76,6,6,1.0,0.5,0.02,0.58,medium
wf_2026_02,naive_lag_24h,2026-02-08,4,2026-02-08 10:00:00+00:00,2026-02-08 11:00:00+00:00,1,0.11,flat,13.47,522375.0,5,2,24,3,0.11,2.63,0.77,38.19,0.99,6,6,1.0,0.25,0.05,0.47,low
wf_2026_02,naive_lag_24h,2026-02-08,5,2026-02-08 14:00:00+00:00,2026-02-08 15:00:00+00:00,1,0.15,flat,14.49,520762.5,3,6,24,6,0.24,17.96,0.52,22.86,1.24,6,6,1.0,0.0,0.1,0.37,low
wf_2026_02,naive_lag_24h,2026-02-09,1,2026-02-09 13:00:00+00:00,2026-02-09 14:00:00+00:00,1,0.0,flat,14.88,534270.0,1,1,24,7,0.26,31.21,0.46,7.97,2.92,6,6,1.0,1.0,0.07,0.81,high
wf_2026_02,naive_lag_24h,2026-02-09,2,2026-02-09 12:00:00+00:00,2026-02-09 13:00:00+00:00,1,0.07,flat,15.3,565510.0,3,2,24,5,0.22,29.91,0.39,9.26,2.99,1,6,0.17,0.75,0.05,0.41,low
wf_2026_02,naive_lag_24h,2026-02-09,3,2026-02-09 10:00:00+00:00,2026-02-09 11:00:00+00:00,1,0.11,flat,15.65,562755.0,2,5,24,16,0.63,49.88,4.82,-10.7,-1.44,1,6,0.17,0.5,0.02,0.29,low
wf_2026_02,naive_lag_24h,2026-02-09,4,2026-02-09 11:00:00+00:00,2026-02-09 12:00:00+00:00,1,0.13,flat,15.46,571357.5,4,4,24,13,0.5,50.18,2.0,-11.0,1.37,1,6,0.17,0.25,0.07,0.18,low
wf_2026_02,naive_lag_24h,2026-02-09,5,2026-02-09 09:00:00+00:00,2026-02-09 10:00:00+00:00,1,0.2,flat,15.98,558185.0,5,6,24,20,0.83,55.66,10.2,-16.48,-6.83,1,6,0.17,0.0,0.05,0.07,low
wf_2026_02,naive_lag_24h,2026-02-10,1,2026-02-10 23:00:00+00:00,2026-02-11 00:00:00+00:00,1,0.0,flat,14.2,524635.0,1,1,24,1,0.0,1.3,0.07,21.81,1.81,6,6,1.0,1.0,0.15,0.83,high
wf_2026_02,naive_lag_24h,2026-02-10,2,2026-02-10 22:00:00+00:00,2026-02-10 23:00:00+00:00,1,0.15,flat,14.7,546912.5,4,5,24,2,0.02,4.29,0.0,18.81,1.88,6,6,1.0,0.75,0.04,0.7,medium
wf_2026_02,naive_lag_24h,2026-02-10,3,2026-02-10 21:00:00+00:00,2026-02-10 22:00:00+00:00,1,0.2,flat,14.69,548632.5,7,4,24,4,0.11,11.17,0.1,11.94,1.78,6,6,1.0,0.5,0.02,0.58,medium
wf_2026_02,naive_lag_24h,2026-02-10,4,2026-02-10 15:00:00+00:00,2026-02-10 16:00:00+00:00,1,0.22,flat,15.62,575945.0,5,7,24,7,0.37,37.54,0.89,-14.44,1.0,1,6,0.17,0.25,0.0,0.17,low
wf_2026_02,naive_lag_24h,2026-02-10,5,2026-02-10 12:00:00+00:00,2026-02-10 13:00:00+00:00,1,0.22,flat,14.58,574655.0,10,2,24,18,0.57,41.06,2.29,-17.95,-0.4,1,6,0.17,0.0,0.02,0.06,low
wf_2026_02,naive_lag_24h,2026-02-11,1,2026-02-11 23:00:00+00:00,2026-02-12 00:00:00+00:00,1,0.04,flat,11.99,448325.0,2,2,24,16,0.48,18.53,1.24,-3.79,0.17,2,6,0.33,1.0,0.02,0.57,medium
wf_2026_02,naive_lag_24h,2026-02-11,2,2026-02-11 22:00:00+00:00,2026-02-11 23:00:00+00:00,1,0.07,flat,11.92,451905.0,4,1,24,18,0.57,7.86,2.55,6.89,-1.14,1,6,0.17,0.75,0.09,0.41,low
wf_2026_02,naive_lag_24h,2026-02-11,3,2026-02-11 20:00:00+00:00,2026-02-11 21:00:00+00:00,1,0.15,flat,12.1,463677.5,5,4,24,20,0.61,8.62,2.62,6.13,-1.21,1,6,0.17,0.5,0.0,0.28,low
wf_2026_02,naive_lag_24h,2026-02-11,4,2026-02-11 21:00:00+00:00,2026-02-11 22:00:00+00:00,1,0.15,flat,12.02,454767.5,6,3,24,21,0.67,11.91,2.91,2.83,-1.5,1,6,0.17,0.25,0.14,0.2,low
wf_2026_02,naive_lag_24h,2026-02-11,5,2026-02-11 19:00:00+00:00,2026-02-11 20:00:00+00:00,1,0.28,flat,12.28,484967.5,10,5,24,24,0.74,30.64,2.09,-15.89,-0.68,1,6,0.17,0.0,0.14,0.09,low
wf_2026_02,naive_lag_24h,2026-02-12,1,2026-02-12 12:00:00+00:00,2026-02-12 13:00:00+00:00,1,0.09,flat,10.85,442925.0,4,2,24,1,0.0,0.01,0.19,11.81,1.58,6,6,1.0,1.0,0.06,0.81,high
wf_2026_02,naive_lag_24h,2026-02-12,2,2026-02-12 11:00:00+00:00,2026-02-12 12:00:00+00:00,1,0.13,flat,10.87,444982.5,5,3,24,2,0.02,7.1,0.0,4.72,1.77,6,6,1.0,0.75,0.09,0.71,medium
wf_2026_02,naive_lag_24h,2026-02-12,3,2026-02-12 10:00:00+00:00,2026-02-12 11:00:00+00:00,1,0.2,flat,10.95,444302.5,7,4,24,4,0.2,20.72,0.11,-8.9,1.67,2,6,0.33,0.5,0.03,0.35,low
wf_2026_02,naive_lag_24h,2026-02-12,4,2026-02-12 13:00:00+00:00,2026-02-12 14:00:00+00:00,1,0.22,flat,11.11,442437.5,6,6,24,10,0.37,0.0,5.24,11.82,-3.47,6,6,1.0,0.25,0.09,0.48,low
wf_2026_02,naive_lag_24h,2026-02-12,5,2026-02-12 09:00:00+00:00,2026-02-12 10:00:00+00:00,1,0.28,flat,10.85,436592.5,14,1,24,9,0.37,25.0,0.9,-13.18,0.88,1,6,0.17,0.0,0.12,0.08,low
wf_2026_02,naive_lag_24h,2026-02-13,1,2026-02-13 12:00:00+00:00,2026-02-13 13:00:00+00:00,1,0.13,flat,10.47,431547.5,5,3,24,7,0.26,62.34,0.81,-56.06,-0.81,1,6,0.17,1.0,0.04,0.52,medium
wf_2026_02,naive_lag_24h,2026-02-13,2,2026-02-13 11:00:00+00:00,2026-02-13 12:00:00+00:00,1,0.15,flat,10.28,421840.0,8,1,24,15,0.54,72.34,1.45,-66.06,-1.45,1,6,0.17,0.75,0.07,0.41,low
wf_2026_02,naive_lag_24h,2026-02-13,3,2026-02-13 15:00:00+00:00,2026-02-13 16:00:00+00:00,1,0.2,flat,10.81,430535.0,7,4,24,14,0.48,56.34,2.99,-50.07,-2.99,1,6,0.17,0.5,0.22,0.33,low
wf_2026_02,naive_lag_24h,2026-02-13,4,2026-02-13 10:00:00+00:00,2026-02-13 11:00:00+00:00,1,0.33,flat,10.39,418627.5,15,2,24,17,0.59,72.66,1.55,-66.38,-1.55,1,6,0.17,0.25,0.19,0.21,low
wf_2026_02,naive_lag_24h,2026-02-13,5,2026-02-13 02:00:00+00:00,2026-02-13 03:00:00+00:00,1,0.43,flat,12.66,427055.0,1,21,24,3,0.0,0.0,0.61,6.28,-0.61,6,6,1.0,0.0,0.07,0.36,low
wf_2026_02,naive_lag_24h,2026-02-14,1,2026-02-14 00:00:00+00:00,2026-02-14 01:00:00+00:00,1,0.07,flat,12.2,442522.5,4,1,24,16,0.35,18.18,1.16,0.0,0.0,1,6,0.17,1.0,0.0,0.51,medium
wf_2026_02,naive_lag_24h,2026-02-14,2,2026-02-14 01:00:00+00:00,2026-02-14 02:00:00+00:00,1,0.07,flat,12.66,445155.0,3,2,24,11,0.24,8.79,1.74,9.39,-0.58,1,6,0.17,0.75,0.0,0.4,low
wf_2026_02,naive_lag_24h,2026-02-14,3,2026-02-14 02:00:00+00:00,2026-02-14 03:00:00+00:00,1,0.07,flat,12.8,440960.0,1,4,24,12,0.24,5.5,2.06,12.69,-0.91,6,6,1.0,0.5,0.07,0.59,medium
wf_2026_02,naive_lag_24h,2026-02-14,4,2026-02-14 03:00:00+00:00,2026-02-14 04:00:00+00:00,1,0.13,flat,13.04,440967.5,2,6,24,10,0.22,0.72,2.22,17.46,-1.06,1,6,0.17,0.25,0.05,0.18,low
wf_2026_02,naive_lag_24h,2026-02-14,5,2026-02-14 23:00:00+00:00,2026-02-15 00:00:00+00:00,1,0.17,flat,12.77,460822.5,7,3,24,20,0.7,67.24,14.37,-49.05,-13.21,1,6,0.17,0.0,0.07,0.07,low
wf_2026_02,naive_lag_24h,2026-02-15,1,2026-02-15 12:00:00+00:00,2026-02-15 13:00:00+00:00,1,0.15,flat,11.36,453387.5,5,4,24,12,0.3,17.72,0.15,38.09,7.56,1,6,0.17,1.0,0.06,0.52,medium
wf_2026_02,naive_lag_24h,2026-02-15,2,2026-02-15 13:00:00+00:00,2026-02-15 14:00:00+00:00,1,0.2,flat,11.62,454522.5,6,5,24,17,0.39,15.55,0.49,40.26,7.22,1,6,0.17,0.75,0.03,0.4,low
wf_2026_02,naive_lag_24h,2026-02-15,3,2026-02-15 10:00:00+00:00,2026-02-15 11:00:00+00:00,1,0.22,flat,11.22,441300.0,10,2,24,4,0.04,0.04,0.37,55.77,7.34,6,6,1.0,0.5,0.06,0.59,medium
wf_2026_02,naive_lag_24h,2026-02-15,4,2026-02-15 09:00:00+00:00,2026-02-15 10:00:00+00:00,1,0.26,flat,11.35,441312.5,11,3,24,10,0.24,6.4,0.72,49.42,6.99,5,6,0.83,0.25,0.03,0.41,low
wf_2026_02,naive_lag_24h,2026-02-15,5,2026-02-15 04:00:00+00:00,2026-02-15 05:00:00+00:00,1,0.28,flat,13.11,444627.5,1,14,24,22,0.72,17.98,2.24,37.84,5.47,1,6,0.17,0.0,0.0,0.06,low
wf_2026_02,naive_lag_24h,2026-02-16,1,2026-02-16 22:00:00+00:00,2026-02-16 23:00:00+00:00,1,0.17,flat,11.7,450690.0,5,5,24,10,0.28,5.71,0.92,-5.7,-0.16,3,6,0.5,1.0,0.0,0.62,medium
wf_2026_02,naive_lag_24h,2026-02-16,2,2026-02-16 23:00:00+00:00,2026-02-17 00:00:00+00:00,1,0.17,flat,11.85,447417.5,2,8,24,15,0.37,10.65,1.07,-10.64,-0.31,4,6,0.67,0.75,0.03,0.58,medium
wf_2026_02,naive_lag_24h,2026-02-16,3,2026-02-16 19:00:00+00:00,2026-02-16 20:00:00+00:00,1,0.2,flat,11.48,453707.5,10,1,24,14,0.35,24.76,0.16,-24.74,0.6,1,6,0.17,0.5,0.03,0.29,low
wf_2026_02,naive_lag_24h,2026-02-16,4,2026-02-16 10:00:00+00:00,2026-02-16 11:00:00+00:00,1,0.22,flat,11.85,471227.5,3,9,24,20,0.5,8.27,3.84,-8.26,-3.08,1,6,0.17,0.25,0.05,0.18,low
wf_2026_02,naive_lag_24h,2026-02-16,5,2026-02-16 21:00:00+00:00,2026-02-16 22:00:00+00:00,1,0.26,flat,11.84,453657.5,7,7,24,9,0.28,10.17,0.71,-10.16,0.05,1,6,0.17,0.0,0.03,0.06,low
wf_2026_02,naive_lag_24h,2026-02-17,1,2026-02-17 14:00:00+00:00,2026-02-17 15:00:00+00:00,1,0.15,flat,11.37,458510.0,8,1,24,15,0.46,43.82,2.65,-41.27,-1.3,1,6,0.17,1.0,0.03,0.51,medium
wf_2026_02,naive_lag_24h,2026-02-17,2,2026-02-17 13:00:00+00:00,2026-02-17 14:00:00+00:00,1,0.17,flat,11.6,457652.5,5,5,24,9,0.26,26.08,0.9,-23.53,0.45,4,6,0.67,0.75,0.03,0.58,medium
wf_2026_02,naive_lag_24h,2026-02-17,3,2026-02-17 15:00:00+00:00,2026-02-17 16:00:00+00:00,1,0.2,flat,11.37,462362.5,9,2,24,17,0.54,55.34,4.77,-52.79,-3.43,1,6,0.17,0.5,0.14,0.31,low
wf_2026_02,naive_lag_24h,2026-02-17,4,2026-02-17 00:00:00+00:00,2026-02-17 01:00:00+00:00,1,0.3,flat,12.12,449545.0,6,10,24,7,0.2,2.55,1.35,0.0,0.0,2,6,0.33,0.25,0.0,0.23,low
wf_2026_02,naive_lag_24h,2026-02-17,5,2026-02-17 02:00:00+00:00,2026-02-17 03:00:00+00:00,1,0.3,flat,13.49,460425.0,1,15,24,6,0.17,0.05,1.64,2.5,-0.29,5,6,0.83,0.0,0.03,0.3,low
wf_2026_02,naive_lag_24h,2026-02-18,1,2026-02-18 10:00:00+00:00,2026-02-18 11:00:00+00:00,1,0.09,flat,11.55,467847.5,4,2,24,4,0.09,18.76,0.11,15.73,2.08,4,6,0.67,1.0,0.07,0.7,medium
wf_2026_02,naive_lag_24h,2026-02-18,2,2026-02-18 09:00:00+00:00,2026-02-18 10:00:00+00:00,1,0.15,flat,11.76,471815.0,5,4,24,10,0.37,33.88,0.21,0.61,1.97,2,6,0.33,0.75,0.02,0.46,low
wf_2026_02,naive_lag_24h,2026-02-18,3,2026-02-18 11:00:00+00:00,2026-02-18 12:00:00+00:00,1,0.17,flat,11.45,467435.0,9,1,24,3,0.04,16.88,0.0,17.61,2.18,6,6,1.0,0.5,0.02,0.58,medium
wf_2026_02,naive_lag_24h,2026-02-18,4,2026-02-18 12:00:00+00:00,2026-02-18 13:00:00+00:00,1,0.2,flat,11.62,469572.5,8,3,24,1,0.0,2.66,0.17,31.83,2.02,6,6,1.0,0.25,0.05,0.47,low
wf_2026_02,naive_lag_24h,2026-02-18,5,2026-02-18 01:00:00+00:00,2026-02-18 02:00:00+00:00,1,0.24,flat,12.83,474412.5,3,10,24,22,0.72,40.59,1.82,-6.1,0.36,1,6,0.17,0.0,0.02,0.06,low
wf_2026_02,naive_lag_24h,2026-02-19,1,2026-02-19 12:00:00+00:00,2026-02-19 13:00:00+00:00,1,0.07,flat,11.33,468462.5,2,3,24,2,0.02,34.0,0.14,-25.14,1.09,4,6,0.67,1.0,0.03,0.69,medium
wf_2026_02,naive_lag_24h,2026-02-19,2,2026-02-19 13:00:00+00:00,2026-02-19 14:00:00+00:00,1,0.09,flat,11.44,467135.0,1,5,24,4,0.09,35.74,0.33,-26.88,0.9,5,6,0.83,0.75,0.03,0.63,medium
wf_2026_02,naive_lag_24h,2026-02-19,3,2026-02-19 11:00:00+00:00,2026-02-19 12:00:00+00:00,1,0.11,flat,11.16,470202.5,6,1,24,7,0.13,44.56,0.03,-35.7,1.2,2,6,0.33,0.5,0.05,0.35,low
wf_2026_02,naive_lag_24h,2026-02-19,4,2026-02-19 10:00:00+00:00,2026-02-19 11:00:00+00:00,1,0.15,flat,11.26,470767.5,7,2,24,9,0.17,47.0,0.05,-38.14,1.18,6,6,1.0,0.25,0.05,0.47,low
wf_2026_02,naive_lag_24h,2026-02-19,5,2026-02-19 14:00:00+00:00,2026-02-19 15:00:00+00:00,1,0.2,flat,11.59,463210.0,5,6,24,3,0.07,32.91,0.51,-24.05,0.72,2,6,0.33,0.0,0.16,0.15,low
wf_2026_02,naive_lag_24h,2026-02-20,1,2026-02-20 09:00:00+00:00,2026-02-20 10:00:00+00:00,1,0.24,flat,11.73,471767.5,12,1,24,20,0.72,50.04,2.04,-31.26,-0.3,1,6,0.17,1.0,0.03,0.51,medium
wf_2026_02,naive_lag_24h,2026-02-20,2,2026-02-20 12:00:00+00:00,2026-02-20 13:00:00+00:00,1,0.26,flat,11.87,480175.0,10,4,24,1,0.0,0.96,0.05,17.82,1.69,6,6,1.0,0.75,0.06,0.7,medium
wf_2026_02,naive_lag_24h,2026-02-20,3,2026-02-20 14:00:00+00:00,2026-02-20 15:00:00+00:00,1,0.3,flat,12.24,480872.5,9,7,24,4,0.2,11.03,0.58,7.75,1.15,3,6,0.5,0.5,0.03,0.41,low
wf_2026_02,naive_lag_24h,2026-02-20,4,2026-02-20 13:00:00+00:00,2026-02-20 14:00:00+00:00,1,0.33,flat,12.06,481197.5,11,6,24,3,0.17,12.17,0.33,6.61,1.41,6,6,1.0,0.25,0.03,0.47,low
wf_2026_02,naive_lag_24h,2026-02-20,5,2026-02-20 15:00:00+00:00,2026-02-20 16:00:00+00:00,1,0.35,flat,12.49,483142.5,8,10,24,9,0.37,16.85,0.78,1.93,0.96,1,6,0.17,0.0,0.03,0.06,low
wf_2026_02,naive_lag_24h,2026-02-21,1,2026-02-21 12:00:00+00:00,2026-02-21 13:00:00+00:00,1,0.04,flat,11.32,456627.5,2,2,24,4,0.15,0.01,0.82,22.96,-0.72,4,6,0.67,1.0,0.02,0.69,medium
wf_2026_02,naive_lag_24h,2026-02-21,2,2026-02-21 11:00:00+00:00,2026-02-21 12:00:00+00:00,1,0.07,flat,11.27,451260.0,4,1,24,1,0.0,0.01,0.44,22.96,-0.34,6,6,1.0,0.75,0.16,0.72,medium
wf_2026_02,naive_lag_24h,2026-02-21,3,2026-02-21 13:00:00+00:00,2026-02-21 14:00:00+00:00,1,0.22,flat,11.6,454790.0,7,5,24,10,0.28,0.0,1.31,22.97,-1.21,1,6,0.17,0.5,0.02,0.29,low
wf_2026_02,naive_lag_24h,2026-02-21,4,2026-02-21 14:00:00+00:00,2026-02-21 15:00:00+00:00,1,0.24,flat,11.86,451912.5,5,8,24,16,0.35,0.01,1.48,22.96,-1.38,1,6,0.17,0.25,0.05,0.18,low
wf_2026_02,naive_lag_24h,2026-02-21,5,2026-02-21 10:00:00+00:00,2026-02-21 11:00:00+00:00,1,0.28,flat,11.45,453090.0,11,4,24,2,0.13,0.02,0.56,22.95,-0.46,5,6,0.83,0.0,0.07,0.31,low
wf_2026_02,naive_lag_24h,2026-02-22,1,2026-02-22 11:00:00+00:00,2026-02-22 12:00:00+00:00,1,0.17,flat,12.32,452962.5,4,6,24,3,0.09,0.01,1.32,11.08,0.12,3,6,0.5,1.0,0.21,0.67,medium
wf_2026_02,naive_lag_24h,2026-02-22,2,2026-02-22 10:00:00+00:00,2026-02-22 11:00:00+00:00,1,0.3,flat,12.44,453985.0,6,10,24,6,0.28,0.01,1.66,11.07,-0.21,6,6,1.0,0.75,0.03,0.69,medium
wf_2026_02,naive_lag_24h,2026-02-22,3,2026-02-22 01:00:00+00:00,2026-02-22 02:00:00+00:00,1,0.33,flat,12.19,453347.5,13,4,24,24,0.65,19.84,1.66,-8.76,-0.22,1,6,0.17,0.5,0.0,0.28,low
wf_2026_02,naive_lag_24h,2026-02-22,4,2026-02-22 12:00:00+00:00,2026-02-22 13:00:00+00:00,1,0.33,flat,12.7,451147.5,2,15,24,1,0.0,0.0,1.24,11.08,0.21,5,6,0.83,0.25,0.03,0.41,low
wf_2026_02,naive_lag_24h,2026-02-22,5,2026-02-22 09:00:00+00:00,2026-02-22 10:00:00+00:00,1,0.35,flat,12.45,454500.0,7,11,24,14,0.41,0.01,1.7,11.07,-0.26,6,6,1.0,0.0,0.07,0.36,low
wf_2026_02,naive_lag_24h,2026-02-23,1,2026-02-23 12:00:00+00:00,2026-02-23 13:00:00+00:00,1,0.13,flat,12.99,446107.5,1,7,24,1,0.0,0.0,0.0,13.94,1.56,6,6,1.0,1.0,0.13,0.83,high
wf_2026_02,naive_lag_24h,2026-02-23,2,2026-02-23 20:00:00+00:00,2026-02-23 21:00:00+00:00,1,0.22,flat,11.95,447520.0,9,3,24,21,0.8,39.99,2.95,-26.06,-1.4,1,6,0.17,0.75,0.0,0.4,low
wf_2026_02,naive_lag_24h,2026-02-23,3,2026-02-23 11:00:00+00:00,2026-02-23 12:00:00+00:00,1,0.22,flat,13.07,449322.5,2,10,24,3,0.11,0.0,0.24,13.93,1.32,6,6,1.0,0.5,0.1,0.6,medium
wf_2026_02,naive_lag_24h,2026-02-23,4,2026-02-23 13:00:00+00:00,2026-02-23 14:00:00+00:00,1,0.28,flat,13.2,443392.5,3,12,24,2,0.07,0.0,0.11,13.94,1.45,6,6,1.0,0.25,0.03,0.47,low
wf_2026_02,naive_lag_24h,2026-02-23,5,2026-02-23 08:00:00+00:00,2026-02-23 09:00:00+00:00,1,0.3,flat,13.0,446827.5,8,8,24,7,0.33,15.19,0.42,-1.25,1.13,1,6,0.17,0.0,0.17,0.09,low
wf_2026_02,naive_lag_24h,2026-02-24,1,2026-02-24 12:00:00+00:00,2026-02-24 13:00:00+00:00,1,0.0,flat,11.35,442947.5,1,1,24,1,0.0,0.0,0.28,17.66,0.2,5,6,0.83,1.0,0.07,0.76,high
wf_2026_02,naive_lag_24h,2026-02-24,2,2026-02-24 13:00:00+00:00,2026-02-24 14:00:00+00:00,1,0.07,flat,11.45,437085.0,3,2,24,3,0.07,0.26,0.37,17.4,0.1,5,6,0.83,0.75,0.04,0.64,medium
wf_2026_02,naive_lag_24h,2026-02-24,3,2026-02-24 11:00:00+00:00,2026-02-24 12:00:00+00:00,1,0.11,flat,11.58,446015.0,4,3,24,4,0.26,9.5,0.44,8.15,0.04,6,6,1.0,0.5,0.0,0.57,medium
wf_2026_02,naive_lag_24h,2026-02-24,4,2026-02-24 14:00:00+00:00,2026-02-24 15:00:00+00:00,1,0.11,flat,11.75,432587.5,2,5,24,2,0.02,3.66,0.0,14.0,0.47,1,6,0.17,0.25,0.11,0.19,low
wf_2026_02,naive_lag_24h,2026-02-24,5,2026-02-24 10:00:00+00:00,2026-02-24 11:00:00+00:00,1,0.22,flat,11.94,451262.5,5,7,24,5,0.28,7.75,0.72,9.91,-0.25,6,6,1.0,0.0,0.09,0.37,low
wf_2026_02,naive_lag_24h,2026-02-25,1,2026-02-25 12:00:00+00:00,2026-02-25 13:00:00+00:00,1,0.04,flat,13.01,493432.5,1,3,24,2,0.04,0.0,0.15,14.55,2.03,6,6,1.0,1.0,0.02,0.8,high
wf_2026_02,naive_lag_24h,2026-02-25,2,2026-02-25 14:00:00+00:00,2026-02-25 15:00:00+00:00,1,0.07,flat,12.73,458090.0,4,1,24,5,0.2,0.05,0.92,14.5,1.26,5,6,0.83,0.75,0.05,0.64,medium
wf_2026_02,naive_lag_24h,2026-02-25,3,2026-02-25 13:00:00+00:00,2026-02-25 14:00:00+00:00,1,0.11,flat,13.11,486875.0,2,5,24,3,0.07,0.0,0.56,14.56,1.61,6,6,1.0,0.5,0.21,0.62,medium
wf_2026_02,naive_lag_24h,2026-02-25,4,2026-02-25 11:00:00+00:00,2026-02-25 12:00:00+00:00,1,0.3,flat,13.17,500097.5,8,8,24,1,0.0,0.0,0.0,14.55,2.18,6,6,1.0,0.25,0.02,0.47,low
wf_2026_02,naive_lag_24h,2026-02-25,5,2026-02-25 10:00:00+00:00,2026-02-25 11:00:00+00:00,1,0.33,flat,13.46,507932.5,6,11,24,4,0.11,0.53,0.26,14.02,1.92,6,6,1.0,0.0,0.02,0.35,low
wf_2026_02,naive_lag_24h,2026-02-26,1,2026-02-26 11:00:00+00:00,2026-02-26 12:00:00+00:00,1,0.02,flat,11.93,459750.0,2,1,24,3,0.02,0.02,0.27,23.03,1.61,6,6,1.0,1.0,0.04,0.81,high
wf_2026_02,naive_lag_24h,2026-02-26,2,2026-02-26 12:00:00+00:00,2026-02-26 13:00:00+00:00,1,0.07,flat,12.08,466160.0,3,2,24,2,0.0,0.0,0.55,23.05,1.33,6,6,1.0,0.75,0.02,0.69,medium
wf_2026_02,naive_lag_24h,2026-02-26,3,2026-02-26 13:00:00+00:00,2026-02-26 14:00:00+00:00,1,0.09,flat,12.49,461752.5,1,5,24,4,0.07,0.0,0.6,23.04,1.28,3,6,0.5,0.5,0.04,0.41,low
wf_2026_02,naive_lag_24h,2026-02-26,4,2026-02-26 10:00:00+00:00,2026-02-26 11:00:00+00:00,1,0.13,flat,12.18,460345.0,5,3,24,1,0.0,0.01,0.33,23.04,1.56,6,6,1.0,0.25,0.09,0.48,low
wf_2026_02,naive_lag_24h,2026-02-26,5,2026-02-26 14:00:00+00:00,2026-02-26 15:00:00+00:00,1,0.22,flat,12.84,457202.5,4,8,24,6,0.15,0.0,0.87,23.05,1.01,1,6,0.17,0.0,0.09,0.08,low
wf_2026_02,naive_lag_24h,2026-02-27,1,2026-02-27 10:00:00+00:00,2026-02-27 11:00:00+00:00,1,0.15,flat,11.87,439900.0,4,5,24,1,0.0,0.01,0.24,10.65,0.58,6,6,1.0,1.0,0.0,0.8,high
wf_2026_02,naive_lag_24h,2026-02-27,2,2026-02-27 12:00:00+00:00,2026-02-27 13:00:00+00:00,1,0.15,flat,12.1,442995.0,1,8,24,6,0.15,0.0,1.01,10.66,-0.19,5,6,0.83,0.75,0.03,0.64,medium
wf_2026_02,naive_lag_24h,2026-02-27,3,2026-02-27 11:00:00+00:00,2026-02-27 12:00:00+00:00,1,0.17,flat,11.82,443170.0,6,4,24,2,0.04,0.0,0.59,10.66,0.22,6,6,1.0,0.5,0.06,0.59,medium
wf_2026_02,naive_lag_24h,2026-02-27,4,2026-02-27 13:00:00+00:00,2026-02-27 14:00:00+00:00,1,0.22,flat,12.14,439565.0,3,9,24,7,0.15,0.0,1.0,10.66,-0.18,1,6,0.17,0.25,0.12,0.2,low
wf_2026_02,naive_lag_24h,2026-02-27,5,2026-02-27 09:00:00+00:00,2026-02-27 10:00:00+00:00,1,0.3,flat,11.79,435880.0,14,2,24,3,0.09,2.91,0.26,7.75,0.56,6,6,1.0,0.0,0.0,0.35,low
wf_2026_02,naive_lag_24h,2026-02-28,1,2026-02-28 10:00:00+00:00,2026-02-28 11:00:00+00:00,1,0.15,flat,12.22,455637.5,4,5,24,1,0.0,0.0,0.34,6.81,-0.19,6,6,1.0,1.0,0.06,0.81,high
wf_2026_02,naive_lag_24h,2026-02-28,2,2026-02-28 11:00:00+00:00,2026-02-28 12:00:00+00:00,1,0.2,flat,12.58,452692.5,2,9,24,4,0.15,0.01,0.77,6.8,-0.63,6,6,1.0,0.75,0.06,0.7,medium
wf_2026_02,naive_lag_24h,2026-02-28,3,2026-02-28 09:00:00+00:00,2026-02-28 10:00:00+00:00,1,0.24,flat,12.24,452635.0,7,6,24,2,0.04,0.02,0.0,6.79,0.15,6,6,1.0,0.5,0.03,0.58,medium
wf_2026_02,naive_lag_24h,2026-02-28,4,2026-02-28 20:00:00+00:00,2026-02-28 21:00:00+00:00,1,0.26,flat,12.47,463270.0,6,8,24,23,0.87,51.74,1.85,-44.94,-1.71,1,6,0.17,0.25,0.03,0.18,low
wf_2026_02,naive_lag_24h,2026-02-28,5,2026-02-28 08:00:00+00:00,2026-02-28 09:00:00+00:00,1,0.28,flat,11.98,453752.5,14,1,24,3,0.13,1.79,0.42,5.02,-0.28,5,6,0.83,0.0,0.03,0.3,low
wf_2026_02,random_forest,2026-02-01,1,2026-02-01 13:00:00+00:00,2026-02-01 14:00:00+00:00,1,0.13,unknown,20.81,754448.0,4,4,24,4,0.15,3.7,0.09,8.32,4.2,5,6,0.83,1.0,0.03,0.75,medium
wf_2026_02,random_forest,2026-02-01,2,2026-02-01 03:00:00+00:00,2026-02-01 04:00:00+00:00,1,0.15,unknown,21.76,699447.0,1,8,24,6,0.24,2.0,1.17,10.02,3.12,6,6,1.0,0.75,0.0,0.69,medium
wf_2026_02,random_forest,2026-02-01,3,2026-02-01 12:00:00+00:00,2026-02-01 13:00:00+00:00,1,0.15,unknown,20.66,763062.7,7,2,24,3,0.15,2.78,0.13,9.24,4.15,2,6,0.33,0.5,0.03,0.35,low
wf_2026_02,random_forest,2026-02-01,4,2026-02-01 04:00:00+00:00,2026-02-01 05:00:00+00:00,1,0.17,unknown,21.3,685895.4,3,7,24,2,0.13,1.91,0.49,10.11,3.8,6,6,1.0,0.25,0.0,0.46,low
wf_2026_02,random_forest,2026-02-01,5,2026-02-01 11:00:00+00:00,2026-02-01 12:00:00+00:00,1,0.17,unknown,19.6,719764.3,9,1,24,9,0.33,11.2,0.74,0.82,3.54,2,6,0.33,0.0,0.05,0.13,low
wf_2026_02,random_forest,2026-02-02,1,2026-02-02 23:00:00+00:00,2026-02-03 00:00:00+00:00,1,0.0,decrease,19.21,683366.8,1,1,24,1,0.0,0.0,0.0,26.17,5.72,5,6,0.83,1.0,0.11,0.76,high
wf_2026_02,random_forest,2026-02-02,2,2026-02-02 21:00:00+00:00,2026-02-02 22:00:00+00:00,1,0.11,decrease,22.81,851434.9,3,4,24,6,0.22,30.53,3.1,-4.36,2.61,2,6,0.33,0.75,0.04,0.46,low
wf_2026_02,random_forest,2026-02-02,3,2026-02-02 00:00:00+00:00,2026-02-02 01:00:00+00:00,1,0.15,decrease,22.57,726367.8,6,3,24,4,0.2,26.17,5.72,0.0,0.0,1,6,0.17,0.5,0.0,0.28,low
wf_2026_02,random_forest,2026-02-02,4,2026-02-02 03:00:00+00:00,2026-02-02 04:00:00+00:00,1,0.15,decrease,25.09,796709.7,2,7,24,7,0.22,20.75,6.42,5.42,-0.71,5,6,0.83,0.25,0.02,0.41,low
wf_2026_02,random_forest,2026-02-02,5,2026-02-02 01:00:00+00:00,2026-02-02 02:00:00+00:00,1,0.17,decrease,23.28,738380.6,5,5,24,5,0.2,23.46,5.73,2.71,-0.01,4,6,0.67,0.0,0.0,0.23,low
wf_2026_02,random_forest,2026-02-03,1,2026-02-03 03:00:00+00:00,2026-02-03 04:00:00+00:00,1,0.07,decrease,16.19,556175.3,1,4,24,2,0.0,4.39,1.75,32.6,2.59,5,6,0.83,1.0,0.09,0.76,high
wf_2026_02,random_forest,2026-02-03,2,2026-02-03 02:00:00+00:00,2026-02-03 03:00:00+00:00,1,0.15,decrease,16.94,588522.9,2,7,24,1,0.0,0.0,1.92,37.0,2.42,6,6,1.0,0.75,0.0,0.69,medium
wf_2026_02,random_forest,2026-02-03,3,2026-02-03 04:00:00+00:00,2026-02-03 05:00:00+00:00,1,0.15,decrease,16.73,575853.5,3,6,24,6,0.07,23.09,2.05,13.91,2.28,5,6,0.83,0.5,0.0,0.52,medium
wf_2026_02,random_forest,2026-02-03,4,2026-02-03 12:00:00+00:00,2026-02-03 13:00:00+00:00,1,0.15,decrease,14.89,618486.4,6,3,24,3,0.02,42.03,0.25,-5.04,4.08,5,6,0.83,0.25,0.02,0.41,low
wf_2026_02,random_forest,2026-02-03,5,2026-02-03 13:00:00+00:00,2026-02-03 14:00:00+00:00,1,0.17,decrease,14.6,598226.1,8,2,24,4,0.02,46.03,0.0,-9.03,4.34,5,6,0.83,0.0,0.0,0.29,low
wf_2026_02,random_forest,2026-02-04,1,2026-02-04 13:00:00+00:00,2026-02-04 14:00:00+00:00,1,0.04,decrease,13.89,555401.4,3,1,24,1,0.0,8.1,0.12,16.99,2.38,6,6,1.0,1.0,0.02,0.8,high
wf_2026_02,random_forest,2026-02-04,2,2026-02-04 23:00:00+00:00,2026-02-05 00:00:00+00:00,1,0.07,decrease,15.29,566315.5,1,4,24,3,0.07,0.0,1.74,25.08,0.75,5,6,0.83,0.75,0.02,0.63,medium
wf_2026_02,random_forest,2026-02-04,3,2026-02-04 14:00:00+00:00,2026-02-04 15:00:00+00:00,1,0.09,decrease,14.19,552802.2,4,2,24,4,0.2,22.12,1.37,2.96,1.12,5,6,0.83,0.5,0.16,0.55,medium
wf_2026_02,random_forest,2026-02-04,4,2026-02-04 01:00:00+00:00,2026-02-04 02:00:00+00:00,1,0.24,increase,16.14,559847.6,8,5,24,10,0.33,26.13,2.41,-1.05,0.09,2,6,0.33,0.25,0.0,0.23,low
wf_2026_02,random_forest,2026-02-04,5,2026-02-04 03:00:00+00:00,2026-02-04 04:00:00+00:00,1,0.24,increase,16.62,569837.3,2,11,24,9,0.3,11.66,2.99,13.42,-0.49,5,6,0.83,0.0,0.0,0.29,low
wf_2026_02,random_forest,2026-02-05,1,2026-02-05 03:00:00+00:00,2026-02-05 04:00:00+00:00,1,0.04,decrease,14.85,524560.6,1,3,24,3,0.0,0.0,0.32,48.82,0.72,5,6,0.83,1.0,0.02,0.75,medium
wf_2026_02,random_forest,2026-02-05,2,2026-02-05 02:00:00+00:00,2026-02-05 03:00:00+00:00,1,0.07,decrease,14.7,530908.9,3,2,24,2,0.0,5.78,0.08,43.03,0.95,5,6,0.83,0.75,0.05,0.64,medium
wf_2026_02,random_forest,2026-02-05,3,2026-02-05 04:00:00+00:00,2026-02-05 05:00:00+00:00,1,0.11,decrease,15.39,536816.8,2,5,24,4,0.07,30.36,0.62,18.46,0.42,5,6,0.83,0.5,0.02,0.52,medium
wf_2026_02,random_forest,2026-02-05,4,2026-02-05 00:00:00+00:00,2026-02-05 01:00:00+00:00,1,0.13,decrease,15.19,564398.7,4,4,24,6,0.22,48.82,1.03,0.0,0.0,5,6,0.83,0.25,0.07,0.42,low
wf_2026_02,random_forest,2026-02-05,5,2026-02-05 01:00:00+00:00,2026-02-05 02:00:00+00:00,1,0.2,decrease,15.43,561263.6,5,6,24,1,0.0,39.6,0.0,9.22,1.03,4,6,0.67,0.0,0.05,0.24,low
wf_2026_02,random_forest,2026-02-06,1,2026-02-06 13:00:00+00:00,2026-02-06 14:00:00+00:00,1,0.07,decrease,13.12,536276.4,3,2,24,2,0.0,18.14,0.32,35.09,2.03,5,6,0.83,1.0,0.05,0.75,high
wf_2026_02,random_forest,2026-02-06,2,2026-02-06 12:00:00+00:00,2026-02-06 13:00:00+00:00,1,0.11,decrease,13.0,535374.6,6,1,24,1,0.0,21.17,0.0,32.06,2.35,5,6,0.83,0.75,0.02,0.63,medium
wf_2026_02,random_forest,2026-02-06,3,2026-02-06 14:00:00+00:00,2026-02-06 15:00:00+00:00,1,0.13,decrease,14.0,535787.0,4,4,24,3,0.11,27.82,1.02,25.41,1.33,5,6,0.83,0.5,0.05,0.53,medium
wf_2026_02,random_forest,2026-02-06,4,2026-02-06 11:00:00+00:00,2026-02-06 12:00:00+00:00,1,0.17,decrease,13.37,547466.7,7,3,24,4,0.15,41.42,0.36,11.8,1.98,5,6,0.83,0.25,0.1,0.42,low
wf_2026_02,random_forest,2026-02-06,5,2026-02-06 15:00:00+00:00,2026-02-06 16:00:00+00:00,1,0.26,decrease,14.95,543947.7,8,6,24,6,0.22,39.01,1.76,14.21,0.59,4,6,0.67,0.0,0.02,0.24,low
wf_2026_02,random_forest,2026-02-07,1,2026-02-07 11:00:00+00:00,2026-02-07 12:00:00+00:00,1,0.07,decrease,13.36,524980.9,4,1,24,1,0.0,18.29,0.0,42.66,1.75,6,6,1.0,1.0,0.0,0.8,high
wf_2026_02,random_forest,2026-02-07,2,2026-02-07 12:00:00+00:00,2026-02-07 13:00:00+00:00,1,0.07,decrease,13.52,524546.0,3,2,24,2,0.02,1.29,0.55,59.66,1.19,6,6,1.0,0.75,0.0,0.69,medium
wf_2026_02,random_forest,2026-02-07,3,2026-02-07 13:00:00+00:00,2026-02-07 14:00:00+00:00,1,0.07,decrease,14.12,530487.5,1,4,24,3,0.02,0.0,0.64,60.95,1.11,6,6,1.0,0.5,0.05,0.58,medium
wf_2026_02,random_forest,2026-02-07,4,2026-02-07 14:00:00+00:00,2026-02-07 15:00:00+00:00,1,0.11,decrease,14.42,524015.5,2,5,24,5,0.09,10.9,1.09,50.04,0.65,6,6,1.0,0.25,0.09,0.48,low
wf_2026_02,random_forest,2026-02-07,5,2026-02-07 10:00:00+00:00,2026-02-07 11:00:00+00:00,1,0.2,decrease,13.59,531062.1,8,3,24,4,0.04,20.77,0.07,40.18,1.67,6,6,1.0,0.0,0.07,0.36,low
wf_2026_02,random_forest,2026-02-08,1,2026-02-08 11:00:00+00:00,2026-02-08 12:00:00+00:00,1,0.02,increase,15.37,562269.7,1,2,24,4,0.13,5.4,0.58,35.42,1.18,6,6,1.0,1.0,0.02,0.8,high
wf_2026_02,random_forest,2026-02-08,2,2026-02-08 14:00:00+00:00,2026-02-08 15:00:00+00:00,1,0.04,increase,15.25,534327.8,3,1,24,6,0.24,17.96,0.52,22.86,1.24,6,6,1.0,0.75,0.04,0.7,medium
wf_2026_02,random_forest,2026-02-08,3,2026-02-08 12:00:00+00:00,2026-02-08 13:00:00+00:00,1,0.09,increase,15.58,575311.2,2,4,24,2,0.07,3.45,0.42,37.36,1.34,6,6,1.0,0.5,0.02,0.58,medium
wf_2026_02,random_forest,2026-02-08,4,2026-02-08 13:00:00+00:00,2026-02-08 14:00:00+00:00,1,0.11,increase,15.5,566033.2,4,3,24,1,0.0,0.0,0.0,40.82,1.76,6,6,1.0,0.25,0.07,0.48,low
wf_2026_02,random_forest,2026-02-08,5,2026-02-08 10:00:00+00:00,2026-02-08 11:00:00+00:00,1,0.17,increase,15.62,561005.0,5,5,24,3,0.11,2.63,0.77,38.19,0.99,6,6,1.0,0.0,0.07,0.36,low
wf_2026_02,random_forest,2026-02-09,1,2026-02-09 23:00:00+00:00,2026-02-10 00:00:00+00:00,1,0.0,decrease,14.54,539545.2,1,1,24,1,0.0,0.0,0.0,39.18,3.37,5,6,0.83,1.0,0.09,0.76,high
wf_2026_02,random_forest,2026-02-09,2,2026-02-09 22:00:00+00:00,2026-02-09 23:00:00+00:00,1,0.09,decrease,14.59,546586.4,3,3,24,2,0.15,15.7,0.51,23.48,2.87,5,6,0.83,0.75,0.07,0.64,medium
wf_2026_02,random_forest,2026-02-09,3,2026-02-09 13:00:00+00:00,2026-02-09 14:00:00+00:00,1,0.15,increase,14.57,568707.4,7,2,24,7,0.26,31.21,0.46,7.97,2.92,6,6,1.0,0.5,0.02,0.58,medium
wf_2026_02,random_forest,2026-02-09,4,2026-02-09 03:00:00+00:00,2026-02-09 04:00:00+00:00,1,0.17,decrease,16.74,550383.8,2,8,24,9,0.28,11.1,3.32,28.08,0.05,5,6,0.83,0.25,0.07,0.42,low
wf_2026_02,random_forest,2026-02-09,5,2026-02-09 14:00:00+00:00,2026-02-09 15:00:00+00:00,1,0.24,increase,15.09,572625.9,9,4,24,8,0.26,29.1,0.77,10.08,2.61,2,6,0.33,0.0,0.0,0.12,low
wf_2026_02,random_forest,2026-02-10,1,2026-02-10 23:00:00+00:00,2026-02-11 00:00:00+00:00,1,0.0,decrease,11.86,447738.5,1,1,24,1,0.0,1.3,0.07,21.81,1.81,6,6,1.0,1.0,0.07,0.81,high
wf_2026_02,random_forest,2026-02-10,2,2026-02-10 22:00:00+00:00,2026-02-10 23:00:00+00:00,1,0.07,decrease,12.06,454016.4,3,2,24,2,0.02,4.29,0.0,18.81,1.88,6,6,1.0,0.75,0.09,0.7,medium
wf_2026_02,random_forest,2026-02-10,3,2026-02-10 21:00:00+00:00,2026-02-10 22:00:00+00:00,1,0.15,decrease,12.34,472053.0,6,3,24,4,0.11,11.17,0.1,11.94,1.78,6,6,1.0,0.5,0.11,0.6,medium
wf_2026_02,random_forest,2026-02-10,4,2026-02-10 20:00:00+00:00,2026-02-10 21:00:00+00:00,1,0.26,decrease,12.77,499508.2,9,5,24,3,0.11,7.18,0.18,15.92,1.7,5,6,0.83,0.25,0.13,0.43,low
wf_2026_02,random_forest,2026-02-10,5,2026-02-10 01:00:00+00:00,2026-02-10 02:00:00+00:00,1,0.39,decrease,13.87,500599.2,7,13,24,10,0.41,20.91,2.07,2.2,-0.18,3,6,0.5,0.0,0.0,0.18,low
wf_2026_02,random_forest,2026-02-11,1,2026-02-11 12:00:00+00:00,2026-02-11 13:00:00+00:00,1,0.11,decrease,11.09,452989.8,3,4,24,1,0.0,0.01,0.01,14.73,1.4,5,6,0.83,1.0,0.0,0.74,medium
wf_2026_02,random_forest,2026-02-11,2,2026-02-11 13:00:00+00:00,2026-02-11 14:00:00+00:00,1,0.11,decrease,11.14,452156.6,2,5,24,4,0.13,0.02,0.26,14.72,1.15,5,6,0.83,0.75,0.09,0.65,medium
wf_2026_02,random_forest,2026-02-11,3,2026-02-11 14:00:00+00:00,2026-02-11 15:00:00+00:00,1,0.17,decrease,11.32,444459.3,4,6,24,6,0.28,4.92,1.33,9.82,0.08,4,6,0.67,0.5,0.03,0.46,low
wf_2026_02,random_forest,2026-02-11,4,2026-02-11 11:00:00+00:00,2026-02-11 12:00:00+00:00,1,0.2,decrease,11.02,450968.6,8,3,24,2,0.04,0.02,0.03,14.72,1.38,5,6,0.83,0.25,0.09,0.42,low
wf_2026_02,random_forest,2026-02-11,5,2026-02-11 03:00:00+00:00,2026-02-11 04:00:00+00:00,1,0.26,decrease,12.9,438354.1,1,13,24,9,0.35,0.0,2.45,14.74,-1.04,1,6,0.17,0.0,0.0,0.06,low
wf_2026_02,random_forest,2026-02-12,1,2026-02-12 13:00:00+00:00,2026-02-12 14:00:00+00:00,1,0.09,increase,10.89,440375.2,3,3,24,10,0.37,0.0,5.24,11.82,-3.47,6,6,1.0,1.0,0.14,0.83,high
wf_2026_02,random_forest,2026-02-12,2,2026-02-12 12:00:00+00:00,2026-02-12 13:00:00+00:00,1,0.2,increase,10.33,424420.8,9,2,24,1,0.0,0.01,0.19,11.81,1.58,6,6,1.0,0.75,0.11,0.71,medium
wf_2026_02,random_forest,2026-02-12,3,2026-02-12 11:00:00+00:00,2026-02-12 12:00:00+00:00,1,0.28,increase,10.19,417082.6,14,1,24,2,0.02,7.1,0.0,4.72,1.77,6,6,1.0,0.5,0.03,0.58,medium
wf_2026_02,random_forest,2026-02-12,4,2026-02-12 02:00:00+00:00,2026-02-12 03:00:00+00:00,1,0.3,increase,11.83,419126.8,6,10,24,5,0.3,0.0,2.38,11.82,-0.61,1,6,0.17,0.25,0.0,0.17,low
wf_2026_02,random_forest,2026-02-12,5,2026-02-12 23:00:00+00:00,2026-02-13 00:00:00+00:00,1,0.3,decrease,11.3,422104.7,8,8,24,22,0.48,20.23,1.58,-8.41,0.19,5,6,0.83,0.0,0.03,0.3,low
wf_2026_02,random_forest,2026-02-13,1,2026-02-13 02:00:00+00:00,2026-02-13 03:00:00+00:00,1,0.04,increase,12.45,431976.1,1,3,24,3,0.0,0.0,0.61,6.28,-0.61,6,6,1.0,1.0,0.02,0.8,high
wf_2026_02,random_forest,2026-02-13,2,2026-02-13 00:00:00+00:00,2026-02-13 01:00:00+00:00,1,0.07,increase,11.66,427612.6,4,1,24,1,0.0,6.28,0.0,0.0,0.0,5,6,0.83,0.75,0.0,0.63,medium
wf_2026_02,random_forest,2026-02-13,3,2026-02-13 01:00:00+00:00,2026-02-13 02:00:00+00:00,1,0.07,increase,12.0,428625.3,3,2,24,2,0.0,3.06,0.46,3.21,-0.46,5,6,0.83,0.5,0.02,0.52,medium
wf_2026_02,random_forest,2026-02-13,4,2026-02-13 03:00:00+00:00,2026-02-13 04:00:00+00:00,1,0.09,increase,12.91,436477.6,2,4,24,4,0.07,1.25,0.84,5.03,-0.84,5,6,0.83,0.25,0.12,0.43,low
wf_2026_02,random_forest,2026-02-13,5,2026-02-13 23:00:00+00:00,2026-02-14 00:00:00+00:00,1,0.2,increase,13.27,472787.9,6,5,24,5,0.11,28.27,0.57,-22.0,-0.57,4,6,0.67,0.0,0.05,0.24,low
wf_2026_02,random_forest,2026-02-14,1,2026-02-14 10:00:00+00:00,2026-02-14 11:00:00+00:00,1,0.15,decrease,10.9,431886.8,8,1,24,3,0.07,11.19,0.14,6.99,1.02,5,6,0.83,1.0,0.0,0.74,medium
wf_2026_02,random_forest,2026-02-14,2,2026-02-14 11:00:00+00:00,2026-02-14 12:00:00+00:00,1,0.15,decrease,10.92,431314.9,7,2,24,6,0.13,14.52,0.0,3.67,1.16,5,6,0.83,0.75,0.03,0.63,medium
wf_2026_02,random_forest,2026-02-14,3,2026-02-14 02:00:00+00:00,2026-02-14 03:00:00+00:00,1,0.17,increase,12.44,431109.8,1,9,24,12,0.24,5.5,2.06,12.69,-0.91,6,6,1.0,0.5,0.03,0.58,medium
wf_2026_02,random_forest,2026-02-14,4,2026-02-14 13:00:00+00:00,2026-02-14 14:00:00+00:00,1,0.2,decrease,11.45,447131.2,6,5,24,2,0.04,8.21,0.54,9.97,0.61,5,6,0.83,0.25,0.06,0.42,low
wf_2026_02,random_forest,2026-02-14,5,2026-02-14 12:00:00+00:00,2026-02-14 13:00:00+00:00,1,0.24,decrease,11.04,436448.0,10,3,24,1,0.0,7.16,0.28,11.02,0.88,5,6,0.83,0.0,0.06,0.3,low
wf_2026_02,random_forest,2026-02-15,1,2026-02-15 11:00:00+00:00,2026-02-15 12:00:00+00:00,1,0.04,decrease,11.43,462931.6,1,3,24,14,0.33,31.95,0.02,23.86,7.69,5,6,0.83,1.0,0.0,0.74,medium
wf_2026_02,random_forest,2026-02-15,2,2026-02-15 23:00:00+00:00,2026-02-16 00:00:00+00:00,1,0.04,decrease,11.41,436779.4,2,2,24,2,0.0,0.0,0.37,55.81,7.34,5,6,0.83,0.75,0.11,0.65,medium
wf_2026_02,random_forest,2026-02-15,3,2026-02-15 10:00:00+00:00,2026-02-15 11:00:00+00:00,1,0.15,decrease,11.64,460812.9,4,5,24,4,0.04,0.04,0.37,55.77,7.34,6,6,1.0,0.5,0.07,0.59,medium
wf_2026_02,random_forest,2026-02-15,4,2026-02-15 22:00:00+00:00,2026-02-15 23:00:00+00:00,1,0.22,decrease,12.1,461633.9,5,7,24,1,0.0,1.91,0.22,53.9,7.49,5,6,0.83,0.25,0.05,0.41,low
wf_2026_02,random_forest,2026-02-15,5,2026-02-15 09:00:00+00:00,2026-02-15 10:00:00+00:00,1,0.26,increase,12.2,466081.3,6,8,24,10,0.24,6.4,0.72,49.42,6.99,5,6,0.83,0.0,0.07,0.31,low
wf_2026_02,random_forest,2026-02-16,1,2026-02-16 14:00:00+00:00,2026-02-16 15:00:00+00:00,1,0.09,increase,11.83,456830.4,4,2,24,1,0.0,0.01,0.0,0.0,0.75,4,6,0.67,1.0,0.05,0.69,medium
wf_2026_02,random_forest,2026-02-16,2,2026-02-16 00:00:00+00:00,2026-02-16 01:00:00+00:00,1,0.13,decrease,11.49,432825.9,7,1,24,4,0.15,0.01,0.75,0.0,0.0,5,6,0.83,0.75,0.03,0.63,medium
wf_2026_02,random_forest,2026-02-16,3,2026-02-16 01:00:00+00:00,2026-02-16 02:00:00+00:00,1,0.15,decrease,11.9,436371.2,6,3,24,6,0.17,0.01,1.22,0.0,-0.47,5,6,0.83,0.5,0.16,0.55,medium
wf_2026_02,random_forest,2026-02-16,4,2026-02-16 02:00:00+00:00,2026-02-16 03:00:00+00:00,1,0.28,decrease,12.5,441811.5,2,13,24,5,0.15,0.0,2.12,0.01,-1.37,5,6,0.83,0.25,0.0,0.4,low
wf_2026_02,random_forest,2026-02-16,5,2026-02-16 15:00:00+00:00,2026-02-16 16:00:00+00:00,1,0.28,increase,11.94,470118.8,10,5,24,3,0.04,0.02,0.0,-0.01,0.75,1,6,0.17,0.0,0.03,0.06,low
wf_2026_02,random_forest,2026-02-17,1,2026-02-17 11:00:00+00:00,2026-02-17 12:00:00+00:00,1,0.04,increase,11.37,465498.1,3,1,24,3,0.09,17.77,0.0,-15.22,1.35,5,6,0.83,1.0,0.09,0.76,high
wf_2026_02,random_forest,2026-02-17,2,2026-02-17 10:00:00+00:00,2026-02-17 11:00:00+00:00,1,0.13,decrease,11.51,469289.8,5,3,24,1,0.0,1.52,0.1,1.02,1.25,5,6,0.83,0.75,0.07,0.64,medium
wf_2026_02,random_forest,2026-02-17,3,2026-02-17 01:00:00+00:00,2026-02-17 02:00:00+00:00,1,0.2,increase,12.69,468390.2,2,9,24,5,0.15,0.86,1.38,1.69,-0.03,3,6,0.5,0.5,0.0,0.4,low
wf_2026_02,random_forest,2026-02-17,4,2026-02-17 12:00:00+00:00,2026-02-17 13:00:00+00:00,1,0.2,increase,11.49,467783.5,9,2,24,4,0.11,13.61,0.17,-11.06,1.17,4,6,0.67,0.25,0.0,0.35,low
wf_2026_02,random_forest,2026-02-17,5,2026-02-17 02:00:00+00:00,2026-02-17 03:00:00+00:00,1,0.2,increase,12.7,465309.1,1,10,24,6,0.17,0.05,1.64,2.5,-0.29,5,6,0.83,0.0,0.02,0.3,low
wf_2026_02,random_forest,2026-02-18,1,2026-02-18 13:00:00+00:00,2026-02-18 14:00:00+00:00,1,0.07,decrease,11.23,464607.1,1,4,24,2,0.02,0.0,0.28,34.49,1.9,5,6,0.83,1.0,0.03,0.75,medium
wf_2026_02,random_forest,2026-02-18,2,2026-02-18 12:00:00+00:00,2026-02-18 13:00:00+00:00,1,0.09,increase,11.02,467438.6,4,2,24,1,0.0,2.66,0.17,31.83,2.02,6,6,1.0,0.75,0.03,0.69,medium
wf_2026_02,random_forest,2026-02-18,3,2026-02-18 11:00:00+00:00,2026-02-18 12:00:00+00:00,1,0.11,decrease,10.93,467177.2,6,1,24,3,0.04,16.88,0.0,17.61,2.18,6,6,1.0,0.5,0.03,0.58,medium
wf_2026_02,random_forest,2026-02-18,4,2026-02-18 14:00:00+00:00,2026-02-18 15:00:00+00:00,1,0.13,decrease,11.59,463967.9,2,6,24,5,0.13,16.5,0.43,18.0,1.76,4,6,0.67,0.25,0.08,0.36,low
wf_2026_02,random_forest,2026-02-18,5,2026-02-18 23:00:00+00:00,2026-02-19 00:00:00+00:00,1,0.2,decrease,12.16,456643.5,3,8,24,8,0.28,9.9,1.35,24.6,0.84,2,6,0.33,0.0,0.03,0.12,low
wf_2026_02,random_forest,2026-02-19,1,2026-02-19 10:00:00+00:00,2026-02-19 11:00:00+00:00,1,0.17,increase,11.75,471005.7,9,1,24,9,0.17,47.0,0.05,-38.14,1.18,6,6,1.0,1.0,0.08,0.82,high
wf_2026_02,random_forest,2026-02-19,2,2026-02-19 00:00:00+00:00,2026-02-19 01:00:00+00:00,1,0.24,decrease,12.49,463585.2,5,8,24,11,0.17,8.86,1.23,0.0,0.0,5,6,0.83,0.75,0.05,0.64,medium
wf_2026_02,random_forest,2026-02-19,3,2026-02-19 01:00:00+00:00,2026-02-19 02:00:00+00:00,1,0.28,decrease,12.86,465837.3,4,11,24,8,0.15,1.73,1.45,7.13,-0.22,2,6,0.33,0.5,0.0,0.34,low
wf_2026_02,random_forest,2026-02-19,4,2026-02-19 13:00:00+00:00,2026-02-19 14:00:00+00:00,1,0.28,increase,12.08,480192.3,10,5,24,4,0.09,35.74,0.33,-26.88,0.9,5,6,0.83,0.25,0.05,0.41,low
wf_2026_02,random_forest,2026-02-19,5,2026-02-19 14:00:00+00:00,2026-02-19 15:00:00+00:00,1,0.33,increase,12.29,480872.6,11,6,24,3,0.07,32.91,0.51,-24.05,0.72,2,6,0.33,0.0,0.03,0.12,low
wf_2026_02,random_forest,2026-02-20,1,2026-02-20 13:00:00+00:00,2026-02-20 14:00:00+00:00,1,0.04,decrease,11.35,453526.1,1,3,24,3,0.17,12.17,0.33,6.61,1.41,6,6,1.0,1.0,0.02,0.8,high
wf_2026_02,random_forest,2026-02-20,2,2026-02-20 12:00:00+00:00,2026-02-20 13:00:00+00:00,1,0.07,decrease,11.09,446210.5,4,1,24,1,0.0,0.96,0.05,17.82,1.69,6,6,1.0,0.75,0.16,0.72,medium
wf_2026_02,random_forest,2026-02-20,3,2026-02-20 11:00:00+00:00,2026-02-20 12:00:00+00:00,1,0.22,decrease,11.21,448348.9,10,2,24,2,0.02,9.94,0.0,8.84,1.74,5,6,0.83,0.5,0.02,0.52,medium
wf_2026_02,random_forest,2026-02-20,4,2026-02-20 23:00:00+00:00,2026-02-21 00:00:00+00:00,1,0.24,increase,11.41,431866.7,9,4,24,6,0.3,12.14,0.76,6.64,0.98,5,6,0.83,0.25,0.02,0.41,low
wf_2026_02,random_forest,2026-02-20,5,2026-02-20 14:00:00+00:00,2026-02-20 15:00:00+00:00,1,0.26,decrease,11.67,452200.6,8,6,24,4,0.2,11.03,0.58,7.75,1.15,3,6,0.5,0.0,0.05,0.18,low
wf_2026_02,random_forest,2026-02-21,1,2026-02-21 10:00:00+00:00,2026-02-21 11:00:00+00:00,1,0.17,decrease,12.03,450797.2,5,5,24,2,0.13,0.02,0.56,22.95,-0.46,5,6,0.83,1.0,0.03,0.75,medium
wf_2026_02,random_forest,2026-02-21,2,2026-02-21 02:00:00+00:00,2026-02-21 03:00:00+00:00,1,0.2,decrease,11.9,436657.2,8,3,24,6,0.22,8.58,0.56,14.38,-0.46,3,6,0.5,0.75,0.03,0.52,medium
wf_2026_02,random_forest,2026-02-21,3,2026-02-21 11:00:00+00:00,2026-02-21 12:00:00+00:00,1,0.22,decrease,12.37,451044.1,1,11,24,1,0.0,0.01,0.44,22.96,-0.34,6,6,1.0,0.5,0.09,0.59,medium
wf_2026_02,random_forest,2026-02-21,4,2026-02-21 01:00:00+00:00,2026-02-21 02:00:00+00:00,1,0.28,decrease,11.67,432898.8,14,1,24,3,0.15,11.25,0.31,11.72,-0.21,5,6,0.83,0.25,0.0,0.4,low
wf_2026_02,random_forest,2026-02-21,5,2026-02-21 09:00:00+00:00,2026-02-21 10:00:00+00:00,1,0.28,decrease,11.91,451222.2,11,4,24,5,0.17,2.91,0.57,20.06,-0.47,4,6,0.67,0.0,0.0,0.23,low
wf_2026_02,random_forest,2026-02-22,1,2026-02-22 10:00:00+00:00,2026-02-22 11:00:00+00:00,1,0.17,decrease,12.83,432777.0,2,8,24,6,0.28,0.01,1.66,11.07,-0.21,6,6,1.0,1.0,0.03,0.81,high
wf_2026_02,random_forest,2026-02-22,2,2026-02-22 09:00:00+00:00,2026-02-22 10:00:00+00:00,1,0.2,decrease,12.18,438819.3,6,5,24,14,0.41,0.01,1.7,11.07,-0.26,6,6,1.0,0.75,0.03,0.69,medium
wf_2026_02,random_forest,2026-02-22,3,2026-02-22 11:00:00+00:00,2026-02-22 12:00:00+00:00,1,0.22,decrease,13.0,439595.6,1,11,24,3,0.09,0.01,1.32,11.08,0.12,3,6,0.5,0.5,0.09,0.42,low
wf_2026_02,random_forest,2026-02-22,4,2026-02-22 00:00:00+00:00,2026-02-22 01:00:00+00:00,1,0.28,decrease,12.34,438482.6,9,6,24,15,0.43,11.08,1.44,0.0,0.0,5,6,0.83,0.25,0.0,0.4,low
wf_2026_02,random_forest,2026-02-22,5,2026-02-22 12:00:00+00:00,2026-02-22 13:00:00+00:00,1,0.28,increase,13.04,443915.1,3,12,24,1,0.0,0.0,1.24,11.08,0.21,5,6,0.83,0.0,0.09,0.31,low
wf_2026_02,random_forest,2026-02-23,1,2026-02-23 12:00:00+00:00,2026-02-23 13:00:00+00:00,1,0.04,increase,11.47,439582.0,2,2,24,1,0.0,0.0,0.0,13.94,1.56,6,6,1.0,1.0,0.0,0.8,high
wf_2026_02,random_forest,2026-02-23,2,2026-02-23 13:00:00+00:00,2026-02-23 14:00:00+00:00,1,0.04,increase,11.43,439643.6,3,1,24,2,0.07,0.0,0.11,13.94,1.45,6,6,1.0,0.75,0.02,0.69,medium
wf_2026_02,random_forest,2026-02-23,3,2026-02-23 11:00:00+00:00,2026-02-23 12:00:00+00:00,1,0.07,increase,11.65,449461.8,1,4,24,3,0.11,0.0,0.24,13.93,1.32,6,6,1.0,0.5,0.14,0.6,medium
wf_2026_02,random_forest,2026-02-23,4,2026-02-23 14:00:00+00:00,2026-02-23 15:00:00+00:00,1,0.2,increase,11.76,439205.8,4,7,24,4,0.11,0.0,0.41,13.94,1.15,2,6,0.33,0.25,0.0,0.23,low
wf_2026_02,random_forest,2026-02-23,5,2026-02-23 09:00:00+00:00,2026-02-23 10:00:00+00:00,1,0.2,increase,11.5,446761.7,8,3,24,6,0.3,5.34,0.71,8.6,0.84,3,6,0.5,0.0,0.02,0.18,low
wf_2026_02,random_forest,2026-02-24,1,2026-02-24 13:00:00+00:00,2026-02-24 14:00:00+00:00,1,0.09,increase,13.11,489450.4,1,5,24,3,0.07,0.26,0.37,17.4,0.1,5,6,0.83,1.0,0.02,0.75,medium
wf_2026_02,random_forest,2026-02-24,2,2026-02-24 11:00:00+00:00,2026-02-24 12:00:00+00:00,1,0.11,increase,13.0,491623.5,3,4,24,4,0.26,9.5,0.44,8.15,0.04,6,6,1.0,0.75,0.0,0.69,medium
wf_2026_02,random_forest,2026-02-24,3,2026-02-24 12:00:00+00:00,2026-02-24 13:00:00+00:00,1,0.11,increase,12.99,490020.3,4,3,24,1,0.0,0.0,0.28,17.66,0.2,5,6,0.83,0.5,0.02,0.52,medium
wf_2026_02,random_forest,2026-02-24,4,2026-02-24 10:00:00+00:00,2026-02-24 11:00:00+00:00,1,0.13,increase,13.14,490132.4,2,6,24,5,0.28,7.75,0.72,9.91,-0.25,6,6,1.0,0.25,0.1,0.48,low
wf_2026_02,random_forest,2026-02-24,5,2026-02-24 00:00:00+00:00,2026-02-24 01:00:00+00:00,1,0.22,increase,12.82,456010.1,11,1,24,12,0.43,17.66,0.47,0.0,0.0,4,6,0.67,0.0,0.05,0.24,low
wf_2026_02,random_forest,2026-02-25,1,2026-02-25 12:00:00+00:00,2026-02-25 13:00:00+00:00,1,0.02,decrease,12.02,457901.3,1,2,24,2,0.04,0.0,0.15,14.55,2.03,6,6,1.0,1.0,0.09,0.82,high
wf_2026_02,random_forest,2026-02-25,2,2026-02-25 11:00:00+00:00,2026-02-25 12:00:00+00:00,1,0.11,decrease,12.08,456655.7,4,3,24,1,0.0,0.0,0.0,14.55,2.18,6,6,1.0,0.75,0.0,0.69,medium
wf_2026_02,random_forest,2026-02-25,3,2026-02-25 13:00:00+00:00,2026-02-25 14:00:00+00:00,1,0.11,decrease,12.13,463411.4,3,4,24,3,0.07,0.0,0.56,14.56,1.61,6,6,1.0,0.5,0.04,0.58,medium
wf_2026_02,random_forest,2026-02-25,4,2026-02-25 10:00:00+00:00,2026-02-25 11:00:00+00:00,1,0.15,decrease,11.84,459176.0,8,1,24,4,0.11,0.53,0.26,14.02,1.92,6,6,1.0,0.25,0.0,0.46,low
wf_2026_02,random_forest,2026-02-25,5,2026-02-25 14:00:00+00:00,2026-02-25 15:00:00+00:00,1,0.15,decrease,12.6,459422.5,2,7,24,5,0.2,0.05,0.92,14.5,1.26,5,6,0.83,0.0,0.16,0.32,low
wf_2026_02,random_forest,2026-02-26,1,2026-02-26 11:00:00+00:00,2026-02-26 12:00:00+00:00,1,0.11,increase,11.71,436111.6,4,3,24,3,0.02,0.02,0.27,23.03,1.61,6,6,1.0,1.0,0.06,0.81,high
wf_2026_02,random_forest,2026-02-26,2,2026-02-26 10:00:00+00:00,2026-02-26 11:00:00+00:00,1,0.15,increase,11.44,436363.0,7,2,24,1,0.0,0.01,0.33,23.04,1.56,6,6,1.0,0.75,0.0,0.69,medium
wf_2026_02,random_forest,2026-02-26,3,2026-02-26 12:00:00+00:00,2026-02-26 13:00:00+00:00,1,0.15,increase,11.96,444692.0,3,6,24,2,0.0,0.0,0.55,23.05,1.33,6,6,1.0,0.5,0.03,0.58,medium
wf_2026_02,random_forest,2026-02-26,4,2026-02-26 09:00:00+00:00,2026-02-26 10:00:00+00:00,1,0.17,decrease,11.4,435876.7,9,1,24,5,0.15,17.34,0.24,5.71,1.64,4,6,0.67,0.25,0.0,0.35,low
wf_2026_02,random_forest,2026-02-26,5,2026-02-26 23:00:00+00:00,2026-02-27 00:00:00+00:00,1,0.17,decrease,11.73,415339.4,6,4,24,8,0.22,9.1,0.76,13.95,1.13,4,6,0.67,0.0,0.03,0.24,low
wf_2026_02,random_forest,2026-02-27,1,2026-02-27 10:00:00+00:00,2026-02-27 11:00:00+00:00,1,0.13,increase,11.78,448048.1,5,3,24,1,0.0,0.01,0.24,10.65,0.58,6,6,1.0,1.0,0.0,0.8,high
wf_2026_02,random_forest,2026-02-27,2,2026-02-27 11:00:00+00:00,2026-02-27 12:00:00+00:00,1,0.13,increase,12.02,451722.1,3,5,24,2,0.04,0.0,0.59,10.66,0.22,6,6,1.0,0.75,0.0,0.69,medium
wf_2026_02,random_forest,2026-02-27,3,2026-02-27 12:00:00+00:00,2026-02-27 13:00:00+00:00,1,0.13,increase,12.29,446224.0,1,7,24,6,0.15,0.0,1.01,10.66,-0.19,5,6,0.83,0.5,0.08,0.53,medium
wf_2026_02,random_forest,2026-02-27,4,2026-02-27 09:00:00+00:00,2026-02-27 10:00:00+00:00,1,0.2,decrease,11.54,454408.3,10,1,24,3,0.09,2.91,0.26,7.75,0.56,6,6,1.0,0.25,0.03,0.47,low
wf_2026_02,random_forest,2026-02-27,5,2026-02-27 00:00:00+00:00,2026-02-27 01:00:00+00:00,1,0.22,decrease,12.06,421500.7,6,6,24,10,0.28,10.66,0.81,0.0,0.0,5,6,0.83,0.0,0.08,0.31,low
wf_2026_02,random_forest,2026-02-28,1,2026-02-28 11:00:00+00:00,2026-02-28 12:00:00+00:00,1,0.07,decrease,13.28,450218.6,1,4,24,4,0.15,0.01,0.77,6.8,-0.63,6,6,1.0,1.0,0.05,0.81,high
wf_2026_02,random_forest,2026-02-28,2,2026-02-28 10:00:00+00:00,2026-02-28 11:00:00+00:00,1,0.11,increase,13.09,455922.4,5,2,24,1,0.0,0.0,0.34,6.81,-0.19,6,6,1.0,0.75,0.08,0.7,medium
wf_2026_02,random_forest,2026-02-28,3,2026-02-28 12:00:00+00:00,2026-02-28 13:00:00+00:00,1,0.17,decrease,14.02,451108.4,2,8,24,7,0.28,0.01,1.06,6.8,-0.91,4,6,0.67,0.5,0.02,0.46,low
wf_2026_02,random_forest,2026-02-28,4,2026-02-28 09:00:00+00:00,2026-02-28 10:00:00+00:00,1,0.2,decrease,13.37,450737.0,6,5,24,2,0.04,0.02,0.0,6.79,0.15,6,6,1.0,0.25,0.05,0.47,low
wf_2026_02,random_forest,2026-02-28,5,2026-02-28 01:00:00+00:00,2026-02-28 02:00:00+00:00,1,0.24,decrease,13.16,447954.9,10,3,24,10,0.37,8.77,0.56,-1.96,-0.41,2,6,0.33,0.0,0.0,0.12,low
wf_2026_02,ridge,2026-02-01,1,2026-02-01 06:00:00+00:00,2026-02-01 07:00:00+00:00,1,0.09,unknown,20.53,677589.8,4,2,24,8,0.3,4.33,1.07,7.69,3.21,3,6,0.5,1.0,0.07,0.64,medium
wf_2026_02,ridge,2026-02-01,2,2026-02-01 13:00:00+00:00,2026-02-01 14:00:00+00:00,1,0.15,unknown,21.24,777419.9,5,4,24,4,0.15,3.7,0.09,8.32,4.2,5,6,0.83,0.75,0.05,0.64,medium
wf_2026_02,ridge,2026-02-01,3,2026-02-01 03:00:00+00:00,2026-02-01 04:00:00+00:00,1,0.2,unknown,21.73,698205.5,2,9,24,6,0.24,2.0,1.17,10.02,3.12,6,6,1.0,0.5,0.05,0.58,medium
wf_2026_02,ridge,2026-02-01,4,2026-02-01 02:00:00+00:00,2026-02-01 03:00:00+00:00,1,0.24,unknown,22.15,719222.2,3,10,24,5,0.24,0.29,1.77,11.73,2.51,2,6,0.33,0.25,0.0,0.23,low
wf_2026_02,ridge,2026-02-01,5,2026-02-01 04:00:00+00:00,2026-02-01 05:00:00+00:00,1,0.24,unknown,21.58,695293.5,6,7,24,2,0.13,1.91,0.49,10.11,3.8,6,6,1.0,0.0,0.02,0.35,low
wf_2026_02,ridge,2026-02-02,1,2026-02-02 23:00:00+00:00,2026-02-03 00:00:00+00:00,1,0.0,decrease,19.23,692061.3,1,1,24,1,0.0,0.0,0.0,26.17,5.72,5,6,0.83,1.0,0.09,0.76,high
wf_2026_02,ridge,2026-02-02,2,2026-02-02 02:00:00+00:00,2026-02-02 03:00:00+00:00,1,0.09,decrease,24.46,772081.7,2,4,24,3,0.11,19.85,5.72,6.32,-0.0,5,6,0.83,0.75,0.0,0.63,medium
wf_2026_02,ridge,2026-02-02,3,2026-02-02 22:00:00+00:00,2026-02-02 23:00:00+00:00,1,0.09,decrease,21.39,786817.7,4,2,24,2,0.07,20.55,1.38,5.62,4.34,4,6,0.67,0.5,0.04,0.47,low
wf_2026_02,ridge,2026-02-02,4,2026-02-02 01:00:00+00:00,2026-02-02 02:00:00+00:00,1,0.13,decrease,24.41,776000.8,5,3,24,5,0.2,23.46,5.73,2.71,-0.01,4,6,0.67,0.25,0.02,0.35,low
wf_2026_02,ridge,2026-02-02,5,2026-02-02 03:00:00+00:00,2026-02-02 04:00:00+00:00,1,0.15,decrease,24.72,785077.6,3,6,24,7,0.22,20.75,6.42,5.42,-0.71,5,6,0.83,0.0,0.07,0.3,low
wf_2026_02,ridge,2026-02-03,1,2026-02-03 03:00:00+00:00,2026-02-03 04:00:00+00:00,1,0.04,decrease,15.94,547937.4,1,3,24,2,0.0,4.39,1.75,32.6,2.59,5,6,0.83,1.0,0.07,0.76,high
wf_2026_02,ridge,2026-02-03,2,2026-02-03 04:00:00+00:00,2026-02-03 05:00:00+00:00,1,0.11,decrease,16.22,557803.9,2,5,24,6,0.07,23.09,2.05,13.91,2.28,5,6,0.83,0.75,0.05,0.64,medium
wf_2026_02,ridge,2026-02-03,3,2026-02-03 02:00:00+00:00,2026-02-03 03:00:00+00:00,1,0.15,decrease,16.51,574025.5,3,6,24,1,0.0,0.0,1.92,37.0,2.42,6,6,1.0,0.5,0.02,0.58,medium
wf_2026_02,ridge,2026-02-03,4,2026-02-03 13:00:00+00:00,2026-02-03 14:00:00+00:00,1,0.17,decrease,15.62,638178.0,8,2,24,4,0.02,46.03,0.0,-9.03,4.34,5,6,0.83,0.25,0.02,0.41,low
wf_2026_02,ridge,2026-02-03,5,2026-02-03 12:00:00+00:00,2026-02-03 13:00:00+00:00,1,0.2,decrease,16.08,658276.9,7,4,24,3,0.02,42.03,0.25,-5.04,4.08,5,6,0.83,0.0,0.0,0.29,low
wf_2026_02,ridge,2026-02-04,1,2026-02-04 13:00:00+00:00,2026-02-04 14:00:00+00:00,1,0.07,decrease,14.6,591298.2,3,2,24,1,0.0,8.1,0.12,16.99,2.38,6,6,1.0,1.0,0.0,0.8,high
wf_2026_02,ridge,2026-02-04,2,2026-02-04 23:00:00+00:00,2026-02-05 00:00:00+00:00,1,0.07,decrease,14.96,557651.5,1,4,24,3,0.07,0.0,1.74,25.08,0.75,5,6,0.83,0.75,0.07,0.64,medium
wf_2026_02,ridge,2026-02-04,3,2026-02-04 14:00:00+00:00,2026-02-04 15:00:00+00:00,1,0.13,decrease,14.87,591022.6,5,3,24,4,0.2,22.12,1.37,2.96,1.12,5,6,0.83,0.5,0.07,0.53,medium
wf_2026_02,ridge,2026-02-04,4,2026-02-04 03:00:00+00:00,2026-02-04 04:00:00+00:00,1,0.2,increase,16.42,565069.3,2,9,24,9,0.3,11.66,2.99,13.42,-0.49,5,6,0.83,0.25,0.0,0.4,low
wf_2026_02,ridge,2026-02-04,5,2026-02-04 22:00:00+00:00,2026-02-04 23:00:00+00:00,1,0.2,decrease,14.29,533493.9,10,1,24,5,0.2,15.83,1.85,9.25,0.65,4,6,0.67,0.0,0.05,0.24,low
wf_2026_02,ridge,2026-02-05,1,2026-02-05 03:00:00+00:00,2026-02-05 04:00:00+00:00,1,0.02,decrease,14.81,527806.3,1,2,24,3,0.0,0.0,0.32,48.82,0.72,5,6,0.83,1.0,0.02,0.75,medium
wf_2026_02,ridge,2026-02-05,2,2026-02-05 02:00:00+00:00,2026-02-05 03:00:00+00:00,1,0.04,decrease,14.48,523758.9,3,1,24,2,0.0,5.78,0.08,43.03,0.95,5,6,0.83,0.75,0.12,0.65,medium
wf_2026_02,ridge,2026-02-05,3,2026-02-05 04:00:00+00:00,2026-02-05 05:00:00+00:00,1,0.15,decrease,15.51,545443.6,2,7,24,4,0.07,30.36,0.62,18.46,0.42,5,6,0.83,0.5,0.02,0.52,medium
wf_2026_02,ridge,2026-02-05,4,2026-02-05 00:00:00+00:00,2026-02-05 01:00:00+00:00,1,0.17,decrease,15.42,576711.8,5,5,24,6,0.22,48.82,1.03,0.0,0.0,5,6,0.83,0.25,0.05,0.41,low
wf_2026_02,ridge,2026-02-05,5,2026-02-05 01:00:00+00:00,2026-02-05 02:00:00+00:00,1,0.22,decrease,15.43,563464.1,6,6,24,1,0.0,39.6,0.0,9.22,1.03,4,6,0.67,0.0,0.1,0.25,low
wf_2026_02,ridge,2026-02-06,1,2026-02-06 13:00:00+00:00,2026-02-06 14:00:00+00:00,1,0.09,decrease,13.57,552858.8,4,2,24,2,0.0,18.14,0.32,35.09,2.03,5,6,0.83,1.0,0.05,0.75,high
wf_2026_02,ridge,2026-02-06,2,2026-02-06 12:00:00+00:00,2026-02-06 13:00:00+00:00,1,0.13,decrease,13.54,551787.2,7,1,24,1,0.0,21.17,0.0,32.06,2.35,5,6,0.83,0.75,0.05,0.64,medium
wf_2026_02,ridge,2026-02-06,3,2026-02-06 14:00:00+00:00,2026-02-06 15:00:00+00:00,1,0.17,decrease,14.09,554461.8,5,5,24,3,0.11,27.82,1.02,25.41,1.33,5,6,0.83,0.5,0.05,0.53,medium
wf_2026_02,ridge,2026-02-06,4,2026-02-06 11:00:00+00:00,2026-02-06 12:00:00+00:00,1,0.22,decrease,13.61,547387.4,9,3,24,4,0.15,41.42,0.36,11.8,1.98,5,6,0.83,0.25,0.03,0.41,low
wf_2026_02,ridge,2026-02-06,5,2026-02-06 02:00:00+00:00,2026-02-06 03:00:00+00:00,1,0.24,increase,15.09,532154.5,3,10,24,7,0.3,11.57,2.7,41.66,-0.35,2,6,0.33,0.0,0.02,0.12,low
wf_2026_02,ridge,2026-02-07,1,2026-02-07 11:00:00+00:00,2026-02-07 12:00:00+00:00,1,0.09,decrease,13.36,518192.0,4,2,24,1,0.0,18.29,0.0,42.66,1.75,6,6,1.0,1.0,0.0,0.8,high
wf_2026_02,ridge,2026-02-07,2,2026-02-07 12:00:00+00:00,2026-02-07 13:00:00+00:00,1,0.09,decrease,13.75,533127.7,3,3,24,2,0.02,1.29,0.55,59.66,1.19,6,6,1.0,0.75,0.02,0.69,medium
wf_2026_02,ridge,2026-02-07,3,2026-02-07 13:00:00+00:00,2026-02-07 14:00:00+00:00,1,0.11,decrease,14.69,553656.5,1,6,24,3,0.02,0.0,0.64,60.95,1.11,6,6,1.0,0.5,0.05,0.58,medium
wf_2026_02,ridge,2026-02-07,4,2026-02-07 10:00:00+00:00,2026-02-07 11:00:00+00:00,1,0.15,decrease,13.1,503211.3,8,1,24,4,0.04,20.77,0.07,40.18,1.67,6,6,1.0,0.25,0.05,0.47,low
wf_2026_02,ridge,2026-02-07,5,2026-02-07 14:00:00+00:00,2026-02-07 15:00:00+00:00,1,0.2,decrease,15.01,547406.4,2,9,24,5,0.09,10.9,1.09,50.04,0.65,6,6,1.0,0.0,0.12,0.37,low
wf_2026_02,ridge,2026-02-08,1,2026-02-08 11:00:00+00:00,2026-02-08 12:00:00+00:00,1,0.02,increase,15.27,547707.5,1,2,24,4,0.13,5.4,0.58,35.42,1.18,6,6,1.0,1.0,0.05,0.81,high
wf_2026_02,ridge,2026-02-08,2,2026-02-08 10:00:00+00:00,2026-02-08 11:00:00+00:00,1,0.07,increase,14.93,518857.9,4,1,24,3,0.11,2.63,0.77,38.19,0.99,6,6,1.0,0.75,0.0,0.69,medium
wf_2026_02,ridge,2026-02-08,3,2026-02-08 12:00:00+00:00,2026-02-08 13:00:00+00:00,1,0.07,increase,15.67,573439.5,2,3,24,2,0.07,3.45,0.42,37.36,1.34,6,6,1.0,0.5,0.07,0.59,medium
wf_2026_02,ridge,2026-02-08,4,2026-02-08 13:00:00+00:00,2026-02-08 14:00:00+00:00,1,0.13,increase,15.89,577516.3,3,5,24,1,0.0,0.0,0.0,40.82,1.76,6,6,1.0,0.25,0.02,0.47,low
wf_2026_02,ridge,2026-02-08,5,2026-02-08 14:00:00+00:00,2026-02-08 15:00:00+00:00,1,0.15,increase,15.69,551494.5,5,4,24,6,0.24,17.96,0.52,22.86,1.24,6,6,1.0,0.0,0.16,0.38,low
wf_2026_02,ridge,2026-02-09,1,2026-02-09 23:00:00+00:00,2026-02-10 00:00:00+00:00,1,0.0,decrease,14.02,521289.1,1,1,24,1,0.0,0.0,0.0,39.18,3.37,5,6,0.83,1.0,0.11,0.76,high
wf_2026_02,ridge,2026-02-09,2,2026-02-09 22:00:00+00:00,2026-02-09 23:00:00+00:00,1,0.11,decrease,14.4,541117.0,5,2,24,2,0.15,15.7,0.51,23.48,2.87,5,6,0.83,0.75,0.04,0.64,medium
wf_2026_02,ridge,2026-02-09,3,2026-02-09 13:00:00+00:00,2026-02-09 14:00:00+00:00,1,0.15,increase,15.57,618835.6,6,3,24,7,0.26,31.21,0.46,7.97,2.92,6,6,1.0,0.5,0.07,0.59,medium
wf_2026_02,ridge,2026-02-09,4,2026-02-09 02:00:00+00:00,2026-02-09 03:00:00+00:00,1,0.22,increase,16.88,562297.0,4,8,24,6,0.24,14.41,2.52,24.77,0.85,2,6,0.33,0.25,0.0,0.23,low
wf_2026_02,ridge,2026-02-09,5,2026-02-09 03:00:00+00:00,2026-02-09 04:00:00+00:00,1,0.22,decrease,17.04,563602.7,2,10,24,9,0.28,11.1,3.32,28.08,0.05,5,6,0.83,0.0,0.02,0.3,low
wf_2026_02,ridge,2026-02-10,1,2026-02-10 23:00:00+00:00,2026-02-11 00:00:00+00:00,1,0.0,decrease,11.26,425552.6,1,1,24,1,0.0,1.3,0.07,21.81,1.81,6,6,1.0,1.0,0.09,0.82,high
wf_2026_02,ridge,2026-02-10,2,2026-02-10 22:00:00+00:00,2026-02-10 23:00:00+00:00,1,0.09,decrease,11.8,447125.0,4,2,24,2,0.02,4.29,0.0,18.81,1.88,6,6,1.0,0.75,0.07,0.7,medium
wf_2026_02,ridge,2026-02-10,3,2026-02-10 21:00:00+00:00,2026-02-10 22:00:00+00:00,1,0.15,decrease,12.38,477080.9,6,3,24,4,0.11,11.17,0.1,11.94,1.78,6,6,1.0,0.5,0.09,0.59,medium
wf_2026_02,ridge,2026-02-10,4,2026-02-10 20:00:00+00:00,2026-02-10 21:00:00+00:00,1,0.24,decrease,12.5,491611.2,9,4,24,3,0.11,7.18,0.18,15.92,1.7,5,6,0.83,0.25,0.09,0.42,low
wf_2026_02,ridge,2026-02-10,5,2026-02-10 01:00:00+00:00,2026-02-10 02:00:00+00:00,1,0.33,decrease,13.63,495857.5,7,10,24,10,0.41,20.91,2.07,2.2,-0.18,3,6,0.5,0.0,0.0,0.18,low
wf_2026_02,ridge,2026-02-11,1,2026-02-11 12:00:00+00:00,2026-02-11 13:00:00+00:00,1,0.07,decrease,11.36,471404.7,2,3,24,1,0.0,0.01,0.01,14.73,1.4,5,6,0.83,1.0,0.02,0.75,medium
wf_2026_02,ridge,2026-02-11,2,2026-02-11 11:00:00+00:00,2026-02-11 12:00:00+00:00,1,0.09,decrease,10.96,453334.9,4,2,24,2,0.04,0.02,0.03,14.72,1.38,5,6,0.83,0.75,0.13,0.65,medium
wf_2026_02,ridge,2026-02-11,3,2026-02-11 10:00:00+00:00,2026-02-11 11:00:00+00:00,1,0.2,decrease,10.33,423483.0,10,1,24,3,0.11,1.0,0.1,13.75,1.31,3,6,0.5,0.5,0.02,0.4,low
wf_2026_02,ridge,2026-02-11,4,2026-02-11 13:00:00+00:00,2026-02-11 14:00:00+00:00,1,0.22,decrease,11.66,477952.2,6,6,24,4,0.13,0.02,0.26,14.72,1.15,5,6,0.83,0.25,0.0,0.4,low
wf_2026_02,ridge,2026-02-11,5,2026-02-11 23:00:00+00:00,2026-02-12 00:00:00+00:00,1,0.22,decrease,12.57,472934.3,1,11,24,16,0.48,18.53,1.24,-3.79,0.17,2,6,0.33,0.0,0.13,0.14,low
wf_2026_02,ridge,2026-02-12,1,2026-02-12 23:00:00+00:00,2026-02-13 00:00:00+00:00,1,0.04,decrease,10.66,397113.7,1,3,24,22,0.48,20.23,1.58,-8.41,0.19,5,6,0.83,1.0,0.22,0.78,high
wf_2026_02,ridge,2026-02-12,2,2026-02-12 12:00:00+00:00,2026-02-12 13:00:00+00:00,1,0.22,increase,10.8,446369.0,7,5,24,1,0.0,0.01,0.19,11.81,1.58,6,6,1.0,0.75,0.0,0.69,medium
wf_2026_02,ridge,2026-02-12,3,2026-02-12 13:00:00+00:00,2026-02-12 14:00:00+00:00,1,0.22,increase,11.28,464888.5,4,8,24,10,0.37,0.0,5.24,11.82,-3.47,6,6,1.0,0.5,0.08,0.59,medium
wf_2026_02,ridge,2026-02-12,4,2026-02-12 22:00:00+00:00,2026-02-12 23:00:00+00:00,1,0.28,increase,10.96,418472.6,9,6,24,7,0.35,8.49,1.28,3.32,0.49,3,6,0.5,0.25,0.03,0.29,low
wf_2026_02,ridge,2026-02-12,5,2026-02-12 11:00:00+00:00,2026-02-12 12:00:00+00:00,1,0.3,increase,10.43,425511.4,15,1,24,2,0.02,7.1,0.0,4.72,1.77,6,6,1.0,0.0,0.05,0.36,low
wf_2026_02,ridge,2026-02-13,1,2026-02-13 01:00:00+00:00,2026-02-13 02:00:00+00:00,1,0.07,decrease,11.91,423348.0,3,2,24,2,0.0,3.06,0.46,3.21,-0.46,5,6,0.83,1.0,0.0,0.74,medium
wf_2026_02,ridge,2026-02-13,2,2026-02-13 02:00:00+00:00,2026-02-13 03:00:00+00:00,1,0.07,increase,12.5,429966.0,1,4,24,3,0.0,0.0,0.61,6.28,-0.61,6,6,1.0,0.75,0.02,0.69,medium
wf_2026_02,ridge,2026-02-13,3,2026-02-13 00:00:00+00:00,2026-02-13 01:00:00+00:00,1,0.09,increase,11.63,424648.3,5,1,24,1,0.0,6.28,0.0,0.0,0.0,5,6,0.83,0.5,0.02,0.52,medium
wf_2026_02,ridge,2026-02-13,4,2026-02-13 03:00:00+00:00,2026-02-13 04:00:00+00:00,1,0.11,increase,12.95,437543.1,2,5,24,4,0.07,1.25,0.84,5.03,-0.84,5,6,0.83,0.25,0.07,0.42,low
wf_2026_02,ridge,2026-02-13,5,2026-02-13 23:00:00+00:00,2026-02-14 00:00:00+00:00,1,0.17,increase,12.35,440383.4,7,3,24,5,0.11,28.27,0.57,-22.0,-0.57,4,6,0.67,0.0,0.02,0.24,low
wf_2026_02,ridge,2026-02-14,1,2026-02-14 10:00:00+00:00,2026-02-14 11:00:00+00:00,1,0.0,decrease,10.42,414494.7,1,1,24,3,0.07,11.19,0.14,6.99,1.02,5,6,0.83,1.0,0.1,0.76,high
wf_2026_02,ridge,2026-02-14,2,2026-02-14 11:00:00+00:00,2026-02-14 12:00:00+00:00,1,0.09,decrease,10.86,438178.5,4,2,24,6,0.13,14.52,0.0,3.67,1.16,5,6,0.83,0.75,0.1,0.65,medium
wf_2026_02,ridge,2026-02-14,3,2026-02-14 02:00:00+00:00,2026-02-14 03:00:00+00:00,1,0.17,increase,12.31,432824.7,2,8,24,12,0.24,5.5,2.06,12.69,-0.91,6,6,1.0,0.5,0.02,0.58,medium
wf_2026_02,ridge,2026-02-14,4,2026-02-14 12:00:00+00:00,2026-02-14 13:00:00+00:00,1,0.2,decrease,11.25,458013.1,8,3,24,1,0.0,7.16,0.28,11.02,0.88,5,6,0.83,0.25,0.05,0.41,low
wf_2026_02,ridge,2026-02-14,5,2026-02-14 13:00:00+00:00,2026-02-14 14:00:00+00:00,1,0.24,decrease,11.97,480759.9,6,7,24,2,0.04,8.21,0.54,9.97,0.61,5,6,0.83,0.0,0.02,0.3,low
wf_2026_02,ridge,2026-02-15,1,2026-02-15 23:00:00+00:00,2026-02-16 00:00:00+00:00,1,0.0,decrease,11.06,424721.1,1,1,24,2,0.0,0.0,0.37,55.81,7.34,5,6,0.83,1.0,0.09,0.76,high
wf_2026_02,ridge,2026-02-15,2,2026-02-15 11:00:00+00:00,2026-02-15 12:00:00+00:00,1,0.09,decrease,11.31,457691.3,3,3,24,14,0.33,31.95,0.02,23.86,7.69,5,6,0.83,0.75,0.02,0.63,medium
wf_2026_02,ridge,2026-02-15,3,2026-02-15 10:00:00+00:00,2026-02-15 11:00:00+00:00,1,0.11,decrease,11.09,430634.5,5,2,24,4,0.04,0.04,0.37,55.77,7.34,6,6,1.0,0.5,0.02,0.58,medium
wf_2026_02,ridge,2026-02-15,4,2026-02-15 22:00:00+00:00,2026-02-15 23:00:00+00:00,1,0.13,decrease,11.57,443912.5,2,6,24,1,0.0,1.91,0.22,53.9,7.49,5,6,0.83,0.25,0.04,0.41,low
wf_2026_02,ridge,2026-02-15,5,2026-02-15 20:00:00+00:00,2026-02-15 21:00:00+00:00,1,0.17,decrease,11.33,446333.6,6,4,24,9,0.2,11.75,0.32,44.06,7.39,1,6,0.17,0.0,0.17,0.09,low
wf_2026_02,ridge,2026-02-16,1,2026-02-16 23:00:00+00:00,2026-02-17 00:00:00+00:00,1,0.0,decrease,11.53,442066.8,1,1,24,15,0.37,10.65,1.07,-10.64,-0.31,4,6,0.67,1.0,0.14,0.71,medium
wf_2026_02,ridge,2026-02-16,2,2026-02-16 00:00:00+00:00,2026-02-16 01:00:00+00:00,1,0.13,decrease,11.95,455943.7,4,4,24,4,0.15,0.01,0.75,0.0,0.0,5,6,0.83,0.75,0.02,0.63,medium
wf_2026_02,ridge,2026-02-16,3,2026-02-16 01:00:00+00:00,2026-02-16 02:00:00+00:00,1,0.15,decrease,12.07,451341.2,2,7,24,6,0.17,0.01,1.22,0.0,-0.47,5,6,0.83,0.5,0.0,0.52,medium
wf_2026_02,ridge,2026-02-16,4,2026-02-16 22:00:00+00:00,2026-02-16 23:00:00+00:00,1,0.15,increase,11.77,461811.4,6,3,24,10,0.28,5.71,0.92,-5.7,-0.16,3,6,0.5,0.25,0.09,0.31,low
wf_2026_02,ridge,2026-02-16,5,2026-02-16 02:00:00+00:00,2026-02-16 03:00:00+00:00,1,0.24,decrease,12.48,449881.6,3,10,24,5,0.15,0.0,2.12,0.01,-1.37,5,6,0.83,0.0,0.12,0.31,low
wf_2026_02,ridge,2026-02-17,1,2026-02-17 10:00:00+00:00,2026-02-17 11:00:00+00:00,1,0.07,decrease,11.47,455851.0,4,1,24,1,0.0,1.52,0.1,1.02,1.25,5,6,0.83,1.0,0.07,0.76,high
wf_2026_02,ridge,2026-02-17,2,2026-02-17 11:00:00+00:00,2026-02-17 12:00:00+00:00,1,0.13,increase,11.76,475234.8,6,2,24,3,0.09,17.77,0.0,-15.22,1.35,5,6,0.83,0.75,0.02,0.63,medium
wf_2026_02,ridge,2026-02-17,3,2026-02-17 01:00:00+00:00,2026-02-17 02:00:00+00:00,1,0.15,decrease,12.59,468438.3,2,7,24,5,0.15,0.86,1.38,1.69,-0.03,3,6,0.5,0.5,0.0,0.4,low
wf_2026_02,ridge,2026-02-17,4,2026-02-17 02:00:00+00:00,2026-02-17 03:00:00+00:00,1,0.15,decrease,12.72,466279.7,1,8,24,6,0.17,0.05,1.64,2.5,-0.29,5,6,0.83,0.25,0.02,0.41,low
wf_2026_02,ridge,2026-02-17,5,2026-02-17 00:00:00+00:00,2026-02-17 01:00:00+00:00,1,0.17,increase,12.3,469557.0,5,5,24,7,0.2,2.55,1.35,0.0,0.0,2,6,0.33,0.0,0.05,0.13,low
wf_2026_02,ridge,2026-02-18,1,2026-02-18 23:00:00+00:00,2026-02-19 00:00:00+00:00,1,0.04,decrease,11.53,436678.6,1,3,24,8,0.28,9.9,1.35,24.6,0.84,2,6,0.33,1.0,0.07,0.58,medium
wf_2026_02,ridge,2026-02-18,2,2026-02-18 11:00:00+00:00,2026-02-18 12:00:00+00:00,1,0.11,increase,11.22,471977.0,5,2,24,3,0.04,16.88,0.0,17.61,2.18,6,6,1.0,0.75,0.02,0.69,medium
wf_2026_02,ridge,2026-02-18,3,2026-02-18 13:00:00+00:00,2026-02-18 14:00:00+00:00,1,0.13,decrease,12.0,495704.9,2,6,24,2,0.02,0.0,0.28,34.49,1.9,5,6,0.83,0.5,0.05,0.53,medium
wf_2026_02,ridge,2026-02-18,4,2026-02-18 10:00:00+00:00,2026-02-18 11:00:00+00:00,1,0.17,increase,10.83,450353.1,9,1,24,4,0.09,18.76,0.11,15.73,2.08,4,6,0.67,0.25,0.0,0.35,low
wf_2026_02,ridge,2026-02-18,5,2026-02-18 12:00:00+00:00,2026-02-18 13:00:00+00:00,1,0.17,increase,11.54,488450.3,6,4,24,1,0.0,2.66,0.17,31.83,2.02,6,6,1.0,0.0,0.02,0.35,low
wf_2026_02,ridge,2026-02-19,1,2026-02-19 00:00:00+00:00,2026-02-19 01:00:00+00:00,1,0.15,decrease,12.21,457444.1,3,6,24,11,0.17,8.86,1.23,0.0,0.0,5,6,0.83,1.0,0.03,0.75,medium
wf_2026_02,ridge,2026-02-19,2,2026-02-19 10:00:00+00:00,2026-02-19 11:00:00+00:00,1,0.17,increase,11.15,442903.2,9,1,24,9,0.17,47.0,0.05,-38.14,1.18,6,6,1.0,0.75,0.05,0.7,medium
wf_2026_02,ridge,2026-02-19,3,2026-02-19 23:00:00+00:00,2026-02-20 00:00:00+00:00,1,0.22,increase,11.98,441992.4,8,4,24,10,0.17,26.91,1.15,-18.06,0.08,1,6,0.17,0.5,0.05,0.29,low
wf_2026_02,ridge,2026-02-19,4,2026-02-19 01:00:00+00:00,2026-02-19 02:00:00+00:00,1,0.26,decrease,12.57,456648.7,4,10,24,8,0.15,1.73,1.45,7.13,-0.22,2,6,0.33,0.25,0.0,0.23,low
wf_2026_02,ridge,2026-02-19,5,2026-02-19 02:00:00+00:00,2026-02-19 03:00:00+00:00,1,0.26,decrease,12.89,463148.7,1,13,24,6,0.13,0.0,1.61,8.86,-0.38,1,6,0.17,0.0,0.0,0.06,low
wf_2026_02,ridge,2026-02-20,1,2026-02-20 23:00:00+00:00,2026-02-21 00:00:00+00:00,1,0.15,increase,10.8,410676.2,8,1,24,6,0.3,12.14,0.76,6.64,0.98,5,6,0.83,1.0,0.08,0.76,high
wf_2026_02,ridge,2026-02-20,2,2026-02-20 12:00:00+00:00,2026-02-20 13:00:00+00:00,1,0.22,decrease,11.49,459842.8,7,5,24,1,0.0,0.96,0.05,17.82,1.69,6,6,1.0,0.75,0.03,0.69,medium
wf_2026_02,ridge,2026-02-20,3,2026-02-20 11:00:00+00:00,2026-02-20 12:00:00+00:00,1,0.24,decrease,11.27,444295.0,9,4,24,2,0.02,9.94,0.0,8.84,1.74,5,6,0.83,0.5,0.0,0.52,medium
wf_2026_02,ridge,2026-02-20,4,2026-02-20 13:00:00+00:00,2026-02-20 14:00:00+00:00,1,0.24,decrease,11.83,475196.4,6,7,24,3,0.17,12.17,0.33,6.61,1.41,6,6,1.0,0.25,0.05,0.47,low
wf_2026_02,ridge,2026-02-20,5,2026-02-20 00:00:00+00:00,2026-02-20 01:00:00+00:00,1,0.28,increase,12.61,459815.8,2,13,24,16,0.5,18.78,1.74,0.0,0.0,1,6,0.17,0.0,0.0,0.06,low
wf_2026_02,ridge,2026-02-21,1,2026-02-21 10:00:00+00:00,2026-02-21 11:00:00+00:00,1,0.02,decrease,11.38,417860.6,1,2,24,2,0.13,0.02,0.56,22.95,-0.46,5,6,0.83,1.0,0.05,0.75,high
wf_2026_02,ridge,2026-02-21,2,2026-02-21 23:00:00+00:00,2026-02-22 00:00:00+00:00,1,0.07,decrease,11.29,410897.7,4,1,24,8,0.26,5.02,0.73,17.95,-0.63,1,6,0.17,0.75,0.14,0.42,low
wf_2026_02,ridge,2026-02-21,3,2026-02-21 11:00:00+00:00,2026-02-21 12:00:00+00:00,1,0.2,decrease,12.05,441649.9,2,9,24,1,0.0,0.01,0.44,22.96,-0.34,6,6,1.0,0.5,0.12,0.6,medium
wf_2026_02,ridge,2026-02-21,4,2026-02-21 01:00:00+00:00,2026-02-21 02:00:00+00:00,1,0.3,decrease,11.49,431480.0,13,3,24,3,0.15,11.25,0.31,11.72,-0.21,5,6,0.83,0.25,0.0,0.4,low
wf_2026_02,ridge,2026-02-21,5,2026-02-21 02:00:00+00:00,2026-02-21 03:00:00+00:00,1,0.3,decrease,11.8,436836.0,9,7,24,6,0.22,8.58,0.56,14.38,-0.46,3,6,0.5,0.0,0.02,0.18,low
wf_2026_02,ridge,2026-02-22,1,2026-02-22 23:00:00+00:00,2026-02-23 00:00:00+00:00,1,0.07,decrease,11.08,397654.8,4,1,24,7,0.35,14.52,0.7,-3.44,0.74,1,6,0.17,1.0,0.05,0.52,medium
wf_2026_02,ridge,2026-02-22,2,2026-02-22 10:00:00+00:00,2026-02-22 11:00:00+00:00,1,0.11,decrease,12.1,404908.6,1,6,24,6,0.28,0.01,1.66,11.07,-0.21,6,6,1.0,0.75,0.0,0.69,medium
wf_2026_02,ridge,2026-02-22,3,2026-02-22 21:00:00+00:00,2026-02-22 22:00:00+00:00,1,0.11,decrease,11.73,434899.2,3,4,24,10,0.35,16.71,0.5,-5.63,0.94,1,6,0.17,0.5,0.12,0.31,low
wf_2026_02,ridge,2026-02-22,4,2026-02-22 00:00:00+00:00,2026-02-22 01:00:00+00:00,1,0.22,decrease,12.18,436992.2,5,7,24,15,0.43,11.08,1.44,0.0,0.0,5,6,0.83,0.25,0.02,0.41,low
wf_2026_02,ridge,2026-02-22,5,2026-02-22 09:00:00+00:00,2026-02-22 10:00:00+00:00,1,0.24,decrease,12.81,455262.7,2,11,24,14,0.41,0.01,1.7,11.07,-0.26,6,6,1.0,0.0,0.0,0.35,low
wf_2026_02,ridge,2026-02-23,1,2026-02-23 10:00:00+00:00,2026-02-23 11:00:00+00:00,1,0.04,increase,11.43,429985.9,3,1,24,5,0.22,0.01,0.59,13.93,0.97,4,6,0.67,1.0,0.02,0.69,medium
wf_2026_02,ridge,2026-02-23,2,2026-02-23 11:00:00+00:00,2026-02-23 12:00:00+00:00,1,0.07,increase,11.91,454286.5,1,4,24,3,0.11,0.0,0.24,13.93,1.32,6,6,1.0,0.75,0.05,0.7,medium
wf_2026_02,ridge,2026-02-23,3,2026-02-23 12:00:00+00:00,2026-02-23 13:00:00+00:00,1,0.11,increase,12.1,466605.7,2,5,24,1,0.0,0.0,0.0,13.94,1.56,6,6,1.0,0.5,0.09,0.59,medium
wf_2026_02,ridge,2026-02-23,4,2026-02-23 13:00:00+00:00,2026-02-23 14:00:00+00:00,1,0.2,increase,12.22,472596.5,4,7,24,2,0.07,0.0,0.11,13.94,1.45,6,6,1.0,0.25,0.09,0.48,low
wf_2026_02,ridge,2026-02-23,5,2026-02-23 00:00:00+00:00,2026-02-23 01:00:00+00:00,1,0.28,increase,12.41,442034.7,6,9,24,9,0.5,13.94,1.56,0.0,0.0,1,6,0.17,0.0,0.0,0.06,low
wf_2026_02,ridge,2026-02-24,1,2026-02-24 10:00:00+00:00,2026-02-24 11:00:00+00:00,1,0.09,increase,13.06,473805.6,1,5,24,5,0.28,7.75,0.72,9.91,-0.25,6,6,1.0,1.0,0.07,0.81,high
wf_2026_02,ridge,2026-02-24,2,2026-02-24 23:00:00+00:00,2026-02-25 00:00:00+00:00,1,0.15,decrease,12.16,426524.7,8,1,24,10,0.41,13.28,0.88,4.38,-0.41,1,6,0.17,0.75,0.05,0.41,low
wf_2026_02,ridge,2026-02-24,3,2026-02-24 01:00:00+00:00,2026-02-24 02:00:00+00:00,1,0.2,increase,13.01,450510.4,7,4,24,13,0.43,15.56,0.74,2.09,-0.27,1,6,0.17,0.5,0.0,0.28,low
wf_2026_02,ridge,2026-02-24,4,2026-02-24 11:00:00+00:00,2026-02-24 12:00:00+00:00,1,0.2,increase,13.38,497595.0,2,9,24,4,0.26,9.5,0.44,8.15,0.04,6,6,1.0,0.25,0.07,0.48,low
wf_2026_02,ridge,2026-02-24,5,2026-02-24 02:00:00+00:00,2026-02-24 03:00:00+00:00,1,0.26,increase,13.34,454507.1,6,8,24,16,0.5,14.55,1.14,3.11,-0.67,1,6,0.17,0.0,0.0,0.06,low
wf_2026_02,ridge,2026-02-25,1,2026-02-25 11:00:00+00:00,2026-02-25 12:00:00+00:00,1,0.04,decrease,12.19,457757.0,1,3,24,1,0.0,0.0,0.0,14.55,2.18,6,6,1.0,1.0,0.02,0.8,high
wf_2026_02,ridge,2026-02-25,2,2026-02-25 10:00:00+00:00,2026-02-25 11:00:00+00:00,1,0.07,decrease,11.67,437309.7,4,1,24,4,0.11,0.53,0.26,14.02,1.92,6,6,1.0,0.75,0.02,0.69,medium
wf_2026_02,ridge,2026-02-25,3,2026-02-25 12:00:00+00:00,2026-02-25 13:00:00+00:00,1,0.09,decrease,12.43,474301.6,2,4,24,2,0.04,0.0,0.15,14.55,2.03,6,6,1.0,0.5,0.09,0.59,medium
wf_2026_02,ridge,2026-02-25,4,2026-02-25 13:00:00+00:00,2026-02-25 14:00:00+00:00,1,0.17,decrease,12.93,490512.1,3,7,24,3,0.07,0.0,0.56,14.56,1.61,6,6,1.0,0.25,0.14,0.49,low
wf_2026_02,ridge,2026-02-25,5,2026-02-25 23:00:00+00:00,2026-02-26 00:00:00+00:00,1,0.3,decrease,11.86,410624.4,14,2,24,10,0.48,28.76,1.04,-14.2,1.14,1,6,0.17,0.0,0.0,0.06,low
wf_2026_02,ridge,2026-02-26,1,2026-02-26 23:00:00+00:00,2026-02-27 00:00:00+00:00,1,0.09,decrease,11.12,392562.2,4,2,24,8,0.22,9.1,0.76,13.95,1.13,4,6,0.67,1.0,0.03,0.69,medium
wf_2026_02,ridge,2026-02-26,2,2026-02-26 11:00:00+00:00,2026-02-26 12:00:00+00:00,1,0.11,decrease,11.69,436813.9,1,6,24,3,0.02,0.02,0.27,23.03,1.61,6,6,1.0,0.75,0.03,0.69,medium
wf_2026_02,ridge,2026-02-26,3,2026-02-26 10:00:00+00:00,2026-02-26 11:00:00+00:00,1,0.13,increase,11.01,409365.0,7,1,24,1,0.0,0.01,0.33,23.04,1.56,6,6,1.0,0.5,0.08,0.59,medium
wf_2026_02,ridge,2026-02-26,4,2026-02-26 12:00:00+00:00,2026-02-26 13:00:00+00:00,1,0.2,decrease,12.16,456962.5,2,9,24,2,0.0,0.0,0.55,23.05,1.33,6,6,1.0,0.25,0.11,0.48,low
wf_2026_02,ridge,2026-02-26,5,2026-02-26 13:00:00+00:00,2026-02-26 14:00:00+00:00,1,0.28,increase,12.83,468362.3,3,12,24,4,0.07,0.0,0.6,23.04,1.28,3,6,0.5,0.0,0.03,0.18,low
wf_2026_02,ridge,2026-02-27,1,2026-02-27 10:00:00+00:00,2026-02-27 11:00:00+00:00,1,0.0,decrease,11.07,415979.3,1,1,24,1,0.0,0.01,0.24,10.65,0.58,6,6,1.0,1.0,0.07,0.81,high
wf_2026_02,ridge,2026-02-27,2,2026-02-27 11:00:00+00:00,2026-02-27 12:00:00+00:00,1,0.07,decrease,11.64,442331.6,2,3,24,2,0.04,0.0,0.59,10.66,0.22,6,6,1.0,0.75,0.14,0.71,medium
wf_2026_02,ridge,2026-02-27,3,2026-02-27 00:00:00+00:00,2026-02-27 01:00:00+00:00,1,0.2,decrease,11.84,418790.7,5,6,24,10,0.28,10.66,0.81,0.0,0.0,5,6,0.83,0.5,0.05,0.53,medium
wf_2026_02,ridge,2026-02-27,4,2026-02-27 09:00:00+00:00,2026-02-27 10:00:00+00:00,1,0.24,decrease,11.89,465046.0,6,7,24,3,0.09,2.91,0.26,7.75,0.56,6,6,1.0,0.25,0.05,0.47,low
wf_2026_02,ridge,2026-02-27,5,2026-02-27 08:00:00+00:00,2026-02-27 09:00:00+00:00,1,0.28,decrease,11.33,434560.2,13,2,24,5,0.13,12.58,0.0,-1.92,0.81,1,6,0.17,0.0,0.0,0.06,low
wf_2026_02,ridge,2026-02-28,1,2026-02-28 10:00:00+00:00,2026-02-28 11:00:00+00:00,1,0.0,decrease,12.04,422840.4,1,1,24,1,0.0,0.0,0.34,6.81,-0.19,6,6,1.0,1.0,0.09,0.82,high
wf_2026_02,ridge,2026-02-28,2,2026-02-28 08:00:00+00:00,2026-02-28 09:00:00+00:00,1,0.09,decrease,13.03,439297.1,2,4,24,3,0.13,1.79,0.42,5.02,-0.28,5,6,0.83,0.75,0.07,0.64,medium
wf_2026_02,ridge,2026-02-28,3,2026-02-28 01:00:00+00:00,2026-02-28 02:00:00+00:00,1,0.15,decrease,12.96,440192.9,6,3,24,10,0.37,8.77,0.56,-1.96,-0.41,2,6,0.33,0.5,0.0,0.34,low
wf_2026_02,ridge,2026-02-28,4,2026-02-28 11:00:00+00:00,2026-02-28 12:00:00+00:00,1,0.15,decrease,13.03,447580.5,4,5,24,4,0.15,0.01,0.77,6.8,-0.63,6,6,1.0,0.25,0.02,0.47,low
wf_2026_02,ridge,2026-02-28,5,2026-02-28 09:00:00+00:00,2026-02-28 10:00:00+00:00,1,0.17,decrease,13.51,468271.8,3,7,24,2,0.04,0.02,0.0,6.79,0.15,6,6,1.0,0.0,0.09,0.37,low
wf_2026_02,xgboost,2026-02-01,1,2026-02-01 03:00:00+00:00,2026-02-01 04:00:00+00:00,1,0.15,unknown,21.28,679032.98,1,8,24,6,0.24,2.0,1.17,10.02,3.12,6,6,1.0,1.0,0.0,0.8,high
wf_2026_02,xgboost,2026-02-01,2,2026-02-01 04:00:00+00:00,2026-02-01 05:00:00+00:00,1,0.15,unknown,20.91,670481.09,3,6,24,2,0.13,1.91,0.49,10.11,3.8,6,6,1.0,0.75,0.0,0.69,medium
wf_2026_02,xgboost,2026-02-01,3,2026-02-01 06:00:00+00:00,2026-02-01 07:00:00+00:00,1,0.15,unknown,20.54,673199.42,6,3,24,8,0.3,4.33,1.07,7.69,3.21,3,6,0.5,0.5,0.03,0.41,low
wf_2026_02,xgboost,2026-02-01,4,2026-02-01 13:00:00+00:00,2026-02-01 14:00:00+00:00,1,0.17,unknown,20.86,756627.89,5,5,24,4,0.15,3.7,0.09,8.32,4.2,5,6,0.83,0.25,0.03,0.41,low
wf_2026_02,xgboost,2026-02-01,5,2026-02-01 05:00:00+00:00,2026-02-01 06:00:00+00:00,1,0.2,unknown,21.26,691944.12,4,7,24,1,0.0,0.0,0.0,12.02,4.28,2,6,0.33,0.0,0.08,0.13,low
wf_2026_02,xgboost,2026-02-02,1,2026-02-02 23:00:00+00:00,2026-02-03 00:00:00+00:00,1,0.0,decrease,19.59,701904.21,1,1,24,1,0.0,0.0,0.0,26.17,5.72,5,6,0.83,1.0,0.14,0.77,high
wf_2026_02,xgboost,2026-02-02,2,2026-02-02 22:00:00+00:00,2026-02-02 23:00:00+00:00,1,0.13,decrease,21.62,792223.2,6,2,24,2,0.07,20.55,1.38,5.62,4.34,4,6,0.67,0.75,0.02,0.58,medium
wf_2026_02,xgboost,2026-02-02,3,2026-02-02 01:00:00+00:00,2026-02-02 02:00:00+00:00,1,0.15,decrease,23.8,754922.08,4,5,24,5,0.2,23.46,5.73,2.71,-0.01,4,6,0.67,0.5,0.0,0.46,low
wf_2026_02,xgboost,2026-02-02,4,2026-02-02 02:00:00+00:00,2026-02-02 03:00:00+00:00,1,0.15,decrease,24.73,776195.91,3,6,24,3,0.11,19.85,5.72,6.32,-0.0,5,6,0.83,0.25,0.0,0.4,low
wf_2026_02,xgboost,2026-02-02,5,2026-02-02 03:00:00+00:00,2026-02-02 04:00:00+00:00,1,0.15,decrease,25.01,790492.02,2,7,24,7,0.22,20.75,6.42,5.42,-0.71,5,6,0.83,0.0,0.0,0.29,low
wf_2026_02,xgboost,2026-02-03,1,2026-02-03 03:00:00+00:00,2026-02-03 04:00:00+00:00,1,0.07,decrease,16.49,567308.51,1,4,24,2,0.0,4.39,1.75,32.6,2.59,5,6,0.83,1.0,0.05,0.75,high
wf_2026_02,xgboost,2026-02-03,2,2026-02-03 02:00:00+00:00,2026-02-03 03:00:00+00:00,1,0.11,decrease,17.23,600304.62,2,5,24,1,0.0,0.0,1.92,37.0,2.42,6,6,1.0,0.75,0.02,0.69,medium
wf_2026_02,xgboost,2026-02-03,3,2026-02-03 12:00:00+00:00,2026-02-03 13:00:00+00:00,1,0.13,decrease,15.62,646493.78,6,2,24,3,0.02,42.03,0.25,-5.04,4.08,5,6,0.83,0.5,0.0,0.52,medium
wf_2026_02,xgboost,2026-02-03,4,2026-02-03 13:00:00+00:00,2026-02-03 14:00:00+00:00,1,0.13,decrease,15.09,618784.21,7,1,24,4,0.02,46.03,0.0,-9.03,4.34,5,6,0.83,0.25,0.02,0.41,low
wf_2026_02,xgboost,2026-02-03,5,2026-02-03 04:00:00+00:00,2026-02-03 05:00:00+00:00,1,0.15,decrease,17.25,594023.32,3,6,24,6,0.07,23.09,2.05,13.91,2.28,5,6,0.83,0.0,0.07,0.31,low
wf_2026_02,xgboost,2026-02-04,1,2026-02-04 13:00:00+00:00,2026-02-04 14:00:00+00:00,1,0.02,decrease,13.93,557857.11,2,1,24,1,0.0,8.1,0.12,16.99,2.38,6,6,1.0,1.0,0.04,0.81,high
wf_2026_02,xgboost,2026-02-04,2,2026-02-04 23:00:00+00:00,2026-02-05 00:00:00+00:00,1,0.07,decrease,15.09,557192.8,1,4,24,3,0.07,0.0,1.74,25.08,0.75,5,6,0.83,0.75,0.02,0.63,medium
wf_2026_02,xgboost,2026-02-04,3,2026-02-04 14:00:00+00:00,2026-02-04 15:00:00+00:00,1,0.09,decrease,14.41,565084.39,4,2,24,4,0.2,22.12,1.37,2.96,1.12,5,6,0.83,0.5,0.16,0.55,medium
wf_2026_02,xgboost,2026-02-04,4,2026-02-04 03:00:00+00:00,2026-02-04 04:00:00+00:00,1,0.24,increase,16.56,567167.1,3,10,24,9,0.3,11.66,2.99,13.42,-0.49,5,6,0.83,0.25,0.0,0.4,low
wf_2026_02,xgboost,2026-02-04,5,2026-02-04 22:00:00+00:00,2026-02-04 23:00:00+00:00,1,0.24,decrease,14.65,546179.89,10,3,24,5,0.2,15.83,1.85,9.25,0.65,4,6,0.67,0.0,0.02,0.24,low
wf_2026_02,xgboost,2026-02-05,1,2026-02-05 00:00:00+00:00,2026-02-05 01:00:00+00:00,1,0.07,decrease,14.67,541643.79,4,1,24,6,0.22,48.82,1.03,0.0,0.0,5,6,0.83,1.0,0.0,0.74,medium
wf_2026_02,xgboost,2026-02-05,2,2026-02-05 02:00:00+00:00,2026-02-05 03:00:00+00:00,1,0.07,decrease,14.69,528717.2,3,2,24,2,0.0,5.78,0.08,43.03,0.95,5,6,0.83,0.75,0.0,0.63,medium
wf_2026_02,xgboost,2026-02-05,3,2026-02-05 03:00:00+00:00,2026-02-05 04:00:00+00:00,1,0.07,decrease,14.84,524361.4,1,4,24,3,0.0,0.0,0.32,48.82,0.72,5,6,0.83,0.5,0.14,0.55,medium
wf_2026_02,xgboost,2026-02-05,4,2026-02-05 01:00:00+00:00,2026-02-05 02:00:00+00:00,1,0.2,decrease,15.57,565699.41,5,6,24,1,0.0,39.6,0.0,9.22,1.03,4,6,0.67,0.25,0.0,0.35,low
wf_2026_02,xgboost,2026-02-05,5,2026-02-05 04:00:00+00:00,2026-02-05 05:00:00+00:00,1,0.2,decrease,15.76,549772.1,2,9,24,4,0.07,30.36,0.62,18.46,0.42,5,6,0.83,0.0,0.1,0.31,low
wf_2026_02,xgboost,2026-02-06,1,2026-02-06 13:00:00+00:00,2026-02-06 14:00:00+00:00,1,0.04,decrease,12.97,527803.1,3,1,24,2,0.0,18.14,0.32,35.09,2.03,5,6,0.83,1.0,0.1,0.76,high
wf_2026_02,xgboost,2026-02-06,2,2026-02-06 12:00:00+00:00,2026-02-06 13:00:00+00:00,1,0.13,decrease,13.02,533950.01,6,2,24,1,0.0,21.17,0.0,32.06,2.35,5,6,0.83,0.75,0.0,0.63,medium
wf_2026_02,xgboost,2026-02-06,3,2026-02-06 14:00:00+00:00,2026-02-06 15:00:00+00:00,1,0.13,decrease,13.97,540918.0,4,4,24,3,0.11,27.82,1.02,25.41,1.33,5,6,0.83,0.5,0.07,0.53,medium
wf_2026_02,xgboost,2026-02-06,4,2026-02-06 11:00:00+00:00,2026-02-06 12:00:00+00:00,1,0.2,decrease,13.3,539415.11,8,3,24,4,0.15,41.42,0.36,11.8,1.98,5,6,0.83,0.25,0.05,0.41,low
wf_2026_02,xgboost,2026-02-06,5,2026-02-06 15:00:00+00:00,2026-02-06 16:00:00+00:00,1,0.24,decrease,14.86,548578.38,7,6,24,6,0.22,39.01,1.76,14.21,0.59,4,6,0.67,0.0,0.12,0.26,low
wf_2026_02,xgboost,2026-02-07,1,2026-02-07 11:00:00+00:00,2026-02-07 12:00:00+00:00,1,0.07,decrease,13.23,519129.29,4,1,24,1,0.0,18.29,0.0,42.66,1.75,6,6,1.0,1.0,0.0,0.8,high
wf_2026_02,xgboost,2026-02-07,2,2026-02-07 12:00:00+00:00,2026-02-07 13:00:00+00:00,1,0.07,decrease,13.3,517106.19,3,2,24,2,0.02,1.29,0.55,59.66,1.19,6,6,1.0,0.75,0.0,0.69,medium
wf_2026_02,xgboost,2026-02-07,3,2026-02-07 13:00:00+00:00,2026-02-07 14:00:00+00:00,1,0.07,decrease,14.22,533027.4,1,4,24,3,0.02,0.0,0.64,60.95,1.11,6,6,1.0,0.5,0.05,0.58,medium
wf_2026_02,xgboost,2026-02-07,4,2026-02-07 14:00:00+00:00,2026-02-07 15:00:00+00:00,1,0.11,decrease,14.3,518191.91,2,5,24,5,0.09,10.9,1.09,50.04,0.65,6,6,1.0,0.25,0.1,0.48,low
wf_2026_02,xgboost,2026-02-07,5,2026-02-07 10:00:00+00:00,2026-02-07 11:00:00+00:00,1,0.2,decrease,13.64,534299.99,8,3,24,4,0.04,20.77,0.07,40.18,1.67,6,6,1.0,0.0,0.05,0.36,low
wf_2026_02,xgboost,2026-02-08,1,2026-02-08 11:00:00+00:00,2026-02-08 12:00:00+00:00,1,0.0,increase,15.12,552990.52,1,1,24,4,0.13,5.4,0.58,35.42,1.18,6,6,1.0,1.0,0.04,0.81,high
wf_2026_02,xgboost,2026-02-08,2,2026-02-08 14:00:00+00:00,2026-02-08 15:00:00+00:00,1,0.04,increase,15.22,536266.29,2,2,24,6,0.24,17.96,0.52,22.86,1.24,6,6,1.0,0.75,0.09,0.71,medium
wf_2026_02,xgboost,2026-02-08,3,2026-02-08 10:00:00+00:00,2026-02-08 11:00:00+00:00,1,0.13,increase,15.26,547013.5,5,3,24,3,0.11,2.63,0.77,38.19,0.99,6,6,1.0,0.5,0.0,0.57,medium
wf_2026_02,xgboost,2026-02-08,4,2026-02-08 12:00:00+00:00,2026-02-08 13:00:00+00:00,1,0.13,increase,15.43,570764.69,3,5,24,2,0.07,3.45,0.42,37.36,1.34,6,6,1.0,0.25,0.0,0.46,low
wf_2026_02,xgboost,2026-02-08,5,2026-02-08 13:00:00+00:00,2026-02-08 14:00:00+00:00,1,0.13,increase,15.31,559537.29,4,4,24,1,0.0,0.0,0.0,40.82,1.76,6,6,1.0,0.0,0.16,0.38,low
wf_2026_02,xgboost,2026-02-09,1,2026-02-09 23:00:00+00:00,2026-02-10 00:00:00+00:00,1,0.0,decrease,14.45,533980.2,1,1,24,1,0.0,0.0,0.0,39.18,3.37,5,6,0.83,1.0,0.09,0.76,high
wf_2026_02,xgboost,2026-02-09,2,2026-02-09 22:00:00+00:00,2026-02-09 23:00:00+00:00,1,0.09,decrease,14.93,557350.01,3,3,24,2,0.15,15.7,0.51,23.48,2.87,5,6,0.83,0.75,0.07,0.64,medium
wf_2026_02,xgboost,2026-02-09,3,2026-02-09 13:00:00+00:00,2026-02-09 14:00:00+00:00,1,0.15,increase,14.79,579408.88,7,2,24,7,0.26,31.21,0.46,7.97,2.92,6,6,1.0,0.5,0.02,0.58,medium
wf_2026_02,xgboost,2026-02-09,4,2026-02-09 03:00:00+00:00,2026-02-09 04:00:00+00:00,1,0.17,decrease,16.99,560820.19,2,8,24,9,0.28,11.1,3.32,28.08,0.05,5,6,0.83,0.25,0.07,0.42,low
wf_2026_02,xgboost,2026-02-09,5,2026-02-09 14:00:00+00:00,2026-02-09 15:00:00+00:00,1,0.24,increase,15.57,592925.98,9,4,24,8,0.26,29.1,0.77,10.08,2.61,2,6,0.33,0.0,0.0,0.12,low
wf_2026_02,xgboost,2026-02-10,1,2026-02-10 23:00:00+00:00,2026-02-11 00:00:00+00:00,1,0.0,decrease,12.06,449566.48,1,1,24,1,0.0,1.3,0.07,21.81,1.81,6,6,1.0,1.0,0.07,0.81,high
wf_2026_02,xgboost,2026-02-10,2,2026-02-10 22:00:00+00:00,2026-02-10 23:00:00+00:00,1,0.07,decrease,12.07,454065.51,3,2,24,2,0.02,4.29,0.0,18.81,1.88,6,6,1.0,0.75,0.05,0.7,medium
wf_2026_02,xgboost,2026-02-10,3,2026-02-10 21:00:00+00:00,2026-02-10 22:00:00+00:00,1,0.11,decrease,12.39,469478.69,4,3,24,4,0.11,11.17,0.1,11.94,1.78,6,6,1.0,0.5,0.16,0.61,medium
wf_2026_02,xgboost,2026-02-10,4,2026-02-10 20:00:00+00:00,2026-02-10 21:00:00+00:00,1,0.26,decrease,12.88,498242.5,9,5,24,3,0.11,7.18,0.18,15.92,1.7,5,6,0.83,0.25,0.09,0.42,low
wf_2026_02,xgboost,2026-02-10,5,2026-02-10 00:00:00+00:00,2026-02-10 01:00:00+00:00,1,0.35,decrease,13.53,496312.01,8,10,24,8,0.39,23.11,1.88,0.0,0.0,2,6,0.33,0.0,0.0,0.12,low
wf_2026_02,xgboost,2026-02-11,1,2026-02-11 11:00:00+00:00,2026-02-11 12:00:00+00:00,1,0.09,decrease,10.92,447216.81,4,2,24,2,0.04,0.02,0.03,14.72,1.38,5,6,0.83,1.0,0.0,0.74,medium
wf_2026_02,xgboost,2026-02-11,2,2026-02-11 12:00:00+00:00,2026-02-11 13:00:00+00:00,1,0.09,decrease,11.09,449494.5,2,4,24,1,0.0,0.01,0.01,14.73,1.4,5,6,0.83,0.75,0.0,0.63,medium
wf_2026_02,xgboost,2026-02-11,3,2026-02-11 13:00:00+00:00,2026-02-11 14:00:00+00:00,1,0.09,decrease,11.04,443253.59,3,3,24,4,0.13,0.02,0.26,14.72,1.15,5,6,0.83,0.5,0.17,0.55,medium
wf_2026_02,xgboost,2026-02-11,4,2026-02-11 14:00:00+00:00,2026-02-11 15:00:00+00:00,1,0.22,decrease,11.23,440849.8,6,6,24,6,0.28,4.92,1.33,9.82,0.08,4,6,0.67,0.25,0.06,0.36,low
wf_2026_02,xgboost,2026-02-11,5,2026-02-11 10:00:00+00:00,2026-02-11 11:00:00+00:00,1,0.26,decrease,10.53,429533.49,13,1,24,3,0.11,1.0,0.1,13.75,1.31,3,6,0.5,0.0,0.09,0.19,low
wf_2026_02,xgboost,2026-02-12,1,2026-02-12 13:00:00+00:00,2026-02-12 14:00:00+00:00,1,0.09,increase,10.61,432634.5,3,3,24,10,0.37,0.0,5.24,11.82,-3.47,6,6,1.0,1.0,0.06,0.81,high
wf_2026_02,xgboost,2026-02-12,2,2026-02-12 12:00:00+00:00,2026-02-12 13:00:00+00:00,1,0.13,increase,10.27,422759.1,7,1,24,1,0.0,0.01,0.19,11.81,1.58,6,6,1.0,0.75,0.2,0.73,medium
wf_2026_02,xgboost,2026-02-12,3,2026-02-12 11:00:00+00:00,2026-02-12 12:00:00+00:00,1,0.28,increase,10.35,420994.98,13,2,24,2,0.02,7.1,0.0,4.72,1.77,6,6,1.0,0.5,0.03,0.58,medium
wf_2026_02,xgboost,2026-02-12,4,2026-02-12 23:00:00+00:00,2026-02-13 00:00:00+00:00,1,0.3,decrease,11.49,426114.1,6,10,24,22,0.48,20.23,1.58,-8.41,0.19,5,6,0.83,0.25,0.06,0.42,low
wf_2026_02,xgboost,2026-02-12,5,2026-02-12 22:00:00+00:00,2026-02-12 23:00:00+00:00,1,0.35,increase,11.33,433562.78,11,7,24,7,0.35,8.49,1.28,3.32,0.49,3,6,0.5,0.0,0.06,0.19,low
wf_2026_02,xgboost,2026-02-13,1,2026-02-13 02:00:00+00:00,2026-02-13 03:00:00+00:00,1,0.04,increase,12.8,440954.9,1,3,24,3,0.0,0.0,0.61,6.28,-0.61,6,6,1.0,1.0,0.02,0.8,high
wf_2026_02,xgboost,2026-02-13,2,2026-02-13 01:00:00+00:00,2026-02-13 02:00:00+00:00,1,0.07,increase,12.27,435823.5,3,2,24,2,0.0,3.06,0.46,3.21,-0.46,5,6,0.83,0.75,0.02,0.63,medium
wf_2026_02,xgboost,2026-02-13,3,2026-02-13 00:00:00+00:00,2026-02-13 01:00:00+00:00,1,0.09,increase,11.85,430739.99,5,1,24,1,0.0,6.28,0.0,0.0,0.0,5,6,0.83,0.5,0.02,0.52,medium
wf_2026_02,xgboost,2026-02-13,4,2026-02-13 03:00:00+00:00,2026-02-13 04:00:00+00:00,1,0.11,increase,13.22,445422.19,2,5,24,4,0.07,1.25,0.84,5.03,-0.84,5,6,0.83,0.25,0.07,0.42,low
wf_2026_02,xgboost,2026-02-13,5,2026-02-13 23:00:00+00:00,2026-02-14 00:00:00+00:00,1,0.17,increase,13.1,462971.31,6,4,24,5,0.11,28.27,0.57,-22.0,-0.57,4,6,0.67,0.0,0.05,0.24,low
wf_2026_02,xgboost,2026-02-14,1,2026-02-14 13:00:00+00:00,2026-02-14 14:00:00+00:00,1,0.11,decrease,11.61,455641.2,2,5,24,2,0.04,8.21,0.54,9.97,0.61,5,6,0.83,1.0,0.03,0.75,medium
wf_2026_02,xgboost,2026-02-14,2,2026-02-14 12:00:00+00:00,2026-02-14 13:00:00+00:00,1,0.13,decrease,11.11,444157.4,7,1,24,1,0.0,7.16,0.28,11.02,0.88,5,6,0.83,0.75,0.05,0.64,medium
wf_2026_02,xgboost,2026-02-14,3,2026-02-14 10:00:00+00:00,2026-02-14 11:00:00+00:00,1,0.17,decrease,11.2,439030.4,8,2,24,3,0.07,11.19,0.14,6.99,1.02,5,6,0.83,0.5,0.05,0.53,medium
wf_2026_02,xgboost,2026-02-14,4,2026-02-14 11:00:00+00:00,2026-02-14 12:00:00+00:00,1,0.22,decrease,11.28,443303.62,9,3,24,6,0.13,14.52,0.0,3.67,1.16,5,6,0.83,0.25,0.11,0.43,low
wf_2026_02,xgboost,2026-02-14,5,2026-02-14 02:00:00+00:00,2026-02-14 03:00:00+00:00,1,0.3,increase,12.81,445416.6,5,11,24,12,0.24,5.5,2.06,12.69,-0.91,6,6,1.0,0.0,0.0,0.35,low
wf_2026_02,xgboost,2026-02-15,1,2026-02-15 11:00:00+00:00,2026-02-15 12:00:00+00:00,1,0.02,decrease,11.48,465400.79,1,2,24,14,0.33,31.95,0.02,23.86,7.69,5,6,0.83,1.0,0.0,0.74,medium
wf_2026_02,xgboost,2026-02-15,2,2026-02-15 23:00:00+00:00,2026-02-16 00:00:00+00:00,1,0.02,decrease,11.31,426233.0,2,1,24,2,0.0,0.0,0.37,55.81,7.34,5,6,0.83,0.75,0.11,0.65,medium
wf_2026_02,xgboost,2026-02-15,3,2026-02-15 10:00:00+00:00,2026-02-15 11:00:00+00:00,1,0.13,decrease,11.59,456202.1,4,4,24,4,0.04,0.04,0.37,55.77,7.34,6,6,1.0,0.5,0.04,0.58,medium
wf_2026_02,xgboost,2026-02-15,4,2026-02-15 22:00:00+00:00,2026-02-15 23:00:00+00:00,1,0.17,decrease,11.68,444064.79,5,5,24,1,0.0,1.91,0.22,53.9,7.49,5,6,0.83,0.25,0.09,0.42,low
wf_2026_02,xgboost,2026-02-15,5,2026-02-15 09:00:00+00:00,2026-02-15 10:00:00+00:00,1,0.26,decrease,12.03,459011.2,6,8,24,10,0.24,6.4,0.72,49.42,6.99,5,6,0.83,0.0,0.09,0.31,low
wf_2026_02,xgboost,2026-02-16,1,2026-02-16 14:00:00+00:00,2026-02-16 15:00:00+00:00,1,0.11,increase,11.89,461878.7,6,1,24,1,0.0,0.01,0.0,0.0,0.75,4,6,0.67,1.0,0.03,0.69,medium
wf_2026_02,xgboost,2026-02-16,2,2026-02-16 01:00:00+00:00,2026-02-16 02:00:00+00:00,1,0.13,decrease,12.15,436380.91,3,5,24,6,0.17,0.01,1.22,0.0,-0.47,5,6,0.83,0.75,0.11,0.65,medium
wf_2026_02,xgboost,2026-02-16,3,2026-02-16 23:00:00+00:00,2026-02-17 00:00:00+00:00,1,0.22,increase,12.05,455479.09,9,3,24,15,0.37,10.65,1.07,-10.64,-0.31,4,6,0.67,0.5,0.08,0.47,low
wf_2026_02,xgboost,2026-02-16,4,2026-02-16 02:00:00+00:00,2026-02-16 03:00:00+00:00,1,0.28,decrease,12.88,450288.71,2,13,24,5,0.15,0.0,2.12,0.01,-1.37,5,6,0.83,0.25,0.03,0.41,low
wf_2026_02,xgboost,2026-02-16,5,2026-02-16 00:00:00+00:00,2026-02-16 01:00:00+00:00,1,0.3,decrease,12.28,448305.9,7,9,24,4,0.15,0.01,0.75,0.0,0.0,5,6,0.83,0.0,0.05,0.3,low
wf_2026_02,xgboost,2026-02-17,1,2026-02-17 11:00:00+00:00,2026-02-17 12:00:00+00:00,1,0.02,increase,11.37,463622.6,2,1,24,3,0.09,17.77,0.0,-15.22,1.35,5,6,0.83,1.0,0.09,0.76,high
wf_2026_02,xgboost,2026-02-17,2,2026-02-17 10:00:00+00:00,2026-02-17 11:00:00+00:00,1,0.11,decrease,11.57,465237.6,4,3,24,1,0.0,1.52,0.1,1.02,1.25,5,6,0.83,0.75,0.07,0.64,medium
wf_2026_02,xgboost,2026-02-17,3,2026-02-17 12:00:00+00:00,2026-02-17 13:00:00+00:00,1,0.17,increase,11.43,464116.31,8,2,24,4,0.11,13.61,0.17,-11.06,1.17,4,6,0.67,0.5,0.02,0.46,low
wf_2026_02,xgboost,2026-02-17,4,2026-02-17 02:00:00+00:00,2026-02-17 03:00:00+00:00,1,0.2,increase,12.94,471167.31,1,10,24,6,0.17,0.05,1.64,2.5,-0.29,5,6,0.83,0.25,0.05,0.41,low
wf_2026_02,xgboost,2026-02-17,5,2026-02-17 13:00:00+00:00,2026-02-17 14:00:00+00:00,1,0.24,increase,11.61,459947.09,9,4,24,9,0.26,26.08,0.9,-23.53,0.45,4,6,0.67,0.0,0.05,0.24,low
wf_2026_02,xgboost,2026-02-18,1,2026-02-18 13:00:00+00:00,2026-02-18 14:00:00+00:00,1,0.09,decrease,10.98,449108.09,1,5,24,2,0.02,0.0,0.28,34.49,1.9,5,6,0.83,1.0,0.05,0.75,high
wf_2026_02,xgboost,2026-02-18,2,2026-02-18 11:00:00+00:00,2026-02-18 12:00:00+00:00,1,0.13,increase,10.52,440415.0,6,2,24,3,0.04,16.88,0.0,17.61,2.18,6,6,1.0,0.75,0.0,0.69,medium
wf_2026_02,xgboost,2026-02-18,3,2026-02-18 12:00:00+00:00,2026-02-18 13:00:00+00:00,1,0.13,increase,10.71,450201.1,5,3,24,1,0.0,2.66,0.17,31.83,2.02,6,6,1.0,0.5,0.0,0.57,medium
wf_2026_02,xgboost,2026-02-18,4,2026-02-18 14:00:00+00:00,2026-02-18 15:00:00+00:00,1,0.13,decrease,11.51,463330.8,2,6,24,5,0.13,16.5,0.43,18.0,1.76,4,6,0.67,0.25,0.03,0.35,low
wf_2026_02,xgboost,2026-02-18,5,2026-02-18 10:00:00+00:00,2026-02-18 11:00:00+00:00,1,0.15,increase,10.42,434123.39,8,1,24,4,0.09,18.76,0.11,15.73,2.08,4,6,0.67,0.0,0.05,0.24,low
wf_2026_02,xgboost,2026-02-19,1,2026-02-19 10:00:00+00:00,2026-02-19 11:00:00+00:00,1,0.17,increase,11.61,465002.3,9,1,24,9,0.17,47.0,0.05,-38.14,1.18,6,6,1.0,1.0,0.08,0.82,high
wf_2026_02,xgboost,2026-02-19,2,2026-02-19 00:00:00+00:00,2026-02-19 01:00:00+00:00,1,0.24,decrease,12.65,466717.0,4,9,24,11,0.17,8.86,1.23,0.0,0.0,5,6,0.83,0.75,0.03,0.63,medium
wf_2026_02,xgboost,2026-02-19,3,2026-02-19 11:00:00+00:00,2026-02-19 12:00:00+00:00,1,0.26,increase,11.71,465550.19,12,2,24,7,0.13,44.56,0.03,-35.7,1.2,2,6,0.33,0.5,0.0,0.34,low
wf_2026_02,xgboost,2026-02-19,4,2026-02-19 12:00:00+00:00,2026-02-19 13:00:00+00:00,1,0.26,increase,11.86,472560.4,11,3,24,2,0.02,34.0,0.14,-25.14,1.09,4,6,0.67,0.25,0.05,0.36,low
wf_2026_02,xgboost,2026-02-19,5,2026-02-19 13:00:00+00:00,2026-02-19 14:00:00+00:00,1,0.3,increase,12.19,482251.4,10,6,24,4,0.09,35.74,0.33,-26.88,0.9,5,6,0.83,0.0,0.03,0.3,low
wf_2026_02,xgboost,2026-02-20,1,2026-02-20 12:00:00+00:00,2026-02-20 13:00:00+00:00,1,0.02,decrease,11.38,452406.61,2,1,24,1,0.0,0.96,0.05,17.82,1.69,6,6,1.0,1.0,0.02,0.8,high
wf_2026_02,xgboost,2026-02-20,2,2026-02-20 13:00:00+00:00,2026-02-20 14:00:00+00:00,1,0.04,decrease,11.64,464666.7,1,3,24,3,0.17,12.17,0.33,6.61,1.41,6,6,1.0,0.75,0.13,0.71,medium
wf_2026_02,xgboost,2026-02-20,3,2026-02-20 11:00:00+00:00,2026-02-20 12:00:00+00:00,1,0.17,decrease,11.4,451095.49,8,2,24,2,0.02,9.94,0.0,8.84,1.74,5,6,0.83,0.5,0.11,0.54,medium
wf_2026_02,xgboost,2026-02-20,4,2026-02-20 23:00:00+00:00,2026-02-21 00:00:00+00:00,1,0.28,increase,11.86,444250.29,10,5,24,6,0.3,12.14,0.76,6.64,0.98,5,6,0.83,0.25,0.02,0.41,low
wf_2026_02,xgboost,2026-02-20,5,2026-02-20 14:00:00+00:00,2026-02-20 15:00:00+00:00,1,0.3,decrease,11.87,456638.8,9,7,24,4,0.2,11.03,0.58,7.75,1.15,3,6,0.5,0.0,0.04,0.18,low
wf_2026_02,xgboost,2026-02-21,1,2026-02-21 10:00:00+00:00,2026-02-21 11:00:00+00:00,1,0.09,decrease,11.91,444002.11,5,1,24,2,0.13,0.02,0.56,22.95,-0.46,5,6,0.83,1.0,0.14,0.77,high
wf_2026_02,xgboost,2026-02-21,2,2026-02-21 09:00:00+00:00,2026-02-21 10:00:00+00:00,1,0.2,decrease,11.93,445928.6,8,3,24,5,0.17,2.91,0.57,20.06,-0.47,4,6,0.67,0.75,0.03,0.58,medium
wf_2026_02,xgboost,2026-02-21,3,2026-02-21 11:00:00+00:00,2026-02-21 12:00:00+00:00,1,0.22,decrease,12.17,447107.59,4,8,24,1,0.0,0.01,0.44,22.96,-0.34,6,6,1.0,0.5,0.03,0.58,medium
wf_2026_02,xgboost,2026-02-21,4,2026-02-21 12:00:00+00:00,2026-02-21 13:00:00+00:00,1,0.24,decrease,12.3,448003.59,3,10,24,4,0.15,0.01,0.82,22.96,-0.72,4,6,0.67,0.25,0.11,0.37,low
wf_2026_02,xgboost,2026-02-21,5,2026-02-21 01:00:00+00:00,2026-02-21 02:00:00+00:00,1,0.33,decrease,11.92,441743.79,15,2,24,3,0.15,11.25,0.31,11.72,-0.21,5,6,0.83,0.0,0.0,0.29,low
wf_2026_02,xgboost,2026-02-22,1,2026-02-22 14:00:00+00:00,2026-02-22 15:00:00+00:00,1,0.2,increase,12.75,432538.79,3,8,24,12,0.37,0.01,1.75,11.08,-0.31,1,6,0.17,1.0,0.03,0.51,medium
wf_2026_02,xgboost,2026-02-22,2,2026-02-22 09:00:00+00:00,2026-02-22 10:00:00+00:00,1,0.22,increase,12.33,441281.02,6,6,24,14,0.41,0.01,1.7,11.07,-0.26,6,6,1.0,0.75,0.0,0.69,medium
wf_2026_02,xgboost,2026-02-22,3,2026-02-22 10:00:00+00:00,2026-02-22 11:00:00+00:00,1,0.22,decrease,13.0,438169.7,1,11,24,6,0.28,0.01,1.66,11.07,-0.21,6,6,1.0,0.5,0.12,0.6,medium
wf_2026_02,xgboost,2026-02-22,4,2026-02-22 00:00:00+00:00,2026-02-22 01:00:00+00:00,1,0.3,decrease,12.55,444415.9,9,7,24,15,0.43,11.08,1.44,0.0,0.0,5,6,0.83,0.25,0.0,0.4,low
wf_2026_02,xgboost,2026-02-22,5,2026-02-22 12:00:00+00:00,2026-02-22 13:00:00+00:00,1,0.3,increase,13.01,442821.61,4,12,24,1,0.0,0.0,1.24,11.08,0.21,5,6,0.83,0.0,0.03,0.3,low
wf_2026_02,xgboost,2026-02-23,1,2026-02-23 12:00:00+00:00,2026-02-23 13:00:00+00:00,1,0.02,increase,11.53,443343.91,1,2,24,1,0.0,0.0,0.0,13.94,1.56,6,6,1.0,1.0,0.07,0.81,high
wf_2026_02,xgboost,2026-02-23,2,2026-02-23 13:00:00+00:00,2026-02-23 14:00:00+00:00,1,0.09,increase,11.54,443399.4,3,3,24,2,0.07,0.0,0.11,13.94,1.45,6,6,1.0,0.75,0.04,0.7,medium
wf_2026_02,xgboost,2026-02-23,3,2026-02-23 11:00:00+00:00,2026-02-23 12:00:00+00:00,1,0.13,increase,11.7,449040.7,2,6,24,3,0.11,0.0,0.24,13.93,1.32,6,6,1.0,0.5,0.02,0.58,medium
wf_2026_02,xgboost,2026-02-23,4,2026-02-23 09:00:00+00:00,2026-02-23 10:00:00+00:00,1,0.15,increase,11.42,442175.49,8,1,24,6,0.3,5.34,0.71,8.6,0.84,3,6,0.5,0.25,0.0,0.29,low
wf_2026_02,xgboost,2026-02-23,5,2026-02-23 10:00:00+00:00,2026-02-23 11:00:00+00:00,1,0.15,increase,11.56,440482.59,5,4,24,5,0.22,0.01,0.59,13.93,0.97,4,6,0.67,0.0,0.04,0.24,low
wf_2026_02,xgboost,2026-02-24,1,2026-02-24 10:00:00+00:00,2026-02-24 11:00:00+00:00,1,0.04,increase,12.88,483656.29,1,3,24,5,0.28,7.75,0.72,9.91,-0.25,6,6,1.0,1.0,0.0,0.8,high
wf_2026_02,xgboost,2026-02-24,2,2026-02-24 11:00:00+00:00,2026-02-24 12:00:00+00:00,1,0.04,increase,12.83,486844.81,3,1,24,4,0.26,9.5,0.44,8.15,0.04,6,6,1.0,0.75,0.05,0.7,medium
wf_2026_02,xgboost,2026-02-24,3,2026-02-24 12:00:00+00:00,2026-02-24 13:00:00+00:00,1,0.09,increase,12.87,488806.29,4,2,24,1,0.0,0.0,0.28,17.66,0.2,5,6,0.83,0.5,0.1,0.54,medium
wf_2026_02,xgboost,2026-02-24,4,2026-02-24 13:00:00+00:00,2026-02-24 14:00:00+00:00,1,0.17,increase,13.1,487226.11,2,8,24,3,0.07,0.26,0.37,17.4,0.1,5,6,0.83,0.25,0.12,0.43,low
wf_2026_02,xgboost,2026-02-24,5,2026-02-24 00:00:00+00:00,2026-02-24 01:00:00+00:00,1,0.28,increase,12.93,453290.51,11,4,24,12,0.43,17.66,0.47,0.0,0.0,4,6,0.67,0.0,0.03,0.24,low
wf_2026_02,xgboost,2026-02-25,1,2026-02-25 12:00:00+00:00,2026-02-25 13:00:00+00:00,1,0.04,decrease,11.92,459569.6,1,3,24,2,0.04,0.0,0.15,14.55,2.03,6,6,1.0,1.0,0.02,0.8,high
wf_2026_02,xgboost,2026-02-25,2,2026-02-25 11:00:00+00:00,2026-02-25 12:00:00+00:00,1,0.07,decrease,11.84,456990.99,3,2,24,1,0.0,0.0,0.0,14.55,2.18,6,6,1.0,0.75,0.05,0.7,medium
wf_2026_02,xgboost,2026-02-25,3,2026-02-25 13:00:00+00:00,2026-02-25 14:00:00+00:00,1,0.11,decrease,12.08,462175.71,2,5,24,3,0.07,0.0,0.56,14.56,1.61,6,6,1.0,0.5,0.05,0.58,medium
wf_2026_02,xgboost,2026-02-25,4,2026-02-25 10:00:00+00:00,2026-02-25 11:00:00+00:00,1,0.15,decrease,11.62,453244.69,8,1,24,4,0.11,0.53,0.26,14.02,1.92,6,6,1.0,0.25,0.05,0.47,low
wf_2026_02,xgboost,2026-02-25,5,2026-02-25 14:00:00+00:00,2026-02-25 15:00:00+00:00,1,0.2,decrease,12.58,456569.59,4,7,24,5,0.2,0.05,0.92,14.5,1.26,5,6,0.83,0.0,0.09,0.31,low
wf_2026_02,xgboost,2026-02-26,1,2026-02-26 11:00:00+00:00,2026-02-26 12:00:00+00:00,1,0.07,decrease,11.63,437335.3,1,4,24,3,0.02,0.02,0.27,23.03,1.61,6,6,1.0,1.0,0.08,0.82,high
wf_2026_02,xgboost,2026-02-26,2,2026-02-26 09:00:00+00:00,2026-02-26 10:00:00+00:00,1,0.13,decrease,11.38,434500.0,6,2,24,5,0.15,17.34,0.24,5.71,1.64,4,6,0.67,0.75,0.03,0.58,medium
wf_2026_02,xgboost,2026-02-26,3,2026-02-26 10:00:00+00:00,2026-02-26 11:00:00+00:00,1,0.15,increase,11.27,431159.0,8,1,24,1,0.0,0.01,0.33,23.04,1.56,6,6,1.0,0.5,0.0,0.57,medium
wf_2026_02,xgboost,2026-02-26,4,2026-02-26 12:00:00+00:00,2026-02-26 13:00:00+00:00,1,0.15,decrease,11.95,443468.19,2,7,24,2,0.0,0.0,0.55,23.05,1.33,6,6,1.0,0.25,0.14,0.49,low
wf_2026_02,xgboost,2026-02-26,5,2026-02-26 13:00:00+00:00,2026-02-26 14:00:00+00:00,1,0.26,increase,12.16,436806.2,3,11,24,4,0.07,0.0,0.6,23.04,1.28,3,6,0.5,0.0,0.05,0.19,low
wf_2026_02,xgboost,2026-02-27,1,2026-02-27 09:00:00+00:00,2026-02-27 10:00:00+00:00,1,0.13,decrease,11.46,449929.8,7,1,24,3,0.09,2.91,0.26,7.75,0.56,6,6,1.0,1.0,0.0,0.8,high
wf_2026_02,xgboost,2026-02-27,2,2026-02-27 10:00:00+00:00,2026-02-27 11:00:00+00:00,1,0.13,increase,11.6,439635.0,5,3,24,1,0.0,0.01,0.24,10.65,0.58,6,6,1.0,0.75,0.0,0.69,medium
wf_2026_02,xgboost,2026-02-27,3,2026-02-27 11:00:00+00:00,2026-02-27 12:00:00+00:00,1,0.13,decrease,11.89,448984.2,3,5,24,2,0.04,0.0,0.59,10.66,0.22,6,6,1.0,0.5,0.05,0.59,medium
wf_2026_02,xgboost,2026-02-27,4,2026-02-27 12:00:00+00:00,2026-02-27 13:00:00+00:00,1,0.17,decrease,12.39,444527.6,1,9,24,6,0.15,0.0,1.01,10.66,-0.19,5,6,0.83,0.25,0.16,0.44,low
wf_2026_02,xgboost,2026-02-27,5,2026-02-27 00:00:00+00:00,2026-02-27 01:00:00+00:00,1,0.3,decrease,12.4,428742.9,6,10,24,10,0.28,10.66,0.81,0.0,0.0,5,6,0.83,0.0,0.03,0.3,low
wf_2026_02,xgboost,2026-02-28,1,2026-02-28 10:00:00+00:00,2026-02-28 11:00:00+00:00,1,0.04,decrease,12.63,443363.61,3,1,24,1,0.0,0.0,0.34,6.81,-0.19,6,6,1.0,1.0,0.05,0.81,high
wf_2026_02,xgboost,2026-02-28,2,2026-02-28 11:00:00+00:00,2026-02-28 12:00:00+00:00,1,0.09,decrease,13.31,449881.3,2,4,24,4,0.15,0.01,0.77,6.8,-0.63,6,6,1.0,0.75,0.08,0.7,medium
wf_2026_02,xgboost,2026-02-28,3,2026-02-28 09:00:00+00:00,2026-02-28 10:00:00+00:00,1,0.15,decrease,13.08,445198.0,6,3,24,2,0.04,0.02,0.0,6.79,0.15,6,6,1.0,0.5,0.0,0.57,medium
wf_2026_02,xgboost,2026-02-28,4,2026-02-28 12:00:00+00:00,2026-02-28 13:00:00+00:00,1,0.15,decrease,13.86,448815.2,1,8,24,7,0.28,0.01,1.06,6.8,-0.91,4,6,0.67,0.25,0.15,0.38,low
wf_2026_02,xgboost,2026-02-28,5,2026-02-28 08:00:00+00:00,2026-02-28 09:00:00+00:00,1,0.28,decrease,13.64,456353.3,9,6,24,3,0.13,1.79,0.42,5.02,-0.28,5,6,0.83,0.0,0.0,0.29,low
wf_2026_03,hist_gradient_boosting,2026-03-01,1,2026-03-01 10:00:00+00:00,2026-03-01 11:00:00+00:00,1,0.09,unknown,13.02,438321.7,4,2,24,2,0.02,0.76,0.73,32.47,0.49,6,6,1.0,1.0,0.13,0.83,high
wf_2026_03,hist_gradient_boosting,2026-03-01,2,2026-03-01 09:00:00+00:00,2026-03-01 10:00:00+00:00,1,0.2,unknown,13.19,442331.8,6,5,24,1,0.0,0.79,0.47,32.45,0.74,6,6,1.0,0.75,0.0,0.69,medium
wf_2026_03,hist_gradient_boosting,2026-03-01,3,2026-03-01 11:00:00+00:00,2026-03-01 12:00:00+00:00,1,0.2,unknown,13.46,439996.0,3,8,24,3,0.07,0.42,0.85,32.81,0.36,6,6,1.0,0.5,0.0,0.57,medium
wf_2026_03,hist_gradient_boosting,2026-03-01,4,2026-03-01 12:00:00+00:00,2026-03-01 13:00:00+00:00,1,0.2,unknown,14.0,439445.0,1,10,24,4,0.07,0.0,0.94,33.24,0.27,4,6,0.67,0.25,0.1,0.37,low
wf_2026_03,hist_gradient_boosting,2026-03-01,5,2026-03-01 23:00:00+00:00,2026-03-02 00:00:00+00:00,1,0.28,unknown,13.41,428770.7,9,6,24,6,0.13,16.66,0.66,16.57,0.55,2,6,0.33,0.0,0.03,0.12,low
wf_2026_03,hist_gradient_boosting,2026-03-02,1,2026-03-02 10:00:00+00:00,2026-03-02 11:00:00+00:00,1,0.09,increase,11.9,443177.5,4,2,24,1,0.0,6.28,0.08,2.6,1.81,6,6,1.0,1.0,0.02,0.8,high
wf_2026_03,hist_gradient_boosting,2026-03-02,2,2026-03-02 11:00:00+00:00,2026-03-02 12:00:00+00:00,1,0.11,increase,12.08,443832.2,3,4,24,3,0.02,4.8,0.22,4.08,1.67,6,6,1.0,0.75,0.0,0.69,medium
wf_2026_03,hist_gradient_boosting,2026-03-02,3,2026-03-02 12:00:00+00:00,2026-03-02 13:00:00+00:00,1,0.11,increase,12.42,445977.5,2,5,24,2,0.0,0.0,0.58,8.88,1.31,6,6,1.0,0.5,0.05,0.58,medium
wf_2026_03,hist_gradient_boosting,2026-03-02,4,2026-03-02 13:00:00+00:00,2026-03-02 14:00:00+00:00,1,0.15,increase,13.14,466138.0,1,8,24,4,0.07,4.42,0.78,4.45,1.1,5,6,0.83,0.25,0.05,0.41,low
wf_2026_03,hist_gradient_boosting,2026-03-02,5,2026-03-02 09:00:00+00:00,2026-03-02 10:00:00+00:00,1,0.2,increase,11.83,445367.2,10,1,24,5,0.09,7.87,0.19,1.0,1.7,5,6,0.83,0.0,0.05,0.3,low
wf_2026_03,hist_gradient_boosting,2026-03-03,1,2026-03-03 13:00:00+00:00,2026-03-03 14:00:00+00:00,1,0.0,increase,13.19,466620.0,1,1,24,2,0.07,6.2,0.45,42.18,2.01,6,6,1.0,1.0,0.07,0.81,high
wf_2026_03,hist_gradient_boosting,2026-03-03,2,2026-03-03 14:00:00+00:00,2026-03-03 15:00:00+00:00,1,0.07,increase,14.14,483477.4,3,2,24,3,0.11,23.24,0.29,25.14,2.17,5,6,0.83,0.75,0.11,0.65,medium
wf_2026_03,hist_gradient_boosting,2026-03-03,3,2026-03-03 12:00:00+00:00,2026-03-03 13:00:00+00:00,1,0.17,increase,14.93,534901.2,4,6,24,1,0.0,0.0,0.0,48.38,2.46,6,6,1.0,0.5,0.05,0.58,medium
wf_2026_03,hist_gradient_boosting,2026-03-03,4,2026-03-03 11:00:00+00:00,2026-03-03 12:00:00+00:00,1,0.22,increase,16.81,599774.7,2,10,24,4,0.17,19.62,2.06,28.76,0.39,3,6,0.5,0.25,0.0,0.29,low
wf_2026_03,hist_gradient_boosting,2026-03-03,5,2026-03-03 15:00:00+00:00,2026-03-03 16:00:00+00:00,1,0.22,increase,14.82,487770.8,8,4,24,5,0.24,33.09,1.26,15.29,1.19,3,6,0.5,0.0,0.02,0.18,low
wf_2026_03,hist_gradient_boosting,2026-03-04,1,2026-03-04 13:00:00+00:00,2026-03-04 14:00:00+00:00,1,0.07,decrease,13.06,486136.8,1,4,24,2,0.04,3.93,0.36,41.34,4.22,6,6,1.0,1.0,0.02,0.8,high
wf_2026_03,hist_gradient_boosting,2026-03-04,2,2026-03-04 12:00:00+00:00,2026-03-04 13:00:00+00:00,1,0.09,increase,13.05,488416.8,3,3,24,1,0.0,0.0,0.22,45.28,4.36,6,6,1.0,0.75,0.05,0.7,medium
wf_2026_03,hist_gradient_boosting,2026-03-04,3,2026-03-04 14:00:00+00:00,2026-03-04 15:00:00+00:00,1,0.13,decrease,13.4,489185.3,2,6,24,4,0.15,15.63,0.83,29.65,3.75,6,6,1.0,0.5,0.05,0.58,medium
wf_2026_03,hist_gradient_boosting,2026-03-04,4,2026-03-04 11:00:00+00:00,2026-03-04 12:00:00+00:00,1,0.17,increase,13.19,493038.3,5,5,24,3,0.13,19.11,0.45,26.16,4.13,6,6,1.0,0.25,0.05,0.47,low
wf_2026_03,hist_gradient_boosting,2026-03-04,5,2026-03-04 15:00:00+00:00,2026-03-04 16:00:00+00:00,1,0.22,decrease,14.47,505249.6,4,8,24,6,0.26,30.52,1.31,14.75,3.27,6,6,1.0,0.0,0.09,0.37,low
wf_2026_03,hist_gradient_boosting,2026-03-05,1,2026-03-05 11:00:00+00:00,2026-03-05 12:00:00+00:00,1,0.07,decrease,11.64,433793.4,3,2,24,2,0.0,0.43,0.57,82.12,0.89,6,6,1.0,1.0,0.0,0.8,high
wf_2026_03,hist_gradient_boosting,2026-03-05,2,2026-03-05 12:00:00+00:00,2026-03-05 13:00:00+00:00,1,0.07,decrease,12.18,437625.2,1,4,24,4,0.04,0.0,0.69,82.55,0.78,6,6,1.0,0.75,0.07,0.7,medium
wf_2026_03,hist_gradient_boosting,2026-03-05,3,2026-03-05 10:00:00+00:00,2026-03-05 11:00:00+00:00,1,0.13,increase,11.85,439073.9,5,3,24,1,0.0,23.77,0.15,58.78,1.31,6,6,1.0,0.5,0.0,0.57,medium
wf_2026_03,hist_gradient_boosting,2026-03-05,4,2026-03-05 13:00:00+00:00,2026-03-05 14:00:00+00:00,1,0.13,decrease,12.52,447865.7,2,6,24,5,0.07,30.1,0.64,52.45,0.82,6,6,1.0,0.25,0.05,0.47,low
wf_2026_03,hist_gradient_boosting,2026-03-05,5,2026-03-05 09:00:00+00:00,2026-03-05 10:00:00+00:00,1,0.17,increase,11.56,439228.8,9,1,24,3,0.04,59.67,0.0,22.88,1.46,2,6,0.33,0.0,0.02,0.12,low
wf_2026_03,hist_gradient_boosting,2026-03-06,1,2026-03-06 09:00:00+00:00,2026-03-06 10:00:00+00:00,1,0.04,decrease,12.76,449504.9,2,2,24,5,0.07,26.21,0.0,-2.98,1.5,6,6,1.0,1.0,0.11,0.82,high
wf_2026_03,hist_gradient_boosting,2026-03-06,2,2026-03-06 13:00:00+00:00,2026-03-06 14:00:00+00:00,1,0.15,increase,13.61,456308.9,3,6,24,2,0.02,13.02,1.07,10.21,0.42,5,6,0.83,0.75,0.02,0.63,medium
wf_2026_03,hist_gradient_boosting,2026-03-06,3,2026-03-06 10:00:00+00:00,2026-03-06 11:00:00+00:00,1,0.17,increase,12.74,445103.8,9,1,24,9,0.15,29.17,0.41,-5.94,1.08,6,6,1.0,0.5,0.0,0.57,medium
wf_2026_03,hist_gradient_boosting,2026-03-06,4,2026-03-06 12:00:00+00:00,2026-03-06 13:00:00+00:00,1,0.17,increase,13.26,454317.7,6,4,24,1,0.0,13.2,0.68,10.03,0.81,6,6,1.0,0.25,0.07,0.48,low
wf_2026_03,hist_gradient_boosting,2026-03-06,5,2026-03-06 11:00:00+00:00,2026-03-06 12:00:00+00:00,1,0.24,increase,13.05,448658.4,10,3,24,4,0.04,21.42,0.54,1.81,0.96,6,6,1.0,0.0,0.05,0.36,low
wf_2026_03,hist_gradient_boosting,2026-03-07,1,2026-03-07 11:00:00+00:00,2026-03-07 12:00:00+00:00,1,0.04,decrease,13.12,439675.3,3,1,24,3,0.09,14.7,0.29,55.66,0.53,6,6,1.0,1.0,0.1,0.82,high
wf_2026_03,hist_gradient_boosting,2026-03-07,2,2026-03-07 10:00:00+00:00,2026-03-07 11:00:00+00:00,1,0.13,decrease,13.29,444963.1,6,2,24,1,0.0,27.3,0.0,43.06,0.82,5,6,0.83,0.75,0.02,0.63,medium
wf_2026_03,hist_gradient_boosting,2026-03-07,3,2026-03-07 12:00:00+00:00,2026-03-07 13:00:00+00:00,1,0.15,decrease,13.65,449438.5,2,7,24,2,0.02,0.0,0.22,70.36,0.59,6,6,1.0,0.5,0.0,0.57,medium
wf_2026_03,hist_gradient_boosting,2026-03-07,4,2026-03-07 13:00:00+00:00,2026-03-07 14:00:00+00:00,1,0.15,decrease,13.89,451537.8,1,8,24,4,0.09,17.06,0.29,53.3,0.53,6,6,1.0,0.25,0.02,0.47,low
wf_2026_03,hist_gradient_boosting,2026-03-07,5,2026-03-07 09:00:00+00:00,2026-03-07 10:00:00+00:00,1,0.17,decrease,13.46,449698.6,5,5,24,5,0.13,43.48,0.16,26.88,0.66,5,6,0.83,0.0,0.14,0.32,low
wf_2026_03,hist_gradient_boosting,2026-03-08,1,2026-03-08 11:00:00+00:00,2026-03-08 12:00:00+00:00,1,0.04,decrease,13.48,453880.6,3,1,24,2,0.0,10.5,0.09,87.18,1.77,6,6,1.0,1.0,0.05,0.81,high
wf_2026_03,hist_gradient_boosting,2026-03-08,2,2026-03-08 12:00:00+00:00,2026-03-08 13:00:00+00:00,1,0.09,increase,13.75,454476.3,2,4,24,3,0.04,0.0,0.82,97.69,1.04,6,6,1.0,0.75,0.05,0.7,medium
wf_2026_03,hist_gradient_boosting,2026-03-08,3,2026-03-08 10:00:00+00:00,2026-03-08 11:00:00+00:00,1,0.13,increase,13.53,452608.6,5,3,24,1,0.0,21.63,0.0,76.06,1.86,6,6,1.0,0.5,0.0,0.57,medium
wf_2026_03,hist_gradient_boosting,2026-03-08,4,2026-03-08 13:00:00+00:00,2026-03-08 14:00:00+00:00,1,0.13,decrease,14.85,456333.6,1,7,24,5,0.13,6.6,1.18,91.09,0.68,5,6,0.83,0.25,0.02,0.41,low
wf_2026_03,hist_gradient_boosting,2026-03-08,5,2026-03-08 09:00:00+00:00,2026-03-08 10:00:00+00:00,1,0.15,increase,13.49,441725.5,7,2,24,4,0.11,37.55,0.28,60.14,1.58,6,6,1.0,0.0,0.09,0.37,low
wf_2026_03,hist_gradient_boosting,2026-03-09,1,2026-03-09 12:00:00+00:00,2026-03-09 13:00:00+00:00,1,0.02,increase,13.03,457592.9,1,2,24,1,0.0,0.0,0.01,29.8,1.38,6,6,1.0,1.0,0.05,0.81,high
wf_2026_03,hist_gradient_boosting,2026-03-09,2,2026-03-09 13:00:00+00:00,2026-03-09 14:00:00+00:00,1,0.07,increase,13.24,460577.2,2,3,24,3,0.09,2.03,0.2,27.77,1.19,6,6,1.0,0.75,0.02,0.69,medium
wf_2026_03,hist_gradient_boosting,2026-03-09,3,2026-03-09 11:00:00+00:00,2026-03-09 12:00:00+00:00,1,0.09,increase,12.86,454482.8,5,1,24,2,0.07,3.85,0.0,25.95,1.39,6,6,1.0,0.5,0.02,0.58,medium
wf_2026_03,hist_gradient_boosting,2026-03-09,4,2026-03-09 14:00:00+00:00,2026-03-09 15:00:00+00:00,1,0.11,increase,13.51,464876.6,3,4,24,5,0.17,13.01,0.56,16.79,0.83,5,6,0.83,0.25,0.16,0.44,low
wf_2026_03,hist_gradient_boosting,2026-03-09,5,2026-03-09 03:00:00+00:00,2026-03-09 04:00:00+00:00,1,0.26,increase,15.19,456984.2,4,10,24,8,0.3,2.19,2.25,27.61,-0.86,4,6,0.67,0.0,0.0,0.23,low
wf_2026_03,hist_gradient_boosting,2026-03-10,1,2026-03-10 12:00:00+00:00,2026-03-10 13:00:00+00:00,1,0.04,increase,13.37,474457.0,3,1,24,1,0.0,80.24,0.02,33.1,3.23,6,6,1.0,1.0,0.0,0.8,high
wf_2026_03,hist_gradient_boosting,2026-03-10,2,2026-03-10 13:00:00+00:00,2026-03-10 14:00:00+00:00,1,0.04,increase,13.4,478792.7,2,2,24,2,0.0,80.84,0.0,32.51,3.25,6,6,1.0,0.75,0.05,0.7,medium
wf_2026_03,hist_gradient_boosting,2026-03-10,3,2026-03-10 23:00:00+00:00,2026-03-11 00:00:00+00:00,1,0.09,decrease,14.38,493556.9,1,5,24,3,0.0,0.0,0.16,113.35,3.08,5,6,0.83,0.5,0.05,0.53,medium
wf_2026_03,hist_gradient_boosting,2026-03-10,4,2026-03-10 11:00:00+00:00,2026-03-10 12:00:00+00:00,1,0.13,increase,13.47,478496.1,5,3,24,5,0.13,84.08,0.35,29.27,2.9,6,6,1.0,0.25,0.0,0.46,low
wf_2026_03,hist_gradient_boosting,2026-03-10,5,2026-03-10 14:00:00+00:00,2026-03-10 15:00:00+00:00,1,0.13,decrease,13.62,484544.4,4,4,24,4,0.09,84.52,0.16,28.83,3.08,6,6,1.0,0.0,0.09,0.37,low
wf_2026_03,hist_gradient_boosting,2026-03-11,1,2026-03-11 12:00:00+00:00,2026-03-11 13:00:00+00:00,1,0.15,decrease,12.05,439142.0,4,5,24,4,0.09,22.82,0.26,11.15,1.55,6,6,1.0,1.0,0.03,0.81,high
wf_2026_03,hist_gradient_boosting,2026-03-11,2,2026-03-11 10:00:00+00:00,2026-03-11 11:00:00+00:00,1,0.17,decrease,11.51,432584.0,8,2,24,1,0.0,19.82,0.05,14.15,1.76,5,6,0.83,0.75,0.0,0.63,medium
wf_2026_03,hist_gradient_boosting,2026-03-11,3,2026-03-11 11:00:00+00:00,2026-03-11 12:00:00+00:00,1,0.17,decrease,11.76,434774.2,6,4,24,2,0.0,15.21,0.22,18.76,1.59,6,6,1.0,0.5,0.08,0.59,medium
wf_2026_03,hist_gradient_boosting,2026-03-11,4,2026-03-11 00:00:00+00:00,2026-03-11 01:00:00+00:00,1,0.24,decrease,12.94,434641.1,3,10,24,16,0.39,33.98,1.81,0.0,0.0,2,6,0.33,0.25,0.0,0.23,low
wf_2026_03,hist_gradient_boosting,2026-03-11,5,2026-03-11 09:00:00+00:00,2026-03-11 10:00:00+00:00,1,0.24,decrease,11.35,435011.3,12,1,24,3,0.04,32.3,0.0,1.67,1.81,4,6,0.67,0.0,0.11,0.25,low
wf_2026_03,hist_gradient_boosting,2026-03-12,1,2026-03-12 10:00:00+00:00,2026-03-12 11:00:00+00:00,1,0.15,decrease,12.03,450927.4,4,5,24,1,0.0,0.01,0.63,84.53,1.0,6,6,1.0,1.0,0.0,0.8,high
wf_2026_03,hist_gradient_boosting,2026-03-12,2,2026-03-12 11:00:00+00:00,2026-03-12 12:00:00+00:00,1,0.15,decrease,12.25,457421.2,1,8,24,4,0.04,0.0,0.82,84.54,0.81,6,6,1.0,0.75,0.0,0.69,medium
wf_2026_03,hist_gradient_boosting,2026-03-12,3,2026-03-12 23:00:00+00:00,2026-03-13 00:00:00+00:00,1,0.15,decrease,11.86,428178.7,7,2,24,8,0.09,9.61,0.75,74.93,0.88,5,6,0.83,0.5,0.06,0.53,medium
wf_2026_03,hist_gradient_boosting,2026-03-12,4,2026-03-12 22:00:00+00:00,2026-03-12 23:00:00+00:00,1,0.2,decrease,11.69,434878.3,10,1,24,6,0.04,25.81,0.35,58.73,1.28,5,6,0.83,0.25,0.03,0.41,low
wf_2026_03,hist_gradient_boosting,2026-03-12,5,2026-03-12 12:00:00+00:00,2026-03-12 13:00:00+00:00,1,0.22,decrease,12.71,459795.5,2,10,24,5,0.04,0.0,1.17,84.54,0.47,6,6,1.0,0.0,0.12,0.37,low
wf_2026_03,hist_gradient_boosting,2026-03-13,1,2026-03-13 10:00:00+00:00,2026-03-13 11:00:00+00:00,1,0.0,increase,11.45,435612.7,1,1,24,1,0.0,4.4,0.0,4.7,1.86,6,6,1.0,1.0,0.04,0.81,high
wf_2026_03,hist_gradient_boosting,2026-03-13,2,2026-03-13 11:00:00+00:00,2026-03-13 12:00:00+00:00,1,0.04,increase,11.45,425630.8,2,2,24,4,0.17,17.3,0.08,-8.2,1.79,6,6,1.0,0.75,0.11,0.71,medium
wf_2026_03,hist_gradient_boosting,2026-03-13,3,2026-03-13 09:00:00+00:00,2026-03-13 10:00:00+00:00,1,0.15,decrease,11.78,451301.2,5,4,24,2,0.04,3.81,0.31,5.28,1.56,5,6,0.83,0.5,0.0,0.52,medium
wf_2026_03,hist_gradient_boosting,2026-03-13,4,2026-03-13 13:00:00+00:00,2026-03-13 14:00:00+00:00,1,0.15,increase,12.03,433086.1,3,6,24,5,0.17,11.22,0.57,-2.13,1.3,5,6,0.83,0.25,0.09,0.42,low
wf_2026_03,hist_gradient_boosting,2026-03-13,5,2026-03-13 12:00:00+00:00,2026-03-13 13:00:00+00:00,1,0.24,increase,11.74,433317.9,10,3,24,3,0.07,4.92,0.3,4.17,1.56,6,6,1.0,0.0,0.09,0.37,low
wf_2026_03,hist_gradient_boosting,2026-03-14,1,2026-03-14 11:00:00+00:00,2026-03-14 12:00:00+00:00,1,0.0,increase,12.56,441532.1,1,1,24,2,0.13,26.61,0.0,21.98,1.42,6,6,1.0,1.0,0.13,0.83,high
wf_2026_03,hist_gradient_boosting,2026-03-14,2,2026-03-14 15:00:00+00:00,2026-03-14 16:00:00+00:00,1,0.13,increase,13.63,464702.2,3,5,24,7,0.33,14.19,1.54,34.4,-0.12,5,6,0.83,0.75,0.02,0.63,medium
wf_2026_03,hist_gradient_boosting,2026-03-14,3,2026-03-14 12:00:00+00:00,2026-03-14 13:00:00+00:00,1,0.15,increase,12.63,445082.3,7,2,24,3,0.13,6.82,1.16,41.77,0.26,6,6,1.0,0.5,0.04,0.58,medium
wf_2026_03,hist_gradient_boosting,2026-03-14,4,2026-03-14 13:00:00+00:00,2026-03-14 14:00:00+00:00,1,0.2,increase,13.92,488169.9,2,9,24,8,0.35,7.77,1.86,40.82,-0.44,4,6,0.67,0.25,0.02,0.35,low
wf_2026_03,hist_gradient_boosting,2026-03-14,5,2026-03-14 10:00:00+00:00,2026-03-14 11:00:00+00:00,1,0.22,increase,12.85,440903.2,9,3,24,4,0.15,14.74,0.2,33.85,1.22,6,6,1.0,0.0,0.09,0.37,low
wf_2026_03,hist_gradient_boosting,2026-03-15,1,2026-03-15 10:00:00+00:00,2026-03-15 11:00:00+00:00,1,0.0,decrease,11.98,432329.4,1,1,24,2,0.02,7.0,0.03,128.11,5.76,6,6,1.0,1.0,0.11,0.82,high
wf_2026_03,hist_gradient_boosting,2026-03-15,2,2026-03-15 11:00:00+00:00,2026-03-15 12:00:00+00:00,1,0.11,decrease,12.38,440132.7,4,3,24,3,0.02,8.48,0.0,126.62,5.79,6,6,1.0,0.75,0.0,0.69,medium
wf_2026_03,hist_gradient_boosting,2026-03-15,3,2026-03-15 12:00:00+00:00,2026-03-15 13:00:00+00:00,1,0.11,decrease,12.91,446153.9,2,5,24,1,0.0,1.92,0.17,133.19,5.62,6,6,1.0,0.5,0.09,0.59,medium
wf_2026_03,hist_gradient_boosting,2026-03-15,4,2026-03-15 23:00:00+00:00,2026-03-16 00:00:00+00:00,1,0.2,decrease,12.32,431458.3,9,2,24,8,0.15,22.43,0.54,112.67,5.25,4,6,0.67,0.25,0.0,0.35,low
wf_2026_03,hist_gradient_boosting,2026-03-15,5,2026-03-15 13:00:00+00:00,2026-03-15 14:00:00+00:00,1,0.2,decrease,13.34,448787.8,3,8,24,4,0.02,0.0,0.74,135.1,5.06,4,6,0.67,0.0,0.02,0.24,low
wf_2026_03,hist_gradient_boosting,2026-03-16,1,2026-03-16 13:00:00+00:00,2026-03-16 14:00:00+00:00,1,0.04,increase,12.17,448760.6,1,3,24,4,0.11,6.96,0.49,7.84,0.88,6,6,1.0,1.0,0.05,0.81,high
wf_2026_03,hist_gradient_boosting,2026-03-16,2,2026-03-16 11:00:00+00:00,2026-03-16 12:00:00+00:00,1,0.09,increase,11.69,442159.6,5,1,24,2,0.07,10.62,0.0,4.19,1.37,6,6,1.0,0.75,0.0,0.69,medium
wf_2026_03,hist_gradient_boosting,2026-03-16,3,2026-03-16 12:00:00+00:00,2026-03-16 13:00:00+00:00,1,0.09,increase,11.86,441306.4,4,2,24,1,0.0,0.0,0.13,14.8,1.24,6,6,1.0,0.5,0.16,0.61,medium
wf_2026_03,hist_gradient_boosting,2026-03-16,4,2026-03-16 02:00:00+00:00,2026-03-16 03:00:00+00:00,1,0.24,decrease,13.54,439752.9,2,11,24,6,0.28,0.68,1.94,14.12,-0.56,4,6,0.67,0.25,0.02,0.35,low
wf_2026_03,hist_gradient_boosting,2026-03-16,5,2026-03-16 10:00:00+00:00,2026-03-16 11:00:00+00:00,1,0.26,increase,12.27,459186.7,10,4,24,3,0.11,13.11,0.05,1.69,1.32,6,6,1.0,0.0,0.02,0.35,low
wf_2026_03,hist_gradient_boosting,2026-03-17,1,2026-03-17 11:00:00+00:00,2026-03-17 12:00:00+00:00,1,0.04,decrease,11.77,432676.9,2,2,24,2,0.02,0.0,0.48,98.21,1.84,6,6,1.0,1.0,0.02,0.8,high
wf_2026_03,hist_gradient_boosting,2026-03-17,2,2026-03-17 10:00:00+00:00,2026-03-17 11:00:00+00:00,1,0.07,decrease,11.32,424988.9,4,1,24,1,0.0,0.01,0.0,98.21,2.32,6,6,1.0,0.75,0.0,0.69,medium
wf_2026_03,hist_gradient_boosting,2026-03-17,3,2026-03-17 12:00:00+00:00,2026-03-17 13:00:00+00:00,1,0.07,decrease,12.36,436838.6,1,4,24,3,0.02,0.0,1.03,98.22,1.29,6,6,1.0,0.5,0.09,0.59,medium
wf_2026_03,hist_gradient_boosting,2026-03-17,4,2026-03-17 13:00:00+00:00,2026-03-17 14:00:00+00:00,1,0.15,decrease,12.96,441104.9,3,6,24,5,0.11,0.0,1.35,98.22,0.97,6,6,1.0,0.25,0.05,0.47,low
wf_2026_03,hist_gradient_boosting,2026-03-17,5,2026-03-17 23:00:00+00:00,2026-03-18 00:00:00+00:00,1,0.2,decrease,12.18,415694.3,8,3,24,6,0.15,37.57,1.01,60.65,1.31,3,6,0.5,0.0,0.05,0.18,low
wf_2026_03,hist_gradient_boosting,2026-03-18,1,2026-03-18 09:00:00+00:00,2026-03-18 10:00:00+00:00,1,0.07,decrease,11.45,437057.2,3,2,24,1,0.0,0.4,0.0,27.81,1.59,6,6,1.0,1.0,0.0,0.8,high
wf_2026_03,hist_gradient_boosting,2026-03-18,2,2026-03-18 10:00:00+00:00,2026-03-18 11:00:00+00:00,1,0.07,decrease,11.24,434977.6,4,1,24,2,0.02,0.39,0.46,27.82,1.13,6,6,1.0,0.75,0.05,0.7,medium
wf_2026_03,hist_gradient_boosting,2026-03-18,3,2026-03-18 11:00:00+00:00,2026-03-18 12:00:00+00:00,1,0.11,decrease,12.0,435890.3,2,5,24,3,0.04,0.0,1.03,28.21,0.57,6,6,1.0,0.5,0.13,0.6,medium
wf_2026_03,hist_gradient_boosting,2026-03-18,4,2026-03-18 08:00:00+00:00,2026-03-18 09:00:00+00:00,1,0.22,decrease,11.63,448934.6,9,3,24,4,0.07,9.78,0.43,18.42,1.16,5,6,0.83,0.25,0.0,0.4,low
wf_2026_03,hist_gradient_boosting,2026-03-18,5,2026-03-18 12:00:00+00:00,2026-03-18 13:00:00+00:00,1,0.22,decrease,12.78,436660.4,1,11,24,6,0.17,0.2,1.16,28.01,0.43,5,6,0.83,0.0,0.18,0.33,low
wf_2026_03,hist_gradient_boosting,2026-03-19,1,2026-03-19 10:00:00+00:00,2026-03-19 11:00:00+00:00,1,0.11,decrease,12.97,479586.9,4,3,24,7,0.35,0.01,1.19,26.4,-0.56,6,6,1.0,1.0,0.12,0.82,high
wf_2026_03,hist_gradient_boosting,2026-03-19,2,2026-03-19 11:00:00+00:00,2026-03-19 12:00:00+00:00,1,0.22,decrease,13.39,487572.7,2,10,24,11,0.43,0.0,1.97,26.41,-1.34,6,6,1.0,0.75,0.05,0.7,medium
wf_2026_03,hist_gradient_boosting,2026-03-19,3,2026-03-19 00:00:00+00:00,2026-03-19 01:00:00+00:00,1,0.26,decrease,12.91,445444.7,12,2,24,5,0.35,26.41,0.63,0.0,0.0,5,6,0.83,0.5,0.05,0.53,medium
wf_2026_03,hist_gradient_boosting,2026-03-19,4,2026-03-19 14:00:00+00:00,2026-03-19 15:00:00+00:00,1,0.3,increase,13.4,445085.9,5,11,24,2,0.04,0.01,0.0,26.4,0.63,4,6,0.67,0.25,0.07,0.36,low
wf_2026_03,hist_gradient_boosting,2026-03-19,5,2026-03-19 01:00:00+00:00,2026-03-19 02:00:00+00:00,1,0.37,decrease,13.34,445526.5,11,8,24,6,0.35,20.62,0.87,5.78,-0.24,4,6,0.67,0.0,0.05,0.24,low
wf_2026_03,hist_gradient_boosting,2026-03-20,1,2026-03-20 11:00:00+00:00,2026-03-20 12:00:00+00:00,1,0.02,increase,12.45,447204.4,1,2,24,3,0.04,2.63,0.01,59.49,2.12,5,6,0.83,1.0,0.05,0.75,high
wf_2026_03,hist_gradient_boosting,2026-03-20,2,2026-03-20 12:00:00+00:00,2026-03-20 13:00:00+00:00,1,0.07,increase,12.87,448816.3,2,3,24,2,0.0,0.0,0.17,62.12,1.97,5,6,0.83,0.75,0.02,0.63,medium
wf_2026_03,hist_gradient_boosting,2026-03-20,3,2026-03-20 10:00:00+00:00,2026-03-20 11:00:00+00:00,1,0.09,increase,12.21,446798.5,5,1,24,1,0.0,2.6,0.0,59.52,2.14,5,6,0.83,0.5,0.07,0.53,medium
wf_2026_03,hist_gradient_boosting,2026-03-20,4,2026-03-20 13:00:00+00:00,2026-03-20 14:00:00+00:00,1,0.15,increase,13.17,450927.9,3,6,24,4,0.04,0.87,0.38,61.25,1.76,6,6,1.0,0.25,0.07,0.48,low
wf_2026_03,hist_gradient_boosting,2026-03-20,5,2026-03-20 14:00:00+00:00,2026-03-20 15:00:00+00:00,1,0.22,increase,13.23,446539.2,4,8,24,6,0.11,1.9,0.95,60.22,1.19,6,6,1.0,0.0,0.11,0.37,low
wf_2026_03,hist_gradient_boosting,2026-03-21,1,2026-03-21 10:00:00+00:00,2026-03-21 11:00:00+00:00,1,0.02,decrease,12.34,437037.2,2,1,24,1,0.0,2.19,0.15,48.75,1.13,6,6,1.0,1.0,0.05,0.81,high
wf_2026_03,hist_gradient_boosting,2026-03-21,2,2026-03-21 11:00:00+00:00,2026-03-21 12:00:00+00:00,1,0.07,decrease,13.0,437977.2,1,4,24,5,0.09,6.28,0.21,44.66,1.08,6,6,1.0,0.75,0.05,0.7,medium
wf_2026_03,hist_gradient_boosting,2026-03-21,3,2026-03-21 09:00:00+00:00,2026-03-21 10:00:00+00:00,1,0.11,decrease,12.65,433623.6,5,2,24,4,0.07,7.36,0.0,43.58,1.29,5,6,0.83,0.5,0.12,0.54,medium
wf_2026_03,hist_gradient_boosting,2026-03-21,4,2026-03-21 12:00:00+00:00,2026-03-21 13:00:00+00:00,1,0.22,increase,13.66,446180.6,3,9,24,2,0.02,0.75,0.25,50.19,1.03,5,6,0.83,0.25,0.07,0.42,low
wf_2026_03,hist_gradient_boosting,2026-03-21,5,2026-03-21 08:00:00+00:00,2026-03-21 09:00:00+00:00,1,0.28,decrease,13.13,447341.3,7,8,24,7,0.2,24.31,0.58,26.63,0.71,4,6,0.67,0.0,0.02,0.24,low
wf_2026_03,hist_gradient_boosting,2026-03-22,1,2026-03-22 10:00:00+00:00,2026-03-22 11:00:00+00:00,1,0.07,decrease,13.7,408577.0,3,2,24,7,0.22,0.77,0.68,60.76,-0.68,6,6,1.0,1.0,0.05,0.81,high
wf_2026_03,hist_gradient_boosting,2026-03-22,2,2026-03-22 09:00:00+00:00,2026-03-22 10:00:00+00:00,1,0.11,decrease,13.25,409242.5,6,1,24,1,0.0,3.21,0.15,58.32,-0.15,6,6,1.0,0.75,0.08,0.7,medium
wf_2026_03,hist_gradient_boosting,2026-03-22,3,2026-03-22 11:00:00+00:00,2026-03-22 12:00:00+00:00,1,0.17,decrease,14.47,407247.8,2,8,24,9,0.26,2.15,0.76,59.38,-0.76,6,6,1.0,0.5,0.0,0.57,medium
wf_2026_03,hist_gradient_boosting,2026-03-22,4,2026-03-22 12:00:00+00:00,2026-03-22 13:00:00+00:00,1,0.17,decrease,14.51,408287.7,1,9,24,4,0.17,0.0,0.67,61.53,-0.67,6,6,1.0,0.25,0.05,0.47,low
wf_2026_03,hist_gradient_boosting,2026-03-22,5,2026-03-22 08:00:00+00:00,2026-03-22 09:00:00+00:00,1,0.22,decrease,13.71,420436.4,9,3,24,2,0.07,10.42,0.09,51.11,-0.09,5,6,0.83,0.0,0.05,0.3,low
wf_2026_03,hist_gradient_boosting,2026-03-23,1,2026-03-23 13:00:00+00:00,2026-03-23 14:00:00+00:00,1,0.02,increase,12.78,426508.5,1,2,24,2,0.02,13.35,0.0,73.74,1.81,5,6,0.83,1.0,0.05,0.75,high
wf_2026_03,hist_gradient_boosting,2026-03-23,2,2026-03-23 14:00:00+00:00,2026-03-23 15:00:00+00:00,1,0.07,increase,12.41,414213.0,4,1,24,3,0.02,11.86,0.35,75.23,1.46,6,6,1.0,0.75,0.07,0.7,medium
wf_2026_03,hist_gradient_boosting,2026-03-23,3,2026-03-23 12:00:00+00:00,2026-03-23 13:00:00+00:00,1,0.13,increase,14.47,499606.6,3,5,24,1,0.0,0.0,0.45,87.09,1.36,6,6,1.0,0.5,0.02,0.58,medium
wf_2026_03,hist_gradient_boosting,2026-03-23,4,2026-03-23 11:00:00+00:00,2026-03-23 12:00:00+00:00,1,0.15,increase,15.16,534055.1,2,7,24,9,0.28,16.73,4.94,70.36,-3.13,4,6,0.67,0.25,0.02,0.35,low
wf_2026_03,hist_gradient_boosting,2026-03-23,5,2026-03-23 15:00:00+00:00,2026-03-23 16:00:00+00:00,1,0.17,increase,14.09,456055.7,6,4,24,4,0.15,31.15,0.95,55.94,0.86,6,6,1.0,0.0,0.12,0.37,low
wf_2026_03,hist_gradient_boosting,2026-03-24,1,2026-03-24 11:00:00+00:00,2026-03-24 12:00:00+00:00,1,0.04,decrease,10.98,397871.0,2,2,24,1,0.0,0.0,0.09,72.63,3.28,5,6,0.83,1.0,0.05,0.75,high
wf_2026_03,hist_gradient_boosting,2026-03-24,2,2026-03-24 10:00:00+00:00,2026-03-24 11:00:00+00:00,1,0.09,decrease,10.86,392952.2,5,1,24,2,0.02,0.32,0.0,72.31,3.37,6,6,1.0,0.75,0.0,0.69,medium
wf_2026_03,hist_gradient_boosting,2026-03-24,3,2026-03-24 12:00:00+00:00,2026-03-24 13:00:00+00:00,1,0.09,decrease,11.54,402464.4,1,5,24,3,0.04,0.0,0.53,72.63,2.84,6,6,1.0,0.5,0.08,0.59,medium
wf_2026_03,hist_gradient_boosting,2026-03-24,4,2026-03-24 13:00:00+00:00,2026-03-24 14:00:00+00:00,1,0.15,decrease,11.77,407813.5,3,6,24,5,0.2,0.0,0.88,72.63,2.5,6,6,1.0,0.25,0.05,0.47,low
wf_2026_03,hist_gradient_boosting,2026-03-24,5,2026-03-24 23:00:00+00:00,2026-03-25 00:00:00+00:00,1,0.2,decrease,11.4,394644.9,7,4,24,9,0.26,3.0,0.8,69.63,2.57,5,6,0.83,0.0,0.05,0.3,low
wf_2026_03,hist_gradient_boosting,2026-03-25,1,2026-03-25 09:00:00+00:00,2026-03-25 10:00:00+00:00,1,0.0,decrease,10.51,405200.5,1,1,24,2,0.02,0.01,0.41,0.37,1.25,6,6,1.0,1.0,0.11,0.82,high
wf_2026_03,hist_gradient_boosting,2026-03-25,2,2026-03-25 10:00:00+00:00,2026-03-25 11:00:00+00:00,1,0.11,decrease,11.23,403982.6,3,4,24,1,0.0,0.0,0.43,0.38,1.23,6,6,1.0,0.75,0.02,0.69,medium
wf_2026_03,hist_gradient_boosting,2026-03-25,3,2026-03-25 11:00:00+00:00,2026-03-25 12:00:00+00:00,1,0.13,decrease,11.45,401053.7,2,6,24,3,0.07,0.01,0.45,0.38,1.22,6,6,1.0,0.5,0.02,0.58,medium
wf_2026_03,hist_gradient_boosting,2026-03-25,4,2026-03-25 12:00:00+00:00,2026-03-25 13:00:00+00:00,1,0.15,decrease,11.44,400582.0,4,5,24,4,0.11,0.01,0.44,0.37,1.22,6,6,1.0,0.25,0.09,0.48,low
wf_2026_03,hist_gradient_boosting,2026-03-25,5,2026-03-25 13:00:00+00:00,2026-03-25 14:00:00+00:00,1,0.24,decrease,11.89,418800.2,5,8,24,6,0.2,0.01,0.66,0.37,1.0,4,6,0.67,0.0,0.02,0.24,low
wf_2026_03,hist_gradient_boosting,2026-03-26,1,2026-03-26 14:00:00+00:00,2026-03-26 15:00:00+00:00,1,0.07,increase,10.96,408650.5,4,1,24,2,0.07,1.84,0.35,59.29,0.88,5,6,0.83,1.0,0.02,0.75,medium
wf_2026_03,hist_gradient_boosting,2026-03-26,2,2026-03-26 13:00:00+00:00,2026-03-26 14:00:00+00:00,1,0.09,increase,12.46,474145.4,3,3,24,1,0.0,0.0,0.0,61.13,1.23,5,6,0.83,0.75,0.15,0.66,medium
wf_2026_03,hist_gradient_boosting,2026-03-26,3,2026-03-26 15:00:00+00:00,2026-03-26 16:00:00+00:00,1,0.22,increase,12.84,466440.9,6,6,24,4,0.17,24.73,1.3,36.39,-0.07,5,6,0.83,0.5,0.03,0.52,medium
wf_2026_03,hist_gradient_boosting,2026-03-26,4,2026-03-26 02:00:00+00:00,2026-03-26 03:00:00+00:00,1,0.24,increase,12.83,423927.2,8,5,24,7,0.26,40.29,1.88,20.84,-0.65,1,6,0.17,0.25,0.0,0.17,low
wf_2026_03,hist_gradient_boosting,2026-03-26,5,2026-03-26 11:00:00+00:00,2026-03-26 12:00:00+00:00,1,0.24,increase,14.24,545423.9,1,12,24,5,0.24,0.46,4.13,60.66,-2.9,2,6,0.33,0.0,0.0,0.12,low
wf_2026_03,hist_gradient_boosting,2026-03-27,1,2026-03-27 13:00:00+00:00,2026-03-27 14:00:00+00:00,1,0.0,increase,12.67,476349.9,1,1,24,2,0.04,4.22,0.16,64.74,5.25,6,6,1.0,1.0,0.07,0.81,high
wf_2026_03,hist_gradient_boosting,2026-03-27,2,2026-03-27 12:00:00+00:00,2026-03-27 13:00:00+00:00,1,0.07,increase,13.57,506340.1,2,3,24,1,0.0,0.0,0.0,68.96,5.41,6,6,1.0,0.75,0.0,0.69,medium
wf_2026_03,hist_gradient_boosting,2026-03-27,3,2026-03-27 14:00:00+00:00,2026-03-27 15:00:00+00:00,1,0.07,increase,12.95,484121.0,3,2,24,4,0.15,41.3,0.46,27.66,4.95,6,6,1.0,0.5,0.07,0.59,medium
wf_2026_03,hist_gradient_boosting,2026-03-27,4,2026-03-27 11:00:00+00:00,2026-03-27 12:00:00+00:00,1,0.13,increase,14.35,534261.5,4,4,24,3,0.15,16.3,1.25,52.66,4.16,6,6,1.0,0.25,0.07,0.48,low
wf_2026_03,hist_gradient_boosting,2026-03-27,5,2026-03-27 10:00:00+00:00,2026-03-27 11:00:00+00:00,1,0.2,increase,14.72,554423.4,5,6,24,5,0.2,26.46,3.08,42.5,2.33,3,6,0.5,0.0,0.02,0.18,low
wf_2026_03,hist_gradient_boosting,2026-03-28,1,2026-03-28 10:00:00+00:00,2026-03-28 11:00:00+00:00,1,0.09,decrease,11.17,401306.3,4,2,24,1,0.0,2.26,0.43,88.49,6.99,6,6,1.0,1.0,0.0,0.8,high
wf_2026_03,hist_gradient_boosting,2026-03-28,2,2026-03-28 11:00:00+00:00,2026-03-28 12:00:00+00:00,1,0.09,decrease,12.12,411437.1,1,5,24,4,0.11,4.6,0.5,86.15,6.92,6,6,1.0,0.75,0.02,0.69,medium
wf_2026_03,hist_gradient_boosting,2026-03-28,3,2026-03-28 09:00:00+00:00,2026-03-28 10:00:00+00:00,1,0.11,decrease,11.12,397021.0,6,1,24,2,0.09,15.75,0.0,75.0,7.42,4,6,0.67,0.5,0.02,0.46,low
wf_2026_03,hist_gradient_boosting,2026-03-28,4,2026-03-28 12:00:00+00:00,2026-03-28 13:00:00+00:00,1,0.13,decrease,12.42,414628.4,2,6,24,3,0.09,2.45,0.61,88.3,6.82,6,6,1.0,0.25,0.07,0.48,low
wf_2026_03,hist_gradient_boosting,2026-03-28,5,2026-03-28 13:00:00+00:00,2026-03-28 14:00:00+00:00,1,0.2,decrease,12.57,417263.3,3,8,24,6,0.17,3.2,0.82,87.54,6.61,6,6,1.0,0.0,0.02,0.35,low
wf_2026_03,hist_gradient_boosting,2026-03-29,1,2026-03-29 10:00:00+00:00,2026-03-29 11:00:00+00:00,1,0.04,increase,11.64,400340.7,3,1,24,4,0.07,14.77,0.0,74.74,0.89,6,6,1.0,1.0,0.09,0.82,high
wf_2026_03,hist_gradient_boosting,2026-03-29,2,2026-03-29 11:00:00+00:00,2026-03-29 12:00:00+00:00,1,0.13,increase,11.89,401475.4,4,4,24,1,0.0,3.94,0.49,85.58,0.39,6,6,1.0,0.75,0.02,0.69,medium
wf_2026_03,hist_gradient_boosting,2026-03-29,3,2026-03-29 09:00:00+00:00,2026-03-29 10:00:00+00:00,1,0.15,decrease,11.81,399554.2,7,2,24,2,0.02,12.65,0.1,76.86,0.79,5,6,0.83,0.5,0.0,0.52,medium
wf_2026_03,hist_gradient_boosting,2026-03-29,4,2026-03-29 23:00:00+00:00,2026-03-30 00:00:00+00:00,1,0.15,decrease,11.85,367941.6,6,3,24,10,0.26,8.03,1.32,81.48,-0.44,5,6,0.83,0.25,0.02,0.41,low
wf_2026_03,hist_gradient_boosting,2026-03-29,5,2026-03-29 12:00:00+00:00,2026-03-29 13:00:00+00:00,1,0.17,decrease,12.74,402328.1,1,9,24,3,0.02,0.0,0.87,89.51,0.02,6,6,1.0,0.0,0.09,0.37,low
wf_2026_03,hist_gradient_boosting,2026-03-30,1,2026-03-30 12:00:00+00:00,2026-03-30 13:00:00+00:00,1,0.04,increase,10.98,416570.4,2,2,24,2,0.0,5.13,0.33,-2.67,2.04,6,6,1.0,1.0,0.09,0.82,high
wf_2026_03,hist_gradient_boosting,2026-03-30,2,2026-03-30 11:00:00+00:00,2026-03-30 12:00:00+00:00,1,0.13,increase,10.94,415637.2,7,1,24,1,0.0,8.99,0.06,-6.52,2.31,6,6,1.0,0.75,0.02,0.69,medium
wf_2026_03,hist_gradient_boosting,2026-03-30,3,2026-03-30 13:00:00+00:00,2026-03-30 14:00:00+00:00,1,0.15,increase,11.8,434732.2,3,6,24,5,0.09,9.06,0.49,-6.6,1.88,6,6,1.0,0.5,0.07,0.59,medium
wf_2026_03,hist_gradient_boosting,2026-03-30,4,2026-03-30 14:00:00+00:00,2026-03-30 15:00:00+00:00,1,0.22,increase,11.61,418942.0,8,4,24,3,0.0,1.22,0.75,1.24,1.62,3,6,0.5,0.25,0.07,0.3,low
wf_2026_03,hist_gradient_boosting,2026-03-30,5,2026-03-30 01:00:00+00:00,2026-03-30 02:00:00+00:00,1,0.28,decrease,12.79,391824.3,5,10,24,8,0.2,0.48,2.29,1.98,0.09,5,6,0.83,0.0,0.0,0.29,low
wf_2026_03,hist_gradient_boosting,2026-03-31,1,2026-03-31 02:00:00+00:00,2026-03-31 03:00:00+00:00,1,0.09,increase,13.74,418829.6,3,3,24,2,0.0,16.41,0.38,15.57,-0.38,5,6,0.83,1.0,0.08,0.76,high
wf_2026_03,hist_gradient_boosting,2026-03-31,2,2026-03-31 01:00:00+00:00,2026-03-31 02:00:00+00:00,1,0.15,increase,13.35,421620.3,8,1,24,1,0.0,16.47,0.26,15.51,-0.26,5,6,0.83,0.75,0.0,0.63,medium
wf_2026_03,hist_gradient_boosting,2026-03-31,3,2026-03-31 13:00:00+00:00,2026-03-31 14:00:00+00:00,1,0.15,increase,18.24,644335.4,2,7,24,4,0.04,8.29,5.55,23.7,-5.55,6,6,1.0,0.5,0.03,0.58,medium
wf_2026_03,hist_gradient_boosting,2026-03-31,4,2026-03-31 03:00:00+00:00,2026-03-31 04:00:00+00:00,1,0.17,increase,13.8,419669.0,6,4,24,7,0.15,34.33,1.78,-2.35,-1.78,4,6,0.67,0.25,0.03,0.35,low
wf_2026_03,hist_gradient_boosting,2026-03-31,5,2026-03-31 11:00:00+00:00,2026-03-31 12:00:00+00:00,1,0.2,increase,17.99,645652.9,5,6,24,8,0.17,2.37,9.15,29.62,-9.15,3,6,0.5,0.0,0.03,0.18,low
wf_2026_03,lightgbm,2026-03-01,1,2026-03-01 10:00:00+00:00,2026-03-01 11:00:00+00:00,1,0.09,unknown,13.1,437460.7,4,2,24,2,0.02,0.76,0.73,32.47,0.49,6,6,1.0,1.0,0.05,0.81,high
wf_2026_03,lightgbm,2026-03-01,2,2026-03-01 11:00:00+00:00,2026-03-01 12:00:00+00:00,1,0.13,unknown,13.47,439303.8,2,6,24,3,0.07,0.42,0.85,32.81,0.36,6,6,1.0,0.75,0.03,0.69,medium
wf_2026_03,lightgbm,2026-03-01,3,2026-03-01 09:00:00+00:00,2026-03-01 10:00:00+00:00,1,0.15,unknown,13.27,442717.6,5,4,24,1,0.0,0.79,0.47,32.45,0.74,6,6,1.0,0.5,0.05,0.59,medium
wf_2026_03,lightgbm,2026-03-01,4,2026-03-01 12:00:00+00:00,2026-03-01 13:00:00+00:00,1,0.2,unknown,13.86,440035.5,1,10,24,4,0.07,0.0,0.94,33.24,0.27,4,6,0.67,0.25,0.08,0.36,low
wf_2026_03,lightgbm,2026-03-01,5,2026-03-01 22:00:00+00:00,2026-03-01 23:00:00+00:00,1,0.26,unknown,13.02,425830.8,13,1,24,9,0.17,18.87,0.55,14.36,0.67,2,6,0.33,0.0,0.03,0.12,low
wf_2026_03,lightgbm,2026-03-02,1,2026-03-02 10:00:00+00:00,2026-03-02 11:00:00+00:00,1,0.11,increase,11.87,441463.5,4,3,24,1,0.0,6.28,0.08,2.6,1.81,6,6,1.0,1.0,0.0,0.8,high
wf_2026_03,lightgbm,2026-03-02,2,2026-03-02 11:00:00+00:00,2026-03-02 12:00:00+00:00,1,0.11,increase,12.04,440372.8,3,4,24,3,0.02,4.8,0.22,4.08,1.67,6,6,1.0,0.75,0.0,0.69,medium
wf_2026_03,lightgbm,2026-03-02,3,2026-03-02 12:00:00+00:00,2026-03-02 13:00:00+00:00,1,0.11,increase,12.43,445532.7,2,5,24,2,0.0,0.0,0.58,8.88,1.31,6,6,1.0,0.5,0.05,0.58,medium
wf_2026_03,lightgbm,2026-03-02,4,2026-03-02 13:00:00+00:00,2026-03-02 14:00:00+00:00,1,0.15,increase,13.18,465249.8,1,8,24,4,0.07,4.42,0.78,4.45,1.1,5,6,0.83,0.25,0.08,0.42,low
wf_2026_03,lightgbm,2026-03-02,5,2026-03-02 09:00:00+00:00,2026-03-02 10:00:00+00:00,1,0.22,increase,11.83,443370.2,10,2,24,5,0.09,7.87,0.19,1.0,1.7,5,6,0.83,0.0,0.02,0.3,low
wf_2026_03,lightgbm,2026-03-03,1,2026-03-03 13:00:00+00:00,2026-03-03 14:00:00+00:00,1,0.0,decrease,13.47,477409.5,1,1,24,2,0.07,6.2,0.45,42.18,2.01,6,6,1.0,1.0,0.07,0.81,high
wf_2026_03,lightgbm,2026-03-03,2,2026-03-03 14:00:00+00:00,2026-03-03 15:00:00+00:00,1,0.07,increase,14.04,480157.3,3,2,24,3,0.11,23.24,0.29,25.14,2.17,5,6,0.83,0.75,0.11,0.65,medium
wf_2026_03,lightgbm,2026-03-03,3,2026-03-03 12:00:00+00:00,2026-03-03 13:00:00+00:00,1,0.17,increase,14.99,537510.7,4,6,24,1,0.0,0.0,0.0,48.38,2.46,6,6,1.0,0.5,0.02,0.58,medium
wf_2026_03,lightgbm,2026-03-03,4,2026-03-03 15:00:00+00:00,2026-03-03 16:00:00+00:00,1,0.2,increase,14.72,481961.2,8,3,24,5,0.24,33.09,1.26,15.29,1.19,3,6,0.5,0.25,0.05,0.3,low
wf_2026_03,lightgbm,2026-03-03,5,2026-03-03 00:00:00+00:00,2026-03-03 01:00:00+00:00,1,0.24,increase,14.74,456470.5,9,4,24,12,0.46,48.38,2.46,0.0,0.0,4,6,0.67,0.0,0.0,0.23,low
wf_2026_03,lightgbm,2026-03-04,1,2026-03-04 13:00:00+00:00,2026-03-04 14:00:00+00:00,1,0.04,decrease,13.01,487399.9,1,3,24,2,0.04,3.93,0.36,41.34,4.22,6,6,1.0,1.0,0.09,0.82,high
wf_2026_03,lightgbm,2026-03-04,2,2026-03-04 11:00:00+00:00,2026-03-04 12:00:00+00:00,1,0.13,increase,13.17,490741.0,4,4,24,3,0.13,19.11,0.45,26.16,4.13,6,6,1.0,0.75,0.0,0.69,medium
wf_2026_03,lightgbm,2026-03-04,3,2026-03-04 12:00:00+00:00,2026-03-04 13:00:00+00:00,1,0.13,increase,13.18,492304.0,3,5,24,1,0.0,0.0,0.22,45.28,4.36,6,6,1.0,0.5,0.0,0.57,medium
wf_2026_03,lightgbm,2026-03-04,4,2026-03-04 14:00:00+00:00,2026-03-04 15:00:00+00:00,1,0.13,decrease,13.45,489962.4,2,6,24,4,0.15,15.63,0.83,29.65,3.75,6,6,1.0,0.25,0.12,0.49,low
wf_2026_03,lightgbm,2026-03-04,5,2026-03-04 15:00:00+00:00,2026-03-04 16:00:00+00:00,1,0.24,decrease,14.38,499650.1,5,8,24,6,0.26,30.52,1.31,14.75,3.27,6,6,1.0,0.0,0.05,0.36,low
wf_2026_03,lightgbm,2026-03-05,1,2026-03-05 11:00:00+00:00,2026-03-05 12:00:00+00:00,1,0.07,decrease,11.75,435528.7,3,2,24,2,0.0,0.43,0.57,82.12,0.89,6,6,1.0,1.0,0.0,0.8,high
wf_2026_03,lightgbm,2026-03-05,2,2026-03-05 12:00:00+00:00,2026-03-05 13:00:00+00:00,1,0.07,decrease,12.21,438110.9,1,4,24,4,0.04,0.0,0.69,82.55,0.78,6,6,1.0,0.75,0.08,0.7,medium
wf_2026_03,lightgbm,2026-03-05,3,2026-03-05 10:00:00+00:00,2026-03-05 11:00:00+00:00,1,0.13,increase,11.78,438056.4,5,3,24,1,0.0,23.77,0.15,58.78,1.31,6,6,1.0,0.5,0.0,0.57,medium
wf_2026_03,lightgbm,2026-03-05,4,2026-03-05 13:00:00+00:00,2026-03-05 14:00:00+00:00,1,0.13,decrease,12.5,447346.8,2,6,24,5,0.07,30.1,0.64,52.45,0.82,6,6,1.0,0.25,0.07,0.48,low
wf_2026_03,lightgbm,2026-03-05,5,2026-03-05 14:00:00+00:00,2026-03-05 15:00:00+00:00,1,0.2,increase,12.52,439847.5,4,7,24,6,0.15,44.64,0.69,37.91,0.77,3,6,0.5,0.0,0.0,0.18,low
wf_2026_03,lightgbm,2026-03-06,1,2026-03-06 09:00:00+00:00,2026-03-06 10:00:00+00:00,1,0.09,decrease,12.74,448965.0,4,2,24,5,0.07,26.21,0.0,-2.98,1.5,6,6,1.0,1.0,0.0,0.8,high
wf_2026_03,lightgbm,2026-03-06,2,2026-03-06 12:00:00+00:00,2026-03-06 13:00:00+00:00,1,0.09,increase,13.27,453451.9,2,4,24,1,0.0,13.2,0.68,10.03,0.81,6,6,1.0,0.75,0.05,0.7,medium
wf_2026_03,lightgbm,2026-03-06,3,2026-03-06 10:00:00+00:00,2026-03-06 11:00:00+00:00,1,0.13,increase,12.68,443417.5,7,1,24,9,0.15,29.17,0.41,-5.94,1.08,6,6,1.0,0.5,0.0,0.57,medium
wf_2026_03,lightgbm,2026-03-06,4,2026-03-06 11:00:00+00:00,2026-03-06 12:00:00+00:00,1,0.13,increase,13.04,449296.7,5,3,24,4,0.04,21.42,0.54,1.81,0.96,6,6,1.0,0.25,0.02,0.47,low
wf_2026_03,lightgbm,2026-03-06,5,2026-03-06 13:00:00+00:00,2026-03-06 14:00:00+00:00,1,0.15,increase,13.5,454762.6,3,6,24,2,0.02,13.02,1.07,10.21,0.42,5,6,0.83,0.0,0.17,0.33,low
wf_2026_03,lightgbm,2026-03-07,1,2026-03-07 11:00:00+00:00,2026-03-07 12:00:00+00:00,1,0.07,decrease,13.28,447805.0,3,2,24,3,0.09,14.7,0.29,55.66,0.53,6,6,1.0,1.0,0.05,0.81,high
wf_2026_03,lightgbm,2026-03-07,2,2026-03-07 10:00:00+00:00,2026-03-07 11:00:00+00:00,1,0.11,decrease,13.18,446174.2,6,1,24,1,0.0,27.3,0.0,43.06,0.82,5,6,0.83,0.75,0.0,0.63,medium
wf_2026_03,lightgbm,2026-03-07,3,2026-03-07 12:00:00+00:00,2026-03-07 13:00:00+00:00,1,0.11,decrease,13.62,448683.8,2,5,24,2,0.02,0.0,0.22,70.36,0.59,6,6,1.0,0.5,0.02,0.58,medium
wf_2026_03,lightgbm,2026-03-07,4,2026-03-07 09:00:00+00:00,2026-03-07 10:00:00+00:00,1,0.13,decrease,13.38,447697.7,5,3,24,5,0.13,43.48,0.16,26.88,0.66,5,6,0.83,0.25,0.02,0.41,low
wf_2026_03,lightgbm,2026-03-07,5,2026-03-07 13:00:00+00:00,2026-03-07 14:00:00+00:00,1,0.15,decrease,13.8,450793.5,1,8,24,4,0.09,17.06,0.29,53.3,0.53,6,6,1.0,0.0,0.15,0.38,low
wf_2026_03,lightgbm,2026-03-08,1,2026-03-08 11:00:00+00:00,2026-03-08 12:00:00+00:00,1,0.07,decrease,13.48,453804.2,3,2,24,2,0.0,10.5,0.09,87.18,1.77,6,6,1.0,1.0,0.02,0.8,high
wf_2026_03,lightgbm,2026-03-08,2,2026-03-08 10:00:00+00:00,2026-03-08 11:00:00+00:00,1,0.09,decrease,13.45,452397.2,5,1,24,1,0.0,21.63,0.0,76.06,1.86,6,6,1.0,0.75,0.0,0.69,medium
wf_2026_03,lightgbm,2026-03-08,3,2026-03-08 12:00:00+00:00,2026-03-08 13:00:00+00:00,1,0.09,increase,13.85,454605.2,2,4,24,3,0.04,0.0,0.82,97.69,1.04,6,6,1.0,0.5,0.05,0.58,medium
wf_2026_03,lightgbm,2026-03-08,4,2026-03-08 13:00:00+00:00,2026-03-08 14:00:00+00:00,1,0.13,decrease,14.67,455580.4,1,7,24,5,0.13,6.6,1.18,91.09,0.68,5,6,0.83,0.25,0.05,0.41,low
wf_2026_03,lightgbm,2026-03-08,5,2026-03-08 09:00:00+00:00,2026-03-08 10:00:00+00:00,1,0.17,increase,13.54,444629.4,7,3,24,4,0.11,37.55,0.28,60.14,1.58,6,6,1.0,0.0,0.05,0.36,low
wf_2026_03,lightgbm,2026-03-09,1,2026-03-09 13:00:00+00:00,2026-03-09 14:00:00+00:00,1,0.04,increase,13.35,462897.7,1,3,24,3,0.09,2.03,0.2,27.77,1.19,6,6,1.0,1.0,0.02,0.8,high
wf_2026_03,lightgbm,2026-03-09,2,2026-03-09 12:00:00+00:00,2026-03-09 13:00:00+00:00,1,0.07,increase,13.05,457149.1,3,2,24,1,0.0,0.0,0.01,29.8,1.38,6,6,1.0,0.75,0.02,0.69,medium
wf_2026_03,lightgbm,2026-03-09,3,2026-03-09 11:00:00+00:00,2026-03-09 12:00:00+00:00,1,0.09,increase,12.84,454730.2,5,1,24,2,0.07,3.85,0.0,25.95,1.39,6,6,1.0,0.5,0.0,0.57,medium
wf_2026_03,lightgbm,2026-03-09,4,2026-03-09 14:00:00+00:00,2026-03-09 15:00:00+00:00,1,0.09,increase,13.45,463944.4,2,4,24,5,0.17,13.01,0.56,16.79,0.83,5,6,0.83,0.25,0.17,0.44,low
wf_2026_03,lightgbm,2026-03-09,5,2026-03-09 03:00:00+00:00,2026-03-09 04:00:00+00:00,1,0.24,decrease,15.17,456034.4,4,9,24,8,0.3,2.19,2.25,27.61,-0.86,4,6,0.67,0.0,0.02,0.24,low
wf_2026_03,lightgbm,2026-03-10,1,2026-03-10 12:00:00+00:00,2026-03-10 13:00:00+00:00,1,0.04,increase,13.32,472047.5,3,1,24,1,0.0,80.24,0.02,33.1,3.23,6,6,1.0,1.0,0.02,0.8,high
wf_2026_03,lightgbm,2026-03-10,2,2026-03-10 13:00:00+00:00,2026-03-10 14:00:00+00:00,1,0.07,increase,13.35,475752.2,2,3,24,2,0.0,80.84,0.0,32.51,3.25,6,6,1.0,0.75,0.05,0.7,medium
wf_2026_03,lightgbm,2026-03-10,3,2026-03-10 11:00:00+00:00,2026-03-10 12:00:00+00:00,1,0.11,increase,13.33,471899.2,5,2,24,5,0.13,84.08,0.35,29.27,2.9,6,6,1.0,0.5,0.0,0.57,medium
wf_2026_03,lightgbm,2026-03-10,4,2026-03-10 23:00:00+00:00,2026-03-11 00:00:00+00:00,1,0.11,decrease,14.7,506498.4,1,6,24,3,0.0,0.0,0.16,113.35,3.08,5,6,0.83,0.25,0.02,0.41,low
wf_2026_03,lightgbm,2026-03-10,5,2026-03-10 14:00:00+00:00,2026-03-10 15:00:00+00:00,1,0.13,decrease,13.54,482884.5,4,4,24,4,0.09,84.52,0.16,28.83,3.08,6,6,1.0,0.0,0.09,0.37,low
wf_2026_03,lightgbm,2026-03-11,1,2026-03-11 12:00:00+00:00,2026-03-11 13:00:00+00:00,1,0.13,decrease,12.29,444288.6,3,5,24,4,0.09,22.82,0.26,11.15,1.55,6,6,1.0,1.0,0.05,0.81,high
wf_2026_03,lightgbm,2026-03-11,2,2026-03-11 10:00:00+00:00,2026-03-11 11:00:00+00:00,1,0.17,decrease,11.88,443095.9,7,3,24,1,0.0,19.82,0.05,14.15,1.76,5,6,0.83,0.75,0.0,0.63,medium
wf_2026_03,lightgbm,2026-03-11,3,2026-03-11 11:00:00+00:00,2026-03-11 12:00:00+00:00,1,0.17,decrease,11.97,439916.6,6,4,24,2,0.0,15.21,0.22,18.76,1.59,6,6,1.0,0.5,0.08,0.59,medium
wf_2026_03,lightgbm,2026-03-11,4,2026-03-11 09:00:00+00:00,2026-03-11 10:00:00+00:00,1,0.24,decrease,11.59,444716.0,12,1,24,3,0.04,32.3,0.0,1.67,1.81,4,6,0.67,0.25,0.08,0.36,low
wf_2026_03,lightgbm,2026-03-11,5,2026-03-11 02:00:00+00:00,2026-03-11 03:00:00+00:00,1,0.3,decrease,13.83,453137.8,2,14,24,13,0.3,5.65,2.1,28.33,-0.29,1,6,0.17,0.0,0.0,0.06,low
wf_2026_03,lightgbm,2026-03-12,1,2026-03-12 10:00:00+00:00,2026-03-12 11:00:00+00:00,1,0.09,decrease,11.9,446039.1,4,2,24,1,0.0,0.01,0.63,84.53,1.0,6,6,1.0,1.0,0.08,0.82,high
wf_2026_03,lightgbm,2026-03-12,2,2026-03-12 11:00:00+00:00,2026-03-12 12:00:00+00:00,1,0.15,decrease,12.22,455013.0,2,7,24,4,0.04,0.0,0.82,84.54,0.81,6,6,1.0,0.75,0.03,0.69,medium
wf_2026_03,lightgbm,2026-03-12,3,2026-03-12 23:00:00+00:00,2026-03-13 00:00:00+00:00,1,0.17,decrease,11.95,432822.8,7,3,24,8,0.09,9.61,0.75,74.93,0.88,5,6,0.83,0.5,0.03,0.52,medium
wf_2026_03,lightgbm,2026-03-12,4,2026-03-12 12:00:00+00:00,2026-03-12 13:00:00+00:00,1,0.2,decrease,12.8,459164.5,1,10,24,5,0.04,0.0,1.17,84.54,0.47,6,6,1.0,0.25,0.0,0.46,low
wf_2026_03,lightgbm,2026-03-12,5,2026-03-12 22:00:00+00:00,2026-03-12 23:00:00+00:00,1,0.2,decrease,11.63,431829.6,10,1,24,6,0.04,25.81,0.35,58.73,1.28,5,6,0.83,0.0,0.16,0.32,low
wf_2026_03,lightgbm,2026-03-13,1,2026-03-13 10:00:00+00:00,2026-03-13 11:00:00+00:00,1,0.02,increase,11.47,435046.8,1,2,24,1,0.0,4.4,0.0,4.7,1.86,6,6,1.0,1.0,0.0,0.8,high
wf_2026_03,lightgbm,2026-03-13,2,2026-03-13 11:00:00+00:00,2026-03-13 12:00:00+00:00,1,0.02,increase,11.43,426668.8,2,1,24,4,0.17,17.3,0.08,-8.2,1.79,6,6,1.0,0.75,0.11,0.71,medium
wf_2026_03,lightgbm,2026-03-13,3,2026-03-13 13:00:00+00:00,2026-03-13 14:00:00+00:00,1,0.13,increase,11.94,432474.5,3,5,24,5,0.17,11.22,0.57,-2.13,1.3,5,6,0.83,0.5,0.02,0.52,medium
wf_2026_03,lightgbm,2026-03-13,4,2026-03-13 09:00:00+00:00,2026-03-13 10:00:00+00:00,1,0.15,decrease,11.86,452787.8,5,4,24,2,0.04,3.81,0.31,5.28,1.56,5,6,0.83,0.25,0.07,0.42,low
wf_2026_03,lightgbm,2026-03-13,5,2026-03-13 12:00:00+00:00,2026-03-13 13:00:00+00:00,1,0.22,increase,11.7,433320.8,9,3,24,3,0.07,4.92,0.3,4.17,1.56,6,6,1.0,0.0,0.11,0.37,low
wf_2026_03,lightgbm,2026-03-14,1,2026-03-14 11:00:00+00:00,2026-03-14 12:00:00+00:00,1,0.0,increase,12.93,455542.6,1,1,24,2,0.13,26.61,0.0,21.98,1.42,6,6,1.0,1.0,0.13,0.83,high
wf_2026_03,lightgbm,2026-03-14,2,2026-03-14 15:00:00+00:00,2026-03-14 16:00:00+00:00,1,0.13,increase,13.67,467840.3,3,5,24,7,0.33,14.19,1.54,34.4,-0.12,5,6,0.83,0.75,0.02,0.63,medium
wf_2026_03,lightgbm,2026-03-14,3,2026-03-14 12:00:00+00:00,2026-03-14 13:00:00+00:00,1,0.15,increase,13.0,458425.7,7,2,24,3,0.13,6.82,1.16,41.77,0.26,6,6,1.0,0.5,0.07,0.59,medium
wf_2026_03,lightgbm,2026-03-14,4,2026-03-14 10:00:00+00:00,2026-03-14 11:00:00+00:00,1,0.22,increase,13.14,452500.9,9,3,24,4,0.15,14.74,0.2,33.85,1.22,6,6,1.0,0.25,0.04,0.47,low
wf_2026_03,lightgbm,2026-03-14,5,2026-03-14 09:00:00+00:00,2026-03-14 10:00:00+00:00,1,0.26,increase,13.46,454613.1,10,4,24,5,0.24,40.41,0.19,8.17,1.23,3,6,0.5,0.0,0.0,0.18,low
wf_2026_03,lightgbm,2026-03-15,1,2026-03-15 10:00:00+00:00,2026-03-15 11:00:00+00:00,1,0.02,decrease,12.04,433186.2,2,1,24,2,0.02,7.0,0.03,128.11,5.76,6,6,1.0,1.0,0.07,0.81,high
wf_2026_03,lightgbm,2026-03-15,2,2026-03-15 12:00:00+00:00,2026-03-15 13:00:00+00:00,1,0.09,decrease,12.85,447266.2,1,5,24,1,0.0,1.92,0.17,133.19,5.62,6,6,1.0,0.75,0.02,0.69,medium
wf_2026_03,lightgbm,2026-03-15,3,2026-03-15 11:00:00+00:00,2026-03-15 12:00:00+00:00,1,0.11,decrease,12.52,439683.3,4,3,24,3,0.02,8.48,0.0,126.62,5.79,6,6,1.0,0.5,0.07,0.59,medium
wf_2026_03,lightgbm,2026-03-15,4,2026-03-15 13:00:00+00:00,2026-03-15 14:00:00+00:00,1,0.17,decrease,13.2,450285.1,3,7,24,4,0.02,0.0,0.74,135.1,5.06,4,6,0.67,0.25,0.02,0.35,low
wf_2026_03,lightgbm,2026-03-15,5,2026-03-15 09:00:00+00:00,2026-03-15 10:00:00+00:00,1,0.2,decrease,12.51,437593.3,9,2,24,5,0.04,6.72,0.26,128.38,5.54,3,6,0.5,0.0,0.02,0.18,low
wf_2026_03,lightgbm,2026-03-16,1,2026-03-16 12:00:00+00:00,2026-03-16 13:00:00+00:00,1,0.04,increase,11.84,439919.6,2,2,24,1,0.0,0.0,0.13,14.8,1.24,6,6,1.0,1.0,0.02,0.8,high
wf_2026_03,lightgbm,2026-03-16,2,2026-03-16 11:00:00+00:00,2026-03-16 12:00:00+00:00,1,0.07,decrease,11.6,440742.2,4,1,24,2,0.07,10.62,0.0,4.19,1.37,6,6,1.0,0.75,0.02,0.69,medium
wf_2026_03,lightgbm,2026-03-16,3,2026-03-16 13:00:00+00:00,2026-03-16 14:00:00+00:00,1,0.09,increase,12.28,451421.2,1,5,24,4,0.11,6.96,0.49,7.84,0.88,6,6,1.0,0.5,0.16,0.61,medium
wf_2026_03,lightgbm,2026-03-16,4,2026-03-16 10:00:00+00:00,2026-03-16 11:00:00+00:00,1,0.24,increase,12.09,454388.8,10,3,24,3,0.11,13.11,0.05,1.69,1.32,6,6,1.0,0.25,0.02,0.47,low
wf_2026_03,lightgbm,2026-03-16,5,2026-03-16 02:00:00+00:00,2026-03-16 03:00:00+00:00,1,0.26,decrease,13.4,439077.6,3,11,24,6,0.28,0.68,1.94,14.12,-0.56,4,6,0.67,0.0,0.0,0.23,low
wf_2026_03,lightgbm,2026-03-17,1,2026-03-17 11:00:00+00:00,2026-03-17 12:00:00+00:00,1,0.04,decrease,11.77,435051.1,2,2,24,2,0.02,0.0,0.48,98.21,1.84,6,6,1.0,1.0,0.0,0.8,high
wf_2026_03,lightgbm,2026-03-17,2,2026-03-17 12:00:00+00:00,2026-03-17 13:00:00+00:00,1,0.04,decrease,12.42,441006.7,1,3,24,3,0.02,0.0,1.03,98.22,1.29,6,6,1.0,0.75,0.02,0.69,medium
wf_2026_03,lightgbm,2026-03-17,3,2026-03-17 10:00:00+00:00,2026-03-17 11:00:00+00:00,1,0.07,decrease,11.44,429475.1,4,1,24,1,0.0,0.01,0.0,98.21,2.32,6,6,1.0,0.5,0.09,0.59,medium
wf_2026_03,lightgbm,2026-03-17,4,2026-03-17 13:00:00+00:00,2026-03-17 14:00:00+00:00,1,0.15,decrease,13.1,447537.3,3,6,24,5,0.11,0.0,1.35,98.22,0.97,6,6,1.0,0.25,0.05,0.47,low
wf_2026_03,lightgbm,2026-03-17,5,2026-03-17 23:00:00+00:00,2026-03-18 00:00:00+00:00,1,0.2,decrease,12.57,431247.0,7,4,24,6,0.15,37.57,1.01,60.65,1.31,3,6,0.5,0.0,0.07,0.19,low
wf_2026_03,lightgbm,2026-03-18,1,2026-03-18 10:00:00+00:00,2026-03-18 11:00:00+00:00,1,0.04,decrease,11.35,437876.4,3,1,24,2,0.02,0.39,0.46,27.82,1.13,6,6,1.0,1.0,0.05,0.81,high
wf_2026_03,lightgbm,2026-03-18,2,2026-03-18 09:00:00+00:00,2026-03-18 10:00:00+00:00,1,0.09,decrease,11.56,440479.3,4,2,24,1,0.0,0.4,0.0,27.81,1.59,6,6,1.0,0.75,0.0,0.69,medium
wf_2026_03,lightgbm,2026-03-18,3,2026-03-18 11:00:00+00:00,2026-03-18 12:00:00+00:00,1,0.09,decrease,11.99,439465.7,2,4,24,3,0.04,0.0,1.03,28.21,0.57,6,6,1.0,0.5,0.15,0.61,medium
wf_2026_03,lightgbm,2026-03-18,4,2026-03-18 12:00:00+00:00,2026-03-18 13:00:00+00:00,1,0.22,decrease,12.74,441144.0,1,11,24,6,0.17,0.2,1.16,28.01,0.43,5,6,0.83,0.25,0.03,0.41,low
wf_2026_03,lightgbm,2026-03-18,5,2026-03-18 08:00:00+00:00,2026-03-18 09:00:00+00:00,1,0.24,decrease,11.66,447839.7,10,3,24,4,0.07,9.78,0.43,18.42,1.16,5,6,0.83,0.0,0.1,0.31,low
wf_2026_03,lightgbm,2026-03-19,1,2026-03-19 10:00:00+00:00,2026-03-19 11:00:00+00:00,1,0.09,decrease,13.07,482857.8,3,3,24,7,0.35,0.01,1.19,26.4,-0.56,6,6,1.0,1.0,0.05,0.81,high
wf_2026_03,lightgbm,2026-03-19,2,2026-03-19 11:00:00+00:00,2026-03-19 12:00:00+00:00,1,0.13,decrease,13.13,481780.4,2,6,24,11,0.43,0.0,1.97,26.41,-1.34,6,6,1.0,0.75,0.12,0.71,medium
wf_2026_03,lightgbm,2026-03-19,3,2026-03-19 14:00:00+00:00,2026-03-19 15:00:00+00:00,1,0.24,increase,13.19,443617.1,5,8,24,2,0.04,0.01,0.0,26.4,0.63,4,6,0.67,0.5,0.05,0.47,low
wf_2026_03,lightgbm,2026-03-19,4,2026-03-19 00:00:00+00:00,2026-03-19 01:00:00+00:00,1,0.28,decrease,12.94,444567.9,13,2,24,5,0.35,26.41,0.63,0.0,0.0,5,6,0.83,0.25,0.1,0.42,low
wf_2026_03,lightgbm,2026-03-19,5,2026-03-19 01:00:00+00:00,2026-03-19 02:00:00+00:00,1,0.37,decrease,13.19,442399.0,12,7,24,6,0.35,20.62,0.87,5.78,-0.24,4,6,0.67,0.0,0.0,0.23,low
wf_2026_03,lightgbm,2026-03-20,1,2026-03-20 11:00:00+00:00,2026-03-20 12:00:00+00:00,1,0.02,increase,12.34,447389.5,1,2,24,3,0.04,2.63,0.01,59.49,2.12,5,6,0.83,1.0,0.05,0.75,high
wf_2026_03,lightgbm,2026-03-20,2,2026-03-20 12:00:00+00:00,2026-03-20 13:00:00+00:00,1,0.07,increase,12.83,449882.4,2,3,24,2,0.0,0.0,0.17,62.12,1.97,5,6,0.83,0.75,0.02,0.63,medium
wf_2026_03,lightgbm,2026-03-20,3,2026-03-20 10:00:00+00:00,2026-03-20 11:00:00+00:00,1,0.09,increase,12.17,446499.7,5,1,24,1,0.0,2.6,0.0,59.52,2.14,5,6,0.83,0.5,0.05,0.53,medium
wf_2026_03,lightgbm,2026-03-20,4,2026-03-20 13:00:00+00:00,2026-03-20 14:00:00+00:00,1,0.13,increase,13.16,451197.1,3,5,24,4,0.04,0.87,0.38,61.25,1.76,6,6,1.0,0.25,0.0,0.46,low
wf_2026_03,lightgbm,2026-03-20,5,2026-03-20 14:00:00+00:00,2026-03-20 15:00:00+00:00,1,0.13,increase,13.08,446249.4,4,4,24,6,0.11,1.9,0.95,60.22,1.19,6,6,1.0,0.0,0.16,0.38,low
wf_2026_03,lightgbm,2026-03-21,1,2026-03-21 10:00:00+00:00,2026-03-21 11:00:00+00:00,1,0.04,decrease,12.49,443675.8,2,2,24,1,0.0,2.19,0.15,48.75,1.13,6,6,1.0,1.0,0.02,0.8,high
wf_2026_03,lightgbm,2026-03-21,2,2026-03-21 11:00:00+00:00,2026-03-21 12:00:00+00:00,1,0.07,decrease,13.13,444869.3,1,4,24,5,0.09,6.28,0.21,44.66,1.08,6,6,1.0,0.75,0.09,0.71,medium
wf_2026_03,lightgbm,2026-03-21,3,2026-03-21 09:00:00+00:00,2026-03-21 10:00:00+00:00,1,0.15,decrease,12.88,441826.8,6,3,24,4,0.07,7.36,0.0,43.58,1.29,5,6,0.83,0.5,0.07,0.53,medium
wf_2026_03,lightgbm,2026-03-21,4,2026-03-21 12:00:00+00:00,2026-03-21 13:00:00+00:00,1,0.22,increase,13.62,446312.1,3,9,24,2,0.02,0.75,0.25,50.19,1.03,5,6,0.83,0.25,0.05,0.41,low
wf_2026_03,lightgbm,2026-03-21,5,2026-03-21 08:00:00+00:00,2026-03-21 09:00:00+00:00,1,0.26,decrease,13.19,446020.2,8,6,24,7,0.2,24.31,0.58,26.63,0.71,4,6,0.67,0.0,0.02,0.24,low
wf_2026_03,lightgbm,2026-03-22,1,2026-03-22 10:00:00+00:00,2026-03-22 11:00:00+00:00,1,0.09,decrease,13.59,407879.5,3,3,24,7,0.22,0.77,0.68,60.76,-0.68,6,6,1.0,1.0,0.02,0.8,high
wf_2026_03,lightgbm,2026-03-22,2,2026-03-22 09:00:00+00:00,2026-03-22 10:00:00+00:00,1,0.11,decrease,13.11,404779.7,5,2,24,1,0.0,3.21,0.15,58.32,-0.15,6,6,1.0,0.75,0.08,0.7,medium
wf_2026_03,lightgbm,2026-03-22,3,2026-03-22 11:00:00+00:00,2026-03-22 12:00:00+00:00,1,0.17,decrease,14.32,406242.1,2,8,24,9,0.26,2.15,0.76,59.38,-0.76,6,6,1.0,0.5,0.08,0.59,medium
wf_2026_03,lightgbm,2026-03-22,4,2026-03-22 08:00:00+00:00,2026-03-22 09:00:00+00:00,1,0.24,decrease,13.62,413042.4,9,4,24,2,0.07,10.42,0.09,51.11,-0.09,5,6,0.83,0.25,0.02,0.41,low
wf_2026_03,lightgbm,2026-03-22,5,2026-03-22 12:00:00+00:00,2026-03-22 13:00:00+00:00,1,0.26,decrease,14.65,408143.5,1,13,24,4,0.17,0.0,0.67,61.53,-0.67,6,6,1.0,0.0,0.0,0.35,low
wf_2026_03,lightgbm,2026-03-23,1,2026-03-23 13:00:00+00:00,2026-03-23 14:00:00+00:00,1,0.04,increase,13.02,440434.3,2,2,24,2,0.02,13.35,0.0,73.74,1.81,5,6,0.83,1.0,0.05,0.75,high
wf_2026_03,lightgbm,2026-03-23,2,2026-03-23 12:00:00+00:00,2026-03-23 13:00:00+00:00,1,0.09,increase,13.59,475044.6,3,3,24,1,0.0,0.0,0.45,87.09,1.36,6,6,1.0,0.75,0.0,0.69,medium
wf_2026_03,lightgbm,2026-03-23,3,2026-03-23 14:00:00+00:00,2026-03-23 15:00:00+00:00,1,0.09,increase,12.35,409379.5,5,1,24,3,0.02,11.86,0.35,75.23,1.46,6,6,1.0,0.5,0.1,0.59,medium
wf_2026_03,lightgbm,2026-03-23,4,2026-03-23 11:00:00+00:00,2026-03-23 12:00:00+00:00,1,0.17,increase,15.73,553463.2,1,9,24,9,0.28,16.73,4.94,70.36,-3.13,4,6,0.67,0.25,0.02,0.35,low
wf_2026_03,lightgbm,2026-03-23,5,2026-03-23 15:00:00+00:00,2026-03-23 16:00:00+00:00,1,0.2,increase,13.82,449478.9,6,5,24,4,0.15,31.15,0.95,55.94,0.86,6,6,1.0,0.0,0.12,0.37,low
wf_2026_03,lightgbm,2026-03-24,1,2026-03-24 11:00:00+00:00,2026-03-24 12:00:00+00:00,1,0.04,decrease,10.95,394276.5,2,2,24,1,0.0,0.0,0.09,72.63,3.28,5,6,0.83,1.0,0.05,0.75,high
wf_2026_03,lightgbm,2026-03-24,2,2026-03-24 10:00:00+00:00,2026-03-24 11:00:00+00:00,1,0.09,decrease,10.82,391297.2,5,1,24,2,0.02,0.32,0.0,72.31,3.37,6,6,1.0,0.75,0.0,0.69,medium
wf_2026_03,lightgbm,2026-03-24,3,2026-03-24 12:00:00+00:00,2026-03-24 13:00:00+00:00,1,0.09,decrease,11.35,399348.7,1,5,24,3,0.04,0.0,0.53,72.63,2.84,6,6,1.0,0.5,0.08,0.59,medium
wf_2026_03,lightgbm,2026-03-24,4,2026-03-24 13:00:00+00:00,2026-03-24 14:00:00+00:00,1,0.15,decrease,11.89,405022.5,3,6,24,5,0.2,0.0,0.88,72.63,2.5,6,6,1.0,0.25,0.05,0.47,low
wf_2026_03,lightgbm,2026-03-24,5,2026-03-24 23:00:00+00:00,2026-03-25 00:00:00+00:00,1,0.2,decrease,11.32,390231.0,7,4,24,9,0.26,3.0,0.8,69.63,2.57,5,6,0.83,0.0,0.03,0.3,low
wf_2026_03,lightgbm,2026-03-25,1,2026-03-25 09:00:00+00:00,2026-03-25 10:00:00+00:00,1,0.07,decrease,10.42,399650.8,4,1,24,2,0.02,0.01,0.41,0.37,1.25,6,6,1.0,1.0,0.0,0.8,high
wf_2026_03,lightgbm,2026-03-25,2,2026-03-25 10:00:00+00:00,2026-03-25 11:00:00+00:00,1,0.07,decrease,11.01,398315.5,1,4,24,1,0.0,0.0,0.43,0.38,1.23,6,6,1.0,0.75,0.1,0.71,medium
wf_2026_03,lightgbm,2026-03-25,3,2026-03-25 11:00:00+00:00,2026-03-25 12:00:00+00:00,1,0.15,decrease,11.25,395344.4,3,6,24,3,0.07,0.01,0.45,0.38,1.22,6,6,1.0,0.5,0.0,0.57,medium
wf_2026_03,lightgbm,2026-03-25,4,2026-03-25 12:00:00+00:00,2026-03-25 13:00:00+00:00,1,0.15,decrease,11.32,394627.9,2,7,24,4,0.11,0.01,0.44,0.37,1.22,6,6,1.0,0.25,0.12,0.49,low
wf_2026_03,lightgbm,2026-03-25,5,2026-03-25 13:00:00+00:00,2026-03-25 14:00:00+00:00,1,0.26,decrease,12.07,423831.3,5,9,24,6,0.2,0.01,0.66,0.37,1.0,4,6,0.67,0.0,0.02,0.24,low
wf_2026_03,lightgbm,2026-03-26,1,2026-03-26 14:00:00+00:00,2026-03-26 15:00:00+00:00,1,0.07,increase,10.87,405289.3,4,1,24,2,0.07,1.84,0.35,59.29,0.88,5,6,0.83,1.0,0.05,0.75,high
wf_2026_03,lightgbm,2026-03-26,2,2026-03-26 13:00:00+00:00,2026-03-26 14:00:00+00:00,1,0.11,increase,12.43,474133.6,3,4,24,1,0.0,0.0,0.0,61.13,1.23,5,6,0.83,0.75,0.05,0.64,medium
wf_2026_03,lightgbm,2026-03-26,3,2026-03-26 12:00:00+00:00,2026-03-26 13:00:00+00:00,1,0.15,increase,13.44,520729.6,1,8,24,3,0.09,0.0,1.77,61.13,-0.54,4,6,0.67,0.5,0.05,0.47,low
wf_2026_03,lightgbm,2026-03-26,4,2026-03-26 15:00:00+00:00,2026-03-26 16:00:00+00:00,1,0.2,increase,12.74,461561.9,6,5,24,4,0.17,24.73,1.3,36.39,-0.07,5,6,0.83,0.25,0.08,0.42,low
wf_2026_03,lightgbm,2026-03-26,5,2026-03-26 00:00:00+00:00,2026-03-26 01:00:00+00:00,1,0.26,increase,11.61,395049.7,12,2,24,6,0.26,61.13,1.23,0.0,0.0,3,6,0.5,0.0,0.0,0.18,low
wf_2026_03,lightgbm,2026-03-27,1,2026-03-27 13:00:00+00:00,2026-03-27 14:00:00+00:00,1,0.0,increase,12.93,484710.9,1,1,24,2,0.04,4.22,0.16,64.74,5.25,6,6,1.0,1.0,0.07,0.81,high
wf_2026_03,lightgbm,2026-03-27,2,2026-03-27 12:00:00+00:00,2026-03-27 13:00:00+00:00,1,0.07,increase,13.66,507838.5,2,3,24,1,0.0,0.0,0.0,68.96,5.41,6,6,1.0,0.75,0.0,0.69,medium
wf_2026_03,lightgbm,2026-03-27,3,2026-03-27 14:00:00+00:00,2026-03-27 15:00:00+00:00,1,0.07,increase,13.11,491950.4,3,2,24,4,0.15,41.3,0.46,27.66,4.95,6,6,1.0,0.5,0.09,0.59,medium
wf_2026_03,lightgbm,2026-03-27,4,2026-03-27 11:00:00+00:00,2026-03-27 12:00:00+00:00,1,0.15,increase,14.52,538150.0,4,5,24,3,0.15,16.3,1.25,52.66,4.16,6,6,1.0,0.25,0.04,0.47,low
wf_2026_03,lightgbm,2026-03-27,5,2026-03-27 10:00:00+00:00,2026-03-27 11:00:00+00:00,1,0.2,increase,14.89,557976.3,5,6,24,5,0.2,26.46,3.08,42.5,2.33,3,6,0.5,0.0,0.0,0.18,low
wf_2026_03,lightgbm,2026-03-28,1,2026-03-28 10:00:00+00:00,2026-03-28 11:00:00+00:00,1,0.07,decrease,10.86,392153.5,4,1,24,1,0.0,2.26,0.43,88.49,6.99,6,6,1.0,1.0,0.0,0.8,high
wf_2026_03,lightgbm,2026-03-28,2,2026-03-28 11:00:00+00:00,2026-03-28 12:00:00+00:00,1,0.07,decrease,11.95,402802.7,1,4,24,4,0.11,4.6,0.5,86.15,6.92,6,6,1.0,0.75,0.09,0.71,medium
wf_2026_03,lightgbm,2026-03-28,3,2026-03-28 09:00:00+00:00,2026-03-28 10:00:00+00:00,1,0.15,decrease,11.25,400210.7,7,2,24,2,0.09,15.75,0.0,75.0,7.42,4,6,0.67,0.5,0.02,0.46,low
wf_2026_03,lightgbm,2026-03-28,4,2026-03-28 13:00:00+00:00,2026-03-28 14:00:00+00:00,1,0.17,decrease,12.43,413273.2,3,7,24,6,0.17,3.2,0.82,87.54,6.61,6,6,1.0,0.25,0.02,0.47,low
wf_2026_03,lightgbm,2026-03-28,5,2026-03-28 12:00:00+00:00,2026-03-28 13:00:00+00:00,1,0.2,decrease,12.48,413781.5,2,9,24,3,0.09,2.45,0.61,88.3,6.82,6,6,1.0,0.0,0.02,0.35,low
wf_2026_03,lightgbm,2026-03-29,1,2026-03-29 10:00:00+00:00,2026-03-29 11:00:00+00:00,1,0.02,increase,11.39,386937.1,2,1,24,4,0.07,14.77,0.0,74.74,0.89,6,6,1.0,1.0,0.07,0.81,high
wf_2026_03,lightgbm,2026-03-29,2,2026-03-29 11:00:00+00:00,2026-03-29 12:00:00+00:00,1,0.09,increase,11.65,389686.5,4,2,24,1,0.0,3.94,0.49,85.58,0.39,6,6,1.0,0.75,0.11,0.71,medium
wf_2026_03,lightgbm,2026-03-29,3,2026-03-29 09:00:00+00:00,2026-03-29 10:00:00+00:00,1,0.2,decrease,11.85,386110.9,6,5,24,2,0.02,12.65,0.1,76.86,0.79,5,6,0.83,0.5,0.0,0.52,medium
wf_2026_03,lightgbm,2026-03-29,4,2026-03-29 23:00:00+00:00,2026-03-30 00:00:00+00:00,1,0.2,decrease,11.78,363209.0,7,4,24,10,0.26,8.03,1.32,81.48,-0.44,5,6,0.83,0.25,0.0,0.4,low
wf_2026_03,lightgbm,2026-03-29,5,2026-03-29 12:00:00+00:00,2026-03-29 13:00:00+00:00,1,0.2,decrease,12.37,390926.3,1,10,24,3,0.02,0.0,0.87,89.51,0.02,6,6,1.0,0.0,0.04,0.36,low
wf_2026_03,lightgbm,2026-03-30,1,2026-03-30 12:00:00+00:00,2026-03-30 13:00:00+00:00,1,0.04,increase,10.68,406278.4,2,2,24,2,0.0,5.13,0.33,-2.67,2.04,6,6,1.0,1.0,0.07,0.81,high
wf_2026_03,lightgbm,2026-03-30,2,2026-03-30 13:00:00+00:00,2026-03-30 14:00:00+00:00,1,0.11,increase,10.95,405184.1,4,3,24,5,0.09,9.06,0.49,-6.6,1.88,6,6,1.0,0.75,0.02,0.69,medium
wf_2026_03,lightgbm,2026-03-30,3,2026-03-30 11:00:00+00:00,2026-03-30 12:00:00+00:00,1,0.13,increase,10.5,400869.0,7,1,24,1,0.0,8.99,0.06,-6.52,2.31,6,6,1.0,0.5,0.09,0.59,medium
wf_2026_03,lightgbm,2026-03-30,4,2026-03-30 14:00:00+00:00,2026-03-30 15:00:00+00:00,1,0.22,increase,11.18,405796.9,8,4,24,3,0.0,1.22,0.75,1.24,1.62,3,6,0.5,0.25,0.07,0.3,low
wf_2026_03,lightgbm,2026-03-30,5,2026-03-30 01:00:00+00:00,2026-03-30 02:00:00+00:00,1,0.28,decrease,12.63,386101.2,3,12,24,8,0.2,0.48,2.29,1.98,0.09,5,6,0.83,0.0,0.02,0.3,low
wf_2026_03,lightgbm,2026-03-31,1,2026-03-31 02:00:00+00:00,2026-03-31 03:00:00+00:00,1,0.09,increase,13.26,406324.1,3,3,24,2,0.0,16.41,0.38,15.57,-0.38,5,6,0.83,1.0,0.08,0.76,high
wf_2026_03,lightgbm,2026-03-31,2,2026-03-31 01:00:00+00:00,2026-03-31 02:00:00+00:00,1,0.15,increase,12.73,404835.0,8,1,24,1,0.0,16.47,0.26,15.51,-0.26,5,6,0.83,0.75,0.0,0.63,medium
wf_2026_03,lightgbm,2026-03-31,3,2026-03-31 13:00:00+00:00,2026-03-31 14:00:00+00:00,1,0.15,increase,18.22,646297.0,2,7,24,4,0.04,8.29,5.55,23.7,-5.55,6,6,1.0,0.5,0.03,0.58,medium
wf_2026_03,lightgbm,2026-03-31,4,2026-03-31 03:00:00+00:00,2026-03-31 04:00:00+00:00,1,0.17,increase,13.67,416295.6,6,4,24,7,0.15,34.33,1.78,-2.35,-1.78,4,6,0.67,0.25,0.03,0.35,low
wf_2026_03,lightgbm,2026-03-31,5,2026-03-31 11:00:00+00:00,2026-03-31 12:00:00+00:00,1,0.2,increase,17.86,644203.7,5,6,24,8,0.17,2.37,9.15,29.62,-9.15,3,6,0.5,0.0,0.03,0.18,low
wf_2026_03,naive_lag_24h,2026-03-01,1,2026-03-01 10:00:00+00:00,2026-03-01 11:00:00+00:00,1,0.04,unknown,13.69,461447.5,1,3,24,2,0.02,0.76,0.73,32.47,0.49,6,6,1.0,1.0,0.05,0.81,high
wf_2026_03,naive_lag_24h,2026-03-01,2,2026-03-01 09:00:00+00:00,2026-03-01 10:00:00+00:00,1,0.09,unknown,13.35,460617.5,5,1,24,1,0.0,0.79,0.47,32.45,0.74,6,6,1.0,0.75,0.1,0.71,medium
wf_2026_03,naive_lag_24h,2026-03-01,3,2026-03-01 08:00:00+00:00,2026-03-01 09:00:00+00:00,1,0.17,unknown,13.77,458847.5,6,4,24,7,0.15,4.83,0.77,28.41,0.44,3,6,0.5,0.5,0.02,0.4,low
wf_2026_03,naive_lag_24h,2026-03-01,4,2026-03-01 11:00:00+00:00,2026-03-01 12:00:00+00:00,1,0.2,unknown,14.12,459607.5,3,8,24,3,0.07,0.42,0.85,32.81,0.36,6,6,1.0,0.25,0.07,0.48,low
wf_2026_03,naive_lag_24h,2026-03-01,5,2026-03-01 14:00:00+00:00,2026-03-01 15:00:00+00:00,1,0.26,unknown,14.12,457517.5,7,7,24,5,0.11,0.79,0.75,32.45,0.46,1,6,0.17,0.0,0.07,0.07,low
wf_2026_03,naive_lag_24h,2026-03-02,1,2026-03-02 09:00:00+00:00,2026-03-02 10:00:00+00:00,1,0.17,flat,13.41,440617.5,5,5,24,5,0.09,7.87,0.19,1.0,1.7,5,6,0.83,1.0,0.03,0.75,medium
wf_2026_03,naive_lag_24h,2026-03-02,2,2026-03-02 10:00:00+00:00,2026-03-02 11:00:00+00:00,1,0.2,flat,13.66,443342.5,3,8,24,1,0.0,6.28,0.08,2.6,1.81,6,6,1.0,0.75,0.07,0.7,medium
wf_2026_03,naive_lag_24h,2026-03-02,3,2026-03-02 11:00:00+00:00,2026-03-02 12:00:00+00:00,1,0.24,flat,13.79,439705.0,2,11,24,3,0.02,4.8,0.22,4.08,1.67,6,6,1.0,0.5,0.0,0.57,medium
wf_2026_03,naive_lag_24h,2026-03-02,4,2026-03-02 12:00:00+00:00,2026-03-02 13:00:00+00:00,1,0.24,flat,13.88,438020.0,1,12,24,2,0.0,0.0,0.58,8.88,1.31,6,6,1.0,0.25,0.07,0.48,low
wf_2026_03,naive_lag_24h,2026-03-02,5,2026-03-02 14:00:00+00:00,2026-03-02 15:00:00+00:00,1,0.28,flat,13.69,438655.0,6,9,24,6,0.09,2.15,1.51,6.72,0.37,1,6,0.17,0.0,0.03,0.07,low
wf_2026_03,naive_lag_24h,2026-03-03,1,2026-03-03 10:00:00+00:00,2026-03-03 11:00:00+00:00,1,0.13,flat,12.17,443400.0,5,3,24,8,0.37,16.07,5.2,32.31,-2.74,1,6,0.17,1.0,0.0,0.51,medium
wf_2026_03,naive_lag_24h,2026-03-03,2,2026-03-03 12:00:00+00:00,2026-03-03 13:00:00+00:00,1,0.13,flat,12.67,458720.0,1,7,24,1,0.0,0.0,0.0,48.38,2.46,6,6,1.0,0.75,0.03,0.69,medium
wf_2026_03,naive_lag_24h,2026-03-03,3,2026-03-03 11:00:00+00:00,2026-03-03 12:00:00+00:00,1,0.15,flat,12.31,447915.0,4,5,24,4,0.17,19.62,2.06,28.76,0.39,3,6,0.5,0.5,0.05,0.41,low
wf_2026_03,naive_lag_24h,2026-03-03,4,2026-03-03 13:00:00+00:00,2026-03-03 14:00:00+00:00,1,0.2,flat,12.88,453042.5,3,8,24,2,0.07,6.2,0.45,42.18,2.01,6,6,1.0,0.25,0.03,0.47,low
wf_2026_03,naive_lag_24h,2026-03-03,5,2026-03-03 09:00:00+00:00,2026-03-03 10:00:00+00:00,1,0.22,flat,12.28,446047.5,8,4,24,15,0.5,29.89,6.01,18.48,-3.55,1,6,0.17,0.0,0.0,0.06,low
wf_2026_03,naive_lag_24h,2026-03-04,1,2026-03-04 12:00:00+00:00,2026-03-04 13:00:00+00:00,1,0.0,flat,13.32,477567.5,1,1,24,1,0.0,0.0,0.22,45.28,4.36,6,6,1.0,1.0,0.07,0.81,high
wf_2026_03,naive_lag_24h,2026-03-04,2,2026-03-04 13:00:00+00:00,2026-03-04 14:00:00+00:00,1,0.07,flat,13.77,479077.5,2,3,24,2,0.04,3.93,0.36,41.34,4.22,6,6,1.0,0.75,0.05,0.7,medium
wf_2026_03,naive_lag_24h,2026-03-04,3,2026-03-04 14:00:00+00:00,2026-03-04 15:00:00+00:00,1,0.11,flat,13.62,461360.0,5,2,24,4,0.15,15.63,0.83,29.65,3.75,6,6,1.0,0.5,0.07,0.59,medium
wf_2026_03,naive_lag_24h,2026-03-04,4,2026-03-04 11:00:00+00:00,2026-03-04 12:00:00+00:00,1,0.17,flat,15.39,552952.5,4,6,24,3,0.13,19.11,0.45,26.16,4.13,6,6,1.0,0.25,0.07,0.48,low
wf_2026_03,naive_lag_24h,2026-03-04,5,2026-03-04 15:00:00+00:00,2026-03-04 16:00:00+00:00,1,0.24,flat,14.59,478967.5,9,4,24,6,0.26,30.52,1.31,14.75,3.27,6,6,1.0,0.0,0.09,0.37,low
wf_2026_03,naive_lag_24h,2026-03-05,1,2026-03-05 12:00:00+00:00,2026-03-05 13:00:00+00:00,1,0.04,flat,12.85,487990.0,1,3,24,4,0.04,0.0,0.69,82.55,0.78,6,6,1.0,1.0,0.05,0.81,high
wf_2026_03,naive_lag_24h,2026-03-05,2,2026-03-05 13:00:00+00:00,2026-03-05 14:00:00+00:00,1,0.09,flat,12.99,487027.5,2,4,24,5,0.07,30.1,0.64,52.45,0.82,6,6,1.0,0.75,0.09,0.71,medium
wf_2026_03,naive_lag_24h,2026-03-05,3,2026-03-05 11:00:00+00:00,2026-03-05 12:00:00+00:00,1,0.17,flat,13.08,494282.5,4,6,24,2,0.0,0.43,0.57,82.12,0.89,6,6,1.0,0.5,0.02,0.58,medium
wf_2026_03,naive_lag_24h,2026-03-05,4,2026-03-05 14:00:00+00:00,2026-03-05 15:00:00+00:00,1,0.2,flat,13.46,486835.0,3,8,24,6,0.15,44.64,0.69,37.91,0.77,3,6,0.5,0.25,0.09,0.31,low
wf_2026_03,naive_lag_24h,2026-03-05,5,2026-03-05 10:00:00+00:00,2026-03-05 11:00:00+00:00,1,0.28,flat,13.43,503127.5,8,7,24,1,0.0,23.77,0.15,58.78,1.31,6,6,1.0,0.0,0.02,0.35,low
wf_2026_03,naive_lag_24h,2026-03-06,1,2026-03-06 10:00:00+00:00,2026-03-06 11:00:00+00:00,1,0.09,flat,11.84,435907.5,3,3,24,9,0.15,29.17,0.41,-5.94,1.08,6,6,1.0,1.0,0.0,0.8,high
wf_2026_03,naive_lag_24h,2026-03-06,2,2026-03-06 11:00:00+00:00,2026-03-06 12:00:00+00:00,1,0.09,flat,12.25,440570.0,2,4,24,4,0.04,21.42,0.54,1.81,0.96,6,6,1.0,0.75,0.05,0.7,medium
wf_2026_03,naive_lag_24h,2026-03-06,3,2026-03-06 09:00:00+00:00,2026-03-06 10:00:00+00:00,1,0.13,flat,11.68,436515.0,7,1,24,5,0.07,26.21,0.0,-2.98,1.5,6,6,1.0,0.5,0.0,0.57,medium
wf_2026_03,naive_lag_24h,2026-03-06,4,2026-03-06 12:00:00+00:00,2026-03-06 13:00:00+00:00,1,0.13,flat,12.37,446975.0,1,7,24,1,0.0,13.2,0.68,10.03,0.81,6,6,1.0,0.25,0.02,0.47,low
wf_2026_03,naive_lag_24h,2026-03-06,5,2026-03-06 13:00:00+00:00,2026-03-06 14:00:00+00:00,1,0.15,flat,12.32,441412.5,4,5,24,2,0.02,13.02,1.07,10.21,0.42,5,6,0.83,0.0,0.1,0.31,low
wf_2026_03,naive_lag_24h,2026-03-07,1,2026-03-07 12:00:00+00:00,2026-03-07 13:00:00+00:00,1,0.17,flat,13.39,460060.0,4,6,24,2,0.02,0.0,0.22,70.36,0.59,6,6,1.0,1.0,0.03,0.81,high
wf_2026_03,naive_lag_24h,2026-03-07,2,2026-03-07 13:00:00+00:00,2026-03-07 14:00:00+00:00,1,0.2,flat,13.78,464767.5,3,8,24,4,0.09,17.06,0.29,53.3,0.53,6,6,1.0,0.75,0.03,0.69,medium
wf_2026_03,naive_lag_24h,2026-03-07,3,2026-03-07 14:00:00+00:00,2026-03-07 15:00:00+00:00,1,0.22,flat,13.77,461210.0,5,7,24,7,0.22,32.2,0.56,38.16,0.26,1,6,0.17,0.5,0.0,0.28,low
wf_2026_03,naive_lag_24h,2026-03-07,4,2026-03-07 11:00:00+00:00,2026-03-07 12:00:00+00:00,1,0.22,flat,13.24,459087.5,8,4,24,3,0.09,14.7,0.29,55.66,0.53,6,6,1.0,0.25,0.03,0.47,low
wf_2026_03,naive_lag_24h,2026-03-07,5,2026-03-07 09:00:00+00:00,2026-03-07 10:00:00+00:00,1,0.24,flat,12.7,451977.5,12,1,24,5,0.13,43.48,0.16,26.88,0.66,5,6,0.83,0.0,0.11,0.31,low
wf_2026_03,naive_lag_24h,2026-03-08,1,2026-03-08 10:00:00+00:00,2026-03-08 11:00:00+00:00,1,0.07,flat,13.23,442505.0,4,1,24,1,0.0,21.63,0.0,76.06,1.86,6,6,1.0,1.0,0.02,0.8,high
wf_2026_03,naive_lag_24h,2026-03-08,2,2026-03-08 12:00:00+00:00,2026-03-08 13:00:00+00:00,1,0.09,flat,13.46,446275.0,1,5,24,3,0.04,0.0,0.82,97.69,1.04,6,6,1.0,0.75,0.08,0.7,medium
wf_2026_03,naive_lag_24h,2026-03-08,3,2026-03-08 11:00:00+00:00,2026-03-08 12:00:00+00:00,1,0.15,flat,13.52,448155.0,2,7,24,2,0.0,10.5,0.09,87.18,1.77,6,6,1.0,0.5,0.0,0.57,medium
wf_2026_03,naive_lag_24h,2026-03-08,4,2026-03-08 13:00:00+00:00,2026-03-08 14:00:00+00:00,1,0.15,flat,13.52,445037.5,3,6,24,5,0.13,6.6,1.18,91.09,0.68,5,6,0.83,0.25,0.05,0.41,low
wf_2026_03,naive_lag_24h,2026-03-08,5,2026-03-08 09:00:00+00:00,2026-03-08 10:00:00+00:00,1,0.2,flat,13.39,445155.0,7,4,24,4,0.11,37.55,0.28,60.14,1.58,6,6,1.0,0.0,0.1,0.37,low
wf_2026_03,naive_lag_24h,2026-03-09,1,2026-03-09 10:00:00+00:00,2026-03-09 11:00:00+00:00,1,0.07,flat,13.64,457910.0,4,1,24,4,0.15,13.23,0.01,16.57,1.38,2,6,0.33,1.0,0.0,0.57,medium
wf_2026_03,naive_lag_24h,2026-03-09,2,2026-03-09 11:00:00+00:00,2026-03-09 12:00:00+00:00,1,0.07,flat,13.74,458302.5,3,2,24,2,0.07,3.85,0.0,25.95,1.39,6,6,1.0,0.75,0.05,0.7,medium
wf_2026_03,naive_lag_24h,2026-03-09,3,2026-03-09 12:00:00+00:00,2026-03-09 13:00:00+00:00,1,0.11,flat,14.47,459015.0,1,6,24,1,0.0,0.0,0.01,29.8,1.38,6,6,1.0,0.5,0.07,0.59,medium
wf_2026_03,naive_lag_24h,2026-03-09,4,2026-03-09 09:00:00+00:00,2026-03-09 10:00:00+00:00,1,0.17,flat,13.93,453822.5,7,3,24,9,0.3,28.91,0.84,0.89,0.55,1,6,0.17,0.25,0.02,0.18,low
wf_2026_03,naive_lag_24h,2026-03-09,5,2026-03-09 13:00:00+00:00,2026-03-09 14:00:00+00:00,1,0.2,flat,14.82,452207.5,2,9,24,3,0.09,2.03,0.2,27.77,1.19,6,6,1.0,0.0,0.0,0.35,low
wf_2026_03,naive_lag_24h,2026-03-10,1,2026-03-10 12:00:00+00:00,2026-03-10 13:00:00+00:00,1,0.02,flat,12.99,461725.0,1,2,24,1,0.0,80.24,0.02,33.1,3.23,6,6,1.0,1.0,0.07,0.81,high
wf_2026_03,naive_lag_24h,2026-03-10,2,2026-03-10 11:00:00+00:00,2026-03-10 12:00:00+00:00,1,0.09,flat,12.98,460470.0,5,1,24,5,0.13,84.08,0.35,29.27,2.9,6,6,1.0,0.75,0.02,0.69,medium
wf_2026_03,naive_lag_24h,2026-03-10,3,2026-03-10 13:00:00+00:00,2026-03-10 14:00:00+00:00,1,0.11,flat,13.18,463480.0,3,4,24,2,0.0,80.84,0.0,32.51,3.25,6,6,1.0,0.5,0.07,0.59,medium
wf_2026_03,naive_lag_24h,2026-03-10,4,2026-03-10 10:00:00+00:00,2026-03-10 11:00:00+00:00,1,0.17,flat,12.99,458570.0,7,3,24,8,0.22,85.76,0.73,27.59,2.52,1,6,0.17,0.25,0.02,0.18,low
wf_2026_03,naive_lag_24h,2026-03-10,5,2026-03-10 14:00:00+00:00,2026-03-10 15:00:00+00:00,1,0.2,flat,13.53,466312.5,6,5,24,4,0.09,84.52,0.16,28.83,3.08,6,6,1.0,0.0,0.02,0.35,low
wf_2026_03,naive_lag_24h,2026-03-11,1,2026-03-11 12:00:00+00:00,2026-03-11 13:00:00+00:00,1,0.07,flat,13.35,482610.0,3,2,24,4,0.09,22.82,0.26,11.15,1.55,6,6,1.0,1.0,0.0,0.8,high
wf_2026_03,naive_lag_24h,2026-03-11,2,2026-03-11 13:00:00+00:00,2026-03-11 14:00:00+00:00,1,0.07,flat,13.34,481280.0,4,1,24,5,0.17,33.12,0.27,0.85,1.54,4,6,0.67,0.75,0.0,0.57,medium
wf_2026_03,naive_lag_24h,2026-03-11,3,2026-03-11 23:00:00+00:00,2026-03-12 00:00:00+00:00,1,0.07,flat,13.5,456722.5,1,4,24,18,0.5,79.52,1.38,-45.54,0.43,1,6,0.17,0.5,0.09,0.3,low
wf_2026_03,naive_lag_24h,2026-03-11,4,2026-03-11 14:00:00+00:00,2026-03-11 15:00:00+00:00,1,0.15,flat,13.5,483715.0,6,3,24,7,0.24,39.69,0.34,-5.71,1.47,1,6,0.17,0.25,0.05,0.18,low
wf_2026_03,naive_lag_24h,2026-03-11,5,2026-03-11 11:00:00+00:00,2026-03-11 12:00:00+00:00,1,0.2,flat,13.69,488745.0,5,6,24,2,0.0,15.21,0.22,18.76,1.59,6,6,1.0,0.0,0.05,0.36,low
wf_2026_03,naive_lag_24h,2026-03-12,1,2026-03-12 10:00:00+00:00,2026-03-12 11:00:00+00:00,1,0.13,flat,11.89,440127.5,6,2,24,1,0.0,0.01,0.63,84.53,1.0,6,6,1.0,1.0,0.0,0.8,high
wf_2026_03,naive_lag_24h,2026-03-12,2,2026-03-12 11:00:00+00:00,2026-03-12 12:00:00+00:00,1,0.13,flat,12.06,442452.5,4,4,24,4,0.04,0.0,0.82,84.54,0.81,6,6,1.0,0.75,0.05,0.7,medium
wf_2026_03,naive_lag_24h,2026-03-12,3,2026-03-12 09:00:00+00:00,2026-03-12 10:00:00+00:00,1,0.17,flat,11.84,445017.5,9,1,24,3,0.04,8.88,0.67,75.66,0.96,1,6,0.17,0.5,0.05,0.29,low
wf_2026_03,naive_lag_24h,2026-03-12,4,2026-03-12 12:00:00+00:00,2026-03-12 13:00:00+00:00,1,0.22,flat,12.1,442415.0,7,5,24,5,0.04,0.0,1.17,84.54,0.47,6,6,1.0,0.25,0.1,0.48,low
wf_2026_03,naive_lag_24h,2026-03-12,5,2026-03-12 13:00:00+00:00,2026-03-12 14:00:00+00:00,1,0.3,flat,12.11,443772.5,10,6,24,9,0.11,0.0,1.34,84.54,0.29,1,6,0.17,0.0,0.05,0.07,low
wf_2026_03,naive_lag_24h,2026-03-13,1,2026-03-13 10:00:00+00:00,2026-03-13 11:00:00+00:00,1,0.26,flat,12.56,471950.0,6,8,24,1,0.0,4.4,0.0,4.7,1.86,6,6,1.0,1.0,0.04,0.81,high
wf_2026_03,naive_lag_24h,2026-03-13,2,2026-03-13 21:00:00+00:00,2026-03-13 22:00:00+00:00,1,0.28,flat,12.16,450647.5,11,4,24,19,0.74,109.18,13.83,-100.09,-11.96,1,6,0.17,0.75,0.04,0.4,low
wf_2026_03,naive_lag_24h,2026-03-13,3,2026-03-13 09:00:00+00:00,2026-03-13 10:00:00+00:00,1,0.3,flat,12.6,469807.5,7,9,24,2,0.04,3.81,0.31,5.28,1.56,5,6,0.83,0.5,0.0,0.52,medium
wf_2026_03,naive_lag_24h,2026-03-13,4,2026-03-13 11:00:00+00:00,2026-03-13 12:00:00+00:00,1,0.3,flat,12.75,469332.5,4,12,24,4,0.17,17.3,0.08,-8.2,1.79,6,6,1.0,0.25,0.0,0.46,low
wf_2026_03,naive_lag_24h,2026-03-13,5,2026-03-13 12:00:00+00:00,2026-03-13 13:00:00+00:00,1,0.3,flat,13.1,468382.5,1,15,24,3,0.07,4.92,0.3,4.17,1.56,6,6,1.0,0.0,0.0,0.35,low
wf_2026_03,naive_lag_24h,2026-03-14,1,2026-03-14 10:00:00+00:00,2026-03-14 11:00:00+00:00,1,0.09,flat,11.42,426440.0,5,1,24,4,0.15,14.74,0.2,33.85,1.22,6,6,1.0,1.0,0.05,0.81,high
wf_2026_03,naive_lag_24h,2026-03-14,2,2026-03-14 09:00:00+00:00,2026-03-14 10:00:00+00:00,1,0.13,flat,11.73,440522.5,4,4,24,5,0.24,40.41,0.19,8.17,1.23,3,6,0.5,0.75,0.03,0.52,medium
wf_2026_03,naive_lag_24h,2026-03-14,3,2026-03-14 12:00:00+00:00,2026-03-14 13:00:00+00:00,1,0.15,flat,11.72,434717.5,6,3,24,3,0.13,6.82,1.16,41.77,0.26,6,6,1.0,0.5,0.12,0.6,medium
wf_2026_03,naive_lag_24h,2026-03-14,4,2026-03-14 11:00:00+00:00,2026-03-14 12:00:00+00:00,1,0.26,flat,11.49,432197.5,12,2,24,2,0.13,26.61,0.0,21.98,1.42,6,6,1.0,0.25,0.0,0.46,low
wf_2026_03,naive_lag_24h,2026-03-14,5,2026-03-14 13:00:00+00:00,2026-03-14 14:00:00+00:00,1,0.26,flat,11.98,434407.5,9,5,24,8,0.35,7.77,1.86,40.82,-0.44,4,6,0.67,0.0,0.1,0.25,low
wf_2026_03,naive_lag_24h,2026-03-15,1,2026-03-15 14:00:00+00:00,2026-03-15 15:00:00+00:00,1,0.02,flat,12.66,445942.5,1,2,24,6,0.11,0.66,1.12,134.44,4.67,1,6,0.17,1.0,0.13,0.53,medium
wf_2026_03,naive_lag_24h,2026-03-15,2,2026-03-15 11:00:00+00:00,2026-03-15 12:00:00+00:00,1,0.15,flat,12.53,452112.5,8,1,24,3,0.02,8.48,0.0,126.62,5.79,6,6,1.0,0.75,0.0,0.69,medium
wf_2026_03,naive_lag_24h,2026-03-15,3,2026-03-15 12:00:00+00:00,2026-03-15 13:00:00+00:00,1,0.15,flat,13.68,494880.0,2,7,24,1,0.0,1.92,0.17,133.19,5.62,6,6,1.0,0.5,0.02,0.58,medium
wf_2026_03,naive_lag_24h,2026-03-15,4,2026-03-15 10:00:00+00:00,2026-03-15 11:00:00+00:00,1,0.17,flat,12.73,450970.0,6,4,24,2,0.02,7.0,0.03,128.11,5.76,6,6,1.0,0.25,0.09,0.48,low
wf_2026_03,naive_lag_24h,2026-03-15,5,2026-03-15 09:00:00+00:00,2026-03-15 10:00:00+00:00,1,0.26,flat,12.72,446397.5,11,3,24,5,0.04,6.72,0.26,128.38,5.54,3,6,0.5,0.0,0.04,0.18,low
wf_2026_03,naive_lag_24h,2026-03-16,1,2026-03-16 12:00:00+00:00,2026-03-16 13:00:00+00:00,1,0.11,flat,12.52,444162.5,4,3,24,1,0.0,0.0,0.13,14.8,1.24,6,6,1.0,1.0,0.03,0.81,high
wf_2026_03,naive_lag_24h,2026-03-16,2,2026-03-16 10:00:00+00:00,2026-03-16 11:00:00+00:00,1,0.13,flat,12.38,442837.5,6,2,24,3,0.11,13.11,0.05,1.69,1.32,6,6,1.0,0.75,0.0,0.69,medium
wf_2026_03,naive_lag_24h,2026-03-16,3,2026-03-16 11:00:00+00:00,2026-03-16 12:00:00+00:00,1,0.13,flat,12.35,444480.0,7,1,24,2,0.07,10.62,0.0,4.19,1.37,6,6,1.0,0.5,0.0,0.57,medium
wf_2026_03,naive_lag_24h,2026-03-16,4,2026-03-16 13:00:00+00:00,2026-03-16 14:00:00+00:00,1,0.13,flat,13.08,445450.0,1,7,24,4,0.11,6.96,0.49,7.84,0.88,6,6,1.0,0.25,0.03,0.47,low
wf_2026_03,naive_lag_24h,2026-03-16,5,2026-03-16 09:00:00+00:00,2026-03-16 10:00:00+00:00,1,0.15,flat,12.6,446240.0,5,4,24,7,0.28,37.99,0.56,-23.18,0.81,1,6,0.17,0.0,0.08,0.07,low
wf_2026_03,naive_lag_24h,2026-03-17,1,2026-03-17 12:00:00+00:00,2026-03-17 13:00:00+00:00,1,0.04,flat,12.07,449342.5,1,3,24,3,0.02,0.0,1.03,98.22,1.29,6,6,1.0,1.0,0.07,0.81,high
wf_2026_03,naive_lag_24h,2026-03-17,2,2026-03-17 11:00:00+00:00,2026-03-17 12:00:00+00:00,1,0.11,flat,11.93,444217.5,6,1,24,2,0.02,0.0,0.48,98.21,1.84,6,6,1.0,0.75,0.05,0.7,medium
wf_2026_03,naive_lag_24h,2026-03-17,3,2026-03-17 10:00:00+00:00,2026-03-17 11:00:00+00:00,1,0.15,flat,11.98,448655.0,7,2,24,1,0.0,0.01,0.0,98.21,2.32,6,6,1.0,0.5,0.0,0.57,medium
wf_2026_03,naive_lag_24h,2026-03-17,4,2026-03-17 13:00:00+00:00,2026-03-17 14:00:00+00:00,1,0.15,flat,12.42,452120.0,5,4,24,5,0.11,0.0,1.35,98.22,0.97,6,6,1.0,0.25,0.19,0.5,low
wf_2026_03,naive_lag_24h,2026-03-17,5,2026-03-17 01:00:00+00:00,2026-03-17 02:00:00+00:00,1,0.33,flat,13.52,442430.0,4,13,24,13,0.52,94.89,2.26,3.33,0.06,1,6,0.17,0.0,0.0,0.06,low
wf_2026_03,naive_lag_24h,2026-03-18,1,2026-03-18 10:00:00+00:00,2026-03-18 11:00:00+00:00,1,0.07,flat,11.85,442555.0,4,1,24,2,0.02,0.39,0.46,27.82,1.13,6,6,1.0,1.0,0.02,0.8,high
wf_2026_03,naive_lag_24h,2026-03-18,2,2026-03-18 11:00:00+00:00,2026-03-18 12:00:00+00:00,1,0.09,flat,12.33,444260.0,3,3,24,3,0.04,0.0,1.03,28.21,0.57,6,6,1.0,0.75,0.0,0.69,medium
wf_2026_03,naive_lag_24h,2026-03-18,3,2026-03-18 12:00:00+00:00,2026-03-18 13:00:00+00:00,1,0.09,flat,12.88,448932.5,1,5,24,6,0.17,0.2,1.16,28.01,0.43,5,6,0.83,0.5,0.07,0.53,medium
wf_2026_03,naive_lag_24h,2026-03-18,4,2026-03-18 09:00:00+00:00,2026-03-18 10:00:00+00:00,1,0.15,flat,12.06,445437.5,7,2,24,1,0.0,0.4,0.0,27.81,1.59,6,6,1.0,0.25,0.02,0.47,low
wf_2026_03,naive_lag_24h,2026-03-18,5,2026-03-18 13:00:00+00:00,2026-03-18 14:00:00+00:00,1,0.17,flat,13.2,451300.0,2,8,24,5,0.13,0.36,1.07,27.84,0.52,1,6,0.17,0.0,0.05,0.07,low
wf_2026_03,naive_lag_24h,2026-03-19,1,2026-03-19 09:00:00+00:00,2026-03-19 10:00:00+00:00,1,0.13,flat,11.51,437690.0,7,1,24,4,0.3,0.01,1.07,26.4,-0.45,1,6,0.17,1.0,0.03,0.51,medium
wf_2026_03,naive_lag_24h,2026-03-19,2,2026-03-19 10:00:00+00:00,2026-03-19 11:00:00+00:00,1,0.15,flat,11.98,442192.5,5,4,24,7,0.35,0.01,1.19,26.4,-0.56,6,6,1.0,0.75,0.03,0.69,medium
wf_2026_03,naive_lag_24h,2026-03-19,3,2026-03-19 11:00:00+00:00,2026-03-19 12:00:00+00:00,1,0.17,flat,12.54,439282.5,1,9,24,11,0.43,0.0,1.97,26.41,-1.34,6,6,1.0,0.5,0.03,0.58,medium
wf_2026_03,naive_lag_24h,2026-03-19,4,2026-03-19 08:00:00+00:00,2026-03-19 09:00:00+00:00,1,0.2,flat,11.94,443232.5,9,2,24,17,0.5,6.85,1.5,19.56,-0.88,2,6,0.33,0.25,0.08,0.25,low
wf_2026_03,naive_lag_24h,2026-03-19,5,2026-03-19 13:00:00+00:00,2026-03-19 14:00:00+00:00,1,0.26,flat,12.58,438655.0,3,11,24,1,0.0,0.0,0.31,26.4,0.32,1,6,0.17,0.0,0.06,0.07,low
wf_2026_03,naive_lag_24h,2026-03-20,1,2026-03-20 13:00:00+00:00,2026-03-20 14:00:00+00:00,1,0.07,flat,12.97,439852.5,3,2,24,4,0.04,0.87,0.38,61.25,1.76,6,6,1.0,1.0,0.05,0.81,high
wf_2026_03,naive_lag_24h,2026-03-20,2,2026-03-20 14:00:00+00:00,2026-03-20 15:00:00+00:00,1,0.11,flat,12.66,436075.0,6,1,24,6,0.11,1.9,0.95,60.22,1.19,6,6,1.0,0.75,0.13,0.71,medium
wf_2026_03,naive_lag_24h,2026-03-20,3,2026-03-20 15:00:00+00:00,2026-03-20 16:00:00+00:00,1,0.22,flat,13.13,448652.5,7,5,24,7,0.33,9.65,1.54,52.47,0.6,1,6,0.17,0.5,0.18,0.32,low
wf_2026_03,naive_lag_24h,2026-03-20,4,2026-03-20 09:00:00+00:00,2026-03-20 10:00:00+00:00,1,0.37,flat,13.73,501402.5,5,14,24,5,0.11,18.13,0.17,43.99,1.97,1,6,0.17,0.25,0.05,0.18,low
wf_2026_03,naive_lag_24h,2026-03-20,5,2026-03-20 00:00:00+00:00,2026-03-20 01:00:00+00:00,1,0.41,flat,13.29,448072.5,13,8,24,15,0.59,62.12,2.14,0.0,0.0,1,6,0.17,0.0,0.0,0.06,low
wf_2026_03,naive_lag_24h,2026-03-21,1,2026-03-21 10:00:00+00:00,2026-03-21 11:00:00+00:00,1,0.07,flat,12.2,452422.5,4,1,24,1,0.0,2.19,0.15,48.75,1.13,6,6,1.0,1.0,0.0,0.8,high
wf_2026_03,naive_lag_24h,2026-03-21,2,2026-03-21 12:00:00+00:00,2026-03-21 13:00:00+00:00,1,0.07,flat,12.37,455755.0,1,4,24,2,0.02,0.75,0.25,50.19,1.03,5,6,0.83,0.75,0.06,0.64,medium
wf_2026_03,naive_lag_24h,2026-03-21,3,2026-03-21 11:00:00+00:00,2026-03-21 12:00:00+00:00,1,0.11,flat,12.22,453572.5,5,2,24,5,0.09,6.28,0.21,44.66,1.08,6,6,1.0,0.5,0.0,0.57,medium
wf_2026_03,naive_lag_24h,2026-03-21,4,2026-03-21 13:00:00+00:00,2026-03-21 14:00:00+00:00,1,0.11,flat,12.58,450120.0,2,5,24,3,0.04,0.0,0.63,50.94,0.66,4,6,0.67,0.25,0.08,0.36,low
wf_2026_03,naive_lag_24h,2026-03-21,5,2026-03-21 09:00:00+00:00,2026-03-21 10:00:00+00:00,1,0.17,flat,12.37,453585.0,7,3,24,4,0.07,7.36,0.0,43.58,1.29,5,6,0.83,0.0,0.0,0.29,low
wf_2026_03,naive_lag_24h,2026-03-22,1,2026-03-22 10:00:00+00:00,2026-03-22 11:00:00+00:00,1,0.07,flat,12.5,438045.0,3,2,24,7,0.22,0.77,0.68,60.76,-0.68,6,6,1.0,1.0,0.03,0.81,high
wf_2026_03,naive_lag_24h,2026-03-22,2,2026-03-22 12:00:00+00:00,2026-03-22 13:00:00+00:00,1,0.09,flat,12.6,443302.5,2,4,24,4,0.17,0.0,0.67,61.53,-0.67,6,6,1.0,0.75,0.03,0.69,medium
wf_2026_03,naive_lag_24h,2026-03-22,3,2026-03-22 13:00:00+00:00,2026-03-22 14:00:00+00:00,1,0.11,flat,12.98,441137.5,1,6,24,14,0.35,3.44,0.81,58.08,-0.81,1,6,0.17,0.5,0.03,0.29,low
wf_2026_03,naive_lag_24h,2026-03-22,4,2026-03-22 09:00:00+00:00,2026-03-22 10:00:00+00:00,1,0.13,flat,12.35,434785.0,7,1,24,1,0.0,3.21,0.15,58.32,-0.15,6,6,1.0,0.25,0.03,0.47,low
wf_2026_03,naive_lag_24h,2026-03-22,5,2026-03-22 11:00:00+00:00,2026-03-22 12:00:00+00:00,1,0.15,flat,12.56,442487.5,6,3,24,9,0.26,2.15,0.76,59.38,-0.76,6,6,1.0,0.0,0.06,0.36,low
wf_2026_03,naive_lag_24h,2026-03-23,1,2026-03-23 09:00:00+00:00,2026-03-23 10:00:00+00:00,1,0.11,flat,14.31,422130.0,4,3,24,14,0.48,30.43,18.35,56.66,-16.54,1,6,0.17,1.0,0.08,0.52,medium
wf_2026_03,naive_lag_24h,2026-03-23,2,2026-03-23 08:00:00+00:00,2026-03-23 09:00:00+00:00,1,0.17,flat,14.25,429042.5,8,2,24,17,0.67,89.22,20.06,-2.13,-18.25,1,6,0.17,0.75,0.05,0.41,low
wf_2026_03,naive_lag_24h,2026-03-23,3,2026-03-23 15:00:00+00:00,2026-03-23 16:00:00+00:00,1,0.22,flat,14.55,427702.5,7,5,24,4,0.15,31.15,0.95,55.94,0.86,6,6,1.0,0.5,0.07,0.59,medium
wf_2026_03,naive_lag_24h,2026-03-23,4,2026-03-23 12:00:00+00:00,2026-03-23 13:00:00+00:00,1,0.28,flat,14.83,418890.0,1,14,24,1,0.0,0.0,0.45,87.09,1.36,6,6,1.0,0.25,0.0,0.46,low
wf_2026_03,naive_lag_24h,2026-03-23,5,2026-03-23 14:00:00+00:00,2026-03-23 15:00:00+00:00,1,0.28,flat,14.65,423222.5,6,9,24,3,0.02,11.86,0.35,75.23,1.46,6,6,1.0,0.0,0.03,0.36,low
wf_2026_03,naive_lag_24h,2026-03-24,1,2026-03-24 12:00:00+00:00,2026-03-24 13:00:00+00:00,1,0.04,flat,12.7,447600.0,1,3,24,3,0.04,0.0,0.53,72.63,2.84,6,6,1.0,1.0,0.02,0.8,high
wf_2026_03,naive_lag_24h,2026-03-24,2,2026-03-24 13:00:00+00:00,2026-03-24 14:00:00+00:00,1,0.07,flat,12.25,422572.5,4,1,24,5,0.2,0.0,0.88,72.63,2.5,6,6,1.0,0.75,0.0,0.69,medium
wf_2026_03,naive_lag_24h,2026-03-24,3,2026-03-24 14:00:00+00:00,2026-03-24 15:00:00+00:00,1,0.07,flat,12.6,426005.0,3,2,24,7,0.22,0.0,0.87,72.63,2.5,1,6,0.17,0.5,0.14,0.31,low
wf_2026_03,naive_lag_24h,2026-03-24,4,2026-03-24 15:00:00+00:00,2026-03-24 16:00:00+00:00,1,0.2,flat,13.2,431445.0,7,4,24,10,0.33,2.39,1.07,70.25,2.3,1,6,0.17,0.25,0.12,0.19,low
wf_2026_03,naive_lag_24h,2026-03-24,5,2026-03-24 10:00:00+00:00,2026-03-24 11:00:00+00:00,1,0.3,flat,19.73,706377.5,2,14,24,2,0.02,0.32,0.0,72.31,3.37,6,6,1.0,0.0,0.0,0.35,low
wf_2026_03,naive_lag_24h,2026-03-25,1,2026-03-25 11:00:00+00:00,2026-03-25 12:00:00+00:00,1,0.07,flat,11.66,416557.5,3,2,24,3,0.07,0.01,0.45,0.38,1.22,6,6,1.0,1.0,0.03,0.81,high
wf_2026_03,naive_lag_24h,2026-03-25,2,2026-03-25 10:00:00+00:00,2026-03-25 11:00:00+00:00,1,0.09,flat,11.56,420952.5,5,1,24,1,0.0,0.0,0.43,0.38,1.23,6,6,1.0,0.75,0.03,0.69,medium
wf_2026_03,naive_lag_24h,2026-03-25,3,2026-03-25 12:00:00+00:00,2026-03-25 13:00:00+00:00,1,0.11,flat,12.09,420522.5,1,6,24,4,0.11,0.01,0.44,0.37,1.22,6,6,1.0,0.5,0.11,0.6,medium
wf_2026_03,naive_lag_24h,2026-03-25,4,2026-03-25 09:00:00+00:00,2026-03-25 10:00:00+00:00,1,0.2,flat,11.69,418020.0,8,3,24,2,0.02,0.01,0.41,0.37,1.25,6,6,1.0,0.25,0.08,0.48,low
wf_2026_03,naive_lag_24h,2026-03-25,5,2026-03-25 13:00:00+00:00,2026-03-25 14:00:00+00:00,1,0.26,flat,12.44,415265.0,2,12,24,6,0.2,0.01,0.66,0.37,1.0,4,6,0.67,0.0,0.0,0.23,low
wf_2026_03,naive_lag_24h,2026-03-26,1,2026-03-26 10:00:00+00:00,2026-03-26 11:00:00+00:00,1,0.11,flat,11.63,411165.0,3,4,24,10,0.3,3.28,5.4,57.85,-4.17,1,6,0.17,1.0,0.03,0.51,medium
wf_2026_03,naive_lag_24h,2026-03-26,2,2026-03-26 09:00:00+00:00,2026-03-26 10:00:00+00:00,1,0.13,flat,11.61,417127.5,6,2,24,11,0.35,13.73,6.71,47.4,-5.48,1,6,0.17,0.75,0.05,0.41,low
wf_2026_03,naive_lag_24h,2026-03-26,3,2026-03-26 11:00:00+00:00,2026-03-26 12:00:00+00:00,1,0.17,flat,11.64,414477.5,4,6,24,5,0.24,0.46,4.13,60.66,-2.9,2,6,0.33,0.5,0.05,0.35,low
wf_2026_03,naive_lag_24h,2026-03-26,4,2026-03-26 12:00:00+00:00,2026-03-26 13:00:00+00:00,1,0.22,flat,11.64,420622.5,7,5,24,3,0.09,0.0,1.77,61.13,-0.54,4,6,0.67,0.25,0.05,0.36,low
wf_2026_03,naive_lag_24h,2026-03-26,5,2026-03-26 08:00:00+00:00,2026-03-26 09:00:00+00:00,1,0.26,flat,11.2,419592.5,13,1,24,15,0.61,72.15,10.81,-11.02,-9.58,1,6,0.17,0.0,0.05,0.07,low
wf_2026_03,naive_lag_24h,2026-03-27,1,2026-03-27 13:00:00+00:00,2026-03-27 14:00:00+00:00,1,0.02,flat,11.17,422932.5,2,1,24,2,0.04,4.22,0.16,64.74,5.25,6,6,1.0,1.0,0.07,0.81,high
wf_2026_03,naive_lag_24h,2026-03-27,2,2026-03-27 14:00:00+00:00,2026-03-27 15:00:00+00:00,1,0.09,flat,11.52,426587.5,4,2,24,4,0.15,41.3,0.46,27.66,4.95,6,6,1.0,0.75,0.02,0.69,medium
wf_2026_03,naive_lag_24h,2026-03-27,3,2026-03-27 12:00:00+00:00,2026-03-27 13:00:00+00:00,1,0.11,flat,12.94,497477.5,1,6,24,1,0.0,0.0,0.0,68.96,5.41,6,6,1.0,0.5,0.1,0.59,medium
wf_2026_03,naive_lag_24h,2026-03-27,4,2026-03-27 15:00:00+00:00,2026-03-27 16:00:00+00:00,1,0.2,flat,12.47,453402.5,7,4,24,7,0.24,51.64,0.53,17.31,4.88,3,6,0.5,0.25,0.07,0.3,low
wf_2026_03,naive_lag_24h,2026-03-27,5,2026-03-27 11:00:00+00:00,2026-03-27 12:00:00+00:00,1,0.26,flat,15.29,594177.5,3,11,24,3,0.15,16.3,1.25,52.66,4.16,6,6,1.0,0.0,0.02,0.35,low
wf_2026_03,naive_lag_24h,2026-03-28,1,2026-03-28 12:00:00+00:00,2026-03-28 13:00:00+00:00,1,0.0,flat,13.02,505207.5,1,1,24,3,0.09,2.45,0.61,88.3,6.82,6,6,1.0,1.0,0.05,0.81,high
wf_2026_03,naive_lag_24h,2026-03-28,2,2026-03-28 13:00:00+00:00,2026-03-28 14:00:00+00:00,1,0.04,flat,13.18,506060.0,2,2,24,6,0.17,3.2,0.82,87.54,6.61,6,6,1.0,0.75,0.11,0.71,medium
wf_2026_03,naive_lag_24h,2026-03-28,3,2026-03-28 11:00:00+00:00,2026-03-28 12:00:00+00:00,1,0.15,flat,14.27,549007.5,3,6,24,4,0.11,4.6,0.5,86.15,6.92,6,6,1.0,0.5,0.0,0.57,medium
wf_2026_03,naive_lag_24h,2026-03-28,4,2026-03-28 14:00:00+00:00,2026-03-28 15:00:00+00:00,1,0.15,flat,13.48,505230.0,6,3,24,7,0.2,0.0,1.07,90.75,6.36,1,6,0.17,0.25,0.05,0.18,low
wf_2026_03,naive_lag_24h,2026-03-28,5,2026-03-28 10:00:00+00:00,2026-03-28 11:00:00+00:00,1,0.2,flat,16.11,609512.5,4,7,24,1,0.0,2.26,0.43,88.49,6.99,6,6,1.0,0.0,0.02,0.35,low
wf_2026_03,naive_lag_24h,2026-03-29,1,2026-03-29 10:00:00+00:00,2026-03-29 11:00:00+00:00,1,0.04,flat,12.17,414940.0,2,2,24,4,0.07,14.77,0.0,74.74,0.89,6,6,1.0,1.0,0.09,0.82,high
wf_2026_03,naive_lag_24h,2026-03-29,2,2026-03-29 09:00:00+00:00,2026-03-29 10:00:00+00:00,1,0.13,flat,11.74,415662.5,7,1,24,2,0.02,12.65,0.1,76.86,0.79,5,6,0.83,0.75,0.0,0.63,medium
wf_2026_03,naive_lag_24h,2026-03-29,3,2026-03-29 12:00:00+00:00,2026-03-29 13:00:00+00:00,1,0.13,flat,12.35,421045.0,3,5,24,3,0.02,0.0,0.87,89.51,0.02,6,6,1.0,0.5,0.02,0.58,medium
wf_2026_03,naive_lag_24h,2026-03-29,4,2026-03-29 11:00:00+00:00,2026-03-29 12:00:00+00:00,1,0.15,flat,12.25,416740.0,5,4,24,1,0.0,3.94,0.49,85.58,0.39,6,6,1.0,0.25,0.07,0.48,low
wf_2026_03,naive_lag_24h,2026-03-29,5,2026-03-29 08:00:00+00:00,2026-03-29 09:00:00+00:00,1,0.22,flat,12.19,416047.5,9,3,24,6,0.2,31.43,0.62,58.08,0.27,1,6,0.17,0.0,0.0,0.06,low
wf_2026_03,naive_lag_24h,2026-03-30,1,2026-03-30 11:00:00+00:00,2026-03-30 12:00:00+00:00,1,0.11,flat,12.3,417622.5,4,3,24,1,0.0,8.99,0.06,-6.52,2.31,6,6,1.0,1.0,0.03,0.81,high
wf_2026_03,naive_lag_24h,2026-03-30,2,2026-03-30 09:00:00+00:00,2026-03-30 10:00:00+00:00,1,0.13,flat,11.91,421655.0,6,2,24,7,0.15,43.58,0.46,-41.12,1.92,1,6,0.17,0.75,0.0,0.4,low
wf_2026_03,naive_lag_24h,2026-03-30,3,2026-03-30 12:00:00+00:00,2026-03-30 13:00:00+00:00,1,0.13,flat,12.67,415450.0,1,7,24,2,0.0,5.13,0.33,-2.67,2.04,6,6,1.0,0.5,0.05,0.59,medium
wf_2026_03,naive_lag_24h,2026-03-30,4,2026-03-30 10:00:00+00:00,2026-03-30 11:00:00+00:00,1,0.17,flat,11.81,418332.5,9,1,24,4,0.02,17.28,0.0,-14.82,2.37,2,6,0.33,0.25,0.05,0.24,low
wf_2026_03,naive_lag_24h,2026-03-30,5,2026-03-30 13:00:00+00:00,2026-03-30 14:00:00+00:00,1,0.22,flat,12.78,412987.5,2,10,24,5,0.09,9.06,0.49,-6.6,1.88,6,6,1.0,0.0,0.11,0.37,low
wf_2026_03,naive_lag_24h,2026-03-31,1,2026-03-31 11:00:00+00:00,2026-03-31 12:00:00+00:00,1,0.17,flat,11.09,424820.0,8,2,24,8,0.17,2.37,9.15,29.62,-9.15,3,6,0.5,1.0,0.0,0.62,medium
wf_2026_03,naive_lag_24h,2026-03-31,2,2026-03-31 12:00:00+00:00,2026-03-31 13:00:00+00:00,1,0.17,flat,11.35,427407.5,7,3,24,3,0.04,0.0,6.6,31.98,-6.6,1,6,0.17,0.75,0.0,0.4,low
wf_2026_03,naive_lag_24h,2026-03-31,3,2026-03-31 14:00:00+00:00,2026-03-31 15:00:00+00:00,1,0.17,flat,11.78,430292.5,3,7,24,6,0.13,18.98,6.09,13.0,-6.09,3,6,0.5,0.5,0.03,0.41,low
wf_2026_03,naive_lag_24h,2026-03-31,4,2026-03-31 10:00:00+00:00,2026-03-31 11:00:00+00:00,1,0.2,flat,11.02,420755.0,10,1,24,9,0.22,24.94,7.7,7.04,-7.7,1,6,0.17,0.25,0.08,0.19,low
wf_2026_03,naive_lag_24h,2026-03-31,5,2026-03-31 13:00:00+00:00,2026-03-31 14:00:00+00:00,1,0.26,flat,11.52,425012.5,9,5,24,4,0.04,8.29,5.55,23.7,-5.55,6,6,1.0,0.0,0.0,0.35,low
wf_2026_03,random_forest,2026-03-01,1,2026-03-01 10:00:00+00:00,2026-03-01 11:00:00+00:00,1,0.09,unknown,13.27,443409.7,4,2,24,2,0.02,0.76,0.73,32.47,0.49,6,6,1.0,1.0,0.03,0.81,high
wf_2026_03,random_forest,2026-03-01,2,2026-03-01 09:00:00+00:00,2026-03-01 10:00:00+00:00,1,0.11,unknown,13.18,445320.5,6,1,24,1,0.0,0.79,0.47,32.45,0.74,6,6,1.0,0.75,0.11,0.71,medium
wf_2026_03,random_forest,2026-03-01,3,2026-03-01 12:00:00+00:00,2026-03-01 13:00:00+00:00,1,0.2,unknown,13.96,442050.1,1,10,24,4,0.07,0.0,0.94,33.24,0.27,4,6,0.67,0.5,0.03,0.46,low
wf_2026_03,random_forest,2026-03-01,4,2026-03-01 11:00:00+00:00,2026-03-01 12:00:00+00:00,1,0.22,unknown,13.8,444556.5,3,9,24,3,0.07,0.42,0.85,32.81,0.36,6,6,1.0,0.25,0.08,0.48,low
wf_2026_03,random_forest,2026-03-01,5,2026-03-01 08:00:00+00:00,2026-03-01 09:00:00+00:00,1,0.28,unknown,13.64,444330.5,8,7,24,7,0.15,4.83,0.77,28.41,0.44,3,6,0.5,0.0,0.03,0.18,low
wf_2026_03,random_forest,2026-03-02,1,2026-03-02 11:00:00+00:00,2026-03-02 12:00:00+00:00,1,0.11,increase,12.39,449440.2,3,4,24,3,0.02,4.8,0.22,4.08,1.67,6,6,1.0,1.0,0.02,0.8,high
wf_2026_03,random_forest,2026-03-02,2,2026-03-02 10:00:00+00:00,2026-03-02 11:00:00+00:00,1,0.13,increase,12.22,449427.3,5,3,24,1,0.0,6.28,0.08,2.6,1.81,6,6,1.0,0.75,0.0,0.69,medium
wf_2026_03,random_forest,2026-03-02,3,2026-03-02 12:00:00+00:00,2026-03-02 13:00:00+00:00,1,0.13,increase,12.64,453107.6,2,6,24,2,0.0,0.0,0.58,8.88,1.31,6,6,1.0,0.5,0.0,0.57,medium
wf_2026_03,random_forest,2026-03-02,4,2026-03-02 13:00:00+00:00,2026-03-02 14:00:00+00:00,1,0.13,increase,13.12,463936.1,1,7,24,4,0.07,4.42,0.78,4.45,1.1,5,6,0.83,0.25,0.13,0.43,low
wf_2026_03,random_forest,2026-03-02,5,2026-03-02 09:00:00+00:00,2026-03-02 10:00:00+00:00,1,0.24,increase,12.06,454100.7,11,2,24,5,0.09,7.87,0.19,1.0,1.7,5,6,0.83,0.0,0.05,0.3,low
wf_2026_03,random_forest,2026-03-03,1,2026-03-03 13:00:00+00:00,2026-03-03 14:00:00+00:00,1,0.0,increase,13.38,474337.0,1,1,24,2,0.07,6.2,0.45,42.18,2.01,6,6,1.0,1.0,0.07,0.81,high
wf_2026_03,random_forest,2026-03-03,2,2026-03-03 14:00:00+00:00,2026-03-03 15:00:00+00:00,1,0.07,increase,14.06,477996.3,3,2,24,3,0.11,23.24,0.29,25.14,2.17,5,6,0.83,0.75,0.09,0.65,medium
wf_2026_03,random_forest,2026-03-03,3,2026-03-03 12:00:00+00:00,2026-03-03 13:00:00+00:00,1,0.15,increase,14.8,527425.2,4,5,24,1,0.0,0.0,0.0,48.38,2.46,6,6,1.0,0.5,0.07,0.59,medium
wf_2026_03,random_forest,2026-03-03,4,2026-03-03 00:00:00+00:00,2026-03-03 01:00:00+00:00,1,0.22,increase,14.68,459840.1,8,4,24,12,0.46,48.38,2.46,0.0,0.0,4,6,0.67,0.25,0.02,0.35,low
wf_2026_03,random_forest,2026-03-03,5,2026-03-03 15:00:00+00:00,2026-03-03 16:00:00+00:00,1,0.24,increase,14.37,474483.1,10,3,24,5,0.24,33.09,1.26,15.29,1.19,3,6,0.5,0.0,0.04,0.18,low
wf_2026_03,random_forest,2026-03-04,1,2026-03-04 13:00:00+00:00,2026-03-04 14:00:00+00:00,1,0.04,increase,13.09,490453.8,1,3,24,2,0.04,3.93,0.36,41.34,4.22,6,6,1.0,1.0,0.07,0.81,high
wf_2026_03,random_forest,2026-03-04,2,2026-03-04 12:00:00+00:00,2026-03-04 13:00:00+00:00,1,0.11,increase,13.38,499058.9,3,4,24,1,0.0,0.0,0.22,45.28,4.36,6,6,1.0,0.75,0.02,0.69,medium
wf_2026_03,random_forest,2026-03-04,3,2026-03-04 14:00:00+00:00,2026-03-04 15:00:00+00:00,1,0.13,decrease,13.55,496415.8,2,6,24,4,0.15,15.63,0.83,29.65,3.75,6,6,1.0,0.5,0.02,0.58,medium
wf_2026_03,random_forest,2026-03-04,4,2026-03-04 11:00:00+00:00,2026-03-04 12:00:00+00:00,1,0.15,increase,13.4,500076.1,4,5,24,3,0.13,19.11,0.45,26.16,4.13,6,6,1.0,0.25,0.09,0.48,low
wf_2026_03,random_forest,2026-03-04,5,2026-03-04 15:00:00+00:00,2026-03-04 16:00:00+00:00,1,0.24,increase,14.22,498921.9,6,7,24,6,0.26,30.52,1.31,14.75,3.27,6,6,1.0,0.0,0.09,0.37,low
wf_2026_03,random_forest,2026-03-05,1,2026-03-05 11:00:00+00:00,2026-03-05 12:00:00+00:00,1,0.09,decrease,11.77,436685.4,3,3,24,2,0.0,0.43,0.57,82.12,0.89,6,6,1.0,1.0,0.0,0.8,high
wf_2026_03,random_forest,2026-03-05,2,2026-03-05 12:00:00+00:00,2026-03-05 13:00:00+00:00,1,0.09,increase,12.22,440002.5,1,5,24,4,0.04,0.0,0.69,82.55,0.78,6,6,1.0,0.75,0.02,0.69,medium
wf_2026_03,random_forest,2026-03-05,3,2026-03-05 10:00:00+00:00,2026-03-05 11:00:00+00:00,1,0.11,increase,11.58,435252.7,5,2,24,1,0.0,23.77,0.15,58.78,1.31,6,6,1.0,0.5,0.05,0.58,medium
wf_2026_03,random_forest,2026-03-05,4,2026-03-05 13:00:00+00:00,2026-03-05 14:00:00+00:00,1,0.15,decrease,12.5,445166.8,2,7,24,5,0.07,30.1,0.64,52.45,0.82,6,6,1.0,0.25,0.1,0.48,low
wf_2026_03,random_forest,2026-03-05,5,2026-03-05 09:00:00+00:00,2026-03-05 10:00:00+00:00,1,0.24,increase,11.41,439487.5,12,1,24,3,0.04,59.67,0.0,22.88,1.46,2,6,0.33,0.0,0.0,0.12,low
wf_2026_03,random_forest,2026-03-06,1,2026-03-06 09:00:00+00:00,2026-03-06 10:00:00+00:00,1,0.02,decrease,12.58,451981.5,2,1,24,5,0.07,26.21,0.0,-2.98,1.5,6,6,1.0,1.0,0.09,0.82,high
wf_2026_03,random_forest,2026-03-06,2,2026-03-06 10:00:00+00:00,2026-03-06 11:00:00+00:00,1,0.11,increase,12.7,450167.4,5,2,24,9,0.15,29.17,0.41,-5.94,1.08,6,6,1.0,0.75,0.05,0.7,medium
wf_2026_03,random_forest,2026-03-06,3,2026-03-06 12:00:00+00:00,2026-03-06 13:00:00+00:00,1,0.15,increase,13.33,457085.4,4,5,24,1,0.0,13.2,0.68,10.03,0.81,6,6,1.0,0.5,0.09,0.59,medium
wf_2026_03,random_forest,2026-03-06,4,2026-03-06 11:00:00+00:00,2026-03-06 12:00:00+00:00,1,0.24,increase,13.16,454128.1,10,3,24,4,0.04,21.42,0.54,1.81,0.96,6,6,1.0,0.25,0.07,0.48,low
wf_2026_03,random_forest,2026-03-06,5,2026-03-06 00:00:00+00:00,2026-03-06 01:00:00+00:00,1,0.3,decrease,13.91,444173.6,7,9,24,10,0.22,23.23,1.5,0.0,0.0,1,6,0.17,0.0,0.0,0.06,low
wf_2026_03,random_forest,2026-03-07,1,2026-03-07 11:00:00+00:00,2026-03-07 12:00:00+00:00,1,0.07,decrease,13.19,443390.7,4,1,24,3,0.09,14.7,0.29,55.66,0.53,6,6,1.0,1.0,0.05,0.81,high
wf_2026_03,random_forest,2026-03-07,2,2026-03-07 13:00:00+00:00,2026-03-07 14:00:00+00:00,1,0.11,decrease,13.72,448705.4,1,6,24,4,0.09,17.06,0.29,53.3,0.53,6,6,1.0,0.75,0.03,0.69,medium
wf_2026_03,random_forest,2026-03-07,3,2026-03-07 09:00:00+00:00,2026-03-07 10:00:00+00:00,1,0.13,decrease,13.62,456980.4,5,3,24,5,0.13,43.48,0.16,26.88,0.66,5,6,0.83,0.5,0.0,0.52,medium
wf_2026_03,random_forest,2026-03-07,4,2026-03-07 10:00:00+00:00,2026-03-07 11:00:00+00:00,1,0.13,decrease,13.24,448486.2,6,2,24,1,0.0,27.3,0.0,43.06,0.82,5,6,0.83,0.25,0.03,0.41,low
wf_2026_03,random_forest,2026-03-07,5,2026-03-07 12:00:00+00:00,2026-03-07 13:00:00+00:00,1,0.15,decrease,13.73,451929.5,2,7,24,2,0.02,0.0,0.22,70.36,0.59,6,6,1.0,0.0,0.08,0.37,low
wf_2026_03,random_forest,2026-03-08,1,2026-03-08 10:00:00+00:00,2026-03-08 11:00:00+00:00,1,0.09,decrease,13.59,458723.9,5,1,24,1,0.0,21.63,0.0,76.06,1.86,6,6,1.0,1.0,0.0,0.8,high
wf_2026_03,random_forest,2026-03-08,2,2026-03-08 12:00:00+00:00,2026-03-08 13:00:00+00:00,1,0.09,increase,13.95,462548.3,2,4,24,3,0.04,0.0,0.82,97.69,1.04,6,6,1.0,0.75,0.02,0.69,medium
wf_2026_03,random_forest,2026-03-08,3,2026-03-08 11:00:00+00:00,2026-03-08 12:00:00+00:00,1,0.11,increase,13.76,463017.9,4,3,24,2,0.0,10.5,0.09,87.18,1.77,6,6,1.0,0.5,0.02,0.58,medium
wf_2026_03,random_forest,2026-03-08,4,2026-03-08 13:00:00+00:00,2026-03-08 14:00:00+00:00,1,0.13,decrease,14.97,463383.7,1,7,24,5,0.13,6.6,1.18,91.09,0.68,5,6,0.83,0.25,0.02,0.41,low
wf_2026_03,random_forest,2026-03-08,5,2026-03-08 09:00:00+00:00,2026-03-08 10:00:00+00:00,1,0.15,increase,13.74,450983.3,7,2,24,4,0.11,37.55,0.28,60.14,1.58,6,6,1.0,0.0,0.07,0.36,low
wf_2026_03,random_forest,2026-03-09,1,2026-03-09 12:00:00+00:00,2026-03-09 13:00:00+00:00,1,0.02,increase,13.15,462232.4,1,2,24,1,0.0,0.0,0.01,29.8,1.38,6,6,1.0,1.0,0.05,0.81,high
wf_2026_03,random_forest,2026-03-09,2,2026-03-09 13:00:00+00:00,2026-03-09 14:00:00+00:00,1,0.07,increase,13.25,463797.1,2,3,24,3,0.09,2.03,0.2,27.77,1.19,6,6,1.0,0.75,0.02,0.69,medium
wf_2026_03,random_forest,2026-03-09,3,2026-03-09 11:00:00+00:00,2026-03-09 12:00:00+00:00,1,0.09,increase,12.98,460885.5,5,1,24,2,0.07,3.85,0.0,25.95,1.39,6,6,1.0,0.5,0.07,0.59,medium
wf_2026_03,random_forest,2026-03-09,4,2026-03-09 14:00:00+00:00,2026-03-09 15:00:00+00:00,1,0.15,increase,13.52,465878.2,4,5,24,5,0.17,13.01,0.56,16.79,0.83,5,6,0.83,0.25,0.07,0.42,low
wf_2026_03,random_forest,2026-03-09,5,2026-03-09 03:00:00+00:00,2026-03-09 04:00:00+00:00,1,0.22,decrease,15.19,456610.5,3,9,24,8,0.3,2.19,2.25,27.61,-0.86,4,6,0.67,0.0,0.0,0.23,low
wf_2026_03,random_forest,2026-03-10,1,2026-03-10 13:00:00+00:00,2026-03-10 14:00:00+00:00,1,0.02,increase,13.48,479592.5,2,1,24,2,0.0,80.84,0.0,32.51,3.25,6,6,1.0,1.0,0.07,0.81,high
wf_2026_03,random_forest,2026-03-10,2,2026-03-10 12:00:00+00:00,2026-03-10 13:00:00+00:00,1,0.09,increase,13.93,495306.6,3,3,24,1,0.0,80.24,0.02,33.1,3.23,6,6,1.0,0.75,0.02,0.69,medium
wf_2026_03,random_forest,2026-03-10,3,2026-03-10 14:00:00+00:00,2026-03-10 15:00:00+00:00,1,0.11,increase,13.49,477434.1,5,2,24,4,0.09,84.52,0.16,28.83,3.08,6,6,1.0,0.5,0.02,0.58,medium
wf_2026_03,random_forest,2026-03-10,4,2026-03-10 11:00:00+00:00,2026-03-10 12:00:00+00:00,1,0.13,increase,14.0,498246.3,4,4,24,5,0.13,84.08,0.35,29.27,2.9,6,6,1.0,0.25,0.0,0.46,low
wf_2026_03,random_forest,2026-03-10,5,2026-03-10 23:00:00+00:00,2026-03-11 00:00:00+00:00,1,0.13,decrease,14.95,515674.4,1,7,24,3,0.0,0.0,0.16,113.35,3.08,5,6,0.83,0.0,0.07,0.3,low
wf_2026_03,random_forest,2026-03-11,1,2026-03-11 11:00:00+00:00,2026-03-11 12:00:00+00:00,1,0.11,decrease,11.72,439666.2,5,2,24,2,0.0,15.21,0.22,18.76,1.59,6,6,1.0,1.0,0.0,0.8,high
wf_2026_03,random_forest,2026-03-11,2,2026-03-11 12:00:00+00:00,2026-03-11 13:00:00+00:00,1,0.11,decrease,12.07,442440.7,3,4,24,4,0.09,22.82,0.26,11.15,1.55,6,6,1.0,0.75,0.1,0.71,medium
wf_2026_03,random_forest,2026-03-11,3,2026-03-11 10:00:00+00:00,2026-03-11 11:00:00+00:00,1,0.2,decrease,11.54,442140.0,10,1,24,1,0.0,19.82,0.05,14.15,1.76,5,6,0.83,0.5,0.07,0.53,medium
wf_2026_03,random_forest,2026-03-11,4,2026-03-11 13:00:00+00:00,2026-03-11 14:00:00+00:00,1,0.26,decrease,12.29,442544.0,9,5,24,5,0.17,33.12,0.27,0.85,1.54,4,6,0.67,0.25,0.03,0.35,low
wf_2026_03,random_forest,2026-03-11,5,2026-03-11 09:00:00+00:00,2026-03-11 10:00:00+00:00,1,0.28,decrease,11.76,454378.6,12,3,24,3,0.04,32.3,0.0,1.67,1.81,4,6,0.67,0.0,0.05,0.24,low
wf_2026_03,random_forest,2026-03-12,1,2026-03-12 11:00:00+00:00,2026-03-12 12:00:00+00:00,1,0.13,decrease,12.44,470457.8,2,6,24,4,0.04,0.0,0.82,84.54,0.81,6,6,1.0,1.0,0.03,0.81,high
wf_2026_03,random_forest,2026-03-12,2,2026-03-12 23:00:00+00:00,2026-03-13 00:00:00+00:00,1,0.15,decrease,12.12,441871.8,7,2,24,8,0.09,9.61,0.75,74.93,0.88,5,6,0.83,0.75,0.03,0.64,medium
wf_2026_03,random_forest,2026-03-12,3,2026-03-12 10:00:00+00:00,2026-03-12 11:00:00+00:00,1,0.17,decrease,12.38,467578.9,5,5,24,1,0.0,0.01,0.63,84.53,1.0,6,6,1.0,0.5,0.03,0.58,medium
wf_2026_03,random_forest,2026-03-12,4,2026-03-12 12:00:00+00:00,2026-03-12 13:00:00+00:00,1,0.2,decrease,12.93,467658.5,1,10,24,5,0.04,0.0,1.17,84.54,0.47,6,6,1.0,0.25,0.09,0.48,low
wf_2026_03,random_forest,2026-03-12,5,2026-03-12 22:00:00+00:00,2026-03-12 23:00:00+00:00,1,0.26,decrease,12.16,449807.5,11,3,24,6,0.04,25.81,0.35,58.73,1.28,5,6,0.83,0.0,0.06,0.3,low
wf_2026_03,random_forest,2026-03-13,1,2026-03-13 10:00:00+00:00,2026-03-13 11:00:00+00:00,1,0.0,increase,11.46,440595.8,1,1,24,1,0.0,4.4,0.0,4.7,1.86,6,6,1.0,1.0,0.04,0.81,high
wf_2026_03,random_forest,2026-03-13,2,2026-03-13 11:00:00+00:00,2026-03-13 12:00:00+00:00,1,0.04,increase,11.49,427685.5,2,2,24,4,0.17,17.3,0.08,-8.2,1.79,6,6,1.0,0.75,0.15,0.72,medium
wf_2026_03,random_forest,2026-03-13,3,2026-03-13 13:00:00+00:00,2026-03-13 14:00:00+00:00,1,0.2,increase,11.95,431861.4,5,6,24,5,0.17,11.22,0.57,-2.13,1.3,5,6,0.83,0.5,0.04,0.53,medium
wf_2026_03,random_forest,2026-03-13,4,2026-03-13 12:00:00+00:00,2026-03-13 13:00:00+00:00,1,0.24,increase,11.71,430119.8,10,3,24,3,0.07,4.92,0.3,4.17,1.56,6,6,1.0,0.25,0.04,0.47,low
wf_2026_03,random_forest,2026-03-13,5,2026-03-13 00:00:00+00:00,2026-03-13 01:00:00+00:00,1,0.28,decrease,12.72,449934.8,6,9,24,12,0.33,9.09,1.86,0.0,0.0,1,6,0.17,0.0,0.02,0.06,low
wf_2026_03,random_forest,2026-03-14,1,2026-03-14 11:00:00+00:00,2026-03-14 12:00:00+00:00,1,0.04,increase,12.64,447459.6,2,2,24,2,0.13,26.61,0.0,21.98,1.42,6,6,1.0,1.0,0.05,0.81,high
wf_2026_03,random_forest,2026-03-14,2,2026-03-14 15:00:00+00:00,2026-03-14 16:00:00+00:00,1,0.09,increase,13.31,455818.8,1,5,24,7,0.33,14.19,1.54,34.4,-0.12,5,6,0.83,0.75,0.02,0.63,medium
wf_2026_03,random_forest,2026-03-14,3,2026-03-14 12:00:00+00:00,2026-03-14 13:00:00+00:00,1,0.11,increase,12.61,451579.9,6,1,24,3,0.13,6.82,1.16,41.77,0.26,6,6,1.0,0.5,0.09,0.59,medium
wf_2026_03,random_forest,2026-03-14,4,2026-03-14 10:00:00+00:00,2026-03-14 11:00:00+00:00,1,0.2,increase,12.64,445013.2,8,3,24,4,0.15,14.74,0.2,33.85,1.22,6,6,1.0,0.25,0.12,0.49,low
wf_2026_03,random_forest,2026-03-14,5,2026-03-14 09:00:00+00:00,2026-03-14 10:00:00+00:00,1,0.3,increase,12.85,445587.7,12,4,24,5,0.24,40.41,0.19,8.17,1.23,3,6,0.5,0.0,0.02,0.18,low
wf_2026_03,random_forest,2026-03-15,1,2026-03-15 11:00:00+00:00,2026-03-15 12:00:00+00:00,1,0.02,decrease,12.55,443178.1,1,2,24,3,0.02,8.48,0.0,126.62,5.79,6,6,1.0,1.0,0.02,0.8,high
wf_2026_03,random_forest,2026-03-15,2,2026-03-15 10:00:00+00:00,2026-03-15 11:00:00+00:00,1,0.04,decrease,12.43,448387.2,3,1,24,2,0.02,7.0,0.03,128.11,5.76,6,6,1.0,0.75,0.07,0.7,medium
wf_2026_03,random_forest,2026-03-15,3,2026-03-15 12:00:00+00:00,2026-03-15 13:00:00+00:00,1,0.11,decrease,12.55,444522.7,4,3,24,1,0.0,1.92,0.17,133.19,5.62,6,6,1.0,0.5,0.02,0.58,medium
wf_2026_03,random_forest,2026-03-15,4,2026-03-15 13:00:00+00:00,2026-03-15 14:00:00+00:00,1,0.13,decrease,12.97,447740.1,2,6,24,4,0.02,0.0,0.74,135.1,5.06,4,6,0.67,0.25,0.09,0.36,low
wf_2026_03,random_forest,2026-03-15,5,2026-03-15 23:00:00+00:00,2026-03-16 00:00:00+00:00,1,0.22,decrease,12.69,446157.5,8,4,24,8,0.15,22.43,0.54,112.67,5.25,4,6,0.67,0.0,0.02,0.24,low
wf_2026_03,random_forest,2026-03-16,1,2026-03-16 13:00:00+00:00,2026-03-16 14:00:00+00:00,1,0.04,increase,12.1,450481.6,1,3,24,4,0.11,6.96,0.49,7.84,0.88,6,6,1.0,1.0,0.02,0.8,high
wf_2026_03,random_forest,2026-03-16,2,2026-03-16 11:00:00+00:00,2026-03-16 12:00:00+00:00,1,0.07,increase,11.84,447222.6,4,1,24,2,0.07,10.62,0.0,4.19,1.37,6,6,1.0,0.75,0.05,0.7,medium
wf_2026_03,random_forest,2026-03-16,3,2026-03-16 12:00:00+00:00,2026-03-16 13:00:00+00:00,1,0.11,increase,11.84,444497.3,5,2,24,1,0.0,0.0,0.13,14.8,1.24,6,6,1.0,0.5,0.17,0.61,medium
wf_2026_03,random_forest,2026-03-16,4,2026-03-16 02:00:00+00:00,2026-03-16 03:00:00+00:00,1,0.26,decrease,13.54,442031.9,2,12,24,6,0.28,0.68,1.94,14.12,-0.56,4,6,0.67,0.25,0.0,0.35,low
wf_2026_03,random_forest,2026-03-16,5,2026-03-16 10:00:00+00:00,2026-03-16 11:00:00+00:00,1,0.26,increase,12.31,463122.9,10,4,24,3,0.11,13.11,0.05,1.69,1.32,6,6,1.0,0.0,0.02,0.35,low
wf_2026_03,random_forest,2026-03-17,1,2026-03-17 12:00:00+00:00,2026-03-17 13:00:00+00:00,1,0.04,decrease,12.56,444353.7,1,3,24,3,0.02,0.0,1.03,98.22,1.29,6,6,1.0,1.0,0.02,0.8,high
wf_2026_03,random_forest,2026-03-17,2,2026-03-17 11:00:00+00:00,2026-03-17 12:00:00+00:00,1,0.07,decrease,12.12,445577.5,3,2,24,2,0.02,0.0,0.48,98.21,1.84,6,6,1.0,0.75,0.02,0.69,medium
wf_2026_03,random_forest,2026-03-17,3,2026-03-17 10:00:00+00:00,2026-03-17 11:00:00+00:00,1,0.09,decrease,11.9,445944.4,5,1,24,1,0.0,0.01,0.0,98.21,2.32,6,6,1.0,0.5,0.05,0.58,medium
wf_2026_03,random_forest,2026-03-17,4,2026-03-17 13:00:00+00:00,2026-03-17 14:00:00+00:00,1,0.13,decrease,13.02,448197.6,2,6,24,5,0.11,0.0,1.35,98.22,0.97,6,6,1.0,0.25,0.1,0.48,low
wf_2026_03,random_forest,2026-03-17,5,2026-03-17 14:00:00+00:00,2026-03-17 15:00:00+00:00,1,0.22,decrease,13.89,452991.8,4,8,24,7,0.2,0.01,1.44,98.21,0.88,2,6,0.33,0.0,0.0,0.12,low
wf_2026_03,random_forest,2026-03-18,1,2026-03-18 10:00:00+00:00,2026-03-18 11:00:00+00:00,1,0.07,increase,11.33,434534.1,4,1,24,2,0.02,0.39,0.46,27.82,1.13,6,6,1.0,1.0,0.08,0.82,high
wf_2026_03,random_forest,2026-03-18,2,2026-03-18 11:00:00+00:00,2026-03-18 12:00:00+00:00,1,0.13,increase,12.06,439852.2,3,5,24,3,0.04,0.0,1.03,28.21,0.57,6,6,1.0,0.75,0.05,0.7,medium
wf_2026_03,random_forest,2026-03-18,3,2026-03-18 09:00:00+00:00,2026-03-18 10:00:00+00:00,1,0.17,decrease,11.53,440596.8,7,3,24,1,0.0,0.4,0.0,27.81,1.59,6,6,1.0,0.5,0.03,0.58,medium
wf_2026_03,random_forest,2026-03-18,4,2026-03-18 12:00:00+00:00,2026-03-18 13:00:00+00:00,1,0.2,decrease,12.67,437598.1,1,10,24,6,0.17,0.2,1.16,28.01,0.43,5,6,0.83,0.25,0.13,0.43,low
wf_2026_03,random_forest,2026-03-18,5,2026-03-18 08:00:00+00:00,2026-03-18 09:00:00+00:00,1,0.3,decrease,11.53,443794.4,14,2,24,4,0.07,9.78,0.43,18.42,1.16,5,6,0.83,0.0,0.0,0.29,low
wf_2026_03,random_forest,2026-03-19,1,2026-03-19 10:00:00+00:00,2026-03-19 11:00:00+00:00,1,0.17,increase,13.32,491154.0,5,5,24,7,0.35,0.01,1.19,26.4,-0.56,6,6,1.0,1.0,0.05,0.81,high
wf_2026_03,random_forest,2026-03-19,2,2026-03-19 11:00:00+00:00,2026-03-19 12:00:00+00:00,1,0.22,increase,13.42,487593.3,3,9,24,11,0.43,0.0,1.97,26.41,-1.34,6,6,1.0,0.75,0.0,0.69,medium
wf_2026_03,random_forest,2026-03-19,3,2026-03-19 14:00:00+00:00,2026-03-19 15:00:00+00:00,1,0.22,increase,13.41,444701.9,4,8,24,2,0.04,0.01,0.0,26.4,0.63,4,6,0.67,0.5,0.05,0.47,low
wf_2026_03,random_forest,2026-03-19,4,2026-03-19 00:00:00+00:00,2026-03-19 01:00:00+00:00,1,0.26,decrease,12.87,444930.6,12,2,24,5,0.35,26.41,0.63,0.0,0.0,5,6,0.83,0.25,0.11,0.43,low
wf_2026_03,random_forest,2026-03-19,5,2026-03-19 01:00:00+00:00,2026-03-19 02:00:00+00:00,1,0.35,decrease,13.37,443718.0,11,7,24,6,0.35,20.62,0.87,5.78,-0.24,4,6,0.67,0.0,0.0,0.23,low
wf_2026_03,random_forest,2026-03-20,1,2026-03-20 11:00:00+00:00,2026-03-20 12:00:00+00:00,1,0.04,increase,12.35,451823.4,2,2,24,3,0.04,2.63,0.01,59.49,2.12,5,6,0.83,1.0,0.02,0.75,medium
wf_2026_03,random_forest,2026-03-20,2,2026-03-20 10:00:00+00:00,2026-03-20 11:00:00+00:00,1,0.07,increase,12.24,450265.2,4,1,24,1,0.0,2.6,0.0,59.52,2.14,5,6,0.83,0.75,0.02,0.63,medium
wf_2026_03,random_forest,2026-03-20,3,2026-03-20 12:00:00+00:00,2026-03-20 13:00:00+00:00,1,0.09,increase,12.84,452980.1,3,3,24,2,0.0,0.0,0.17,62.12,1.97,5,6,0.83,0.5,0.02,0.52,medium
wf_2026_03,random_forest,2026-03-20,4,2026-03-20 13:00:00+00:00,2026-03-20 14:00:00+00:00,1,0.11,increase,13.19,455835.4,1,6,24,4,0.04,0.87,0.38,61.25,1.76,6,6,1.0,0.25,0.07,0.48,low
wf_2026_03,random_forest,2026-03-20,5,2026-03-20 14:00:00+00:00,2026-03-20 15:00:00+00:00,1,0.17,increase,13.17,451901.8,5,5,24,6,0.11,1.9,0.95,60.22,1.19,6,6,1.0,0.0,0.09,0.37,low
wf_2026_03,random_forest,2026-03-21,1,2026-03-21 10:00:00+00:00,2026-03-21 11:00:00+00:00,1,0.07,increase,12.21,430549.1,3,2,24,1,0.0,2.19,0.15,48.75,1.13,6,6,1.0,1.0,0.0,0.8,high
wf_2026_03,random_forest,2026-03-21,2,2026-03-21 11:00:00+00:00,2026-03-21 12:00:00+00:00,1,0.07,decrease,12.74,432471.3,1,4,24,5,0.09,6.28,0.21,44.66,1.08,6,6,1.0,0.75,0.07,0.7,medium
wf_2026_03,random_forest,2026-03-21,3,2026-03-21 09:00:00+00:00,2026-03-21 10:00:00+00:00,1,0.13,decrease,12.36,428825.4,5,3,24,4,0.07,7.36,0.0,43.58,1.29,5,6,0.83,0.5,0.07,0.53,medium
wf_2026_03,random_forest,2026-03-21,4,2026-03-21 12:00:00+00:00,2026-03-21 13:00:00+00:00,1,0.2,increase,13.22,437292.5,4,7,24,2,0.02,0.75,0.25,50.19,1.03,5,6,0.83,0.25,0.02,0.41,low
wf_2026_03,random_forest,2026-03-21,5,2026-03-21 13:00:00+00:00,2026-03-21 14:00:00+00:00,1,0.22,increase,13.44,439187.2,2,10,24,3,0.04,0.0,0.63,50.94,0.66,4,6,0.67,0.0,0.05,0.24,low
wf_2026_03,random_forest,2026-03-22,1,2026-03-22 10:00:00+00:00,2026-03-22 11:00:00+00:00,1,0.11,decrease,13.65,408367.7,3,4,24,7,0.22,0.77,0.68,60.76,-0.68,6,6,1.0,1.0,0.02,0.8,high
wf_2026_03,random_forest,2026-03-22,2,2026-03-22 09:00:00+00:00,2026-03-22 10:00:00+00:00,1,0.13,decrease,13.02,409998.9,6,2,24,1,0.0,3.21,0.15,58.32,-0.15,6,6,1.0,0.75,0.05,0.7,medium
wf_2026_03,random_forest,2026-03-22,3,2026-03-22 11:00:00+00:00,2026-03-22 12:00:00+00:00,1,0.17,decrease,14.37,406817.4,1,9,24,9,0.26,2.15,0.76,59.38,-0.76,6,6,1.0,0.5,0.05,0.58,medium
wf_2026_03,random_forest,2026-03-22,4,2026-03-22 08:00:00+00:00,2026-03-22 09:00:00+00:00,1,0.22,increase,13.52,412469.4,9,3,24,2,0.07,10.42,0.09,51.11,-0.09,5,6,0.83,0.25,0.03,0.41,low
wf_2026_03,random_forest,2026-03-22,5,2026-03-22 12:00:00+00:00,2026-03-22 13:00:00+00:00,1,0.24,decrease,14.68,410191.1,2,11,24,4,0.17,0.0,0.67,61.53,-0.67,6,6,1.0,0.0,0.08,0.36,low
wf_2026_03,random_forest,2026-03-23,1,2026-03-23 13:00:00+00:00,2026-03-23 14:00:00+00:00,1,0.0,increase,12.82,437447.1,1,1,24,2,0.02,13.35,0.0,73.74,1.81,5,6,0.83,1.0,0.09,0.76,high
wf_2026_03,random_forest,2026-03-23,2,2026-03-23 14:00:00+00:00,2026-03-23 15:00:00+00:00,1,0.09,increase,12.87,427460.8,4,2,24,3,0.02,11.86,0.35,75.23,1.46,6,6,1.0,0.75,0.09,0.71,medium
wf_2026_03,random_forest,2026-03-23,3,2026-03-23 12:00:00+00:00,2026-03-23 13:00:00+00:00,1,0.17,increase,15.09,530311.8,3,7,24,1,0.0,0.0,0.45,87.09,1.36,6,6,1.0,0.5,0.02,0.58,medium
wf_2026_03,random_forest,2026-03-23,4,2026-03-23 15:00:00+00:00,2026-03-23 16:00:00+00:00,1,0.2,increase,14.58,479385.1,6,5,24,4,0.15,31.15,0.95,55.94,0.86,6,6,1.0,0.25,0.07,0.48,low
wf_2026_03,random_forest,2026-03-23,5,2026-03-23 11:00:00+00:00,2026-03-23 12:00:00+00:00,1,0.26,increase,17.61,622109.9,2,12,24,9,0.28,16.73,4.94,70.36,-3.13,4,6,0.67,0.0,0.02,0.24,low
wf_2026_03,random_forest,2026-03-24,1,2026-03-24 12:00:00+00:00,2026-03-24 13:00:00+00:00,1,0.07,increase,11.66,413434.5,1,4,24,3,0.04,0.0,0.53,72.63,2.84,6,6,1.0,1.0,0.05,0.81,high
wf_2026_03,random_forest,2026-03-24,2,2026-03-24 11:00:00+00:00,2026-03-24 12:00:00+00:00,1,0.11,decrease,11.4,411422.1,4,3,24,1,0.0,0.0,0.09,72.63,3.28,5,6,0.83,0.75,0.03,0.63,medium
wf_2026_03,random_forest,2026-03-24,3,2026-03-24 10:00:00+00:00,2026-03-24 11:00:00+00:00,1,0.13,increase,11.29,411111.6,6,2,24,2,0.02,0.32,0.0,72.31,3.37,6,6,1.0,0.5,0.0,0.57,medium
wf_2026_03,random_forest,2026-03-24,4,2026-03-24 23:00:00+00:00,2026-03-25 00:00:00+00:00,1,0.13,decrease,10.97,380945.1,7,1,24,9,0.26,3.0,0.8,69.63,2.57,5,6,0.83,0.25,0.03,0.41,low
wf_2026_03,random_forest,2026-03-24,5,2026-03-24 13:00:00+00:00,2026-03-24 14:00:00+00:00,1,0.15,decrease,12.32,422199.7,2,7,24,5,0.2,0.0,0.88,72.63,2.5,6,6,1.0,0.0,0.05,0.36,low
wf_2026_03,random_forest,2026-03-25,1,2026-03-25 09:00:00+00:00,2026-03-25 10:00:00+00:00,1,0.09,decrease,10.37,402871.1,5,1,24,2,0.02,0.01,0.41,0.37,1.25,6,6,1.0,1.0,0.03,0.81,high
wf_2026_03,random_forest,2026-03-25,2,2026-03-25 10:00:00+00:00,2026-03-25 11:00:00+00:00,1,0.11,increase,11.19,407558.1,3,4,24,1,0.0,0.0,0.43,0.38,1.23,6,6,1.0,0.75,0.0,0.69,medium
wf_2026_03,random_forest,2026-03-25,3,2026-03-25 11:00:00+00:00,2026-03-25 12:00:00+00:00,1,0.11,increase,11.26,403884.5,2,5,24,3,0.07,0.01,0.45,0.38,1.22,6,6,1.0,0.5,0.03,0.58,medium
wf_2026_03,random_forest,2026-03-25,4,2026-03-25 12:00:00+00:00,2026-03-25 13:00:00+00:00,1,0.13,increase,11.43,405178.2,1,7,24,4,0.11,0.01,0.44,0.37,1.22,6,6,1.0,0.25,0.18,0.5,low
wf_2026_03,random_forest,2026-03-25,5,2026-03-25 14:00:00+00:00,2026-03-25 15:00:00+00:00,1,0.28,increase,12.41,428658.7,4,11,24,7,0.2,0.01,0.64,0.37,1.02,1,6,0.17,0.0,0.05,0.07,low
wf_2026_03,random_forest,2026-03-26,1,2026-03-26 14:00:00+00:00,2026-03-26 15:00:00+00:00,1,0.07,increase,11.3,419525.1,4,1,24,2,0.07,1.84,0.35,59.29,0.88,5,6,0.83,1.0,0.03,0.75,medium
wf_2026_03,random_forest,2026-03-26,2,2026-03-26 13:00:00+00:00,2026-03-26 14:00:00+00:00,1,0.09,increase,12.62,478196.4,2,4,24,1,0.0,0.0,0.0,61.13,1.23,5,6,0.83,0.75,0.13,0.65,medium
wf_2026_03,random_forest,2026-03-26,3,2026-03-26 15:00:00+00:00,2026-03-26 16:00:00+00:00,1,0.2,increase,12.67,461912.4,6,5,24,4,0.17,24.73,1.3,36.39,-0.07,5,6,0.83,0.5,0.03,0.52,medium
wf_2026_03,random_forest,2026-03-26,4,2026-03-26 12:00:00+00:00,2026-03-26 13:00:00+00:00,1,0.22,increase,14.08,544512.6,1,11,24,3,0.09,0.0,1.77,61.13,-0.54,4,6,0.67,0.25,0.05,0.36,low
wf_2026_03,random_forest,2026-03-26,5,2026-03-26 03:00:00+00:00,2026-03-26 04:00:00+00:00,1,0.26,increase,13.22,432699.9,7,7,24,9,0.3,45.58,2.04,15.54,-0.81,1,6,0.17,0.0,0.03,0.06,low
wf_2026_03,random_forest,2026-03-27,1,2026-03-27 13:00:00+00:00,2026-03-27 14:00:00+00:00,1,0.02,increase,13.24,502147.3,2,1,24,2,0.04,4.22,0.16,64.74,5.25,6,6,1.0,1.0,0.02,0.8,high
wf_2026_03,random_forest,2026-03-27,2,2026-03-27 12:00:00+00:00,2026-03-27 13:00:00+00:00,1,0.04,increase,13.65,517548.0,1,3,24,1,0.0,0.0,0.0,68.96,5.41,6,6,1.0,0.75,0.02,0.69,medium
wf_2026_03,random_forest,2026-03-27,3,2026-03-27 14:00:00+00:00,2026-03-27 15:00:00+00:00,1,0.07,increase,13.3,504265.4,3,2,24,4,0.15,41.3,0.46,27.66,4.95,6,6,1.0,0.5,0.1,0.59,medium
wf_2026_03,random_forest,2026-03-27,4,2026-03-27 11:00:00+00:00,2026-03-27 12:00:00+00:00,1,0.15,increase,14.67,545179.2,4,5,24,3,0.15,16.3,1.25,52.66,4.16,6,6,1.0,0.25,0.05,0.47,low
wf_2026_03,random_forest,2026-03-27,5,2026-03-27 15:00:00+00:00,2026-03-27 16:00:00+00:00,1,0.2,increase,14.21,521549.9,7,4,24,7,0.24,51.64,0.53,17.31,4.88,3,6,0.5,0.0,0.02,0.18,low
wf_2026_03,random_forest,2026-03-28,1,2026-03-28 11:00:00+00:00,2026-03-28 12:00:00+00:00,1,0.07,decrease,11.64,403201.0,2,3,24,4,0.11,4.6,0.5,86.15,6.92,6,6,1.0,1.0,0.0,0.8,high
wf_2026_03,random_forest,2026-03-28,2,2026-03-28 12:00:00+00:00,2026-03-28 13:00:00+00:00,1,0.07,decrease,11.98,404678.1,1,4,24,3,0.09,2.45,0.61,88.3,6.82,6,6,1.0,0.75,0.02,0.69,medium
wf_2026_03,random_forest,2026-03-28,3,2026-03-28 10:00:00+00:00,2026-03-28 11:00:00+00:00,1,0.09,decrease,11.05,400087.7,4,2,24,1,0.0,2.26,0.43,88.49,6.99,6,6,1.0,0.5,0.07,0.59,medium
wf_2026_03,random_forest,2026-03-28,4,2026-03-28 09:00:00+00:00,2026-03-28 10:00:00+00:00,1,0.15,decrease,10.9,391119.1,8,1,24,2,0.09,15.75,0.0,75.0,7.42,4,6,0.67,0.25,0.05,0.36,low
wf_2026_03,random_forest,2026-03-28,5,2026-03-28 13:00:00+00:00,2026-03-28 14:00:00+00:00,1,0.2,decrease,12.71,420887.0,3,8,24,6,0.17,3.2,0.82,87.54,6.61,6,6,1.0,0.0,0.07,0.36,low
wf_2026_03,random_forest,2026-03-29,1,2026-03-29 10:00:00+00:00,2026-03-29 11:00:00+00:00,1,0.04,increase,11.22,394822.3,3,1,24,4,0.07,14.77,0.0,74.74,0.89,6,6,1.0,1.0,0.07,0.81,high
wf_2026_03,random_forest,2026-03-29,2,2026-03-29 11:00:00+00:00,2026-03-29 12:00:00+00:00,1,0.11,increase,11.38,393594.9,4,3,24,1,0.0,3.94,0.49,85.58,0.39,6,6,1.0,0.75,0.07,0.7,medium
wf_2026_03,random_forest,2026-03-29,3,2026-03-29 09:00:00+00:00,2026-03-29 10:00:00+00:00,1,0.17,increase,11.33,391772.4,8,2,24,2,0.02,12.65,0.1,76.86,0.79,5,6,0.83,0.5,0.0,0.52,medium
wf_2026_03,random_forest,2026-03-29,4,2026-03-29 23:00:00+00:00,2026-03-30 00:00:00+00:00,1,0.17,decrease,11.54,366002.0,6,4,24,10,0.26,8.03,1.32,81.48,-0.44,5,6,0.83,0.25,0.02,0.41,low
wf_2026_03,random_forest,2026-03-29,5,2026-03-29 12:00:00+00:00,2026-03-29 13:00:00+00:00,1,0.2,decrease,11.97,398771.6,2,9,24,3,0.02,0.0,0.87,89.51,0.02,6,6,1.0,0.0,0.05,0.36,low
wf_2026_03,random_forest,2026-03-30,1,2026-03-30 12:00:00+00:00,2026-03-30 13:00:00+00:00,1,0.11,increase,10.76,409206.2,5,2,24,2,0.0,5.13,0.33,-2.67,2.04,6,6,1.0,1.0,0.05,0.81,high
wf_2026_03,random_forest,2026-03-30,2,2026-03-30 11:00:00+00:00,2026-03-30 12:00:00+00:00,1,0.15,increase,10.61,405212.7,8,1,24,1,0.0,8.99,0.06,-6.52,2.31,6,6,1.0,0.75,0.02,0.69,medium
wf_2026_03,random_forest,2026-03-30,3,2026-03-30 13:00:00+00:00,2026-03-30 14:00:00+00:00,1,0.17,increase,11.26,416761.4,6,4,24,5,0.09,9.06,0.49,-6.6,1.88,6,6,1.0,0.5,0.08,0.59,medium
wf_2026_03,random_forest,2026-03-30,4,2026-03-30 00:00:00+00:00,2026-03-30 01:00:00+00:00,1,0.24,decrease,12.26,378723.6,4,9,24,13,0.33,2.46,2.37,0.0,0.0,1,6,0.17,0.25,0.0,0.17,low
wf_2026_03,random_forest,2026-03-30,5,2026-03-30 01:00:00+00:00,2026-03-30 02:00:00+00:00,1,0.24,decrease,12.48,383529.1,2,11,24,8,0.2,0.48,2.29,1.98,0.09,5,6,0.83,0.0,0.05,0.3,low
wf_2026_03,random_forest,2026-03-31,1,2026-03-31 02:00:00+00:00,2026-03-31 03:00:00+00:00,1,0.09,increase,13.12,406012.2,3,3,24,2,0.0,16.41,0.38,15.57,-0.38,5,6,0.83,1.0,0.08,0.76,high
wf_2026_03,random_forest,2026-03-31,2,2026-03-31 01:00:00+00:00,2026-03-31 02:00:00+00:00,1,0.15,increase,12.11,378562.6,8,1,24,1,0.0,16.47,0.26,15.51,-0.26,5,6,0.83,0.75,0.0,0.63,medium
wf_2026_03,random_forest,2026-03-31,3,2026-03-31 13:00:00+00:00,2026-03-31 14:00:00+00:00,1,0.15,increase,18.31,657502.6,2,7,24,4,0.04,8.29,5.55,23.7,-5.55,6,6,1.0,0.5,0.03,0.58,medium
wf_2026_03,random_forest,2026-03-31,4,2026-03-31 03:00:00+00:00,2026-03-31 04:00:00+00:00,1,0.17,increase,13.82,423870.1,6,4,24,7,0.15,34.33,1.78,-2.35,-1.78,4,6,0.67,0.25,0.0,0.35,low
wf_2026_03,random_forest,2026-03-31,5,2026-03-31 14:00:00+00:00,2026-03-31 15:00:00+00:00,1,0.17,increase,18.12,640512.3,4,6,24,6,0.13,18.98,6.09,13.0,-6.09,3,6,0.5,0.0,0.03,0.18,low
wf_2026_03,ridge,2026-03-01,1,2026-03-01 10:00:00+00:00,2026-03-01 11:00:00+00:00,1,0.02,unknown,12.41,403975.6,1,2,24,2,0.02,0.76,0.73,32.47,0.49,6,6,1.0,1.0,0.05,0.81,high
wf_2026_03,ridge,2026-03-01,2,2026-03-01 23:00:00+00:00,2026-03-02 00:00:00+00:00,1,0.07,unknown,12.08,390237.3,4,1,24,6,0.13,16.66,0.66,16.57,0.55,2,6,0.33,0.75,0.12,0.48,low
wf_2026_03,ridge,2026-03-01,3,2026-03-01 11:00:00+00:00,2026-03-01 12:00:00+00:00,1,0.17,unknown,13.37,430193.2,2,8,24,3,0.07,0.42,0.85,32.81,0.36,6,6,1.0,0.5,0.05,0.58,medium
wf_2026_03,ridge,2026-03-01,4,2026-03-01 09:00:00+00:00,2026-03-01 10:00:00+00:00,1,0.22,unknown,13.73,454889.2,3,9,24,1,0.0,0.79,0.47,32.45,0.74,6,6,1.0,0.25,0.02,0.47,low
wf_2026_03,ridge,2026-03-01,5,2026-03-01 22:00:00+00:00,2026-03-01 23:00:00+00:00,1,0.24,unknown,12.48,405021.7,10,3,24,9,0.17,18.87,0.55,14.36,0.67,2,6,0.33,0.0,0.02,0.12,low
wf_2026_03,ridge,2026-03-02,1,2026-03-02 10:00:00+00:00,2026-03-02 11:00:00+00:00,1,0.0,increase,11.72,423192.8,1,1,24,1,0.0,6.28,0.08,2.6,1.81,6,6,1.0,1.0,0.07,0.81,high
wf_2026_03,ridge,2026-03-02,2,2026-03-02 11:00:00+00:00,2026-03-02 12:00:00+00:00,1,0.07,increase,12.36,444382.7,2,3,24,3,0.02,4.8,0.22,4.08,1.67,6,6,1.0,0.75,0.09,0.7,medium
wf_2026_03,ridge,2026-03-02,3,2026-03-02 12:00:00+00:00,2026-03-02 13:00:00+00:00,1,0.15,increase,13.05,466061.3,4,5,24,2,0.0,0.0,0.58,8.88,1.31,6,6,1.0,0.5,0.09,0.59,medium
wf_2026_03,ridge,2026-03-02,4,2026-03-02 01:00:00+00:00,2026-03-02 02:00:00+00:00,1,0.24,decrease,13.63,433491.1,5,8,24,14,0.33,9.82,1.89,-0.95,-0.01,1,6,0.17,0.25,0.0,0.17,low
wf_2026_03,ridge,2026-03-02,5,2026-03-02 13:00:00+00:00,2026-03-02 14:00:00+00:00,1,0.24,increase,13.74,484978.3,3,10,24,4,0.07,4.42,0.78,4.45,1.1,5,6,0.83,0.0,0.04,0.3,low
wf_2026_03,ridge,2026-03-03,1,2026-03-03 13:00:00+00:00,2026-03-03 14:00:00+00:00,1,0.0,increase,14.16,505653.5,1,1,24,2,0.07,6.2,0.45,42.18,2.01,6,6,1.0,1.0,0.16,0.83,high
wf_2026_03,ridge,2026-03-03,2,2026-03-03 00:00:00+00:00,2026-03-03 01:00:00+00:00,1,0.15,increase,14.36,453992.4,7,2,24,12,0.46,48.38,2.46,0.0,0.0,4,6,0.67,0.75,0.0,0.57,medium
wf_2026_03,ridge,2026-03-03,3,2026-03-03 14:00:00+00:00,2026-03-03 15:00:00+00:00,1,0.15,increase,14.79,510120.4,3,6,24,3,0.11,23.24,0.29,25.14,2.17,5,6,0.83,0.5,0.09,0.53,medium
wf_2026_03,ridge,2026-03-03,4,2026-03-03 12:00:00+00:00,2026-03-03 13:00:00+00:00,1,0.24,increase,15.72,566758.3,4,9,24,1,0.0,0.0,0.0,48.38,2.46,6,6,1.0,0.25,0.0,0.46,low
wf_2026_03,ridge,2026-03-03,5,2026-03-03 23:00:00+00:00,2026-03-04 00:00:00+00:00,1,0.24,decrease,14.42,462702.9,10,3,24,16,0.54,60.26,2.72,-11.89,-0.26,1,6,0.17,0.0,0.02,0.06,low
wf_2026_03,ridge,2026-03-04,1,2026-03-04 12:00:00+00:00,2026-03-04 13:00:00+00:00,1,0.11,increase,13.49,506475.2,3,4,24,1,0.0,0.0,0.22,45.28,4.36,6,6,1.0,1.0,0.0,0.8,high
wf_2026_03,ridge,2026-03-04,2,2026-03-04 13:00:00+00:00,2026-03-04 14:00:00+00:00,1,0.11,decrease,13.66,510954.7,1,6,24,2,0.04,3.93,0.36,41.34,4.22,6,6,1.0,0.75,0.02,0.69,medium
wf_2026_03,ridge,2026-03-04,3,2026-03-04 11:00:00+00:00,2026-03-04 12:00:00+00:00,1,0.13,increase,13.4,500018.0,5,3,24,3,0.13,19.11,0.45,26.16,4.13,6,6,1.0,0.5,0.02,0.58,medium
wf_2026_03,ridge,2026-03-04,4,2026-03-04 14:00:00+00:00,2026-03-04 15:00:00+00:00,1,0.15,decrease,13.98,512530.4,2,7,24,4,0.15,15.63,0.83,29.65,3.75,6,6,1.0,0.25,0.07,0.48,low
wf_2026_03,ridge,2026-03-04,5,2026-03-04 15:00:00+00:00,2026-03-04 16:00:00+00:00,1,0.22,decrease,14.46,508176.1,4,8,24,6,0.26,30.52,1.31,14.75,3.27,6,6,1.0,0.0,0.05,0.36,low
wf_2026_03,ridge,2026-03-05,1,2026-03-05 11:00:00+00:00,2026-03-05 12:00:00+00:00,1,0.07,decrease,11.52,430193.5,3,2,24,2,0.0,0.43,0.57,82.12,0.89,6,6,1.0,1.0,0.02,0.8,high
wf_2026_03,ridge,2026-03-05,2,2026-03-05 10:00:00+00:00,2026-03-05 11:00:00+00:00,1,0.09,decrease,10.89,408373.9,5,1,24,1,0.0,23.77,0.15,58.78,1.31,6,6,1.0,0.75,0.02,0.69,medium
wf_2026_03,ridge,2026-03-05,3,2026-03-05 12:00:00+00:00,2026-03-05 13:00:00+00:00,1,0.11,decrease,12.32,451180.6,1,6,24,4,0.04,0.0,0.69,82.55,0.78,6,6,1.0,0.5,0.07,0.59,medium
wf_2026_03,ridge,2026-03-05,4,2026-03-05 13:00:00+00:00,2026-03-05 14:00:00+00:00,1,0.17,decrease,12.78,467222.8,2,8,24,5,0.07,30.1,0.64,52.45,0.82,6,6,1.0,0.25,0.05,0.47,low
wf_2026_03,ridge,2026-03-05,5,2026-03-05 23:00:00+00:00,2026-03-06 00:00:00+00:00,1,0.22,decrease,12.13,400670.1,7,5,24,14,0.46,59.13,1.99,23.42,-0.53,1,6,0.17,0.0,0.07,0.07,low
wf_2026_03,ridge,2026-03-06,1,2026-03-06 10:00:00+00:00,2026-03-06 11:00:00+00:00,1,0.02,increase,11.79,418087.4,2,1,24,9,0.15,29.17,0.41,-5.94,1.08,6,6,1.0,1.0,0.07,0.81,high
wf_2026_03,ridge,2026-03-06,2,2026-03-06 12:00:00+00:00,2026-03-06 13:00:00+00:00,1,0.09,increase,13.22,463787.9,1,5,24,1,0.0,13.2,0.68,10.03,0.81,6,6,1.0,0.75,0.05,0.7,medium
wf_2026_03,ridge,2026-03-06,3,2026-03-06 11:00:00+00:00,2026-03-06 12:00:00+00:00,1,0.13,increase,12.69,445398.9,6,2,24,4,0.04,21.42,0.54,1.81,0.96,6,6,1.0,0.5,0.05,0.58,medium
wf_2026_03,ridge,2026-03-06,4,2026-03-06 13:00:00+00:00,2026-03-06 14:00:00+00:00,1,0.17,increase,13.71,475003.3,3,7,24,2,0.02,13.02,1.07,10.21,0.42,5,6,0.83,0.25,0.07,0.42,low
wf_2026_03,ridge,2026-03-06,5,2026-03-06 09:00:00+00:00,2026-03-06 10:00:00+00:00,1,0.24,decrease,13.03,468897.7,9,4,24,5,0.07,26.21,0.0,-2.98,1.5,6,6,1.0,0.0,0.07,0.36,low
wf_2026_03,ridge,2026-03-07,1,2026-03-07 11:00:00+00:00,2026-03-07 12:00:00+00:00,1,0.07,decrease,12.86,428886.4,3,2,24,3,0.09,14.7,0.29,55.66,0.53,6,6,1.0,1.0,0.02,0.8,high
wf_2026_03,ridge,2026-03-07,2,2026-03-07 10:00:00+00:00,2026-03-07 11:00:00+00:00,1,0.09,decrease,12.26,407441.6,5,1,24,1,0.0,27.3,0.0,43.06,0.82,5,6,0.83,0.75,0.1,0.65,medium
wf_2026_03,ridge,2026-03-07,3,2026-03-07 12:00:00+00:00,2026-03-07 13:00:00+00:00,1,0.17,decrease,13.72,451781.9,2,8,24,2,0.02,0.0,0.22,70.36,0.59,6,6,1.0,0.5,0.08,0.59,medium
wf_2026_03,ridge,2026-03-07,4,2026-03-07 13:00:00+00:00,2026-03-07 14:00:00+00:00,1,0.24,decrease,14.11,460594.0,1,12,24,4,0.09,17.06,0.29,53.3,0.53,6,6,1.0,0.25,0.05,0.47,low
wf_2026_03,ridge,2026-03-07,5,2026-03-07 08:00:00+00:00,2026-03-07 09:00:00+00:00,1,0.28,decrease,13.28,428319.7,10,5,24,9,0.37,52.21,0.67,18.15,0.15,1,6,0.17,0.0,0.02,0.06,low
wf_2026_03,ridge,2026-03-08,1,2026-03-08 11:00:00+00:00,2026-03-08 12:00:00+00:00,1,0.07,decrease,13.29,440567.5,3,2,24,2,0.0,10.5,0.09,87.18,1.77,6,6,1.0,1.0,0.02,0.8,high
wf_2026_03,ridge,2026-03-08,2,2026-03-08 10:00:00+00:00,2026-03-08 11:00:00+00:00,1,0.09,decrease,12.76,412873.3,5,1,24,1,0.0,21.63,0.0,76.06,1.86,6,6,1.0,0.75,0.0,0.69,medium
wf_2026_03,ridge,2026-03-08,3,2026-03-08 12:00:00+00:00,2026-03-08 13:00:00+00:00,1,0.09,increase,13.93,458552.2,2,4,24,3,0.04,0.0,0.82,97.69,1.04,6,6,1.0,0.5,0.14,0.6,medium
wf_2026_03,ridge,2026-03-08,4,2026-03-08 08:00:00+00:00,2026-03-08 09:00:00+00:00,1,0.22,increase,13.58,420997.3,9,3,24,7,0.17,65.82,0.48,31.86,1.38,1,6,0.17,0.25,0.02,0.18,low
wf_2026_03,ridge,2026-03-08,5,2026-03-08 09:00:00+00:00,2026-03-08 10:00:00+00:00,1,0.24,increase,14.05,450223.0,8,5,24,4,0.11,37.55,0.28,60.14,1.58,6,6,1.0,0.0,0.02,0.35,low
wf_2026_03,ridge,2026-03-09,1,2026-03-09 12:00:00+00:00,2026-03-09 13:00:00+00:00,1,0.04,increase,13.5,476990.9,1,3,24,1,0.0,0.0,0.01,29.8,1.38,6,6,1.0,1.0,0.02,0.8,high
wf_2026_03,ridge,2026-03-09,2,2026-03-09 11:00:00+00:00,2026-03-09 12:00:00+00:00,1,0.07,increase,13.01,457606.8,4,1,24,2,0.07,3.85,0.0,25.95,1.39,6,6,1.0,0.75,0.02,0.69,medium
wf_2026_03,ridge,2026-03-09,3,2026-03-09 13:00:00+00:00,2026-03-09 14:00:00+00:00,1,0.09,increase,13.9,488194.5,2,4,24,3,0.09,2.03,0.2,27.77,1.19,6,6,1.0,0.5,0.1,0.59,medium
wf_2026_03,ridge,2026-03-09,4,2026-03-09 10:00:00+00:00,2026-03-09 11:00:00+00:00,1,0.17,increase,13.22,460792.2,8,2,24,4,0.15,13.23,0.01,16.57,1.38,2,6,0.33,0.25,0.0,0.23,low
wf_2026_03,ridge,2026-03-09,5,2026-03-09 14:00:00+00:00,2026-03-09 15:00:00+00:00,1,0.17,increase,14.23,492337.0,5,5,24,5,0.17,13.01,0.56,16.79,0.83,5,6,0.83,0.0,0.05,0.3,low
wf_2026_03,ridge,2026-03-10,1,2026-03-10 11:00:00+00:00,2026-03-10 12:00:00+00:00,1,0.04,increase,13.91,494439.1,3,1,24,5,0.13,84.08,0.35,29.27,2.9,6,6,1.0,1.0,0.0,0.8,high
wf_2026_03,ridge,2026-03-10,2,2026-03-10 12:00:00+00:00,2026-03-10 13:00:00+00:00,1,0.04,increase,14.02,506194.4,2,2,24,1,0.0,80.24,0.02,33.1,3.23,6,6,1.0,0.75,0.02,0.69,medium
wf_2026_03,ridge,2026-03-10,3,2026-03-10 23:00:00+00:00,2026-03-11 00:00:00+00:00,1,0.07,decrease,14.16,490069.5,1,4,24,3,0.0,0.0,0.16,113.35,3.08,5,6,0.83,0.5,0.05,0.53,medium
wf_2026_03,ridge,2026-03-10,4,2026-03-10 13:00:00+00:00,2026-03-10 14:00:00+00:00,1,0.11,increase,14.07,510502.0,4,3,24,2,0.0,80.84,0.0,32.51,3.25,6,6,1.0,0.25,0.09,0.48,low
wf_2026_03,ridge,2026-03-10,5,2026-03-10 14:00:00+00:00,2026-03-10 15:00:00+00:00,1,0.2,increase,14.23,511873.3,6,5,24,4,0.09,84.52,0.16,28.83,3.08,6,6,1.0,0.0,0.07,0.36,low
wf_2026_03,ridge,2026-03-11,1,2026-03-11 11:00:00+00:00,2026-03-11 12:00:00+00:00,1,0.04,decrease,11.48,438781.7,2,2,24,2,0.0,15.21,0.22,18.76,1.59,6,6,1.0,1.0,0.02,0.8,high
wf_2026_03,ridge,2026-03-11,2,2026-03-11 12:00:00+00:00,2026-03-11 13:00:00+00:00,1,0.07,decrease,12.09,458256.0,1,4,24,4,0.09,22.82,0.26,11.15,1.55,6,6,1.0,0.75,0.07,0.7,medium
wf_2026_03,ridge,2026-03-11,3,2026-03-11 10:00:00+00:00,2026-03-11 11:00:00+00:00,1,0.13,decrease,10.89,419887.8,7,1,24,1,0.0,19.82,0.05,14.15,1.76,5,6,0.83,0.5,0.12,0.54,medium
wf_2026_03,ridge,2026-03-11,4,2026-03-11 13:00:00+00:00,2026-03-11 14:00:00+00:00,1,0.24,decrease,12.48,468750.6,6,7,24,5,0.17,33.12,0.27,0.85,1.54,4,6,0.67,0.25,0.07,0.36,low
wf_2026_03,ridge,2026-03-11,5,2026-03-11 00:00:00+00:00,2026-03-11 01:00:00+00:00,1,0.3,decrease,13.08,446509.9,5,11,24,16,0.39,33.98,1.81,0.0,0.0,2,6,0.33,0.0,0.05,0.13,low
wf_2026_03,ridge,2026-03-12,1,2026-03-12 10:00:00+00:00,2026-03-12 11:00:00+00:00,1,0.13,decrease,11.91,439959.4,3,5,24,1,0.0,0.01,0.63,84.53,1.0,6,6,1.0,1.0,0.0,0.8,high
wf_2026_03,ridge,2026-03-12,2,2026-03-12 11:00:00+00:00,2026-03-12 12:00:00+00:00,1,0.13,decrease,12.51,465773.9,1,7,24,4,0.04,0.0,0.82,84.54,0.81,6,6,1.0,0.75,0.0,0.69,medium
wf_2026_03,ridge,2026-03-12,3,2026-03-12 23:00:00+00:00,2026-03-13 00:00:00+00:00,1,0.13,decrease,10.96,402747.4,7,1,24,8,0.09,9.61,0.75,74.93,0.88,5,6,0.83,0.5,0.11,0.54,medium
wf_2026_03,ridge,2026-03-12,4,2026-03-12 12:00:00+00:00,2026-03-12 13:00:00+00:00,1,0.22,decrease,13.13,481227.5,2,10,24,5,0.04,0.0,1.17,84.54,0.47,6,6,1.0,0.25,0.0,0.46,low
wf_2026_03,ridge,2026-03-12,5,2026-03-12 22:00:00+00:00,2026-03-12 23:00:00+00:00,1,0.22,decrease,11.28,421697.8,10,2,24,6,0.04,25.81,0.35,58.73,1.28,5,6,0.83,0.0,0.11,0.31,low
wf_2026_03,ridge,2026-03-13,1,2026-03-13 10:00:00+00:00,2026-03-13 11:00:00+00:00,1,0.0,decrease,10.73,405725.3,1,1,24,1,0.0,4.4,0.0,4.7,1.86,6,6,1.0,1.0,0.05,0.81,high
wf_2026_03,ridge,2026-03-13,2,2026-03-13 11:00:00+00:00,2026-03-13 12:00:00+00:00,1,0.04,decrease,11.14,416803.1,2,2,24,4,0.17,17.3,0.08,-8.2,1.79,6,6,1.0,0.75,0.11,0.71,medium
wf_2026_03,ridge,2026-03-13,3,2026-03-13 09:00:00+00:00,2026-03-13 10:00:00+00:00,1,0.15,decrease,12.21,469764.9,3,6,24,2,0.04,3.81,0.31,5.28,1.56,5,6,0.83,0.5,0.05,0.53,medium
wf_2026_03,ridge,2026-03-13,4,2026-03-13 13:00:00+00:00,2026-03-13 14:00:00+00:00,1,0.2,increase,12.32,453008.8,4,7,24,5,0.17,11.22,0.57,-2.13,1.3,5,6,0.83,0.25,0.02,0.41,low
wf_2026_03,ridge,2026-03-13,5,2026-03-13 12:00:00+00:00,2026-03-13 13:00:00+00:00,1,0.22,increase,11.74,439818.8,8,4,24,3,0.07,4.92,0.3,4.17,1.56,6,6,1.0,0.0,0.07,0.36,low
wf_2026_03,ridge,2026-03-14,1,2026-03-14 11:00:00+00:00,2026-03-14 12:00:00+00:00,1,0.04,increase,12.49,433752.0,2,2,24,2,0.13,26.61,0.0,21.98,1.42,6,6,1.0,1.0,0.12,0.82,high
wf_2026_03,ridge,2026-03-14,2,2026-03-14 10:00:00+00:00,2026-03-14 11:00:00+00:00,1,0.15,increase,11.78,405146.5,8,1,24,4,0.15,14.74,0.2,33.85,1.22,6,6,1.0,0.75,0.0,0.69,medium
wf_2026_03,ridge,2026-03-14,3,2026-03-14 15:00:00+00:00,2026-03-14 16:00:00+00:00,1,0.15,increase,13.43,454117.8,3,6,24,7,0.33,14.19,1.54,34.4,-0.12,5,6,0.83,0.5,0.02,0.52,medium
wf_2026_03,ridge,2026-03-14,4,2026-03-14 12:00:00+00:00,2026-03-14 13:00:00+00:00,1,0.17,increase,12.83,451973.3,6,4,24,3,0.13,6.82,1.16,41.77,0.26,6,6,1.0,0.25,0.05,0.47,low
wf_2026_03,ridge,2026-03-14,5,2026-03-14 13:00:00+00:00,2026-03-14 14:00:00+00:00,1,0.22,increase,14.33,502969.6,1,11,24,8,0.35,7.77,1.86,40.82,-0.44,4,6,0.67,0.0,0.02,0.24,low
wf_2026_03,ridge,2026-03-15,1,2026-03-15 10:00:00+00:00,2026-03-15 11:00:00+00:00,1,0.0,decrease,11.62,404324.5,1,1,24,2,0.02,7.0,0.03,128.11,5.76,6,6,1.0,1.0,0.07,0.81,high
wf_2026_03,ridge,2026-03-15,2,2026-03-15 11:00:00+00:00,2026-03-15 12:00:00+00:00,1,0.07,decrease,12.16,424962.9,2,3,24,3,0.02,8.48,0.0,126.62,5.79,6,6,1.0,0.75,0.07,0.7,medium
wf_2026_03,ridge,2026-03-15,3,2026-03-15 12:00:00+00:00,2026-03-15 13:00:00+00:00,1,0.13,decrease,12.71,445337.3,4,4,24,1,0.0,1.92,0.17,133.19,5.62,6,6,1.0,0.5,0.04,0.58,medium
wf_2026_03,ridge,2026-03-15,4,2026-03-15 13:00:00+00:00,2026-03-15 14:00:00+00:00,1,0.17,decrease,13.25,456114.0,3,7,24,4,0.02,0.0,0.74,135.1,5.06,4,6,0.67,0.25,0.0,0.35,low
wf_2026_03,ridge,2026-03-15,5,2026-03-15 23:00:00+00:00,2026-03-16 00:00:00+00:00,1,0.17,decrease,11.96,420383.7,8,2,24,8,0.15,22.43,0.54,112.67,5.25,4,6,0.67,0.0,0.09,0.25,low
wf_2026_03,ridge,2026-03-16,1,2026-03-16 11:00:00+00:00,2026-03-16 12:00:00+00:00,1,0.04,increase,11.72,447719.8,2,2,24,2,0.07,10.62,0.0,4.19,1.37,6,6,1.0,1.0,0.05,0.81,high
wf_2026_03,ridge,2026-03-16,2,2026-03-16 12:00:00+00:00,2026-03-16 13:00:00+00:00,1,0.09,increase,12.17,461883.9,3,3,24,1,0.0,0.0,0.13,14.8,1.24,6,6,1.0,0.75,0.02,0.69,medium
wf_2026_03,ridge,2026-03-16,3,2026-03-16 13:00:00+00:00,2026-03-16 14:00:00+00:00,1,0.11,increase,12.65,477201.6,1,6,24,4,0.11,6.96,0.49,7.84,0.88,6,6,1.0,0.5,0.07,0.59,medium
wf_2026_03,ridge,2026-03-16,4,2026-03-16 10:00:00+00:00,2026-03-16 11:00:00+00:00,1,0.17,increase,11.62,432673.5,9,1,24,3,0.11,13.11,0.05,1.69,1.32,6,6,1.0,0.25,0.07,0.48,low
wf_2026_03,ridge,2026-03-16,5,2026-03-16 02:00:00+00:00,2026-03-16 03:00:00+00:00,1,0.24,decrease,13.18,437331.6,4,9,24,6,0.28,0.68,1.94,14.12,-0.56,4,6,0.67,0.0,0.05,0.24,low
wf_2026_03,ridge,2026-03-17,1,2026-03-17 10:00:00+00:00,2026-03-17 11:00:00+00:00,1,0.04,decrease,11.57,423434.1,3,1,24,1,0.0,0.01,0.0,98.21,2.32,6,6,1.0,1.0,0.0,0.8,high
wf_2026_03,ridge,2026-03-17,2,2026-03-17 11:00:00+00:00,2026-03-17 12:00:00+00:00,1,0.04,decrease,11.99,443607.8,1,3,24,2,0.02,0.0,0.48,98.21,1.84,6,6,1.0,0.75,0.07,0.7,medium
wf_2026_03,ridge,2026-03-17,3,2026-03-17 12:00:00+00:00,2026-03-17 13:00:00+00:00,1,0.11,increase,12.9,462912.9,2,5,24,3,0.02,0.0,1.03,98.22,1.29,6,6,1.0,0.5,0.07,0.59,medium
wf_2026_03,ridge,2026-03-17,4,2026-03-17 13:00:00+00:00,2026-03-17 14:00:00+00:00,1,0.17,increase,13.76,478016.1,4,6,24,5,0.11,0.0,1.35,98.22,0.97,6,6,1.0,0.25,0.0,0.46,low
wf_2026_03,ridge,2026-03-17,5,2026-03-17 23:00:00+00:00,2026-03-18 00:00:00+00:00,1,0.17,decrease,11.78,409474.4,8,2,24,6,0.15,37.57,1.01,60.65,1.31,3,6,0.5,0.0,0.09,0.19,low
wf_2026_03,ridge,2026-03-18,1,2026-03-18 10:00:00+00:00,2026-03-18 11:00:00+00:00,1,0.0,decrease,10.67,407887.1,1,1,24,2,0.02,0.39,0.46,27.82,1.13,6,6,1.0,1.0,0.14,0.83,high
wf_2026_03,ridge,2026-03-18,2,2026-03-18 11:00:00+00:00,2026-03-18 12:00:00+00:00,1,0.13,decrease,11.75,435986.7,2,6,24,3,0.04,0.0,1.03,28.21,0.57,6,6,1.0,0.75,0.07,0.7,medium
wf_2026_03,ridge,2026-03-18,3,2026-03-18 23:00:00+00:00,2026-03-19 00:00:00+00:00,1,0.2,decrease,11.27,398349.2,9,2,24,15,0.46,28.61,1.37,-0.4,0.22,1,6,0.17,0.5,0.0,0.28,low
wf_2026_03,ridge,2026-03-18,4,2026-03-18 09:00:00+00:00,2026-03-18 10:00:00+00:00,1,0.2,decrease,12.06,459876.9,3,8,24,1,0.0,0.4,0.0,27.81,1.59,6,6,1.0,0.25,0.07,0.48,low
wf_2026_03,ridge,2026-03-18,5,2026-03-18 08:00:00+00:00,2026-03-18 09:00:00+00:00,1,0.26,decrease,11.57,430887.6,10,4,24,4,0.07,9.78,0.43,18.42,1.16,5,6,0.83,0.0,0.05,0.3,low
wf_2026_03,ridge,2026-03-19,1,2026-03-19 10:00:00+00:00,2026-03-19 11:00:00+00:00,1,0.07,decrease,12.55,453346.2,1,4,24,7,0.35,0.01,1.19,26.4,-0.56,6,6,1.0,1.0,0.12,0.82,high
wf_2026_03,ridge,2026-03-19,2,2026-03-19 08:00:00+00:00,2026-03-19 09:00:00+00:00,1,0.17,increase,12.28,445446.1,9,1,24,17,0.5,6.85,1.5,19.56,-0.88,2,6,0.33,0.75,0.05,0.46,low
wf_2026_03,ridge,2026-03-19,3,2026-03-19 11:00:00+00:00,2026-03-19 12:00:00+00:00,1,0.22,decrease,13.4,480922.0,2,10,24,11,0.43,0.0,1.97,26.41,-1.34,6,6,1.0,0.5,0.07,0.59,medium
wf_2026_03,ridge,2026-03-19,4,2026-03-19 00:00:00+00:00,2026-03-19 01:00:00+00:00,1,0.28,decrease,12.35,429922.6,13,2,24,5,0.35,26.41,0.63,0.0,0.0,5,6,0.83,0.25,0.07,0.42,low
wf_2026_03,ridge,2026-03-19,5,2026-03-19 01:00:00+00:00,2026-03-19 02:00:00+00:00,1,0.35,decrease,12.69,425441.7,12,6,24,6,0.35,20.62,0.87,5.78,-0.24,4,6,0.67,0.0,0.02,0.24,low
wf_2026_03,ridge,2026-03-20,1,2026-03-20 11:00:00+00:00,2026-03-20 12:00:00+00:00,1,0.02,decrease,12.19,441751.2,1,2,24,3,0.04,2.63,0.01,59.49,2.12,5,6,0.83,1.0,0.05,0.75,high
wf_2026_03,ridge,2026-03-20,2,2026-03-20 10:00:00+00:00,2026-03-20 11:00:00+00:00,1,0.07,increase,11.59,418674.7,4,1,24,1,0.0,2.6,0.0,59.52,2.14,5,6,0.83,0.75,0.02,0.63,medium
wf_2026_03,ridge,2026-03-20,3,2026-03-20 12:00:00+00:00,2026-03-20 13:00:00+00:00,1,0.09,increase,12.74,460409.4,2,4,24,2,0.0,0.0,0.17,62.12,1.97,5,6,0.83,0.5,0.12,0.54,medium
wf_2026_03,ridge,2026-03-20,4,2026-03-20 13:00:00+00:00,2026-03-20 14:00:00+00:00,1,0.2,increase,13.16,469497.5,3,8,24,4,0.04,0.87,0.38,61.25,1.76,6,6,1.0,0.25,0.1,0.48,low
wf_2026_03,ridge,2026-03-20,5,2026-03-20 14:00:00+00:00,2026-03-20 15:00:00+00:00,1,0.28,increase,13.48,466823.7,5,10,24,6,0.11,1.9,0.95,60.22,1.19,6,6,1.0,0.0,0.07,0.36,low
wf_2026_03,ridge,2026-03-21,1,2026-03-21 10:00:00+00:00,2026-03-21 11:00:00+00:00,1,0.0,decrease,11.34,397109.7,1,1,24,1,0.0,2.19,0.15,48.75,1.13,6,6,1.0,1.0,0.07,0.81,high
wf_2026_03,ridge,2026-03-21,2,2026-03-21 11:00:00+00:00,2026-03-21 12:00:00+00:00,1,0.07,decrease,12.2,424037.2,2,3,24,5,0.09,6.28,0.21,44.66,1.08,6,6,1.0,0.75,0.15,0.72,medium
wf_2026_03,ridge,2026-03-21,3,2026-03-21 12:00:00+00:00,2026-03-21 13:00:00+00:00,1,0.2,increase,12.8,446145.9,4,7,24,2,0.02,0.75,0.25,50.19,1.03,5,6,0.83,0.5,0.07,0.53,medium
wf_2026_03,ridge,2026-03-21,4,2026-03-21 13:00:00+00:00,2026-03-21 14:00:00+00:00,1,0.26,decrease,13.17,455992.6,3,11,24,3,0.04,0.0,0.63,50.94,0.66,4,6,0.67,0.25,0.02,0.35,low
wf_2026_03,ridge,2026-03-21,5,2026-03-21 08:00:00+00:00,2026-03-21 09:00:00+00:00,1,0.28,decrease,12.64,420003.8,9,6,24,7,0.2,24.31,0.58,26.63,0.71,4,6,0.67,0.0,0.0,0.23,low
wf_2026_03,ridge,2026-03-22,1,2026-03-22 10:00:00+00:00,2026-03-22 11:00:00+00:00,1,0.0,decrease,12.45,382567.3,1,1,24,7,0.22,0.77,0.68,60.76,-0.68,6,6,1.0,1.0,0.11,0.82,high
wf_2026_03,ridge,2026-03-22,2,2026-03-22 11:00:00+00:00,2026-03-22 12:00:00+00:00,1,0.11,decrease,13.54,402569.5,2,5,24,9,0.26,2.15,0.76,59.38,-0.76,6,6,1.0,0.75,0.05,0.7,medium
wf_2026_03,ridge,2026-03-22,3,2026-03-22 09:00:00+00:00,2026-03-22 10:00:00+00:00,1,0.15,decrease,13.69,435253.6,3,6,24,1,0.0,3.21,0.15,58.32,-0.15,6,6,1.0,0.5,0.07,0.59,medium
wf_2026_03,ridge,2026-03-22,4,2026-03-22 08:00:00+00:00,2026-03-22 09:00:00+00:00,1,0.22,decrease,13.13,401668.0,9,3,24,2,0.07,10.42,0.09,51.11,-0.09,5,6,0.83,0.25,0.0,0.4,low
wf_2026_03,ridge,2026-03-22,5,2026-03-22 12:00:00+00:00,2026-03-22 13:00:00+00:00,1,0.22,decrease,14.22,423776.2,4,8,24,4,0.17,0.0,0.67,61.53,-0.67,6,6,1.0,0.0,0.11,0.37,low
wf_2026_03,ridge,2026-03-23,1,2026-03-23 13:00:00+00:00,2026-03-23 14:00:00+00:00,1,0.02,increase,13.7,470416.8,1,2,24,2,0.02,13.35,0.0,73.74,1.81,5,6,0.83,1.0,0.07,0.76,high
wf_2026_03,ridge,2026-03-23,2,2026-03-23 14:00:00+00:00,2026-03-23 15:00:00+00:00,1,0.09,increase,13.49,453375.1,5,1,24,3,0.02,11.86,0.35,75.23,1.46,6,6,1.0,0.75,0.07,0.7,medium
wf_2026_03,ridge,2026-03-23,3,2026-03-23 15:00:00+00:00,2026-03-23 16:00:00+00:00,1,0.15,increase,13.79,451501.0,6,3,24,4,0.15,31.15,0.95,55.94,0.86,6,6,1.0,0.5,0.07,0.59,medium
wf_2026_03,ridge,2026-03-23,4,2026-03-23 16:00:00+00:00,2026-03-23 17:00:00+00:00,1,0.22,increase,14.15,446221.7,7,5,24,12,0.37,74.53,3.9,12.56,-2.09,1,6,0.17,0.25,0.02,0.18,low
wf_2026_03,ridge,2026-03-23,5,2026-03-23 12:00:00+00:00,2026-03-23 13:00:00+00:00,1,0.24,increase,17.01,605942.9,3,10,24,1,0.0,0.0,0.45,87.09,1.36,6,6,1.0,0.0,0.07,0.36,low
wf_2026_03,ridge,2026-03-24,1,2026-03-24 11:00:00+00:00,2026-03-24 12:00:00+00:00,1,0.07,decrease,11.7,429249.1,1,4,24,1,0.0,0.0,0.09,72.63,3.28,5,6,0.83,1.0,0.03,0.75,medium
wf_2026_03,ridge,2026-03-24,2,2026-03-24 10:00:00+00:00,2026-03-24 11:00:00+00:00,1,0.09,decrease,11.22,404749.5,4,2,24,2,0.02,0.32,0.0,72.31,3.37,6,6,1.0,0.75,0.03,0.69,medium
wf_2026_03,ridge,2026-03-24,3,2026-03-24 12:00:00+00:00,2026-03-24 13:00:00+00:00,1,0.11,increase,12.1,434921.8,2,5,24,3,0.04,0.0,0.53,72.63,2.84,6,6,1.0,0.5,0.05,0.59,medium
wf_2026_03,ridge,2026-03-24,4,2026-03-24 23:00:00+00:00,2026-03-25 00:00:00+00:00,1,0.15,decrease,10.86,384673.6,8,1,24,9,0.26,3.0,0.8,69.63,2.57,5,6,0.83,0.25,0.05,0.41,low
wf_2026_03,ridge,2026-03-24,5,2026-03-24 13:00:00+00:00,2026-03-24 14:00:00+00:00,1,0.2,decrease,12.77,447400.3,3,8,24,5,0.2,0.0,0.88,72.63,2.5,6,6,1.0,0.0,0.05,0.36,low
wf_2026_03,ridge,2026-03-25,1,2026-03-25 10:00:00+00:00,2026-03-25 11:00:00+00:00,1,0.0,decrease,10.64,390822.8,1,1,24,1,0.0,0.0,0.43,0.38,1.23,6,6,1.0,1.0,0.12,0.82,high
wf_2026_03,ridge,2026-03-25,2,2026-03-25 09:00:00+00:00,2026-03-25 10:00:00+00:00,1,0.11,decrease,11.4,443868.4,2,5,24,2,0.02,0.01,0.41,0.37,1.25,6,6,1.0,0.75,0.0,0.69,medium
wf_2026_03,ridge,2026-03-25,3,2026-03-25 11:00:00+00:00,2026-03-25 12:00:00+00:00,1,0.11,decrease,11.29,408731.4,3,4,24,3,0.07,0.01,0.45,0.38,1.22,6,6,1.0,0.5,0.07,0.59,medium
wf_2026_03,ridge,2026-03-25,4,2026-03-25 08:00:00+00:00,2026-03-25 09:00:00+00:00,1,0.17,decrease,11.06,416521.6,7,3,24,5,0.15,0.74,0.0,-0.37,1.66,1,6,0.17,0.25,0.02,0.18,low
wf_2026_03,ridge,2026-03-25,5,2026-03-25 12:00:00+00:00,2026-03-25 13:00:00+00:00,1,0.2,decrease,11.76,425661.3,4,7,24,4,0.11,0.01,0.44,0.37,1.22,6,6,1.0,0.0,0.1,0.37,low
wf_2026_03,ridge,2026-03-26,1,2026-03-26 14:00:00+00:00,2026-03-26 15:00:00+00:00,1,0.13,increase,11.96,445051.9,5,3,24,2,0.07,1.84,0.35,59.29,0.88,5,6,0.83,1.0,0.06,0.75,high
wf_2026_03,ridge,2026-03-26,2,2026-03-26 15:00:00+00:00,2026-03-26 16:00:00+00:00,1,0.17,increase,12.28,444045.7,6,4,24,4,0.17,24.73,1.3,36.39,-0.07,5,6,0.83,0.75,0.06,0.64,medium
wf_2026_03,ridge,2026-03-26,3,2026-03-26 13:00:00+00:00,2026-03-26 14:00:00+00:00,1,0.22,increase,13.39,506444.7,4,8,24,1,0.0,0.0,0.0,61.13,1.23,5,6,0.83,0.5,0.03,0.52,medium
wf_2026_03,ridge,2026-03-26,4,2026-03-26 00:00:00+00:00,2026-03-26 01:00:00+00:00,1,0.24,increase,11.7,406313.8,12,1,24,6,0.26,61.13,1.23,0.0,0.0,3,6,0.5,0.25,0.0,0.29,low
wf_2026_03,ridge,2026-03-26,5,2026-03-26 01:00:00+00:00,2026-03-26 02:00:00+00:00,1,0.24,increase,11.95,404381.3,11,2,24,8,0.28,53.48,1.57,7.65,-0.34,1,6,0.17,0.0,0.0,0.06,low
wf_2026_03,ridge,2026-03-27,1,2026-03-27 13:00:00+00:00,2026-03-27 14:00:00+00:00,1,0.0,increase,13.52,512632.3,1,1,24,2,0.04,4.22,0.16,64.74,5.25,6,6,1.0,1.0,0.05,0.81,high
wf_2026_03,ridge,2026-03-27,2,2026-03-27 14:00:00+00:00,2026-03-27 15:00:00+00:00,1,0.04,increase,13.81,516409.2,2,2,24,4,0.15,41.3,0.46,27.66,4.95,6,6,1.0,0.75,0.09,0.71,medium
wf_2026_03,ridge,2026-03-27,3,2026-03-27 12:00:00+00:00,2026-03-27 13:00:00+00:00,1,0.13,increase,14.44,546735.2,3,5,24,1,0.0,0.0,0.0,68.96,5.41,6,6,1.0,0.5,0.05,0.58,medium
wf_2026_03,ridge,2026-03-27,4,2026-03-27 15:00:00+00:00,2026-03-27 16:00:00+00:00,1,0.17,increase,14.11,512392.4,6,4,24,7,0.24,51.64,0.53,17.31,4.88,3,6,0.5,0.25,0.02,0.29,low
wf_2026_03,ridge,2026-03-27,5,2026-03-27 11:00:00+00:00,2026-03-27 12:00:00+00:00,1,0.2,increase,15.82,590666.9,4,7,24,3,0.15,16.3,1.25,52.66,4.16,6,6,1.0,0.0,0.02,0.35,low
wf_2026_03,ridge,2026-03-28,1,2026-03-28 11:00:00+00:00,2026-03-28 12:00:00+00:00,1,0.02,decrease,11.49,404251.1,1,2,24,4,0.11,4.6,0.5,86.15,6.92,6,6,1.0,1.0,0.04,0.81,high
wf_2026_03,ridge,2026-03-28,2,2026-03-28 10:00:00+00:00,2026-03-28 11:00:00+00:00,1,0.07,decrease,10.54,383403.3,4,1,24,1,0.0,2.26,0.43,88.49,6.99,6,6,1.0,0.75,0.04,0.7,medium
wf_2026_03,ridge,2026-03-28,3,2026-03-28 12:00:00+00:00,2026-03-28 13:00:00+00:00,1,0.11,decrease,11.95,421184.0,2,5,24,3,0.09,2.45,0.61,88.3,6.82,6,6,1.0,0.5,0.07,0.59,medium
wf_2026_03,ridge,2026-03-28,4,2026-03-28 13:00:00+00:00,2026-03-28 14:00:00+00:00,1,0.17,decrease,12.35,434432.4,3,7,24,6,0.17,3.2,0.82,87.54,6.61,6,6,1.0,0.25,0.07,0.48,low
wf_2026_03,ridge,2026-03-28,5,2026-03-28 08:00:00+00:00,2026-03-28 09:00:00+00:00,1,0.24,decrease,11.93,409249.2,9,4,24,5,0.17,41.95,0.45,48.8,6.98,1,6,0.17,0.0,0.02,0.06,low
wf_2026_03,ridge,2026-03-29,1,2026-03-29 10:00:00+00:00,2026-03-29 11:00:00+00:00,1,0.0,increase,11.3,378314.2,1,1,24,4,0.07,14.77,0.0,74.74,0.89,6,6,1.0,1.0,0.13,0.83,high
wf_2026_03,ridge,2026-03-29,2,2026-03-29 11:00:00+00:00,2026-03-29 12:00:00+00:00,1,0.13,increase,11.87,398049.6,5,3,24,1,0.0,3.94,0.49,85.58,0.39,6,6,1.0,0.75,0.04,0.7,medium
wf_2026_03,ridge,2026-03-29,3,2026-03-29 02:00:00+00:00,2026-03-29 03:00:00+00:00,1,0.17,decrease,12.34,753908.9,3,7,24,13,0.33,25.73,1.25,63.79,-0.37,1,6,0.17,0.5,0.0,0.28,low
wf_2026_03,ridge,2026-03-29,4,2026-03-29 23:00:00+00:00,2026-03-30 00:00:00+00:00,1,0.17,decrease,11.53,362356.1,8,2,24,10,0.26,8.03,1.32,81.48,-0.44,5,6,0.83,0.25,0.04,0.41,low
wf_2026_03,ridge,2026-03-29,5,2026-03-29 12:00:00+00:00,2026-03-29 13:00:00+00:00,1,0.22,increase,12.85,413763.2,2,10,24,3,0.02,0.0,0.87,89.51,0.02,6,6,1.0,0.0,0.09,0.37,low
wf_2026_03,ridge,2026-03-30,1,2026-03-30 12:00:00+00:00,2026-03-30 13:00:00+00:00,1,0.07,increase,11.16,437373.9,2,3,24,2,0.0,5.13,0.33,-2.67,2.04,6,6,1.0,1.0,0.02,0.8,high
wf_2026_03,ridge,2026-03-30,2,2026-03-30 11:00:00+00:00,2026-03-30 12:00:00+00:00,1,0.09,increase,10.66,417626.2,4,2,24,1,0.0,8.99,0.06,-6.52,2.31,6,6,1.0,0.75,0.05,0.7,medium
wf_2026_03,ridge,2026-03-30,3,2026-03-30 13:00:00+00:00,2026-03-30 14:00:00+00:00,1,0.13,increase,11.75,450116.9,3,5,24,5,0.09,9.06,0.49,-6.6,1.88,6,6,1.0,0.5,0.1,0.59,medium
wf_2026_03,ridge,2026-03-30,4,2026-03-30 10:00:00+00:00,2026-03-30 11:00:00+00:00,1,0.22,increase,10.49,404634.5,11,1,24,4,0.02,17.28,0.0,-14.82,2.37,2,6,0.33,0.25,0.02,0.23,low
wf_2026_03,ridge,2026-03-30,5,2026-03-30 01:00:00+00:00,2026-03-30 02:00:00+00:00,1,0.24,decrease,12.67,404400.6,1,12,24,8,0.2,0.48,2.29,1.98,0.09,5,6,0.83,0.0,0.05,0.3,low
wf_2026_03,ridge,2026-03-31,1,2026-03-31 01:00:00+00:00,2026-03-31 02:00:00+00:00,1,0.11,increase,12.41,398691.0,6,1,24,1,0.0,16.47,0.26,15.51,-0.26,5,6,0.83,1.0,0.08,0.76,high
wf_2026_03,ridge,2026-03-31,2,2026-03-31 02:00:00+00:00,2026-03-31 03:00:00+00:00,1,0.17,increase,12.92,400358.1,7,3,24,2,0.0,16.41,0.38,15.57,-0.38,5,6,0.83,0.75,0.0,0.63,medium
wf_2026_03,ridge,2026-03-31,3,2026-03-31 14:00:00+00:00,2026-03-31 15:00:00+00:00,1,0.17,increase,18.92,675369.9,3,7,24,6,0.13,18.98,6.09,13.0,-6.09,3,6,0.5,0.5,0.03,0.41,low
wf_2026_03,ridge,2026-03-31,4,2026-03-31 13:00:00+00:00,2026-03-31 14:00:00+00:00,1,0.2,increase,19.76,717407.3,2,9,24,4,0.04,8.29,5.55,23.7,-5.55,6,6,1.0,0.25,0.03,0.47,low
wf_2026_03,ridge,2026-03-31,5,2026-03-31 00:00:00+00:00,2026-03-31 01:00:00+00:00,1,0.22,increase,12.82,411335.2,10,2,24,5,0.07,31.98,0.0,0.0,0.0,2,6,0.33,0.0,0.0,0.12,low
wf_2026_03,xgboost,2026-03-01,1,2026-03-01 10:00:00+00:00,2026-03-01 11:00:00+00:00,1,0.07,unknown,12.62,426954.41,4,1,24,2,0.02,0.76,0.73,32.47,0.49,6,6,1.0,1.0,0.05,0.81,high
wf_2026_03,xgboost,2026-03-01,2,2026-03-01 11:00:00+00:00,2026-03-01 12:00:00+00:00,1,0.11,unknown,13.19,433585.3,2,5,24,3,0.07,0.42,0.85,32.81,0.36,6,6,1.0,0.75,0.02,0.69,medium
wf_2026_03,xgboost,2026-03-01,3,2026-03-01 09:00:00+00:00,2026-03-01 10:00:00+00:00,1,0.13,unknown,12.72,428655.99,6,2,24,1,0.0,0.79,0.47,32.45,0.74,6,6,1.0,0.5,0.03,0.58,medium
wf_2026_03,xgboost,2026-03-01,4,2026-03-01 12:00:00+00:00,2026-03-01 13:00:00+00:00,1,0.15,unknown,13.57,430711.09,1,8,24,4,0.07,0.0,0.94,33.24,0.27,4,6,0.67,0.25,0.15,0.38,low
wf_2026_03,xgboost,2026-03-01,5,2026-03-01 08:00:00+00:00,2026-03-01 09:00:00+00:00,1,0.28,unknown,13.53,437810.21,8,7,24,7,0.15,4.83,0.77,28.41,0.44,3,6,0.5,0.0,0.0,0.18,low
wf_2026_03,xgboost,2026-03-02,1,2026-03-02 10:00:00+00:00,2026-03-02 11:00:00+00:00,1,0.07,increase,11.59,432072.5,4,1,24,1,0.0,6.28,0.08,2.6,1.81,6,6,1.0,1.0,0.05,0.81,high
wf_2026_03,xgboost,2026-03-02,2,2026-03-02 11:00:00+00:00,2026-03-02 12:00:00+00:00,1,0.11,increase,11.82,434159.21,3,4,24,3,0.02,4.8,0.22,4.08,1.67,6,6,1.0,0.75,0.0,0.69,medium
wf_2026_03,xgboost,2026-03-02,3,2026-03-02 12:00:00+00:00,2026-03-02 13:00:00+00:00,1,0.11,increase,12.24,441822.19,2,5,24,2,0.0,0.0,0.58,8.88,1.31,6,6,1.0,0.5,0.02,0.58,medium
wf_2026_03,xgboost,2026-03-02,4,2026-03-02 13:00:00+00:00,2026-03-02 14:00:00+00:00,1,0.13,increase,12.92,459182.1,1,7,24,4,0.07,4.42,0.78,4.45,1.1,5,6,0.83,0.25,0.1,0.42,low
wf_2026_03,xgboost,2026-03-02,5,2026-03-02 09:00:00+00:00,2026-03-02 10:00:00+00:00,1,0.22,increase,11.6,435446.8,10,2,24,5,0.09,7.87,0.19,1.0,1.7,5,6,0.83,0.0,0.07,0.31,low
wf_2026_03,xgboost,2026-03-03,1,2026-03-03 13:00:00+00:00,2026-03-03 14:00:00+00:00,1,0.0,decrease,13.21,471689.99,1,1,24,2,0.07,6.2,0.45,42.18,2.01,6,6,1.0,1.0,0.07,0.81,high
wf_2026_03,xgboost,2026-03-03,2,2026-03-03 14:00:00+00:00,2026-03-03 15:00:00+00:00,1,0.07,increase,13.97,479113.41,3,2,24,3,0.11,23.24,0.29,25.14,2.17,5,6,0.83,0.75,0.11,0.65,medium
wf_2026_03,xgboost,2026-03-03,3,2026-03-03 12:00:00+00:00,2026-03-03 13:00:00+00:00,1,0.17,increase,14.99,541003.0,4,6,24,1,0.0,0.0,0.0,48.38,2.46,6,6,1.0,0.5,0.05,0.58,medium
wf_2026_03,xgboost,2026-03-03,4,2026-03-03 00:00:00+00:00,2026-03-03 01:00:00+00:00,1,0.22,increase,14.66,453559.2,9,3,24,12,0.46,48.38,2.46,0.0,0.0,4,6,0.67,0.25,0.0,0.35,low
wf_2026_03,xgboost,2026-03-03,5,2026-03-03 11:00:00+00:00,2026-03-03 12:00:00+00:00,1,0.22,increase,16.72,598499.68,2,10,24,4,0.17,19.62,2.06,28.76,0.39,3,6,0.5,0.0,0.02,0.18,low
wf_2026_03,xgboost,2026-03-04,1,2026-03-04 13:00:00+00:00,2026-03-04 14:00:00+00:00,1,0.07,decrease,13.18,488397.61,1,4,24,2,0.04,3.93,0.36,41.34,4.22,6,6,1.0,1.0,0.07,0.81,high
wf_2026_03,xgboost,2026-03-04,2,2026-03-04 11:00:00+00:00,2026-03-04 12:00:00+00:00,1,0.13,increase,13.14,492169.3,5,3,24,3,0.13,19.11,0.45,26.16,4.13,6,6,1.0,0.75,0.0,0.69,medium
wf_2026_03,xgboost,2026-03-04,3,2026-03-04 12:00:00+00:00,2026-03-04 13:00:00+00:00,1,0.13,increase,13.25,493322.29,3,5,24,1,0.0,0.0,0.22,45.28,4.36,6,6,1.0,0.5,0.0,0.57,medium
wf_2026_03,xgboost,2026-03-04,4,2026-03-04 14:00:00+00:00,2026-03-04 15:00:00+00:00,1,0.13,decrease,13.47,489685.39,2,6,24,4,0.15,15.63,0.83,29.65,3.75,6,6,1.0,0.25,0.09,0.48,low
wf_2026_03,xgboost,2026-03-04,5,2026-03-04 15:00:00+00:00,2026-03-04 16:00:00+00:00,1,0.22,decrease,14.22,497228.31,4,8,24,6,0.26,30.52,1.31,14.75,3.27,6,6,1.0,0.0,0.09,0.37,low
wf_2026_03,xgboost,2026-03-05,1,2026-03-05 11:00:00+00:00,2026-03-05 12:00:00+00:00,1,0.09,decrease,11.64,430599.01,3,3,24,2,0.0,0.43,0.57,82.12,0.89,6,6,1.0,1.0,0.0,0.8,high
wf_2026_03,xgboost,2026-03-05,2,2026-03-05 12:00:00+00:00,2026-03-05 13:00:00+00:00,1,0.09,decrease,12.22,435434.59,1,5,24,4,0.04,0.0,0.69,82.55,0.78,6,6,1.0,0.75,0.03,0.69,medium
wf_2026_03,xgboost,2026-03-05,3,2026-03-05 10:00:00+00:00,2026-03-05 11:00:00+00:00,1,0.11,increase,11.56,425782.21,5,2,24,1,0.0,23.77,0.15,58.78,1.31,6,6,1.0,0.5,0.05,0.59,medium
wf_2026_03,xgboost,2026-03-05,4,2026-03-05 13:00:00+00:00,2026-03-05 14:00:00+00:00,1,0.15,increase,12.46,443363.99,2,7,24,5,0.07,30.1,0.64,52.45,0.82,6,6,1.0,0.25,0.08,0.48,low
wf_2026_03,xgboost,2026-03-05,5,2026-03-05 14:00:00+00:00,2026-03-05 15:00:00+00:00,1,0.22,increase,12.59,438785.9,4,8,24,6,0.15,44.64,0.69,37.91,0.77,3,6,0.5,0.0,0.03,0.18,low
wf_2026_03,xgboost,2026-03-06,1,2026-03-06 09:00:00+00:00,2026-03-06 10:00:00+00:00,1,0.04,decrease,12.7,442861.2,2,2,24,5,0.07,26.21,0.0,-2.98,1.5,6,6,1.0,1.0,0.07,0.81,high
wf_2026_03,xgboost,2026-03-06,2,2026-03-06 10:00:00+00:00,2026-03-06 11:00:00+00:00,1,0.11,increase,12.51,436005.01,6,1,24,9,0.15,29.17,0.41,-5.94,1.08,6,6,1.0,0.75,0.02,0.69,medium
wf_2026_03,xgboost,2026-03-06,3,2026-03-06 12:00:00+00:00,2026-03-06 13:00:00+00:00,1,0.13,increase,13.08,445958.2,4,4,24,1,0.0,13.2,0.68,10.03,0.81,6,6,1.0,0.5,0.07,0.59,medium
wf_2026_03,xgboost,2026-03-06,4,2026-03-06 13:00:00+00:00,2026-03-06 14:00:00+00:00,1,0.2,increase,13.35,447098.21,5,6,24,2,0.02,13.02,1.07,10.21,0.42,5,6,0.83,0.25,0.0,0.4,low
wf_2026_03,xgboost,2026-03-06,5,2026-03-06 11:00:00+00:00,2026-03-06 12:00:00+00:00,1,0.2,increase,12.99,444968.9,8,3,24,4,0.04,21.42,0.54,1.81,0.96,6,6,1.0,0.0,0.11,0.37,low
wf_2026_03,xgboost,2026-03-07,1,2026-03-07 11:00:00+00:00,2026-03-07 12:00:00+00:00,1,0.07,decrease,13.06,436351.1,3,2,24,3,0.09,14.7,0.29,55.66,0.53,6,6,1.0,1.0,0.05,0.81,high
wf_2026_03,xgboost,2026-03-07,2,2026-03-07 10:00:00+00:00,2026-03-07 11:00:00+00:00,1,0.11,decrease,12.86,432712.49,6,1,24,1,0.0,27.3,0.0,43.06,0.82,5,6,0.83,0.75,0.0,0.63,medium
wf_2026_03,xgboost,2026-03-07,3,2026-03-07 12:00:00+00:00,2026-03-07 13:00:00+00:00,1,0.11,decrease,13.42,438903.41,2,5,24,2,0.02,0.0,0.22,70.36,0.59,6,6,1.0,0.5,0.02,0.58,medium
wf_2026_03,xgboost,2026-03-07,4,2026-03-07 09:00:00+00:00,2026-03-07 10:00:00+00:00,1,0.13,decrease,13.09,437965.99,5,3,24,5,0.13,43.48,0.16,26.88,0.66,5,6,0.83,0.25,0.03,0.41,low
wf_2026_03,xgboost,2026-03-07,5,2026-03-07 13:00:00+00:00,2026-03-07 14:00:00+00:00,1,0.15,decrease,13.65,441315.11,1,8,24,4,0.09,17.06,0.29,53.3,0.53,6,6,1.0,0.0,0.12,0.38,low
wf_2026_03,xgboost,2026-03-08,1,2026-03-08 11:00:00+00:00,2026-03-08 12:00:00+00:00,1,0.07,decrease,13.28,447987.29,3,2,24,2,0.0,10.5,0.09,87.18,1.77,6,6,1.0,1.0,0.02,0.8,high
wf_2026_03,xgboost,2026-03-08,2,2026-03-08 10:00:00+00:00,2026-03-08 11:00:00+00:00,1,0.09,decrease,13.13,439263.4,5,1,24,1,0.0,21.63,0.0,76.06,1.86,6,6,1.0,0.75,0.0,0.69,medium
wf_2026_03,xgboost,2026-03-08,3,2026-03-08 12:00:00+00:00,2026-03-08 13:00:00+00:00,1,0.09,increase,13.61,449016.79,2,4,24,3,0.04,0.0,0.82,97.69,1.04,6,6,1.0,0.5,0.02,0.58,medium
wf_2026_03,xgboost,2026-03-08,4,2026-03-08 13:00:00+00:00,2026-03-08 14:00:00+00:00,1,0.11,decrease,14.6,451595.99,1,6,24,5,0.13,6.6,1.18,91.09,0.68,5,6,0.83,0.25,0.07,0.42,low
wf_2026_03,xgboost,2026-03-08,5,2026-03-08 09:00:00+00:00,2026-03-08 10:00:00+00:00,1,0.17,increase,13.33,434624.3,7,3,24,4,0.11,37.55,0.28,60.14,1.58,6,6,1.0,0.0,0.02,0.35,low
wf_2026_03,xgboost,2026-03-09,1,2026-03-09 13:00:00+00:00,2026-03-09 14:00:00+00:00,1,0.04,increase,13.42,467229.2,1,3,24,3,0.09,2.03,0.2,27.77,1.19,6,6,1.0,1.0,0.02,0.8,high
wf_2026_03,xgboost,2026-03-09,2,2026-03-09 12:00:00+00:00,2026-03-09 13:00:00+00:00,1,0.07,increase,13.23,464940.69,3,2,24,1,0.0,0.0,0.01,29.8,1.38,6,6,1.0,0.75,0.05,0.7,medium
wf_2026_03,xgboost,2026-03-09,3,2026-03-09 11:00:00+00:00,2026-03-09 12:00:00+00:00,1,0.11,increase,13.06,462076.91,6,1,24,2,0.07,3.85,0.0,25.95,1.39,6,6,1.0,0.5,0.02,0.58,medium
wf_2026_03,xgboost,2026-03-09,4,2026-03-09 14:00:00+00:00,2026-03-09 15:00:00+00:00,1,0.13,increase,13.61,469393.01,4,4,24,5,0.17,13.01,0.56,16.79,0.83,5,6,0.83,0.25,0.07,0.42,low
wf_2026_03,xgboost,2026-03-09,5,2026-03-09 03:00:00+00:00,2026-03-09 04:00:00+00:00,1,0.2,decrease,15.2,457965.2,2,9,24,8,0.3,2.19,2.25,27.61,-0.86,4,6,0.67,0.0,0.05,0.24,low
wf_2026_03,xgboost,2026-03-10,1,2026-03-10 12:00:00+00:00,2026-03-10 13:00:00+00:00,1,0.02,increase,13.41,475337.3,2,1,24,1,0.0,80.24,0.02,33.1,3.23,6,6,1.0,1.0,0.07,0.81,high
wf_2026_03,xgboost,2026-03-10,2,2026-03-10 13:00:00+00:00,2026-03-10 14:00:00+00:00,1,0.09,increase,13.45,477281.5,3,3,24,2,0.0,80.84,0.0,32.51,3.25,6,6,1.0,0.75,0.02,0.69,medium
wf_2026_03,xgboost,2026-03-10,3,2026-03-10 11:00:00+00:00,2026-03-10 12:00:00+00:00,1,0.11,increase,13.45,475236.4,5,2,24,5,0.13,84.08,0.35,29.27,2.9,6,6,1.0,0.5,0.0,0.57,medium
wf_2026_03,xgboost,2026-03-10,4,2026-03-10 23:00:00+00:00,2026-03-11 00:00:00+00:00,1,0.11,decrease,14.62,501694.3,1,6,24,3,0.0,0.0,0.16,113.35,3.08,5,6,0.83,0.25,0.02,0.41,low
wf_2026_03,xgboost,2026-03-10,5,2026-03-10 14:00:00+00:00,2026-03-10 15:00:00+00:00,1,0.13,decrease,13.63,484152.11,4,4,24,4,0.09,84.52,0.16,28.83,3.08,6,6,1.0,0.0,0.07,0.36,low
wf_2026_03,xgboost,2026-03-11,1,2026-03-11 11:00:00+00:00,2026-03-11 12:00:00+00:00,1,0.09,decrease,11.65,428325.2,3,3,24,2,0.0,15.21,0.22,18.76,1.59,6,6,1.0,1.0,0.02,0.8,high
wf_2026_03,xgboost,2026-03-11,2,2026-03-11 12:00:00+00:00,2026-03-11 13:00:00+00:00,1,0.11,decrease,12.02,437269.71,2,5,24,4,0.09,22.82,0.26,11.15,1.55,6,6,1.0,0.75,0.02,0.69,medium
wf_2026_03,xgboost,2026-03-11,3,2026-03-11 10:00:00+00:00,2026-03-11 11:00:00+00:00,1,0.13,decrease,11.32,422610.61,6,2,24,1,0.0,19.82,0.05,14.15,1.76,5,6,0.83,0.5,0.12,0.54,medium
wf_2026_03,xgboost,2026-03-11,4,2026-03-11 09:00:00+00:00,2026-03-11 10:00:00+00:00,1,0.24,decrease,11.16,427076.3,12,1,24,3,0.04,32.3,0.0,1.67,1.81,4,6,0.67,0.25,0.05,0.36,low
wf_2026_03,xgboost,2026-03-11,5,2026-03-11 13:00:00+00:00,2026-03-11 14:00:00+00:00,1,0.28,decrease,12.2,438875.4,8,7,24,5,0.17,33.12,0.27,0.85,1.54,4,6,0.67,0.0,0.05,0.24,low
wf_2026_03,xgboost,2026-03-12,1,2026-03-12 10:00:00+00:00,2026-03-12 11:00:00+00:00,1,0.11,decrease,11.94,448964.99,4,3,24,1,0.0,0.01,0.63,84.53,1.0,6,6,1.0,1.0,0.11,0.82,high
wf_2026_03,xgboost,2026-03-12,2,2026-03-12 11:00:00+00:00,2026-03-12 12:00:00+00:00,1,0.2,decrease,12.27,458024.5,2,9,24,4,0.04,0.0,0.82,84.54,0.81,6,6,1.0,0.75,0.03,0.69,medium
wf_2026_03,xgboost,2026-03-12,3,2026-03-12 12:00:00+00:00,2026-03-12 13:00:00+00:00,1,0.22,decrease,12.87,459802.31,1,11,24,5,0.04,0.0,1.17,84.54,0.47,6,6,1.0,0.5,0.0,0.57,medium
wf_2026_03,xgboost,2026-03-12,4,2026-03-12 22:00:00+00:00,2026-03-12 23:00:00+00:00,1,0.22,decrease,11.91,444954.3,10,2,24,6,0.04,25.81,0.35,58.73,1.28,5,6,0.83,0.25,0.03,0.41,low
wf_2026_03,xgboost,2026-03-12,5,2026-03-12 23:00:00+00:00,2026-03-13 00:00:00+00:00,1,0.24,decrease,12.08,439716.4,7,6,24,8,0.09,9.61,0.75,74.93,0.88,5,6,0.83,0.0,0.09,0.31,low
wf_2026_03,xgboost,2026-03-13,1,2026-03-13 10:00:00+00:00,2026-03-13 11:00:00+00:00,1,0.0,increase,11.27,428389.0,1,1,24,1,0.0,4.4,0.0,4.7,1.86,6,6,1.0,1.0,0.04,0.81,high
wf_2026_03,xgboost,2026-03-13,2,2026-03-13 11:00:00+00:00,2026-03-13 12:00:00+00:00,1,0.04,increase,11.3,421555.1,2,2,24,4,0.17,17.3,0.08,-8.2,1.79,6,6,1.0,0.75,0.13,0.71,medium
wf_2026_03,xgboost,2026-03-13,3,2026-03-13 13:00:00+00:00,2026-03-13 14:00:00+00:00,1,0.17,increase,11.87,428339.5,4,6,24,5,0.17,11.22,0.57,-2.13,1.3,5,6,0.83,0.5,0.04,0.53,medium
wf_2026_03,xgboost,2026-03-13,4,2026-03-13 09:00:00+00:00,2026-03-13 10:00:00+00:00,1,0.22,decrease,11.68,447655.89,8,4,24,2,0.04,3.81,0.31,5.28,1.56,5,6,0.83,0.25,0.02,0.41,low
wf_2026_03,xgboost,2026-03-13,5,2026-03-13 12:00:00+00:00,2026-03-13 13:00:00+00:00,1,0.24,increase,11.49,423702.2,10,3,24,3,0.07,4.92,0.3,4.17,1.56,6,6,1.0,0.0,0.04,0.36,low
wf_2026_03,xgboost,2026-03-14,1,2026-03-14 11:00:00+00:00,2026-03-14 12:00:00+00:00,1,0.04,increase,12.66,444530.91,2,2,24,2,0.13,26.61,0.0,21.98,1.42,6,6,1.0,1.0,0.09,0.82,high
wf_2026_03,xgboost,2026-03-14,2,2026-03-14 12:00:00+00:00,2026-03-14 13:00:00+00:00,1,0.13,increase,12.66,450187.7,7,1,24,3,0.13,6.82,1.16,41.77,0.26,6,6,1.0,0.75,0.0,0.69,medium
wf_2026_03,xgboost,2026-03-14,3,2026-03-14 15:00:00+00:00,2026-03-14 16:00:00+00:00,1,0.13,increase,13.7,468300.5,3,5,24,7,0.33,14.19,1.54,34.4,-0.12,5,6,0.83,0.5,0.07,0.53,medium
wf_2026_03,xgboost,2026-03-14,4,2026-03-14 10:00:00+00:00,2026-03-14 11:00:00+00:00,1,0.2,increase,12.93,441942.61,8,3,24,4,0.15,14.74,0.2,33.85,1.22,6,6,1.0,0.25,0.05,0.47,low
wf_2026_03,xgboost,2026-03-14,5,2026-03-14 13:00:00+00:00,2026-03-14 14:00:00+00:00,1,0.24,increase,14.24,501215.5,1,12,24,8,0.35,7.77,1.86,40.82,-0.44,4,6,0.67,0.0,0.05,0.24,low
wf_2026_03,xgboost,2026-03-15,1,2026-03-15 10:00:00+00:00,2026-03-15 11:00:00+00:00,1,0.0,decrease,11.57,419221.01,1,1,24,2,0.02,7.0,0.03,128.11,5.76,6,6,1.0,1.0,0.11,0.82,high
wf_2026_03,xgboost,2026-03-15,2,2026-03-15 11:00:00+00:00,2026-03-15 12:00:00+00:00,1,0.11,decrease,12.16,427574.3,3,4,24,3,0.02,8.48,0.0,126.62,5.79,6,6,1.0,0.75,0.0,0.69,medium
wf_2026_03,xgboost,2026-03-15,3,2026-03-15 12:00:00+00:00,2026-03-15 13:00:00+00:00,1,0.11,decrease,12.68,436976.11,2,5,24,1,0.0,1.92,0.17,133.19,5.62,6,6,1.0,0.5,0.02,0.58,medium
wf_2026_03,xgboost,2026-03-15,4,2026-03-15 23:00:00+00:00,2026-03-16 00:00:00+00:00,1,0.13,decrease,12.1,421067.7,6,2,24,8,0.15,22.43,0.54,112.67,5.25,4,6,0.67,0.25,0.05,0.35,low
wf_2026_03,xgboost,2026-03-15,5,2026-03-15 09:00:00+00:00,2026-03-15 10:00:00+00:00,1,0.17,decrease,12.13,423589.0,7,3,24,5,0.04,6.72,0.26,128.38,5.54,3,6,0.5,0.0,0.02,0.18,low
wf_2026_03,xgboost,2026-03-16,1,2026-03-16 12:00:00+00:00,2026-03-16 13:00:00+00:00,1,0.04,increase,11.78,435551.6,2,2,24,1,0.0,0.0,0.13,14.8,1.24,6,6,1.0,1.0,0.0,0.8,high
wf_2026_03,xgboost,2026-03-16,2,2026-03-16 13:00:00+00:00,2026-03-16 14:00:00+00:00,1,0.04,increase,11.99,443324.99,1,3,24,4,0.11,6.96,0.49,7.84,0.88,6,6,1.0,0.75,0.02,0.69,medium
wf_2026_03,xgboost,2026-03-16,3,2026-03-16 11:00:00+00:00,2026-03-16 12:00:00+00:00,1,0.07,decrease,11.55,436716.4,4,1,24,2,0.07,10.62,0.0,4.19,1.37,6,6,1.0,0.5,0.21,0.62,medium
wf_2026_03,xgboost,2026-03-16,4,2026-03-16 10:00:00+00:00,2026-03-16 11:00:00+00:00,1,0.26,increase,12.09,451997.3,10,4,24,3,0.11,13.11,0.05,1.69,1.32,6,6,1.0,0.25,0.0,0.46,low
wf_2026_03,xgboost,2026-03-16,5,2026-03-16 14:00:00+00:00,2026-03-16 15:00:00+00:00,1,0.26,increase,12.6,454430.41,6,8,24,8,0.3,17.23,1.05,-2.42,0.32,1,6,0.17,0.0,0.02,0.06,low
wf_2026_03,xgboost,2026-03-17,1,2026-03-17 10:00:00+00:00,2026-03-17 11:00:00+00:00,1,0.04,decrease,10.99,414387.29,3,1,24,1,0.0,0.01,0.0,98.21,2.32,6,6,1.0,1.0,0.0,0.8,high
wf_2026_03,xgboost,2026-03-17,2,2026-03-17 11:00:00+00:00,2026-03-17 12:00:00+00:00,1,0.04,decrease,11.45,422082.61,2,2,24,2,0.02,0.0,0.48,98.21,1.84,6,6,1.0,0.75,0.0,0.69,medium
wf_2026_03,xgboost,2026-03-17,3,2026-03-17 12:00:00+00:00,2026-03-17 13:00:00+00:00,1,0.04,decrease,12.25,430685.31,1,3,24,3,0.02,0.0,1.03,98.22,1.29,6,6,1.0,0.5,0.14,0.6,medium
wf_2026_03,xgboost,2026-03-17,4,2026-03-17 13:00:00+00:00,2026-03-17 14:00:00+00:00,1,0.17,decrease,12.91,438703.91,4,6,24,5,0.11,0.0,1.35,98.22,0.97,6,6,1.0,0.25,0.07,0.48,low
wf_2026_03,xgboost,2026-03-17,5,2026-03-17 14:00:00+00:00,2026-03-17 15:00:00+00:00,1,0.24,decrease,13.44,447065.31,5,8,24,7,0.2,0.01,1.44,98.21,0.88,2,6,0.33,0.0,0.0,0.12,low
wf_2026_03,xgboost,2026-03-18,1,2026-03-18 10:00:00+00:00,2026-03-18 11:00:00+00:00,1,0.04,decrease,11.1,425875.61,3,1,24,2,0.02,0.39,0.46,27.82,1.13,6,6,1.0,1.0,0.08,0.82,high
wf_2026_03,xgboost,2026-03-18,2,2026-03-18 09:00:00+00:00,2026-03-18 10:00:00+00:00,1,0.11,decrease,11.2,430751.7,5,2,24,1,0.0,0.4,0.0,27.81,1.59,6,6,1.0,0.75,0.0,0.69,medium
wf_2026_03,xgboost,2026-03-18,3,2026-03-18 11:00:00+00:00,2026-03-18 12:00:00+00:00,1,0.11,decrease,11.94,433498.19,2,5,24,3,0.04,0.0,1.03,28.21,0.57,6,6,1.0,0.5,0.12,0.6,medium
wf_2026_03,xgboost,2026-03-18,4,2026-03-18 12:00:00+00:00,2026-03-18 13:00:00+00:00,1,0.22,decrease,12.67,434299.9,1,11,24,6,0.17,0.2,1.16,28.01,0.43,5,6,0.83,0.25,0.03,0.41,low
wf_2026_03,xgboost,2026-03-18,5,2026-03-18 08:00:00+00:00,2026-03-18 09:00:00+00:00,1,0.24,decrease,11.46,441167.4,10,3,24,4,0.07,9.78,0.43,18.42,1.16,5,6,0.83,0.0,0.12,0.32,low
wf_2026_03,xgboost,2026-03-19,1,2026-03-19 10:00:00+00:00,2026-03-19 11:00:00+00:00,1,0.15,decrease,13.19,487138.11,4,5,24,7,0.35,0.01,1.19,26.4,-0.56,6,6,1.0,1.0,0.05,0.81,high
wf_2026_03,xgboost,2026-03-19,2,2026-03-19 14:00:00+00:00,2026-03-19 15:00:00+00:00,1,0.2,increase,13.25,442163.4,5,6,24,2,0.04,0.01,0.0,26.4,0.63,4,6,0.67,0.75,0.03,0.58,medium
wf_2026_03,xgboost,2026-03-19,3,2026-03-19 11:00:00+00:00,2026-03-19 12:00:00+00:00,1,0.22,decrease,13.51,487681.61,1,11,24,11,0.43,0.0,1.97,26.41,-1.34,6,6,1.0,0.5,0.08,0.59,medium
wf_2026_03,xgboost,2026-03-19,4,2026-03-19 00:00:00+00:00,2026-03-19 01:00:00+00:00,1,0.28,decrease,12.94,444620.0,13,2,24,5,0.35,26.41,0.63,0.0,0.0,5,6,0.83,0.25,0.11,0.43,low
wf_2026_03,xgboost,2026-03-19,5,2026-03-19 07:00:00+00:00,2026-03-19 08:00:00+00:00,1,0.37,increase,12.56,455507.3,18,1,24,9,0.39,33.48,0.51,-7.08,0.12,1,6,0.17,0.0,0.0,0.06,low
wf_2026_03,xgboost,2026-03-20,1,2026-03-20 11:00:00+00:00,2026-03-20 12:00:00+00:00,1,0.02,increase,12.45,443779.51,1,2,24,3,0.04,2.63,0.01,59.49,2.12,5,6,0.83,1.0,0.07,0.76,high
wf_2026_03,xgboost,2026-03-20,2,2026-03-20 10:00:00+00:00,2026-03-20 11:00:00+00:00,1,0.09,increase,12.02,440732.0,5,1,24,1,0.0,2.6,0.0,59.52,2.14,5,6,0.83,0.75,0.0,0.63,medium
wf_2026_03,xgboost,2026-03-20,3,2026-03-20 12:00:00+00:00,2026-03-20 13:00:00+00:00,1,0.09,increase,12.96,446632.79,2,4,24,2,0.0,0.0,0.17,62.12,1.97,5,6,0.83,0.5,0.07,0.53,medium
wf_2026_03,xgboost,2026-03-20,4,2026-03-20 13:00:00+00:00,2026-03-20 14:00:00+00:00,1,0.15,increase,13.22,449469.32,3,6,24,4,0.04,0.87,0.38,61.25,1.76,6,6,1.0,0.25,0.09,0.48,low
wf_2026_03,xgboost,2026-03-20,5,2026-03-20 14:00:00+00:00,2026-03-20 15:00:00+00:00,1,0.24,increase,13.29,446151.3,4,9,24,6,0.11,1.9,0.95,60.22,1.19,6,6,1.0,0.0,0.02,0.35,low
wf_2026_03,xgboost,2026-03-21,1,2026-03-21 10:00:00+00:00,2026-03-21 11:00:00+00:00,1,0.04,decrease,11.77,411300.01,3,1,24,1,0.0,2.19,0.15,48.75,1.13,6,6,1.0,1.0,0.07,0.81,high
wf_2026_03,xgboost,2026-03-21,2,2026-03-21 09:00:00+00:00,2026-03-21 10:00:00+00:00,1,0.11,decrease,12.06,409769.8,5,2,24,4,0.07,7.36,0.0,43.58,1.29,5,6,0.83,0.75,0.05,0.64,medium
wf_2026_03,xgboost,2026-03-21,3,2026-03-21 11:00:00+00:00,2026-03-21 12:00:00+00:00,1,0.15,decrease,13.21,437007.8,1,8,24,5,0.09,6.28,0.21,44.66,1.08,6,6,1.0,0.5,0.07,0.59,medium
wf_2026_03,xgboost,2026-03-21,4,2026-03-21 08:00:00+00:00,2026-03-21 09:00:00+00:00,1,0.22,decrease,12.98,440042.3,8,4,24,7,0.2,24.31,0.58,26.63,0.71,4,6,0.67,0.25,0.05,0.36,low
wf_2026_03,xgboost,2026-03-21,5,2026-03-21 13:00:00+00:00,2026-03-21 14:00:00+00:00,1,0.26,decrease,13.79,439801.09,2,12,24,3,0.04,0.0,0.63,50.94,0.66,4,6,0.67,0.0,0.02,0.24,low
wf_2026_03,xgboost,2026-03-22,1,2026-03-22 10:00:00+00:00,2026-03-22 11:00:00+00:00,1,0.09,decrease,13.65,407017.9,3,3,24,7,0.22,0.77,0.68,60.76,-0.68,6,6,1.0,1.0,0.02,0.8,high
wf_2026_03,xgboost,2026-03-22,2,2026-03-22 09:00:00+00:00,2026-03-22 10:00:00+00:00,1,0.11,decrease,13.4,412582.59,6,1,24,1,0.0,3.21,0.15,58.32,-0.15,6,6,1.0,0.75,0.02,0.69,medium
wf_2026_03,xgboost,2026-03-22,3,2026-03-22 11:00:00+00:00,2026-03-22 12:00:00+00:00,1,0.13,decrease,14.37,407423.61,1,7,24,9,0.26,2.15,0.76,59.38,-0.76,6,6,1.0,0.5,0.15,0.6,medium
wf_2026_03,xgboost,2026-03-22,4,2026-03-22 12:00:00+00:00,2026-03-22 13:00:00+00:00,1,0.26,decrease,14.8,413310.49,2,12,24,4,0.17,0.0,0.67,61.53,-0.67,6,6,1.0,0.25,0.02,0.47,low
wf_2026_03,xgboost,2026-03-22,5,2026-03-22 08:00:00+00:00,2026-03-22 09:00:00+00:00,1,0.28,decrease,14.0,426070.61,9,6,24,2,0.07,10.42,0.09,51.11,-0.09,5,6,0.83,0.0,0.0,0.29,low
wf_2026_03,xgboost,2026-03-23,1,2026-03-23 13:00:00+00:00,2026-03-23 14:00:00+00:00,1,0.02,increase,12.65,423599.31,1,2,24,2,0.02,13.35,0.0,73.74,1.81,5,6,0.83,1.0,0.07,0.76,high
wf_2026_03,xgboost,2026-03-23,2,2026-03-23 14:00:00+00:00,2026-03-23 15:00:00+00:00,1,0.09,increase,12.65,418050.99,5,1,24,3,0.02,11.86,0.35,75.23,1.46,6,6,1.0,0.75,0.02,0.69,medium
wf_2026_03,xgboost,2026-03-23,3,2026-03-23 12:00:00+00:00,2026-03-23 13:00:00+00:00,1,0.11,increase,14.72,502999.29,3,4,24,1,0.0,0.0,0.45,87.09,1.36,6,6,1.0,0.5,0.09,0.59,medium
wf_2026_03,xgboost,2026-03-23,4,2026-03-23 11:00:00+00:00,2026-03-23 12:00:00+00:00,1,0.2,increase,15.41,541279.21,2,9,24,9,0.28,16.73,4.94,70.36,-3.13,4,6,0.67,0.25,0.0,0.35,low
wf_2026_03,xgboost,2026-03-23,5,2026-03-23 15:00:00+00:00,2026-03-23 16:00:00+00:00,1,0.2,increase,14.73,478532.0,6,5,24,4,0.15,31.15,0.95,55.94,0.86,6,6,1.0,0.0,0.09,0.37,low
wf_2026_03,xgboost,2026-03-24,1,2026-03-24 11:00:00+00:00,2026-03-24 12:00:00+00:00,1,0.04,decrease,11.13,399605.6,2,2,24,1,0.0,0.0,0.09,72.63,3.28,5,6,0.83,1.0,0.05,0.75,high
wf_2026_03,xgboost,2026-03-24,2,2026-03-24 10:00:00+00:00,2026-03-24 11:00:00+00:00,1,0.09,decrease,10.77,390786.09,5,1,24,2,0.02,0.32,0.0,72.31,3.37,6,6,1.0,0.75,0.0,0.69,medium
wf_2026_03,xgboost,2026-03-24,3,2026-03-24 12:00:00+00:00,2026-03-24 13:00:00+00:00,1,0.09,decrease,11.76,406380.7,1,5,24,3,0.04,0.0,0.53,72.63,2.84,6,6,1.0,0.5,0.1,0.6,medium
wf_2026_03,xgboost,2026-03-24,4,2026-03-24 13:00:00+00:00,2026-03-24 14:00:00+00:00,1,0.17,decrease,11.96,413671.09,3,7,24,5,0.2,0.0,0.88,72.63,2.5,6,6,1.0,0.25,0.02,0.47,low
wf_2026_03,xgboost,2026-03-24,5,2026-03-24 23:00:00+00:00,2026-03-25 00:00:00+00:00,1,0.2,decrease,11.75,405347.71,7,4,24,9,0.26,3.0,0.8,69.63,2.57,5,6,0.83,0.0,0.03,0.3,low
wf_2026_03,xgboost,2026-03-25,1,2026-03-25 10:00:00+00:00,2026-03-25 11:00:00+00:00,1,0.07,decrease,11.19,402249.01,2,3,24,1,0.0,0.0,0.43,0.38,1.23,6,6,1.0,1.0,0.0,0.8,high
wf_2026_03,xgboost,2026-03-25,2,2026-03-25 11:00:00+00:00,2026-03-25 12:00:00+00:00,1,0.07,decrease,11.49,402008.28,1,4,24,3,0.07,0.01,0.45,0.38,1.22,6,6,1.0,0.75,0.05,0.7,medium
wf_2026_03,xgboost,2026-03-25,3,2026-03-25 09:00:00+00:00,2026-03-25 10:00:00+00:00,1,0.11,decrease,10.54,405584.12,6,1,24,2,0.02,0.01,0.41,0.37,1.25,6,6,1.0,0.5,0.07,0.59,medium
wf_2026_03,xgboost,2026-03-25,4,2026-03-25 12:00:00+00:00,2026-03-25 13:00:00+00:00,1,0.17,decrease,11.72,405631.4,3,7,24,4,0.11,0.01,0.44,0.37,1.22,6,6,1.0,0.25,0.0,0.46,low
wf_2026_03,xgboost,2026-03-25,5,2026-03-25 13:00:00+00:00,2026-03-25 14:00:00+00:00,1,0.17,decrease,11.65,408011.01,4,6,24,6,0.2,0.01,0.66,0.37,1.0,4,6,0.67,0.0,0.12,0.26,low
wf_2026_03,xgboost,2026-03-26,1,2026-03-26 14:00:00+00:00,2026-03-26 15:00:00+00:00,1,0.07,increase,11.2,418874.11,4,1,24,2,0.07,1.84,0.35,59.29,0.88,5,6,0.83,1.0,0.03,0.75,medium
wf_2026_03,xgboost,2026-03-26,2,2026-03-26 13:00:00+00:00,2026-03-26 14:00:00+00:00,1,0.09,increase,12.68,480802.6,2,4,24,1,0.0,0.0,0.0,61.13,1.23,5,6,0.83,0.75,0.03,0.63,medium
wf_2026_03,xgboost,2026-03-26,3,2026-03-26 12:00:00+00:00,2026-03-26 13:00:00+00:00,1,0.11,decrease,13.06,499770.41,1,6,24,3,0.09,0.0,1.77,61.13,-0.54,4,6,0.67,0.5,0.1,0.48,low
wf_2026_03,xgboost,2026-03-26,4,2026-03-26 15:00:00+00:00,2026-03-26 16:00:00+00:00,1,0.2,increase,12.75,464866.1,6,5,24,4,0.17,24.73,1.3,36.39,-0.07,5,6,0.83,0.25,0.08,0.42,low
wf_2026_03,xgboost,2026-03-26,5,2026-03-26 00:00:00+00:00,2026-03-26 01:00:00+00:00,1,0.26,increase,12.12,414855.09,12,2,24,6,0.26,61.13,1.23,0.0,0.0,3,6,0.5,0.0,0.0,0.18,low
wf_2026_03,xgboost,2026-03-27,1,2026-03-27 13:00:00+00:00,2026-03-27 14:00:00+00:00,1,0.0,increase,13.38,499950.51,1,1,24,2,0.04,4.22,0.16,64.74,5.25,6,6,1.0,1.0,0.07,0.81,high
wf_2026_03,xgboost,2026-03-27,2,2026-03-27 12:00:00+00:00,2026-03-27 13:00:00+00:00,1,0.07,increase,14.15,522457.6,2,3,24,1,0.0,0.0,0.0,68.96,5.41,6,6,1.0,0.75,0.0,0.69,medium
wf_2026_03,xgboost,2026-03-27,3,2026-03-27 14:00:00+00:00,2026-03-27 15:00:00+00:00,1,0.07,increase,13.49,503645.81,3,2,24,4,0.15,41.3,0.46,27.66,4.95,6,6,1.0,0.5,0.09,0.59,medium
wf_2026_03,xgboost,2026-03-27,4,2026-03-27 11:00:00+00:00,2026-03-27 12:00:00+00:00,1,0.15,increase,15.11,558780.79,4,5,24,3,0.15,16.3,1.25,52.66,4.16,6,6,1.0,0.25,0.05,0.47,low
wf_2026_03,xgboost,2026-03-27,5,2026-03-27 10:00:00+00:00,2026-03-27 11:00:00+00:00,1,0.2,increase,15.13,572545.58,5,6,24,5,0.2,26.46,3.08,42.5,2.33,3,6,0.5,0.0,0.0,0.18,low
wf_2026_03,xgboost,2026-03-28,1,2026-03-28 11:00:00+00:00,2026-03-28 12:00:00+00:00,1,0.04,decrease,11.74,398360.71,1,3,24,4,0.11,4.6,0.5,86.15,6.92,6,6,1.0,1.0,0.02,0.8,high
wf_2026_03,xgboost,2026-03-28,2,2026-03-28 10:00:00+00:00,2026-03-28 11:00:00+00:00,1,0.07,decrease,10.71,383447.41,3,2,24,1,0.0,2.26,0.43,88.49,6.99,6,6,1.0,0.75,0.02,0.69,medium
wf_2026_03,xgboost,2026-03-28,3,2026-03-28 09:00:00+00:00,2026-03-28 10:00:00+00:00,1,0.09,decrease,10.71,378841.11,5,1,24,2,0.09,15.75,0.0,75.0,7.42,4,6,0.67,0.5,0.05,0.47,low
wf_2026_03,xgboost,2026-03-28,4,2026-03-28 12:00:00+00:00,2026-03-28 13:00:00+00:00,1,0.13,decrease,11.98,398754.1,2,6,24,3,0.09,2.45,0.61,88.3,6.82,6,6,1.0,0.25,0.09,0.48,low
wf_2026_03,xgboost,2026-03-28,5,2026-03-28 13:00:00+00:00,2026-03-28 14:00:00+00:00,1,0.22,decrease,12.42,410850.11,4,8,24,6,0.17,3.2,0.82,87.54,6.61,6,6,1.0,0.0,0.02,0.35,low
wf_2026_03,xgboost,2026-03-29,1,2026-03-29 10:00:00+00:00,2026-03-29 11:00:00+00:00,1,0.02,increase,11.76,408576.0,2,1,24,4,0.07,14.77,0.0,74.74,0.89,6,6,1.0,1.0,0.07,0.81,high
wf_2026_03,xgboost,2026-03-29,2,2026-03-29 09:00:00+00:00,2026-03-29 10:00:00+00:00,1,0.09,decrease,12.01,405698.7,4,2,24,2,0.02,12.65,0.1,76.86,0.79,5,6,0.83,0.75,0.04,0.64,medium
wf_2026_03,xgboost,2026-03-29,3,2026-03-29 11:00:00+00:00,2026-03-29 12:00:00+00:00,1,0.13,increase,12.11,409334.8,5,3,24,1,0.0,3.94,0.49,85.58,0.39,6,6,1.0,0.5,0.04,0.58,medium
wf_2026_03,xgboost,2026-03-29,4,2026-03-29 12:00:00+00:00,2026-03-29 13:00:00+00:00,1,0.17,decrease,12.96,409938.29,1,9,24,3,0.02,0.0,0.87,89.51,0.02,6,6,1.0,0.25,0.02,0.47,low
wf_2026_03,xgboost,2026-03-29,5,2026-03-29 23:00:00+00:00,2026-03-30 00:00:00+00:00,1,0.2,decrease,12.27,390243.28,7,4,24,10,0.26,8.03,1.32,81.48,-0.44,5,6,0.83,0.0,0.02,0.3,low
wf_2026_03,xgboost,2026-03-30,1,2026-03-30 12:00:00+00:00,2026-03-30 13:00:00+00:00,1,0.04,increase,11.25,420751.7,2,2,24,2,0.0,5.13,0.33,-2.67,2.04,6,6,1.0,1.0,0.07,0.81,high
wf_2026_03,xgboost,2026-03-30,2,2026-03-30 13:00:00+00:00,2026-03-30 14:00:00+00:00,1,0.11,increase,11.41,420293.4,4,3,24,5,0.09,9.06,0.49,-6.6,1.88,6,6,1.0,0.75,0.02,0.69,medium
wf_2026_03,xgboost,2026-03-30,3,2026-03-30 11:00:00+00:00,2026-03-30 12:00:00+00:00,1,0.13,increase,11.12,421047.41,7,1,24,1,0.0,8.99,0.06,-6.52,2.31,6,6,1.0,0.5,0.09,0.59,medium
wf_2026_03,xgboost,2026-03-30,4,2026-03-30 01:00:00+00:00,2026-03-30 02:00:00+00:00,1,0.22,decrease,12.85,410048.4,3,9,24,8,0.2,0.48,2.29,1.98,0.09,5,6,0.83,0.25,0.02,0.41,low
wf_2026_03,xgboost,2026-03-30,5,2026-03-30 14:00:00+00:00,2026-03-30 15:00:00+00:00,1,0.24,increase,11.57,420970.29,9,4,24,3,0.0,1.22,0.75,1.24,1.62,3,6,0.5,0.0,0.09,0.19,low
wf_2026_03,xgboost,2026-03-31,1,2026-03-31 02:00:00+00:00,2026-03-31 03:00:00+00:00,1,0.09,increase,13.96,429432.5,3,3,24,2,0.0,16.41,0.38,15.57,-0.38,5,6,0.83,1.0,0.08,0.76,high
wf_2026_03,xgboost,2026-03-31,2,2026-03-31 01:00:00+00:00,2026-03-31 02:00:00+00:00,1,0.15,increase,13.68,433193.9,8,1,24,1,0.0,16.47,0.26,15.51,-0.26,5,6,0.83,0.75,0.0,0.63,medium
wf_2026_03,xgboost,2026-03-31,3,2026-03-31 13:00:00+00:00,2026-03-31 14:00:00+00:00,1,0.15,increase,18.17,635913.98,2,7,24,4,0.04,8.29,5.55,23.7,-5.55,6,6,1.0,0.5,0.03,0.58,medium
wf_2026_03,xgboost,2026-03-31,4,2026-03-31 03:00:00+00:00,2026-03-31 04:00:00+00:00,1,0.17,increase,14.51,439201.5,6,4,24,7,0.15,34.33,1.78,-2.35,-1.78,4,6,0.67,0.25,0.03,0.35,low
wf_2026_03,xgboost,2026-03-31,5,2026-03-31 00:00:00+00:00,2026-03-31 01:00:00+00:00,1,0.2,increase,13.7,432457.41,9,2,24,5,0.07,31.98,0.0,0.0,0.0,2,6,0.33,0.0,0.0,0.12,low
